BatchID,ProductID,Product,Category,SupplierRole,SupplierID,SupplierName,PurchaseDate,Quantity,Unit,UnitCost_CLP,UnitCost_USD,BatchCost_CLP,BatchCost_USD,ExpiryDate,ExpiryType,Season
B00001,P001,"Olives 120/140 (extra large), brined",Olives,Primary,S001,El Olivar Olives Ltd.,2023-07-09,16,kg,2950,3.16,47200,50.48,2023-08-23,Estimated,Winter
B00002,P001,"Olives 120/140 (extra large), brined",Olives,Primary,S001,El Olivar Olives Ltd.,2023-07-20,13,kg,2950,3.16,38350,41.02,2023-09-03,Estimated,Winter
B00003,P001,"Olives 120/140 (extra large), brined",Olives,Primary,S001,El Olivar Olives Ltd.,2023-07-29,13,kg,2950,3.16,38350,41.02,2023-09-12,Estimated,Winter
B00004,P001,"Olives 120/140 (extra large), brined",Olives,Primary,S001,El Olivar Olives Ltd.,2023-08-05,16,kg,2950,3.16,47200,50.48,2023-09-19,Estimated,Winter
B00005,P001,"Olives 120/140 (extra large), brined",Olives,Primary,S001,El Olivar Olives Ltd.,2023-08-13,15,kg,2950,3.16,44250,47.33,2023-09-27,Estimated,Winter
B00006,P001,"Olives 120/140 (extra large), brined",Olives,Primary,S001,El Olivar Olives Ltd.,2023-08-21,16,kg,2950,3.16,47200,50.48,2023-10-05,Estimated,Winter
B00007,P001,"Olives 120/140 (extra large), brined",Olives,Primary,S001,El Olivar Olives Ltd.,2023-08-28,17,kg,2950,3.16,50150,53.64,2023-10-12,Estimated,Winter
B00008,P001,"Olives 120/140 (extra large), brined",Olives,Backup,S002,Aceitunera Central SpA,2023-09-06,19,kg,3000,3.21,57000,60.96,2023-10-21,Estimated,Spring
B00009,P001,"Olives 120/140 (extra large), brined",Olives,Primary,S001,El Olivar Olives Ltd.,2023-09-16,18,kg,2950,3.16,53100,56.79,2023-10-31,Estimated,Spring
B00010,P001,"Olives 120/140 (extra large), brined",Olives,Primary,S001,El Olivar Olives Ltd.,2023-09-25,20,kg,2950,3.16,59000,63.1,2023-11-09,Estimated,Spring
B00011,P001,"Olives 120/140 (extra large), brined",Olives,Primary,S001,El Olivar Olives Ltd.,2023-10-04,35,kg,2950,3.16,103250,110.43,2023-11-18,Estimated,Spring
B00012,P001,"Olives 120/140 (extra large), brined",Olives,Primary,S001,El Olivar Olives Ltd.,2023-10-12,34,kg,2950,3.16,100300,107.27,2023-11-26,Estimated,Spring
B00013,P001,"Olives 120/140 (extra large), brined",Olives,Primary,S001,El Olivar Olives Ltd.,2023-10-20,34,kg,2950,3.16,100300,107.27,2023-12-04,Estimated,Spring
B00014,P001,"Olives 120/140 (extra large), brined",Olives,Primary,S001,El Olivar Olives Ltd.,2023-10-30,34,kg,2950,3.16,100300,107.27,2023-12-14,Estimated,Spring
B00015,P001,"Olives 120/140 (extra large), brined",Olives,Primary,S001,El Olivar Olives Ltd.,2023-11-09,39,kg,2950,3.16,115050,123.05,2023-12-24,Estimated,Spring
B00016,P001,"Olives 120/140 (extra large), brined",Olives,Primary,S001,El Olivar Olives Ltd.,2023-11-18,35,kg,2950,3.16,103250,110.43,2024-01-02,Estimated,Spring
B00017,P001,"Olives 120/140 (extra large), brined",Olives,Primary,S001,El Olivar Olives Ltd.,2023-11-27,37,kg,2950,3.16,109150,116.74,2024-01-11,Estimated,Spring
B00018,P001,"Olives 120/140 (extra large), brined",Olives,Primary,S001,El Olivar Olives Ltd.,2023-12-09,48,kg,2950,3.16,141600,151.44,2024-01-23,Estimated,Summer
B00019,P001,"Olives 120/140 (extra large), brined",Olives,Backup,S002,Aceitunera Central SpA,2023-12-18,47,kg,3000,3.21,141000,150.8,2024-02-01,Estimated,Summer
B00020,P001,"Olives 120/140 (extra large), brined",Olives,Primary,S001,El Olivar Olives Ltd.,2023-12-27,53,kg,2950,3.16,156350,167.22,2024-02-10,Estimated,Summer
B00021,P001,"Olives 120/140 (extra large), brined",Olives,Primary,S001,El Olivar Olives Ltd.,2024-01-05,40,kg,2950,3.16,118000,126.2,2024-02-19,Estimated,Summer
B00022,P001,"Olives 120/140 (extra large), brined",Olives,Backup,S002,Aceitunera Central SpA,2024-01-15,41,kg,3000,3.21,123000,131.55,2024-02-29,Estimated,Summer
B00023,P001,"Olives 120/140 (extra large), brined",Olives,Primary,S001,El Olivar Olives Ltd.,2024-01-24,35,kg,2950,3.16,103250,110.43,2024-03-09,Estimated,Summer
B00024,P001,"Olives 120/140 (extra large), brined",Olives,Primary,S001,El Olivar Olives Ltd.,2024-02-01,35,kg,2950,3.16,103250,110.43,2024-03-17,Estimated,Summer
B00025,P001,"Olives 120/140 (extra large), brined",Olives,Primary,S001,El Olivar Olives Ltd.,2024-02-11,40,kg,2950,3.16,118000,126.2,2024-03-27,Estimated,Summer
B00026,P001,"Olives 120/140 (extra large), brined",Olives,Backup,S002,Aceitunera Central SpA,2024-02-20,45,kg,3000,3.21,135000,144.39,2024-04-05,Estimated,Summer
B00027,P001,"Olives 120/140 (extra large), brined",Olives,Primary,S001,El Olivar Olives Ltd.,2024-02-29,45,kg,2950,3.16,132750,141.98,2024-04-14,Estimated,Summer
B00028,P001,"Olives 120/140 (extra large), brined",Olives,Primary,S001,El Olivar Olives Ltd.,2024-03-10,46,kg,2950,3.16,135700,145.13,2024-04-24,Estimated,Autumn
B00029,P001,"Olives 120/140 (extra large), brined",Olives,Primary,S001,El Olivar Olives Ltd.,2024-03-21,35,kg,2950,3.16,103250,110.43,2024-05-05,Estimated,Autumn
B00030,P001,"Olives 120/140 (extra large), brined",Olives,Primary,S001,El Olivar Olives Ltd.,2024-03-31,34,kg,2950,3.16,100300,107.27,2024-05-15,Estimated,Autumn
B00031,P001,"Olives 120/140 (extra large), brined",Olives,Primary,S001,El Olivar Olives Ltd.,2024-04-09,13,kg,2950,3.16,38350,41.02,2024-05-24,Estimated,Autumn
B00032,P001,"Olives 120/140 (extra large), brined",Olives,Backup,S002,Aceitunera Central SpA,2024-04-20,14,kg,3000,3.21,42000,44.92,2024-06-04,Estimated,Autumn
B00033,P001,"Olives 120/140 (extra large), brined",Olives,Primary,S001,El Olivar Olives Ltd.,2024-04-29,16,kg,2950,3.16,47200,50.48,2024-06-13,Estimated,Autumn
B00034,P001,"Olives 120/140 (extra large), brined",Olives,Primary,S001,El Olivar Olives Ltd.,2024-05-09,15,kg,2950,3.16,44250,47.33,2024-06-23,Estimated,Autumn
B00035,P001,"Olives 120/140 (extra large), brined",Olives,Backup,S002,Aceitunera Central SpA,2024-05-18,13,kg,3000,3.21,39000,41.71,2024-07-02,Estimated,Autumn
B00036,P001,"Olives 120/140 (extra large), brined",Olives,Primary,S001,El Olivar Olives Ltd.,2024-05-27,15,kg,2950,3.16,44250,47.33,2024-07-11,Estimated,Autumn
B00037,P001,"Olives 120/140 (extra large), brined",Olives,Primary,S001,El Olivar Olives Ltd.,2024-06-04,15,kg,2950,3.16,44250,47.33,2024-07-19,Estimated,Winter
B00038,P001,"Olives 120/140 (extra large), brined",Olives,Primary,S001,El Olivar Olives Ltd.,2024-06-14,15,kg,2950,3.16,44250,47.33,2024-07-29,Estimated,Winter
B00039,P001,"Olives 120/140 (extra large), brined",Olives,Primary,S001,El Olivar Olives Ltd.,2024-06-21,13,kg,2950,3.16,38350,41.02,2024-08-05,Estimated,Winter
B00040,P001,"Olives 120/140 (extra large), brined",Olives,Primary,S001,El Olivar Olives Ltd.,2024-06-30,15,kg,2950,3.16,44250,47.33,2024-08-14,Estimated,Winter
B00041,P001,"Olives 120/140 (extra large), brined",Olives,Primary,S001,El Olivar Olives Ltd.,2024-07-11,15,kg,2950,3.16,44250,47.33,2024-08-25,Estimated,Winter
B00042,P001,"Olives 120/140 (extra large), brined",Olives,Primary,S001,El Olivar Olives Ltd.,2024-07-21,15,kg,2950,3.16,44250,47.33,2024-09-04,Estimated,Winter
B00043,P001,"Olives 120/140 (extra large), brined",Olives,Primary,S001,El Olivar Olives Ltd.,2024-07-31,14,kg,2950,3.16,41300,44.17,2024-09-14,Estimated,Winter
B00044,P001,"Olives 120/140 (extra large), brined",Olives,Primary,S001,El Olivar Olives Ltd.,2024-08-11,16,kg,2950,3.16,47200,50.48,2024-09-25,Estimated,Winter
B00045,P001,"Olives 120/140 (extra large), brined",Olives,Primary,S001,El Olivar Olives Ltd.,2024-08-22,14,kg,2950,3.16,41300,44.17,2024-10-06,Estimated,Winter
B00046,P001,"Olives 120/140 (extra large), brined",Olives,Primary,S001,El Olivar Olives Ltd.,2024-09-02,21,kg,2950,3.16,61950,66.26,2024-10-17,Estimated,Spring
B00047,P001,"Olives 120/140 (extra large), brined",Olives,Backup,S002,Aceitunera Central SpA,2024-09-11,19,kg,3000,3.21,57000,60.96,2024-10-26,Estimated,Spring
B00048,P001,"Olives 120/140 (extra large), brined",Olives,Backup,S002,Aceitunera Central SpA,2024-09-20,19,kg,3000,3.21,57000,60.96,2024-11-04,Estimated,Spring
B00049,P001,"Olives 120/140 (extra large), brined",Olives,Primary,S001,El Olivar Olives Ltd.,2024-10-01,36,kg,2950,3.16,106200,113.58,2024-11-15,Estimated,Spring
B00050,P001,"Olives 120/140 (extra large), brined",Olives,Backup,S002,Aceitunera Central SpA,2024-10-10,36,kg,3000,3.21,108000,115.51,2024-11-24,Estimated,Spring
B00051,P001,"Olives 120/140 (extra large), brined",Olives,Primary,S001,El Olivar Olives Ltd.,2024-10-17,39,kg,2950,3.16,115050,123.05,2024-12-01,Estimated,Spring
B00052,P001,"Olives 120/140 (extra large), brined",Olives,Primary,S001,El Olivar Olives Ltd.,2024-10-27,43,kg,2950,3.16,126850,135.67,2024-12-11,Estimated,Spring
B00053,P001,"Olives 120/140 (extra large), brined",Olives,Primary,S001,El Olivar Olives Ltd.,2024-11-04,41,kg,2950,3.16,120950,129.36,2024-12-19,Estimated,Spring
B00054,P001,"Olives 120/140 (extra large), brined",Olives,Primary,S001,El Olivar Olives Ltd.,2024-11-14,38,kg,2950,3.16,112100,119.89,2024-12-29,Estimated,Spring
B00055,P001,"Olives 120/140 (extra large), brined",Olives,Primary,S001,El Olivar Olives Ltd.,2024-11-27,46,kg,2950,3.16,135700,145.13,2025-01-11,Estimated,Spring
B00056,P001,"Olives 120/140 (extra large), brined",Olives,Primary,S001,El Olivar Olives Ltd.,2024-12-05,59,kg,2950,3.16,174050,186.15,2025-01-19,Estimated,Summer
B00057,P001,"Olives 120/140 (extra large), brined",Olives,Primary,S001,El Olivar Olives Ltd.,2024-12-13,53,kg,2950,3.16,156350,167.22,2025-01-27,Estimated,Summer
B00058,P001,"Olives 120/140 (extra large), brined",Olives,Primary,S001,El Olivar Olives Ltd.,2024-12-22,52,kg,2950,3.16,153400,164.06,2025-02-05,Estimated,Summer
B00059,P001,"Olives 120/140 (extra large), brined",Olives,Primary,S001,El Olivar Olives Ltd.,2025-01-01,41,kg,2950,3.16,120950,129.36,2025-02-15,Estimated,Summer
B00060,P001,"Olives 120/140 (extra large), brined",Olives,Primary,S001,El Olivar Olives Ltd.,2025-01-11,43,kg,2950,3.16,126850,135.67,2025-02-25,Estimated,Summer
B00061,P001,"Olives 120/140 (extra large), brined",Olives,Primary,S001,El Olivar Olives Ltd.,2025-01-22,44,kg,2950,3.16,129800,138.82,2025-03-08,Estimated,Summer
B00062,P001,"Olives 120/140 (extra large), brined",Olives,Primary,S001,El Olivar Olives Ltd.,2025-01-28,39,kg,2950,3.16,115050,123.05,2025-03-14,Estimated,Summer
B00063,P001,"Olives 120/140 (extra large), brined",Olives,Primary,S001,El Olivar Olives Ltd.,2025-02-09,49,kg,2950,3.16,144550,154.6,2025-03-26,Estimated,Summer
B00064,P001,"Olives 120/140 (extra large), brined",Olives,Primary,S001,El Olivar Olives Ltd.,2025-02-20,37,kg,2950,3.16,109150,116.74,2025-04-06,Estimated,Summer
B00065,P001,"Olives 120/140 (extra large), brined",Olives,Primary,S001,El Olivar Olives Ltd.,2025-03-01,37,kg,2950,3.16,109150,116.74,2025-04-15,Estimated,Autumn
B00066,P001,"Olives 120/140 (extra large), brined",Olives,Primary,S001,El Olivar Olives Ltd.,2025-03-10,41,kg,2950,3.16,120950,129.36,2025-04-24,Estimated,Autumn
B00067,P001,"Olives 120/140 (extra large), brined",Olives,Primary,S001,El Olivar Olives Ltd.,2025-03-19,50,kg,2950,3.16,147500,157.75,2025-05-03,Estimated,Autumn
B00068,P001,"Olives 120/140 (extra large), brined",Olives,Primary,S001,El Olivar Olives Ltd.,2025-03-26,47,kg,2950,3.16,138650,148.29,2025-05-10,Estimated,Autumn
B00069,P001,"Olives 120/140 (extra large), brined",Olives,Primary,S001,El Olivar Olives Ltd.,2025-04-06,15,kg,2950,3.16,44250,47.33,2025-05-21,Estimated,Autumn
B00070,P001,"Olives 120/140 (extra large), brined",Olives,Primary,S001,El Olivar Olives Ltd.,2025-04-14,16,kg,2950,3.16,47200,50.48,2025-05-29,Estimated,Autumn
B00071,P001,"Olives 120/140 (extra large), brined",Olives,Primary,S001,El Olivar Olives Ltd.,2025-04-24,16,kg,2950,3.16,47200,50.48,2025-06-08,Estimated,Autumn
B00072,P001,"Olives 120/140 (extra large), brined",Olives,Primary,S001,El Olivar Olives Ltd.,2025-05-02,18,kg,2950,3.16,53100,56.79,2025-06-16,Estimated,Autumn
B00073,P001,"Olives 120/140 (extra large), brined",Olives,Primary,S001,El Olivar Olives Ltd.,2025-05-13,18,kg,2950,3.16,53100,56.79,2025-06-27,Estimated,Autumn
B00074,P001,"Olives 120/140 (extra large), brined",Olives,Primary,S001,El Olivar Olives Ltd.,2025-05-21,18,kg,2950,3.16,53100,56.79,2025-07-05,Estimated,Autumn
B00075,P001,"Olives 120/140 (extra large), brined",Olives,Primary,S001,El Olivar Olives Ltd.,2025-05-31,15,kg,2950,3.16,44250,47.33,2025-07-15,Estimated,Autumn
B00076,P001,"Olives 120/140 (extra large), brined",Olives,Primary,S001,El Olivar Olives Ltd.,2025-06-12,15,kg,2950,3.16,44250,47.33,2025-07-27,Estimated,Winter
B00077,P001,"Olives 120/140 (extra large), brined",Olives,Primary,S001,El Olivar Olives Ltd.,2025-06-21,15,kg,2950,3.16,44250,47.33,2025-08-05,Estimated,Winter
B00078,P001,"Olives 120/140 (extra large), brined",Olives,Primary,S001,El Olivar Olives Ltd.,2025-06-29,16,kg,2950,3.16,47200,50.48,2025-08-13,Estimated,Winter
B00079,P002,"Olives 140/160 (large), brined",Olives,Primary,S001,El Olivar Olives Ltd.,2023-07-10,15,kg,2500,2.67,37500,40.11,2023-08-24,Estimated,Winter
B00080,P002,"Olives 140/160 (large), brined",Olives,Backup,S002,Aceitunera Central SpA,2023-07-17,15,kg,2700,2.89,40500,43.32,2023-08-31,Estimated,Winter
B00081,P002,"Olives 140/160 (large), brined",Olives,Primary,S001,El Olivar Olives Ltd.,2023-07-27,15,kg,2500,2.67,37500,40.11,2023-09-10,Estimated,Winter
B00082,P002,"Olives 140/160 (large), brined",Olives,Primary,S001,El Olivar Olives Ltd.,2023-08-03,15,kg,2500,2.67,37500,40.11,2023-09-17,Estimated,Winter
B00083,P002,"Olives 140/160 (large), brined",Olives,Primary,S001,El Olivar Olives Ltd.,2023-08-12,17,kg,2500,2.67,42500,45.45,2023-09-26,Estimated,Winter
B00084,P002,"Olives 140/160 (large), brined",Olives,Primary,S001,El Olivar Olives Ltd.,2023-08-25,17,kg,2500,2.67,42500,45.45,2023-10-09,Estimated,Winter
B00085,P002,"Olives 140/160 (large), brined",Olives,Primary,S001,El Olivar Olives Ltd.,2023-09-04,19,kg,2500,2.67,47500,50.8,2023-10-19,Estimated,Spring
B00086,P002,"Olives 140/160 (large), brined",Olives,Primary,S001,El Olivar Olives Ltd.,2023-09-17,19,kg,2500,2.67,47500,50.8,2023-11-01,Estimated,Spring
B00087,P002,"Olives 140/160 (large), brined",Olives,Primary,S001,El Olivar Olives Ltd.,2023-09-29,18,kg,2500,2.67,45000,48.13,2023-11-13,Estimated,Spring
B00088,P002,"Olives 140/160 (large), brined",Olives,Backup,S002,Aceitunera Central SpA,2023-10-10,35,kg,2700,2.89,94500,101.07,2023-11-24,Estimated,Spring
B00089,P002,"Olives 140/160 (large), brined",Olives,Primary,S001,El Olivar Olives Ltd.,2023-10-18,45,kg,2500,2.67,112500,120.32,2023-12-02,Estimated,Spring
B00090,P002,"Olives 140/160 (large), brined",Olives,Primary,S001,El Olivar Olives Ltd.,2023-10-27,36,kg,2500,2.67,90000,96.26,2023-12-11,Estimated,Spring
B00091,P002,"Olives 140/160 (large), brined",Olives,Primary,S001,El Olivar Olives Ltd.,2023-11-07,37,kg,2500,2.67,92500,98.93,2023-12-22,Estimated,Spring
B00092,P002,"Olives 140/160 (large), brined",Olives,Primary,S001,El Olivar Olives Ltd.,2023-11-18,42,kg,2500,2.67,105000,112.3,2024-01-02,Estimated,Spring
B00093,P002,"Olives 140/160 (large), brined",Olives,Primary,S001,El Olivar Olives Ltd.,2023-11-29,42,kg,2500,2.67,105000,112.3,2024-01-13,Estimated,Spring
B00094,P002,"Olives 140/160 (large), brined",Olives,Primary,S001,El Olivar Olives Ltd.,2023-12-09,49,kg,2500,2.67,122500,131.02,2024-01-23,Estimated,Summer
B00095,P002,"Olives 140/160 (large), brined",Olives,Primary,S001,El Olivar Olives Ltd.,2023-12-17,54,kg,2500,2.67,135000,144.39,2024-01-31,Estimated,Summer
B00096,P002,"Olives 140/160 (large), brined",Olives,Primary,S001,El Olivar Olives Ltd.,2023-12-29,59,kg,2500,2.67,147500,157.75,2024-02-12,Estimated,Summer
B00097,P002,"Olives 140/160 (large), brined",Olives,Primary,S001,El Olivar Olives Ltd.,2024-01-06,37,kg,2500,2.67,92500,98.93,2024-02-20,Estimated,Summer
B00098,P002,"Olives 140/160 (large), brined",Olives,Primary,S001,El Olivar Olives Ltd.,2024-01-17,36,kg,2500,2.67,90000,96.26,2024-03-02,Estimated,Summer
B00099,P002,"Olives 140/160 (large), brined",Olives,Primary,S001,El Olivar Olives Ltd.,2024-01-28,39,kg,2500,2.67,97500,104.28,2024-03-13,Estimated,Summer
B00100,P002,"Olives 140/160 (large), brined",Olives,Primary,S001,El Olivar Olives Ltd.,2024-02-09,37,kg,2500,2.67,92500,98.93,2024-03-25,Estimated,Summer
B00101,P002,"Olives 140/160 (large), brined",Olives,Backup,S002,Aceitunera Central SpA,2024-02-17,37,kg,2700,2.89,99900,106.84,2024-04-02,Estimated,Summer
B00102,P002,"Olives 140/160 (large), brined",Olives,Primary,S001,El Olivar Olives Ltd.,2024-02-27,40,kg,2500,2.67,100000,106.95,2024-04-12,Estimated,Summer
B00103,P002,"Olives 140/160 (large), brined",Olives,Primary,S001,El Olivar Olives Ltd.,2024-03-09,38,kg,2500,2.67,95000,101.6,2024-04-23,Estimated,Autumn
B00104,P002,"Olives 140/160 (large), brined",Olives,Primary,S001,El Olivar Olives Ltd.,2024-03-17,43,kg,2500,2.67,107500,114.97,2024-05-01,Estimated,Autumn
B00105,P002,"Olives 140/160 (large), brined",Olives,Primary,S001,El Olivar Olives Ltd.,2024-03-27,35,kg,2500,2.67,87500,93.58,2024-05-11,Estimated,Autumn
B00106,P002,"Olives 140/160 (large), brined",Olives,Primary,S001,El Olivar Olives Ltd.,2024-04-06,17,kg,2500,2.67,42500,45.45,2024-05-21,Estimated,Autumn
B00107,P002,"Olives 140/160 (large), brined",Olives,Primary,S001,El Olivar Olives Ltd.,2024-04-13,16,kg,2500,2.67,40000,42.78,2024-05-28,Estimated,Autumn
B00108,P002,"Olives 140/160 (large), brined",Olives,Primary,S001,El Olivar Olives Ltd.,2024-04-21,13,kg,2500,2.67,32500,34.76,2024-06-05,Estimated,Autumn
B00109,P002,"Olives 140/160 (large), brined",Olives,Primary,S001,El Olivar Olives Ltd.,2024-04-30,15,kg,2500,2.67,37500,40.11,2024-06-14,Estimated,Autumn
B00110,P002,"Olives 140/160 (large), brined",Olives,Primary,S001,El Olivar Olives Ltd.,2024-05-07,17,kg,2500,2.67,42500,45.45,2024-06-21,Estimated,Autumn
B00111,P002,"Olives 140/160 (large), brined",Olives,Primary,S001,El Olivar Olives Ltd.,2024-05-17,14,kg,2500,2.67,35000,37.43,2024-07-01,Estimated,Autumn
B00112,P002,"Olives 140/160 (large), brined",Olives,Primary,S001,El Olivar Olives Ltd.,2024-05-27,14,kg,2500,2.67,35000,37.43,2024-07-11,Estimated,Autumn
B00113,P002,"Olives 140/160 (large), brined",Olives,Primary,S001,El Olivar Olives Ltd.,2024-06-04,16,kg,2500,2.67,40000,42.78,2024-07-19,Estimated,Winter
B00114,P002,"Olives 140/160 (large), brined",Olives,Primary,S001,El Olivar Olives Ltd.,2024-06-10,17,kg,2500,2.67,42500,45.45,2024-07-25,Estimated,Winter
B00115,P002,"Olives 140/160 (large), brined",Olives,Primary,S001,El Olivar Olives Ltd.,2024-06-20,14,kg,2500,2.67,35000,37.43,2024-08-04,Estimated,Winter
B00116,P002,"Olives 140/160 (large), brined",Olives,Primary,S001,El Olivar Olives Ltd.,2024-07-01,16,kg,2500,2.67,40000,42.78,2024-08-15,Estimated,Winter
B00117,P002,"Olives 140/160 (large), brined",Olives,Primary,S001,El Olivar Olives Ltd.,2024-07-11,13,kg,2500,2.67,32500,34.76,2024-08-25,Estimated,Winter
B00118,P002,"Olives 140/160 (large), brined",Olives,Primary,S001,El Olivar Olives Ltd.,2024-07-20,16,kg,2500,2.67,40000,42.78,2024-09-03,Estimated,Winter
B00119,P002,"Olives 140/160 (large), brined",Olives,Primary,S001,El Olivar Olives Ltd.,2024-08-01,16,kg,2500,2.67,40000,42.78,2024-09-15,Estimated,Winter
B00120,P002,"Olives 140/160 (large), brined",Olives,Primary,S001,El Olivar Olives Ltd.,2024-08-11,13,kg,2500,2.67,32500,34.76,2024-09-25,Estimated,Winter
B00121,P002,"Olives 140/160 (large), brined",Olives,Primary,S001,El Olivar Olives Ltd.,2024-08-21,15,kg,2500,2.67,37500,40.11,2024-10-05,Estimated,Winter
B00122,P002,"Olives 140/160 (large), brined",Olives,Primary,S001,El Olivar Olives Ltd.,2024-08-31,14,kg,2500,2.67,35000,37.43,2024-10-15,Estimated,Winter
B00123,P002,"Olives 140/160 (large), brined",Olives,Primary,S001,El Olivar Olives Ltd.,2024-09-10,18,kg,2500,2.67,45000,48.13,2024-10-25,Estimated,Spring
B00124,P002,"Olives 140/160 (large), brined",Olives,Backup,S002,Aceitunera Central SpA,2024-09-18,19,kg,2700,2.89,51300,54.87,2024-11-02,Estimated,Spring
B00125,P002,"Olives 140/160 (large), brined",Olives,Primary,S001,El Olivar Olives Ltd.,2024-09-27,19,kg,2500,2.67,47500,50.8,2024-11-11,Estimated,Spring
B00126,P002,"Olives 140/160 (large), brined",Olives,Primary,S001,El Olivar Olives Ltd.,2024-10-04,36,kg,2500,2.67,90000,96.26,2024-11-18,Estimated,Spring
B00127,P002,"Olives 140/160 (large), brined",Olives,Primary,S001,El Olivar Olives Ltd.,2024-10-12,40,kg,2500,2.67,100000,106.95,2024-11-26,Estimated,Spring
B00128,P002,"Olives 140/160 (large), brined",Olives,Primary,S001,El Olivar Olives Ltd.,2024-10-22,35,kg,2500,2.67,87500,93.58,2024-12-06,Estimated,Spring
B00129,P002,"Olives 140/160 (large), brined",Olives,Primary,S001,El Olivar Olives Ltd.,2024-11-01,46,kg,2500,2.67,115000,122.99,2024-12-16,Estimated,Spring
B00130,P002,"Olives 140/160 (large), brined",Olives,Primary,S001,El Olivar Olives Ltd.,2024-11-10,37,kg,2500,2.67,92500,98.93,2024-12-25,Estimated,Spring
B00131,P002,"Olives 140/160 (large), brined",Olives,Primary,S001,El Olivar Olives Ltd.,2024-11-20,45,kg,2500,2.67,112500,120.32,2025-01-04,Estimated,Spring
B00132,P002,"Olives 140/160 (large), brined",Olives,Backup,S002,Aceitunera Central SpA,2024-11-30,44,kg,2700,2.89,118800,127.06,2025-01-14,Estimated,Spring
B00133,P002,"Olives 140/160 (large), brined",Olives,Primary,S001,El Olivar Olives Ltd.,2024-12-08,54,kg,2500,2.67,135000,144.39,2025-01-22,Estimated,Summer
B00134,P002,"Olives 140/160 (large), brined",Olives,Primary,S001,El Olivar Olives Ltd.,2024-12-16,57,kg,2500,2.67,142500,152.41,2025-01-30,Estimated,Summer
B00135,P002,"Olives 140/160 (large), brined",Olives,Primary,S001,El Olivar Olives Ltd.,2024-12-25,55,kg,2500,2.67,137500,147.06,2025-02-08,Estimated,Summer
B00136,P002,"Olives 140/160 (large), brined",Olives,Primary,S001,El Olivar Olives Ltd.,2025-01-02,40,kg,2500,2.67,100000,106.95,2025-02-16,Estimated,Summer
B00137,P002,"Olives 140/160 (large), brined",Olives,Primary,S001,El Olivar Olives Ltd.,2025-01-11,39,kg,2500,2.67,97500,104.28,2025-02-25,Estimated,Summer
B00138,P002,"Olives 140/160 (large), brined",Olives,Primary,S001,El Olivar Olives Ltd.,2025-01-20,39,kg,2500,2.67,97500,104.28,2025-03-06,Estimated,Summer
B00139,P002,"Olives 140/160 (large), brined",Olives,Primary,S001,El Olivar Olives Ltd.,2025-01-31,46,kg,2500,2.67,115000,122.99,2025-03-17,Estimated,Summer
B00140,P002,"Olives 140/160 (large), brined",Olives,Primary,S001,El Olivar Olives Ltd.,2025-02-11,49,kg,2500,2.67,122500,131.02,2025-03-28,Estimated,Summer
B00141,P002,"Olives 140/160 (large), brined",Olives,Primary,S001,El Olivar Olives Ltd.,2025-02-22,40,kg,2500,2.67,100000,106.95,2025-04-08,Estimated,Summer
B00142,P002,"Olives 140/160 (large), brined",Olives,Primary,S001,El Olivar Olives Ltd.,2025-03-06,43,kg,2500,2.67,107500,114.97,2025-04-20,Estimated,Autumn
B00143,P002,"Olives 140/160 (large), brined",Olives,Primary,S001,El Olivar Olives Ltd.,2025-03-16,38,kg,2500,2.67,95000,101.6,2025-04-30,Estimated,Autumn
B00144,P002,"Olives 140/160 (large), brined",Olives,Primary,S001,El Olivar Olives Ltd.,2025-03-25,43,kg,2500,2.67,107500,114.97,2025-05-09,Estimated,Autumn
B00145,P002,"Olives 140/160 (large), brined",Olives,Primary,S001,El Olivar Olives Ltd.,2025-04-04,16,kg,2500,2.67,40000,42.78,2025-05-19,Estimated,Autumn
B00146,P002,"Olives 140/160 (large), brined",Olives,Backup,S002,Aceitunera Central SpA,2025-04-11,14,kg,2700,2.89,37800,40.43,2025-05-26,Estimated,Autumn
B00147,P002,"Olives 140/160 (large), brined",Olives,Primary,S001,El Olivar Olives Ltd.,2025-04-18,16,kg,2500,2.67,40000,42.78,2025-06-02,Estimated,Autumn
B00148,P002,"Olives 140/160 (large), brined",Olives,Primary,S001,El Olivar Olives Ltd.,2025-04-30,17,kg,2500,2.67,42500,45.45,2025-06-14,Estimated,Autumn
B00149,P002,"Olives 140/160 (large), brined",Olives,Backup,S002,Aceitunera Central SpA,2025-05-12,15,kg,2700,2.89,40500,43.32,2025-06-26,Estimated,Autumn
B00150,P002,"Olives 140/160 (large), brined",Olives,Primary,S001,El Olivar Olives Ltd.,2025-05-22,19,kg,2500,2.67,47500,50.8,2025-07-06,Estimated,Autumn
B00151,P002,"Olives 140/160 (large), brined",Olives,Backup,S002,Aceitunera Central SpA,2025-06-01,18,kg,2700,2.89,48600,51.98,2025-07-16,Estimated,Winter
B00152,P002,"Olives 140/160 (large), brined",Olives,Primary,S001,El Olivar Olives Ltd.,2025-06-11,18,kg,2500,2.67,45000,48.13,2025-07-26,Estimated,Winter
B00153,P002,"Olives 140/160 (large), brined",Olives,Primary,S001,El Olivar Olives Ltd.,2025-06-20,18,kg,2500,2.67,45000,48.13,2025-08-04,Estimated,Winter
B00154,P002,"Olives 140/160 (large), brined",Olives,Primary,S001,El Olivar Olives Ltd.,2025-06-29,15,kg,2500,2.67,37500,40.11,2025-08-13,Estimated,Winter
B00155,P003,"Olives 160/180, brined",Olives,Primary,S001,El Olivar Olives Ltd.,2023-07-02,17,kg,2450,2.62,41650,44.55,2023-08-16,Estimated,Winter
B00156,P003,"Olives 160/180, brined",Olives,Primary,S001,El Olivar Olives Ltd.,2023-07-12,15,kg,2450,2.62,36750,39.3,2023-08-26,Estimated,Winter
B00157,P003,"Olives 160/180, brined",Olives,Primary,S001,El Olivar Olives Ltd.,2023-07-20,15,kg,2450,2.62,36750,39.3,2023-09-03,Estimated,Winter
B00158,P003,"Olives 160/180, brined",Olives,Primary,S001,El Olivar Olives Ltd.,2023-07-29,13,kg,2450,2.62,31850,34.06,2023-09-12,Estimated,Winter
B00159,P003,"Olives 160/180, brined",Olives,Primary,S001,El Olivar Olives Ltd.,2023-08-07,15,kg,2450,2.62,36750,39.3,2023-09-21,Estimated,Winter
B00160,P003,"Olives 160/180, brined",Olives,Primary,S001,El Olivar Olives Ltd.,2023-08-15,16,kg,2450,2.62,39200,41.93,2023-09-29,Estimated,Winter
B00161,P003,"Olives 160/180, brined",Olives,Primary,S001,El Olivar Olives Ltd.,2023-08-24,15,kg,2450,2.62,36750,39.3,2023-10-08,Estimated,Winter
B00162,P003,"Olives 160/180, brined",Olives,Primary,S001,El Olivar Olives Ltd.,2023-09-02,17,kg,2450,2.62,41650,44.55,2023-10-17,Estimated,Spring
B00163,P003,"Olives 160/180, brined",Olives,Primary,S001,El Olivar Olives Ltd.,2023-09-12,18,kg,2450,2.62,44100,47.17,2023-10-27,Estimated,Spring
B00164,P003,"Olives 160/180, brined",Olives,Primary,S001,El Olivar Olives Ltd.,2023-09-22,17,kg,2450,2.62,41650,44.55,2023-11-06,Estimated,Spring
B00165,P003,"Olives 160/180, brined",Olives,Primary,S001,El Olivar Olives Ltd.,2023-10-03,36,kg,2450,2.62,88200,94.33,2023-11-17,Estimated,Spring
B00166,P003,"Olives 160/180, brined",Olives,Primary,S001,El Olivar Olives Ltd.,2023-10-12,43,kg,2450,2.62,105350,112.67,2023-11-26,Estimated,Spring
B00167,P003,"Olives 160/180, brined",Olives,Primary,S001,El Olivar Olives Ltd.,2023-10-23,40,kg,2450,2.62,98000,104.81,2023-12-07,Estimated,Spring
B00168,P003,"Olives 160/180, brined",Olives,Primary,S001,El Olivar Olives Ltd.,2023-11-02,45,kg,2450,2.62,110250,117.91,2023-12-17,Estimated,Spring
B00169,P003,"Olives 160/180, brined",Olives,Primary,S001,El Olivar Olives Ltd.,2023-11-11,45,kg,2450,2.62,110250,117.91,2023-12-26,Estimated,Spring
B00170,P003,"Olives 160/180, brined",Olives,Primary,S001,El Olivar Olives Ltd.,2023-11-21,38,kg,2450,2.62,93100,99.57,2024-01-05,Estimated,Spring
B00171,P003,"Olives 160/180, brined",Olives,Primary,S001,El Olivar Olives Ltd.,2023-12-01,55,kg,2450,2.62,134750,144.12,2024-01-15,Estimated,Summer
B00172,P003,"Olives 160/180, brined",Olives,Primary,S001,El Olivar Olives Ltd.,2023-12-11,51,kg,2450,2.62,124950,133.64,2024-01-25,Estimated,Summer
B00173,P003,"Olives 160/180, brined",Olives,Primary,S001,El Olivar Olives Ltd.,2023-12-23,44,kg,2450,2.62,107800,115.29,2024-02-06,Estimated,Summer
B00174,P003,"Olives 160/180, brined",Olives,Primary,S001,El Olivar Olives Ltd.,2024-01-01,44,kg,2450,2.62,107800,115.29,2024-02-15,Estimated,Summer
B00175,P003,"Olives 160/180, brined",Olives,Primary,S001,El Olivar Olives Ltd.,2024-01-10,43,kg,2450,2.62,105350,112.67,2024-02-24,Estimated,Summer
B00176,P003,"Olives 160/180, brined",Olives,Primary,S001,El Olivar Olives Ltd.,2024-01-21,37,kg,2450,2.62,90650,96.95,2024-03-06,Estimated,Summer
B00177,P003,"Olives 160/180, brined",Olives,Primary,S001,El Olivar Olives Ltd.,2024-01-27,42,kg,2450,2.62,102900,110.05,2024-03-12,Estimated,Summer
B00178,P003,"Olives 160/180, brined",Olives,Primary,S001,El Olivar Olives Ltd.,2024-02-06,44,kg,2450,2.62,107800,115.29,2024-03-22,Estimated,Summer
B00179,P003,"Olives 160/180, brined",Olives,Primary,S001,El Olivar Olives Ltd.,2024-02-17,34,kg,2450,2.62,83300,89.09,2024-04-02,Estimated,Summer
B00180,P003,"Olives 160/180, brined",Olives,Backup,S002,Aceitunera Central SpA,2024-02-24,45,kg,2600,2.78,117000,125.13,2024-04-09,Estimated,Summer
B00181,P003,"Olives 160/180, brined",Olives,Primary,S001,El Olivar Olives Ltd.,2024-03-05,40,kg,2450,2.62,98000,104.81,2024-04-19,Estimated,Autumn
B00182,P003,"Olives 160/180, brined",Olives,Primary,S001,El Olivar Olives Ltd.,2024-03-13,43,kg,2450,2.62,105350,112.67,2024-04-27,Estimated,Autumn
B00183,P003,"Olives 160/180, brined",Olives,Primary,S001,El Olivar Olives Ltd.,2024-03-23,42,kg,2450,2.62,102900,110.05,2024-05-07,Estimated,Autumn
B00184,P003,"Olives 160/180, brined",Olives,Primary,S001,El Olivar Olives Ltd.,2024-04-01,15,kg,2450,2.62,36750,39.3,2024-05-16,Estimated,Autumn
B00185,P003,"Olives 160/180, brined",Olives,Primary,S001,El Olivar Olives Ltd.,2024-04-10,17,kg,2450,2.62,41650,44.55,2024-05-25,Estimated,Autumn
B00186,P003,"Olives 160/180, brined",Olives,Primary,S001,El Olivar Olives Ltd.,2024-04-18,13,kg,2450,2.62,31850,34.06,2024-06-02,Estimated,Autumn
B00187,P003,"Olives 160/180, brined",Olives,Primary,S001,El Olivar Olives Ltd.,2024-04-26,13,kg,2450,2.62,31850,34.06,2024-06-10,Estimated,Autumn
B00188,P003,"Olives 160/180, brined",Olives,Primary,S001,El Olivar Olives Ltd.,2024-05-03,16,kg,2450,2.62,39200,41.93,2024-06-17,Estimated,Autumn
B00189,P003,"Olives 160/180, brined",Olives,Primary,S001,El Olivar Olives Ltd.,2024-05-15,14,kg,2450,2.62,34300,36.68,2024-06-29,Estimated,Autumn
B00190,P003,"Olives 160/180, brined",Olives,Primary,S001,El Olivar Olives Ltd.,2024-05-28,17,kg,2450,2.62,41650,44.55,2024-07-12,Estimated,Autumn
B00191,P003,"Olives 160/180, brined",Olives,Primary,S001,El Olivar Olives Ltd.,2024-06-10,16,kg,2450,2.62,39200,41.93,2024-07-25,Estimated,Winter
B00192,P003,"Olives 160/180, brined",Olives,Primary,S001,El Olivar Olives Ltd.,2024-06-16,17,kg,2450,2.62,41650,44.55,2024-07-31,Estimated,Winter
B00193,P003,"Olives 160/180, brined",Olives,Primary,S001,El Olivar Olives Ltd.,2024-06-24,15,kg,2450,2.62,36750,39.3,2024-08-08,Estimated,Winter
B00194,P003,"Olives 160/180, brined",Olives,Primary,S001,El Olivar Olives Ltd.,2024-07-04,13,kg,2450,2.62,31850,34.06,2024-08-18,Estimated,Winter
B00195,P003,"Olives 160/180, brined",Olives,Primary,S001,El Olivar Olives Ltd.,2024-07-10,14,kg,2450,2.62,34300,36.68,2024-08-24,Estimated,Winter
B00196,P003,"Olives 160/180, brined",Olives,Primary,S001,El Olivar Olives Ltd.,2024-07-21,17,kg,2450,2.62,41650,44.55,2024-09-04,Estimated,Winter
B00197,P003,"Olives 160/180, brined",Olives,Primary,S001,El Olivar Olives Ltd.,2024-07-31,14,kg,2450,2.62,34300,36.68,2024-09-14,Estimated,Winter
B00198,P003,"Olives 160/180, brined",Olives,Primary,S001,El Olivar Olives Ltd.,2024-08-12,14,kg,2450,2.62,34300,36.68,2024-09-26,Estimated,Winter
B00199,P003,"Olives 160/180, brined",Olives,Primary,S001,El Olivar Olives Ltd.,2024-08-22,14,kg,2450,2.62,34300,36.68,2024-10-06,Estimated,Winter
B00200,P003,"Olives 160/180, brined",Olives,Primary,S001,El Olivar Olives Ltd.,2024-08-31,17,kg,2450,2.62,41650,44.55,2024-10-15,Estimated,Winter
B00201,P003,"Olives 160/180, brined",Olives,Primary,S001,El Olivar Olives Ltd.,2024-09-10,22,kg,2450,2.62,53900,57.65,2024-10-25,Estimated,Spring
B00202,P003,"Olives 160/180, brined",Olives,Primary,S001,El Olivar Olives Ltd.,2024-09-20,16,kg,2450,2.62,39200,41.93,2024-11-04,Estimated,Spring
B00203,P003,"Olives 160/180, brined",Olives,Primary,S001,El Olivar Olives Ltd.,2024-09-30,20,kg,2450,2.62,49000,52.41,2024-11-14,Estimated,Spring
B00204,P003,"Olives 160/180, brined",Olives,Backup,S002,Aceitunera Central SpA,2024-10-09,38,kg,2600,2.78,98800,105.67,2024-11-23,Estimated,Spring
B00205,P003,"Olives 160/180, brined",Olives,Primary,S001,El Olivar Olives Ltd.,2024-10-19,40,kg,2450,2.62,98000,104.81,2024-12-03,Estimated,Spring
B00206,P003,"Olives 160/180, brined",Olives,Primary,S001,El Olivar Olives Ltd.,2024-10-28,36,kg,2450,2.62,88200,94.33,2024-12-12,Estimated,Spring
B00207,P003,"Olives 160/180, brined",Olives,Primary,S001,El Olivar Olives Ltd.,2024-11-05,38,kg,2450,2.62,93100,99.57,2024-12-20,Estimated,Spring
B00208,P003,"Olives 160/180, brined",Olives,Primary,S001,El Olivar Olives Ltd.,2024-11-14,42,kg,2450,2.62,102900,110.05,2024-12-29,Estimated,Spring
B00209,P003,"Olives 160/180, brined",Olives,Primary,S001,El Olivar Olives Ltd.,2024-11-26,35,kg,2450,2.62,85750,91.71,2025-01-10,Estimated,Spring
B00210,P003,"Olives 160/180, brined",Olives,Primary,S001,El Olivar Olives Ltd.,2024-12-07,48,kg,2450,2.62,117600,125.78,2025-01-21,Estimated,Summer
B00211,P003,"Olives 160/180, brined",Olives,Primary,S001,El Olivar Olives Ltd.,2024-12-17,53,kg,2450,2.62,129850,138.88,2025-01-31,Estimated,Summer
B00212,P003,"Olives 160/180, brined",Olives,Primary,S001,El Olivar Olives Ltd.,2024-12-29,58,kg,2450,2.62,142100,151.98,2025-02-12,Estimated,Summer
B00213,P003,"Olives 160/180, brined",Olives,Primary,S001,El Olivar Olives Ltd.,2025-01-05,48,kg,2450,2.62,117600,125.78,2025-02-19,Estimated,Summer
B00214,P003,"Olives 160/180, brined",Olives,Primary,S001,El Olivar Olives Ltd.,2025-01-15,48,kg,2450,2.62,117600,125.78,2025-03-01,Estimated,Summer
B00215,P003,"Olives 160/180, brined",Olives,Primary,S001,El Olivar Olives Ltd.,2025-01-23,41,kg,2450,2.62,100450,107.43,2025-03-09,Estimated,Summer
B00216,P003,"Olives 160/180, brined",Olives,Primary,S001,El Olivar Olives Ltd.,2025-02-02,37,kg,2450,2.62,90650,96.95,2025-03-19,Estimated,Summer
B00217,P003,"Olives 160/180, brined",Olives,Primary,S001,El Olivar Olives Ltd.,2025-02-13,43,kg,2450,2.62,105350,112.67,2025-03-30,Estimated,Summer
B00218,P003,"Olives 160/180, brined",Olives,Primary,S001,El Olivar Olives Ltd.,2025-02-21,42,kg,2450,2.62,102900,110.05,2025-04-07,Estimated,Summer
B00219,P003,"Olives 160/180, brined",Olives,Primary,S001,El Olivar Olives Ltd.,2025-03-03,43,kg,2450,2.62,105350,112.67,2025-04-17,Estimated,Autumn
B00220,P003,"Olives 160/180, brined",Olives,Primary,S001,El Olivar Olives Ltd.,2025-03-11,37,kg,2450,2.62,90650,96.95,2025-04-25,Estimated,Autumn
B00221,P003,"Olives 160/180, brined",Olives,Primary,S001,El Olivar Olives Ltd.,2025-03-20,42,kg,2450,2.62,102900,110.05,2025-05-04,Estimated,Autumn
B00222,P003,"Olives 160/180, brined",Olives,Primary,S001,El Olivar Olives Ltd.,2025-03-30,44,kg,2450,2.62,107800,115.29,2025-05-14,Estimated,Autumn
B00223,P003,"Olives 160/180, brined",Olives,Primary,S001,El Olivar Olives Ltd.,2025-04-09,15,kg,2450,2.62,36750,39.3,2025-05-24,Estimated,Autumn
B00224,P003,"Olives 160/180, brined",Olives,Backup,S002,Aceitunera Central SpA,2025-04-20,18,kg,2600,2.78,46800,50.05,2025-06-04,Estimated,Autumn
B00225,P003,"Olives 160/180, brined",Olives,Primary,S001,El Olivar Olives Ltd.,2025-04-28,18,kg,2450,2.62,44100,47.17,2025-06-12,Estimated,Autumn
B00226,P003,"Olives 160/180, brined",Olives,Primary,S001,El Olivar Olives Ltd.,2025-05-08,15,kg,2450,2.62,36750,39.3,2025-06-22,Estimated,Autumn
B00227,P003,"Olives 160/180, brined",Olives,Primary,S001,El Olivar Olives Ltd.,2025-05-18,17,kg,2450,2.62,41650,44.55,2025-07-02,Estimated,Autumn
B00228,P003,"Olives 160/180, brined",Olives,Primary,S001,El Olivar Olives Ltd.,2025-05-29,15,kg,2450,2.62,36750,39.3,2025-07-13,Estimated,Autumn
B00229,P003,"Olives 160/180, brined",Olives,Primary,S001,El Olivar Olives Ltd.,2025-06-06,18,kg,2450,2.62,44100,47.17,2025-07-21,Estimated,Winter
B00230,P003,"Olives 160/180, brined",Olives,Primary,S001,El Olivar Olives Ltd.,2025-06-13,17,kg,2450,2.62,41650,44.55,2025-07-28,Estimated,Winter
B00231,P003,"Olives 160/180, brined",Olives,Backup,S002,Aceitunera Central SpA,2025-06-21,15,kg,2600,2.78,39000,41.71,2025-08-05,Estimated,Winter
B00232,P003,"Olives 160/180, brined",Olives,Primary,S001,El Olivar Olives Ltd.,2025-06-30,17,kg,2450,2.62,41650,44.55,2025-08-14,Estimated,Winter
B00233,P004,"Olives 180/200, brined",Olives,Primary,S001,El Olivar Olives Ltd.,2023-07-10,13,kg,2050,2.19,26650,28.5,2023-08-24,Estimated,Winter
B00234,P004,"Olives 180/200, brined",Olives,Backup,S002,Aceitunera Central SpA,2023-07-20,14,kg,2300,2.46,32200,34.44,2023-09-03,Estimated,Winter
B00235,P004,"Olives 180/200, brined",Olives,Primary,S001,El Olivar Olives Ltd.,2023-07-27,15,kg,2050,2.19,30750,32.89,2023-09-10,Estimated,Winter
B00236,P004,"Olives 180/200, brined",Olives,Primary,S001,El Olivar Olives Ltd.,2023-08-05,17,kg,2050,2.19,34850,37.27,2023-09-19,Estimated,Winter
B00237,P004,"Olives 180/200, brined",Olives,Primary,S001,El Olivar Olives Ltd.,2023-08-15,15,kg,2050,2.19,30750,32.89,2023-09-29,Estimated,Winter
B00238,P004,"Olives 180/200, brined",Olives,Primary,S001,El Olivar Olives Ltd.,2023-08-25,15,kg,2050,2.19,30750,32.89,2023-10-09,Estimated,Winter
B00239,P004,"Olives 180/200, brined",Olives,Primary,S001,El Olivar Olives Ltd.,2023-09-04,19,kg,2050,2.19,38950,41.66,2023-10-19,Estimated,Spring
B00240,P004,"Olives 180/200, brined",Olives,Primary,S001,El Olivar Olives Ltd.,2023-09-12,19,kg,2050,2.19,38950,41.66,2023-10-27,Estimated,Spring
B00241,P004,"Olives 180/200, brined",Olives,Primary,S001,El Olivar Olives Ltd.,2023-09-21,19,kg,2050,2.19,38950,41.66,2023-11-05,Estimated,Spring
B00242,P004,"Olives 180/200, brined",Olives,Backup,S002,Aceitunera Central SpA,2023-10-01,35,kg,2300,2.46,80500,86.1,2023-11-15,Estimated,Spring
B00243,P004,"Olives 180/200, brined",Olives,Primary,S001,El Olivar Olives Ltd.,2023-10-11,43,kg,2050,2.19,88150,94.28,2023-11-25,Estimated,Spring
B00244,P004,"Olives 180/200, brined",Olives,Primary,S001,El Olivar Olives Ltd.,2023-10-19,44,kg,2050,2.19,90200,96.47,2023-12-03,Estimated,Spring
B00245,P004,"Olives 180/200, brined",Olives,Primary,S001,El Olivar Olives Ltd.,2023-10-28,44,kg,2050,2.19,90200,96.47,2023-12-12,Estimated,Spring
B00246,P004,"Olives 180/200, brined",Olives,Primary,S001,El Olivar Olives Ltd.,2023-11-04,36,kg,2050,2.19,73800,78.93,2023-12-19,Estimated,Spring
B00247,P004,"Olives 180/200, brined",Olives,Primary,S001,El Olivar Olives Ltd.,2023-11-13,41,kg,2050,2.19,84050,89.89,2023-12-28,Estimated,Spring
B00248,P004,"Olives 180/200, brined",Olives,Primary,S001,El Olivar Olives Ltd.,2023-11-19,42,kg,2050,2.19,86100,92.09,2024-01-03,Estimated,Spring
B00249,P004,"Olives 180/200, brined",Olives,Primary,S001,El Olivar Olives Ltd.,2023-11-27,46,kg,2050,2.19,94300,100.86,2024-01-11,Estimated,Spring
B00250,P004,"Olives 180/200, brined",Olives,Primary,S001,El Olivar Olives Ltd.,2023-12-09,59,kg,2050,2.19,120950,129.36,2024-01-23,Estimated,Summer
B00251,P004,"Olives 180/200, brined",Olives,Backup,S002,Aceitunera Central SpA,2023-12-19,59,kg,2300,2.46,135700,145.13,2024-02-02,Estimated,Summer
B00252,P004,"Olives 180/200, brined",Olives,Primary,S001,El Olivar Olives Ltd.,2023-12-27,56,kg,2050,2.19,114800,122.78,2024-02-10,Estimated,Summer
B00253,P004,"Olives 180/200, brined",Olives,Backup,S002,Aceitunera Central SpA,2024-01-08,43,kg,2300,2.46,98900,105.78,2024-02-22,Estimated,Summer
B00254,P004,"Olives 180/200, brined",Olives,Primary,S001,El Olivar Olives Ltd.,2024-01-19,46,kg,2050,2.19,94300,100.86,2024-03-04,Estimated,Summer
B00255,P004,"Olives 180/200, brined",Olives,Primary,S001,El Olivar Olives Ltd.,2024-01-29,36,kg,2050,2.19,73800,78.93,2024-03-14,Estimated,Summer
B00256,P004,"Olives 180/200, brined",Olives,Primary,S001,El Olivar Olives Ltd.,2024-02-06,38,kg,2050,2.19,77900,83.32,2024-03-22,Estimated,Summer
B00257,P004,"Olives 180/200, brined",Olives,Primary,S001,El Olivar Olives Ltd.,2024-02-13,40,kg,2050,2.19,82000,87.7,2024-03-29,Estimated,Summer
B00258,P004,"Olives 180/200, brined",Olives,Primary,S001,El Olivar Olives Ltd.,2024-02-23,35,kg,2050,2.19,71750,76.74,2024-04-08,Estimated,Summer
B00259,P004,"Olives 180/200, brined",Olives,Backup,S002,Aceitunera Central SpA,2024-03-03,37,kg,2300,2.46,85100,91.02,2024-04-17,Estimated,Autumn
B00260,P004,"Olives 180/200, brined",Olives,Primary,S001,El Olivar Olives Ltd.,2024-03-11,34,kg,2050,2.19,69700,74.55,2024-04-25,Estimated,Autumn
B00261,P004,"Olives 180/200, brined",Olives,Primary,S001,El Olivar Olives Ltd.,2024-03-20,39,kg,2050,2.19,79950,85.51,2024-05-04,Estimated,Autumn
B00262,P004,"Olives 180/200, brined",Olives,Primary,S001,El Olivar Olives Ltd.,2024-03-31,40,kg,2050,2.19,82000,87.7,2024-05-15,Estimated,Autumn
B00263,P004,"Olives 180/200, brined",Olives,Primary,S001,El Olivar Olives Ltd.,2024-04-08,15,kg,2050,2.19,30750,32.89,2024-05-23,Estimated,Autumn
B00264,P004,"Olives 180/200, brined",Olives,Primary,S001,El Olivar Olives Ltd.,2024-04-18,14,kg,2050,2.19,28700,30.7,2024-06-02,Estimated,Autumn
B00265,P004,"Olives 180/200, brined",Olives,Primary,S001,El Olivar Olives Ltd.,2024-04-27,13,kg,2050,2.19,26650,28.5,2024-06-11,Estimated,Autumn
B00266,P004,"Olives 180/200, brined",Olives,Primary,S001,El Olivar Olives Ltd.,2024-05-07,16,kg,2050,2.19,32800,35.08,2024-06-21,Estimated,Autumn
B00267,P004,"Olives 180/200, brined",Olives,Backup,S002,Aceitunera Central SpA,2024-05-15,17,kg,2300,2.46,39100,41.82,2024-06-29,Estimated,Autumn
B00268,P004,"Olives 180/200, brined",Olives,Primary,S001,El Olivar Olives Ltd.,2024-05-23,16,kg,2050,2.19,32800,35.08,2024-07-07,Estimated,Autumn
B00269,P004,"Olives 180/200, brined",Olives,Primary,S001,El Olivar Olives Ltd.,2024-06-01,15,kg,2050,2.19,30750,32.89,2024-07-16,Estimated,Winter
B00270,P004,"Olives 180/200, brined",Olives,Primary,S001,El Olivar Olives Ltd.,2024-06-10,15,kg,2050,2.19,30750,32.89,2024-07-25,Estimated,Winter
B00271,P004,"Olives 180/200, brined",Olives,Primary,S001,El Olivar Olives Ltd.,2024-06-21,16,kg,2050,2.19,32800,35.08,2024-08-05,Estimated,Winter
B00272,P004,"Olives 180/200, brined",Olives,Primary,S001,El Olivar Olives Ltd.,2024-07-03,15,kg,2050,2.19,30750,32.89,2024-08-17,Estimated,Winter
B00273,P004,"Olives 180/200, brined",Olives,Primary,S001,El Olivar Olives Ltd.,2024-07-12,16,kg,2050,2.19,32800,35.08,2024-08-26,Estimated,Winter
B00274,P004,"Olives 180/200, brined",Olives,Primary,S001,El Olivar Olives Ltd.,2024-07-24,17,kg,2050,2.19,34850,37.27,2024-09-07,Estimated,Winter
B00275,P004,"Olives 180/200, brined",Olives,Primary,S001,El Olivar Olives Ltd.,2024-08-03,14,kg,2050,2.19,28700,30.7,2024-09-17,Estimated,Winter
B00276,P004,"Olives 180/200, brined",Olives,Primary,S001,El Olivar Olives Ltd.,2024-08-11,13,kg,2050,2.19,26650,28.5,2024-09-25,Estimated,Winter
B00277,P004,"Olives 180/200, brined",Olives,Primary,S001,El Olivar Olives Ltd.,2024-08-21,16,kg,2050,2.19,32800,35.08,2024-10-05,Estimated,Winter
B00278,P004,"Olives 180/200, brined",Olives,Primary,S001,El Olivar Olives Ltd.,2024-08-29,14,kg,2050,2.19,28700,30.7,2024-10-13,Estimated,Winter
B00279,P004,"Olives 180/200, brined",Olives,Primary,S001,El Olivar Olives Ltd.,2024-09-07,17,kg,2050,2.19,34850,37.27,2024-10-22,Estimated,Spring
B00280,P004,"Olives 180/200, brined",Olives,Primary,S001,El Olivar Olives Ltd.,2024-09-18,18,kg,2050,2.19,36900,39.47,2024-11-02,Estimated,Spring
B00281,P004,"Olives 180/200, brined",Olives,Primary,S001,El Olivar Olives Ltd.,2024-09-26,19,kg,2050,2.19,38950,41.66,2024-11-10,Estimated,Spring
B00282,P004,"Olives 180/200, brined",Olives,Primary,S001,El Olivar Olives Ltd.,2024-10-04,39,kg,2050,2.19,79950,85.51,2024-11-18,Estimated,Spring
B00283,P004,"Olives 180/200, brined",Olives,Primary,S001,El Olivar Olives Ltd.,2024-10-13,40,kg,2050,2.19,82000,87.7,2024-11-27,Estimated,Spring
B00284,P004,"Olives 180/200, brined",Olives,Primary,S001,El Olivar Olives Ltd.,2024-10-24,43,kg,2050,2.19,88150,94.28,2024-12-08,Estimated,Spring
B00285,P004,"Olives 180/200, brined",Olives,Primary,S001,El Olivar Olives Ltd.,2024-11-04,36,kg,2050,2.19,73800,78.93,2024-12-19,Estimated,Spring
B00286,P004,"Olives 180/200, brined",Olives,Primary,S001,El Olivar Olives Ltd.,2024-11-14,45,kg,2050,2.19,92250,98.66,2024-12-29,Estimated,Spring
B00287,P004,"Olives 180/200, brined",Olives,Primary,S001,El Olivar Olives Ltd.,2024-11-24,40,kg,2050,2.19,82000,87.7,2025-01-08,Estimated,Spring
B00288,P004,"Olives 180/200, brined",Olives,Primary,S001,El Olivar Olives Ltd.,2024-12-06,47,kg,2050,2.19,96350,103.05,2025-01-20,Estimated,Summer
B00289,P004,"Olives 180/200, brined",Olives,Primary,S001,El Olivar Olives Ltd.,2024-12-17,45,kg,2050,2.19,92250,98.66,2025-01-31,Estimated,Summer
B00290,P004,"Olives 180/200, brined",Olives,Primary,S001,El Olivar Olives Ltd.,2024-12-26,58,kg,2050,2.19,118900,127.17,2025-02-09,Estimated,Summer
B00291,P004,"Olives 180/200, brined",Olives,Primary,S001,El Olivar Olives Ltd.,2025-01-07,49,kg,2050,2.19,100450,107.43,2025-02-21,Estimated,Summer
B00292,P004,"Olives 180/200, brined",Olives,Primary,S001,El Olivar Olives Ltd.,2025-01-18,43,kg,2050,2.19,88150,94.28,2025-03-04,Estimated,Summer
B00293,P004,"Olives 180/200, brined",Olives,Primary,S001,El Olivar Olives Ltd.,2025-01-29,49,kg,2050,2.19,100450,107.43,2025-03-15,Estimated,Summer
B00294,P004,"Olives 180/200, brined",Olives,Primary,S001,El Olivar Olives Ltd.,2025-02-06,39,kg,2050,2.19,79950,85.51,2025-03-23,Estimated,Summer
B00295,P004,"Olives 180/200, brined",Olives,Primary,S001,El Olivar Olives Ltd.,2025-02-14,48,kg,2050,2.19,98400,105.24,2025-03-31,Estimated,Summer
B00296,P004,"Olives 180/200, brined",Olives,Backup,S002,Aceitunera Central SpA,2025-02-23,40,kg,2300,2.46,92000,98.4,2025-04-09,Estimated,Summer
B00297,P004,"Olives 180/200, brined",Olives,Backup,S002,Aceitunera Central SpA,2025-03-03,42,kg,2300,2.46,96600,103.32,2025-04-17,Estimated,Autumn
B00298,P004,"Olives 180/200, brined",Olives,Primary,S001,El Olivar Olives Ltd.,2025-03-11,44,kg,2050,2.19,90200,96.47,2025-04-25,Estimated,Autumn
B00299,P004,"Olives 180/200, brined",Olives,Primary,S001,El Olivar Olives Ltd.,2025-03-21,44,kg,2050,2.19,90200,96.47,2025-05-05,Estimated,Autumn
B00300,P004,"Olives 180/200, brined",Olives,Backup,S002,Aceitunera Central SpA,2025-03-28,48,kg,2300,2.46,110400,118.07,2025-05-12,Estimated,Autumn
B00301,P004,"Olives 180/200, brined",Olives,Primary,S001,El Olivar Olives Ltd.,2025-04-06,18,kg,2050,2.19,36900,39.47,2025-05-21,Estimated,Autumn
B00302,P004,"Olives 180/200, brined",Olives,Primary,S001,El Olivar Olives Ltd.,2025-04-14,17,kg,2050,2.19,34850,37.27,2025-05-29,Estimated,Autumn
B00303,P004,"Olives 180/200, brined",Olives,Primary,S001,El Olivar Olives Ltd.,2025-04-23,15,kg,2050,2.19,30750,32.89,2025-06-07,Estimated,Autumn
B00304,P004,"Olives 180/200, brined",Olives,Primary,S001,El Olivar Olives Ltd.,2025-05-02,16,kg,2050,2.19,32800,35.08,2025-06-16,Estimated,Autumn
B00305,P004,"Olives 180/200, brined",Olives,Primary,S001,El Olivar Olives Ltd.,2025-05-13,16,kg,2050,2.19,32800,35.08,2025-06-27,Estimated,Autumn
B00306,P004,"Olives 180/200, brined",Olives,Primary,S001,El Olivar Olives Ltd.,2025-05-22,18,kg,2050,2.19,36900,39.47,2025-07-06,Estimated,Autumn
B00307,P004,"Olives 180/200, brined",Olives,Primary,S001,El Olivar Olives Ltd.,2025-05-31,18,kg,2050,2.19,36900,39.47,2025-07-15,Estimated,Autumn
B00308,P004,"Olives 180/200, brined",Olives,Primary,S001,El Olivar Olives Ltd.,2025-06-10,15,kg,2050,2.19,30750,32.89,2025-07-25,Estimated,Winter
B00309,P004,"Olives 180/200, brined",Olives,Primary,S001,El Olivar Olives Ltd.,2025-06-19,17,kg,2050,2.19,34850,37.27,2025-08-03,Estimated,Winter
B00310,P004,"Olives 180/200, brined",Olives,Primary,S001,El Olivar Olives Ltd.,2025-06-29,18,kg,2050,2.19,36900,39.47,2025-08-13,Estimated,Winter
B00311,P005,"Olives 200/220, brined",Olives,Primary,S001,El Olivar Olives Ltd.,2023-07-02,13,kg,2100,2.25,27300,29.2,2023-08-16,Estimated,Winter
B00312,P005,"Olives 200/220, brined",Olives,Primary,S001,El Olivar Olives Ltd.,2023-07-11,14,kg,2100,2.25,29400,31.44,2023-08-25,Estimated,Winter
B00313,P005,"Olives 200/220, brined",Olives,Primary,S001,El Olivar Olives Ltd.,2023-07-23,15,kg,2100,2.25,31500,33.69,2023-09-06,Estimated,Winter
B00314,P005,"Olives 200/220, brined",Olives,Primary,S001,El Olivar Olives Ltd.,2023-08-02,14,kg,2100,2.25,29400,31.44,2023-09-16,Estimated,Winter
B00315,P005,"Olives 200/220, brined",Olives,Primary,S001,El Olivar Olives Ltd.,2023-08-08,15,kg,2100,2.25,31500,33.69,2023-09-22,Estimated,Winter
B00316,P005,"Olives 200/220, brined",Olives,Primary,S001,El Olivar Olives Ltd.,2023-08-17,16,kg,2100,2.25,33600,35.94,2023-10-01,Estimated,Winter
B00317,P005,"Olives 200/220, brined",Olives,Backup,S002,Aceitunera Central SpA,2023-08-25,14,kg,2300,2.46,32200,34.44,2023-10-09,Estimated,Winter
B00318,P005,"Olives 200/220, brined",Olives,Primary,S001,El Olivar Olives Ltd.,2023-09-04,16,kg,2100,2.25,33600,35.94,2023-10-19,Estimated,Spring
B00319,P005,"Olives 200/220, brined",Olives,Primary,S001,El Olivar Olives Ltd.,2023-09-15,21,kg,2100,2.25,44100,47.17,2023-10-30,Estimated,Spring
B00320,P005,"Olives 200/220, brined",Olives,Primary,S001,El Olivar Olives Ltd.,2023-09-25,19,kg,2100,2.25,39900,42.67,2023-11-09,Estimated,Spring
B00321,P005,"Olives 200/220, brined",Olives,Primary,S001,El Olivar Olives Ltd.,2023-10-04,35,kg,2100,2.25,73500,78.61,2023-11-18,Estimated,Spring
B00322,P005,"Olives 200/220, brined",Olives,Primary,S001,El Olivar Olives Ltd.,2023-10-14,40,kg,2100,2.25,84000,89.84,2023-11-28,Estimated,Spring
B00323,P005,"Olives 200/220, brined",Olives,Primary,S001,El Olivar Olives Ltd.,2023-10-24,39,kg,2100,2.25,81900,87.59,2023-12-08,Estimated,Spring
B00324,P005,"Olives 200/220, brined",Olives,Primary,S001,El Olivar Olives Ltd.,2023-11-03,40,kg,2100,2.25,84000,89.84,2023-12-18,Estimated,Spring
B00325,P005,"Olives 200/220, brined",Olives,Primary,S001,El Olivar Olives Ltd.,2023-11-11,39,kg,2100,2.25,81900,87.59,2023-12-26,Estimated,Spring
B00326,P005,"Olives 200/220, brined",Olives,Primary,S001,El Olivar Olives Ltd.,2023-11-23,46,kg,2100,2.25,96600,103.32,2024-01-07,Estimated,Spring
B00327,P005,"Olives 200/220, brined",Olives,Primary,S001,El Olivar Olives Ltd.,2023-12-05,52,kg,2100,2.25,109200,116.79,2024-01-19,Estimated,Summer
B00328,P005,"Olives 200/220, brined",Olives,Primary,S001,El Olivar Olives Ltd.,2023-12-17,48,kg,2100,2.25,100800,107.81,2024-01-31,Estimated,Summer
B00329,P005,"Olives 200/220, brined",Olives,Primary,S001,El Olivar Olives Ltd.,2023-12-24,57,kg,2100,2.25,119700,128.02,2024-02-07,Estimated,Summer
B00330,P005,"Olives 200/220, brined",Olives,Primary,S001,El Olivar Olives Ltd.,2024-01-03,42,kg,2100,2.25,88200,94.33,2024-02-17,Estimated,Summer
B00331,P005,"Olives 200/220, brined",Olives,Primary,S001,El Olivar Olives Ltd.,2024-01-14,43,kg,2100,2.25,90300,96.58,2024-02-28,Estimated,Summer
B00332,P005,"Olives 200/220, brined",Olives,Primary,S001,El Olivar Olives Ltd.,2024-01-23,34,kg,2100,2.25,71400,76.36,2024-03-08,Estimated,Summer
B00333,P005,"Olives 200/220, brined",Olives,Primary,S001,El Olivar Olives Ltd.,2024-02-02,36,kg,2100,2.25,75600,80.86,2024-03-18,Estimated,Summer
B00334,P005,"Olives 200/220, brined",Olives,Primary,S001,El Olivar Olives Ltd.,2024-02-13,45,kg,2100,2.25,94500,101.07,2024-03-29,Estimated,Summer
B00335,P005,"Olives 200/220, brined",Olives,Primary,S001,El Olivar Olives Ltd.,2024-02-24,36,kg,2100,2.25,75600,80.86,2024-04-09,Estimated,Summer
B00336,P005,"Olives 200/220, brined",Olives,Primary,S001,El Olivar Olives Ltd.,2024-03-03,34,kg,2100,2.25,71400,76.36,2024-04-17,Estimated,Autumn
B00337,P005,"Olives 200/220, brined",Olives,Primary,S001,El Olivar Olives Ltd.,2024-03-11,41,kg,2100,2.25,86100,92.09,2024-04-25,Estimated,Autumn
B00338,P005,"Olives 200/220, brined",Olives,Primary,S001,El Olivar Olives Ltd.,2024-03-23,39,kg,2100,2.25,81900,87.59,2024-05-07,Estimated,Autumn
B00339,P005,"Olives 200/220, brined",Olives,Primary,S001,El Olivar Olives Ltd.,2024-04-05,16,kg,2100,2.25,33600,35.94,2024-05-20,Estimated,Autumn
B00340,P005,"Olives 200/220, brined",Olives,Primary,S001,El Olivar Olives Ltd.,2024-04-13,15,kg,2100,2.25,31500,33.69,2024-05-28,Estimated,Autumn
B00341,P005,"Olives 200/220, brined",Olives,Primary,S001,El Olivar Olives Ltd.,2024-04-22,16,kg,2100,2.25,33600,35.94,2024-06-06,Estimated,Autumn
B00342,P005,"Olives 200/220, brined",Olives,Primary,S001,El Olivar Olives Ltd.,2024-05-02,14,kg,2100,2.25,29400,31.44,2024-06-16,Estimated,Autumn
B00343,P005,"Olives 200/220, brined",Olives,Primary,S001,El Olivar Olives Ltd.,2024-05-11,15,kg,2100,2.25,31500,33.69,2024-06-25,Estimated,Autumn
B00344,P005,"Olives 200/220, brined",Olives,Backup,S002,Aceitunera Central SpA,2024-05-20,15,kg,2300,2.46,34500,36.9,2024-07-04,Estimated,Autumn
B00345,P005,"Olives 200/220, brined",Olives,Primary,S001,El Olivar Olives Ltd.,2024-05-29,16,kg,2100,2.25,33600,35.94,2024-07-13,Estimated,Autumn
B00346,P005,"Olives 200/220, brined",Olives,Primary,S001,El Olivar Olives Ltd.,2024-06-07,15,kg,2100,2.25,31500,33.69,2024-07-22,Estimated,Winter
B00347,P005,"Olives 200/220, brined",Olives,Primary,S001,El Olivar Olives Ltd.,2024-06-14,16,kg,2100,2.25,33600,35.94,2024-07-29,Estimated,Winter
B00348,P005,"Olives 200/220, brined",Olives,Primary,S001,El Olivar Olives Ltd.,2024-06-21,14,kg,2100,2.25,29400,31.44,2024-08-05,Estimated,Winter
B00349,P005,"Olives 200/220, brined",Olives,Primary,S001,El Olivar Olives Ltd.,2024-07-01,13,kg,2100,2.25,27300,29.2,2024-08-15,Estimated,Winter
B00350,P005,"Olives 200/220, brined",Olives,Primary,S001,El Olivar Olives Ltd.,2024-07-12,16,kg,2100,2.25,33600,35.94,2024-08-26,Estimated,Winter
B00351,P005,"Olives 200/220, brined",Olives,Primary,S001,El Olivar Olives Ltd.,2024-07-22,13,kg,2100,2.25,27300,29.2,2024-09-05,Estimated,Winter
B00352,P005,"Olives 200/220, brined",Olives,Primary,S001,El Olivar Olives Ltd.,2024-08-01,14,kg,2100,2.25,29400,31.44,2024-09-15,Estimated,Winter
B00353,P005,"Olives 200/220, brined",Olives,Primary,S001,El Olivar Olives Ltd.,2024-08-09,16,kg,2100,2.25,33600,35.94,2024-09-23,Estimated,Winter
B00354,P005,"Olives 200/220, brined",Olives,Primary,S001,El Olivar Olives Ltd.,2024-08-19,15,kg,2100,2.25,31500,33.69,2024-10-03,Estimated,Winter
B00355,P005,"Olives 200/220, brined",Olives,Primary,S001,El Olivar Olives Ltd.,2024-08-31,13,kg,2100,2.25,27300,29.2,2024-10-15,Estimated,Winter
B00356,P005,"Olives 200/220, brined",Olives,Primary,S001,El Olivar Olives Ltd.,2024-09-09,20,kg,2100,2.25,42000,44.92,2024-10-24,Estimated,Spring
B00357,P005,"Olives 200/220, brined",Olives,Primary,S001,El Olivar Olives Ltd.,2024-09-17,21,kg,2100,2.25,44100,47.17,2024-11-01,Estimated,Spring
B00358,P005,"Olives 200/220, brined",Olives,Primary,S001,El Olivar Olives Ltd.,2024-09-29,16,kg,2100,2.25,33600,35.94,2024-11-13,Estimated,Spring
B00359,P005,"Olives 200/220, brined",Olives,Primary,S001,El Olivar Olives Ltd.,2024-10-12,38,kg,2100,2.25,79800,85.35,2024-11-26,Estimated,Spring
B00360,P005,"Olives 200/220, brined",Olives,Primary,S001,El Olivar Olives Ltd.,2024-10-22,43,kg,2100,2.25,90300,96.58,2024-12-06,Estimated,Spring
B00361,P005,"Olives 200/220, brined",Olives,Primary,S001,El Olivar Olives Ltd.,2024-11-01,41,kg,2100,2.25,86100,92.09,2024-12-16,Estimated,Spring
B00362,P005,"Olives 200/220, brined",Olives,Primary,S001,El Olivar Olives Ltd.,2024-11-08,40,kg,2100,2.25,84000,89.84,2024-12-23,Estimated,Spring
B00363,P005,"Olives 200/220, brined",Olives,Primary,S001,El Olivar Olives Ltd.,2024-11-17,37,kg,2100,2.25,77700,83.1,2025-01-01,Estimated,Spring
B00364,P005,"Olives 200/220, brined",Olives,Primary,S001,El Olivar Olives Ltd.,2024-11-26,35,kg,2100,2.25,73500,78.61,2025-01-10,Estimated,Spring
B00365,P005,"Olives 200/220, brined",Olives,Primary,S001,El Olivar Olives Ltd.,2024-12-06,55,kg,2100,2.25,115500,123.53,2025-01-20,Estimated,Summer
B00366,P005,"Olives 200/220, brined",Olives,Primary,S001,El Olivar Olives Ltd.,2024-12-17,52,kg,2100,2.25,109200,116.79,2025-01-31,Estimated,Summer
B00367,P005,"Olives 200/220, brined",Olives,Primary,S001,El Olivar Olives Ltd.,2024-12-28,50,kg,2100,2.25,105000,112.3,2025-02-11,Estimated,Summer
B00368,P005,"Olives 200/220, brined",Olives,Backup,S002,Aceitunera Central SpA,2025-01-10,40,kg,2300,2.46,92000,98.4,2025-02-24,Estimated,Summer
B00369,P005,"Olives 200/220, brined",Olives,Primary,S001,El Olivar Olives Ltd.,2025-01-20,48,kg,2100,2.25,100800,107.81,2025-03-06,Estimated,Summer
B00370,P005,"Olives 200/220, brined",Olives,Primary,S001,El Olivar Olives Ltd.,2025-01-27,41,kg,2100,2.25,86100,92.09,2025-03-13,Estimated,Summer
B00371,P005,"Olives 200/220, brined",Olives,Primary,S001,El Olivar Olives Ltd.,2025-02-07,49,kg,2100,2.25,102900,110.05,2025-03-24,Estimated,Summer
B00372,P005,"Olives 200/220, brined",Olives,Primary,S001,El Olivar Olives Ltd.,2025-02-17,37,kg,2100,2.25,77700,83.1,2025-04-03,Estimated,Summer
B00373,P005,"Olives 200/220, brined",Olives,Primary,S001,El Olivar Olives Ltd.,2025-02-24,38,kg,2100,2.25,79800,85.35,2025-04-10,Estimated,Summer
B00374,P005,"Olives 200/220, brined",Olives,Primary,S001,El Olivar Olives Ltd.,2025-03-06,48,kg,2100,2.25,100800,107.81,2025-04-20,Estimated,Autumn
B00375,P005,"Olives 200/220, brined",Olives,Primary,S001,El Olivar Olives Ltd.,2025-03-16,49,kg,2100,2.25,102900,110.05,2025-04-30,Estimated,Autumn
B00376,P005,"Olives 200/220, brined",Olives,Primary,S001,El Olivar Olives Ltd.,2025-03-24,38,kg,2100,2.25,79800,85.35,2025-05-08,Estimated,Autumn
B00377,P005,"Olives 200/220, brined",Olives,Backup,S002,Aceitunera Central SpA,2025-04-02,16,kg,2300,2.46,36800,39.36,2025-05-17,Estimated,Autumn
B00378,P005,"Olives 200/220, brined",Olives,Primary,S001,El Olivar Olives Ltd.,2025-04-09,14,kg,2100,2.25,29400,31.44,2025-05-24,Estimated,Autumn
B00379,P005,"Olives 200/220, brined",Olives,Backup,S002,Aceitunera Central SpA,2025-04-19,17,kg,2300,2.46,39100,41.82,2025-06-03,Estimated,Autumn
B00380,P005,"Olives 200/220, brined",Olives,Backup,S002,Aceitunera Central SpA,2025-04-30,14,kg,2300,2.46,32200,34.44,2025-06-14,Estimated,Autumn
B00381,P005,"Olives 200/220, brined",Olives,Primary,S001,El Olivar Olives Ltd.,2025-05-10,16,kg,2100,2.25,33600,35.94,2025-06-24,Estimated,Autumn
B00382,P005,"Olives 200/220, brined",Olives,Primary,S001,El Olivar Olives Ltd.,2025-05-19,17,kg,2100,2.25,35700,38.18,2025-07-03,Estimated,Autumn
B00383,P005,"Olives 200/220, brined",Olives,Primary,S001,El Olivar Olives Ltd.,2025-05-28,15,kg,2100,2.25,31500,33.69,2025-07-12,Estimated,Autumn
B00384,P005,"Olives 200/220, brined",Olives,Primary,S001,El Olivar Olives Ltd.,2025-06-08,19,kg,2100,2.25,39900,42.67,2025-07-23,Estimated,Winter
B00385,P005,"Olives 200/220, brined",Olives,Primary,S001,El Olivar Olives Ltd.,2025-06-21,18,kg,2100,2.25,37800,40.43,2025-08-05,Estimated,Winter
B00386,P006,"Olives 220/240, brined",Olives,Primary,S001,El Olivar Olives Ltd.,2023-07-01,15,kg,2200,2.35,33000,35.29,2023-08-15,Estimated,Winter
B00387,P006,"Olives 220/240, brined",Olives,Primary,S001,El Olivar Olives Ltd.,2023-07-09,15,kg,2200,2.35,33000,35.29,2023-08-23,Estimated,Winter
B00388,P006,"Olives 220/240, brined",Olives,Primary,S001,El Olivar Olives Ltd.,2023-07-20,17,kg,2200,2.35,37400,40.0,2023-09-03,Estimated,Winter
B00389,P006,"Olives 220/240, brined",Olives,Primary,S001,El Olivar Olives Ltd.,2023-07-31,16,kg,2200,2.35,35200,37.65,2023-09-14,Estimated,Winter
B00390,P006,"Olives 220/240, brined",Olives,Primary,S001,El Olivar Olives Ltd.,2023-08-07,15,kg,2200,2.35,33000,35.29,2023-09-21,Estimated,Winter
B00391,P006,"Olives 220/240, brined",Olives,Primary,S001,El Olivar Olives Ltd.,2023-08-18,16,kg,2200,2.35,35200,37.65,2023-10-02,Estimated,Winter
B00392,P006,"Olives 220/240, brined",Olives,Primary,S001,El Olivar Olives Ltd.,2023-08-28,16,kg,2200,2.35,35200,37.65,2023-10-12,Estimated,Winter
B00393,P006,"Olives 220/240, brined",Olives,Primary,S001,El Olivar Olives Ltd.,2023-09-07,20,kg,2200,2.35,44000,47.06,2023-10-22,Estimated,Spring
B00394,P006,"Olives 220/240, brined",Olives,Primary,S001,El Olivar Olives Ltd.,2023-09-17,18,kg,2200,2.35,39600,42.35,2023-11-01,Estimated,Spring
B00395,P006,"Olives 220/240, brined",Olives,Primary,S001,El Olivar Olives Ltd.,2023-09-27,18,kg,2200,2.35,39600,42.35,2023-11-11,Estimated,Spring
B00396,P006,"Olives 220/240, brined",Olives,Primary,S001,El Olivar Olives Ltd.,2023-10-04,46,kg,2200,2.35,101200,108.24,2023-11-18,Estimated,Spring
B00397,P006,"Olives 220/240, brined",Olives,Primary,S001,El Olivar Olives Ltd.,2023-10-14,45,kg,2200,2.35,99000,105.88,2023-11-28,Estimated,Spring
B00398,P006,"Olives 220/240, brined",Olives,Primary,S001,El Olivar Olives Ltd.,2023-10-21,44,kg,2200,2.35,96800,103.53,2023-12-05,Estimated,Spring
B00399,P006,"Olives 220/240, brined",Olives,Primary,S001,El Olivar Olives Ltd.,2023-10-30,46,kg,2200,2.35,101200,108.24,2023-12-14,Estimated,Spring
B00400,P006,"Olives 220/240, brined",Olives,Backup,S002,Aceitunera Central SpA,2023-11-08,36,kg,2200,2.35,79200,84.71,2023-12-23,Estimated,Spring
B00401,P006,"Olives 220/240, brined",Olives,Primary,S001,El Olivar Olives Ltd.,2023-11-18,46,kg,2200,2.35,101200,108.24,2024-01-02,Estimated,Spring
B00402,P006,"Olives 220/240, brined",Olives,Primary,S001,El Olivar Olives Ltd.,2023-11-26,38,kg,2200,2.35,83600,89.41,2024-01-10,Estimated,Spring
B00403,P006,"Olives 220/240, brined",Olives,Primary,S001,El Olivar Olives Ltd.,2023-12-05,55,kg,2200,2.35,121000,129.41,2024-01-19,Estimated,Summer
B00404,P006,"Olives 220/240, brined",Olives,Primary,S001,El Olivar Olives Ltd.,2023-12-15,45,kg,2200,2.35,99000,105.88,2024-01-29,Estimated,Summer
B00405,P006,"Olives 220/240, brined",Olives,Backup,S002,Aceitunera Central SpA,2023-12-24,52,kg,2200,2.35,114400,122.35,2024-02-07,Estimated,Summer
B00406,P006,"Olives 220/240, brined",Olives,Primary,S001,El Olivar Olives Ltd.,2024-01-03,38,kg,2200,2.35,83600,89.41,2024-02-17,Estimated,Summer
B00407,P006,"Olives 220/240, brined",Olives,Primary,S001,El Olivar Olives Ltd.,2024-01-12,39,kg,2200,2.35,85800,91.76,2024-02-26,Estimated,Summer
B00408,P006,"Olives 220/240, brined",Olives,Primary,S001,El Olivar Olives Ltd.,2024-01-20,40,kg,2200,2.35,88000,94.12,2024-03-05,Estimated,Summer
B00409,P006,"Olives 220/240, brined",Olives,Primary,S001,El Olivar Olives Ltd.,2024-01-30,39,kg,2200,2.35,85800,91.76,2024-03-15,Estimated,Summer
B00410,P006,"Olives 220/240, brined",Olives,Primary,S001,El Olivar Olives Ltd.,2024-02-09,42,kg,2200,2.35,92400,98.82,2024-03-25,Estimated,Summer
B00411,P006,"Olives 220/240, brined",Olives,Primary,S001,El Olivar Olives Ltd.,2024-02-18,36,kg,2200,2.35,79200,84.71,2024-04-03,Estimated,Summer
B00412,P006,"Olives 220/240, brined",Olives,Primary,S001,El Olivar Olives Ltd.,2024-02-28,34,kg,2200,2.35,74800,80.0,2024-04-13,Estimated,Summer
B00413,P006,"Olives 220/240, brined",Olives,Primary,S001,El Olivar Olives Ltd.,2024-03-06,44,kg,2200,2.35,96800,103.53,2024-04-20,Estimated,Autumn
B00414,P006,"Olives 220/240, brined",Olives,Primary,S001,El Olivar Olives Ltd.,2024-03-16,37,kg,2200,2.35,81400,87.06,2024-04-30,Estimated,Autumn
B00415,P006,"Olives 220/240, brined",Olives,Primary,S001,El Olivar Olives Ltd.,2024-03-24,38,kg,2200,2.35,83600,89.41,2024-05-08,Estimated,Autumn
B00416,P006,"Olives 220/240, brined",Olives,Primary,S001,El Olivar Olives Ltd.,2024-04-05,14,kg,2200,2.35,30800,32.94,2024-05-20,Estimated,Autumn
B00417,P006,"Olives 220/240, brined",Olives,Primary,S001,El Olivar Olives Ltd.,2024-04-12,13,kg,2200,2.35,28600,30.59,2024-05-27,Estimated,Autumn
B00418,P006,"Olives 220/240, brined",Olives,Primary,S001,El Olivar Olives Ltd.,2024-04-23,16,kg,2200,2.35,35200,37.65,2024-06-07,Estimated,Autumn
B00419,P006,"Olives 220/240, brined",Olives,Primary,S001,El Olivar Olives Ltd.,2024-05-01,16,kg,2200,2.35,35200,37.65,2024-06-15,Estimated,Autumn
B00420,P006,"Olives 220/240, brined",Olives,Primary,S001,El Olivar Olives Ltd.,2024-05-08,14,kg,2200,2.35,30800,32.94,2024-06-22,Estimated,Autumn
B00421,P006,"Olives 220/240, brined",Olives,Primary,S001,El Olivar Olives Ltd.,2024-05-15,17,kg,2200,2.35,37400,40.0,2024-06-29,Estimated,Autumn
B00422,P006,"Olives 220/240, brined",Olives,Backup,S002,Aceitunera Central SpA,2024-05-26,16,kg,2200,2.35,35200,37.65,2024-07-10,Estimated,Autumn
B00423,P006,"Olives 220/240, brined",Olives,Primary,S001,El Olivar Olives Ltd.,2024-06-02,13,kg,2200,2.35,28600,30.59,2024-07-17,Estimated,Winter
B00424,P006,"Olives 220/240, brined",Olives,Backup,S002,Aceitunera Central SpA,2024-06-11,13,kg,2200,2.35,28600,30.59,2024-07-26,Estimated,Winter
B00425,P006,"Olives 220/240, brined",Olives,Backup,S002,Aceitunera Central SpA,2024-06-21,15,kg,2200,2.35,33000,35.29,2024-08-05,Estimated,Winter
B00426,P006,"Olives 220/240, brined",Olives,Primary,S001,El Olivar Olives Ltd.,2024-07-01,16,kg,2200,2.35,35200,37.65,2024-08-15,Estimated,Winter
B00427,P006,"Olives 220/240, brined",Olives,Primary,S001,El Olivar Olives Ltd.,2024-07-09,14,kg,2200,2.35,30800,32.94,2024-08-23,Estimated,Winter
B00428,P006,"Olives 220/240, brined",Olives,Primary,S001,El Olivar Olives Ltd.,2024-07-15,15,kg,2200,2.35,33000,35.29,2024-08-29,Estimated,Winter
B00429,P006,"Olives 220/240, brined",Olives,Primary,S001,El Olivar Olives Ltd.,2024-07-26,13,kg,2200,2.35,28600,30.59,2024-09-09,Estimated,Winter
B00430,P006,"Olives 220/240, brined",Olives,Backup,S002,Aceitunera Central SpA,2024-08-06,15,kg,2200,2.35,33000,35.29,2024-09-20,Estimated,Winter
B00431,P006,"Olives 220/240, brined",Olives,Primary,S001,El Olivar Olives Ltd.,2024-08-17,17,kg,2200,2.35,37400,40.0,2024-10-01,Estimated,Winter
B00432,P006,"Olives 220/240, brined",Olives,Primary,S001,El Olivar Olives Ltd.,2024-08-25,16,kg,2200,2.35,35200,37.65,2024-10-09,Estimated,Winter
B00433,P006,"Olives 220/240, brined",Olives,Primary,S001,El Olivar Olives Ltd.,2024-09-03,19,kg,2200,2.35,41800,44.71,2024-10-18,Estimated,Spring
B00434,P006,"Olives 220/240, brined",Olives,Primary,S001,El Olivar Olives Ltd.,2024-09-13,18,kg,2200,2.35,39600,42.35,2024-10-28,Estimated,Spring
B00435,P006,"Olives 220/240, brined",Olives,Primary,S001,El Olivar Olives Ltd.,2024-09-21,20,kg,2200,2.35,44000,47.06,2024-11-05,Estimated,Spring
B00436,P006,"Olives 220/240, brined",Olives,Primary,S001,El Olivar Olives Ltd.,2024-10-01,44,kg,2200,2.35,96800,103.53,2024-11-15,Estimated,Spring
B00437,P006,"Olives 220/240, brined",Olives,Primary,S001,El Olivar Olives Ltd.,2024-10-08,39,kg,2200,2.35,85800,91.76,2024-11-22,Estimated,Spring
B00438,P006,"Olives 220/240, brined",Olives,Primary,S001,El Olivar Olives Ltd.,2024-10-16,41,kg,2200,2.35,90200,96.47,2024-11-30,Estimated,Spring
B00439,P006,"Olives 220/240, brined",Olives,Primary,S001,El Olivar Olives Ltd.,2024-10-24,38,kg,2200,2.35,83600,89.41,2024-12-08,Estimated,Spring
B00440,P006,"Olives 220/240, brined",Olives,Primary,S001,El Olivar Olives Ltd.,2024-11-01,38,kg,2200,2.35,83600,89.41,2024-12-16,Estimated,Spring
B00441,P006,"Olives 220/240, brined",Olives,Primary,S001,El Olivar Olives Ltd.,2024-11-10,41,kg,2200,2.35,90200,96.47,2024-12-25,Estimated,Spring
B00442,P006,"Olives 220/240, brined",Olives,Primary,S001,El Olivar Olives Ltd.,2024-11-19,36,kg,2200,2.35,79200,84.71,2025-01-03,Estimated,Spring
B00443,P006,"Olives 220/240, brined",Olives,Primary,S001,El Olivar Olives Ltd.,2024-11-30,45,kg,2200,2.35,99000,105.88,2025-01-14,Estimated,Spring
B00444,P006,"Olives 220/240, brined",Olives,Backup,S002,Aceitunera Central SpA,2024-12-10,51,kg,2200,2.35,112200,120.0,2025-01-24,Estimated,Summer
B00445,P006,"Olives 220/240, brined",Olives,Backup,S002,Aceitunera Central SpA,2024-12-19,46,kg,2200,2.35,101200,108.24,2025-02-02,Estimated,Summer
B00446,P006,"Olives 220/240, brined",Olives,Primary,S001,El Olivar Olives Ltd.,2024-12-28,48,kg,2200,2.35,105600,112.94,2025-02-11,Estimated,Summer
B00447,P006,"Olives 220/240, brined",Olives,Primary,S001,El Olivar Olives Ltd.,2025-01-07,45,kg,2200,2.35,99000,105.88,2025-02-21,Estimated,Summer
B00448,P006,"Olives 220/240, brined",Olives,Primary,S001,El Olivar Olives Ltd.,2025-01-17,42,kg,2200,2.35,92400,98.82,2025-03-03,Estimated,Summer
B00449,P006,"Olives 220/240, brined",Olives,Primary,S001,El Olivar Olives Ltd.,2025-01-26,44,kg,2200,2.35,96800,103.53,2025-03-12,Estimated,Summer
B00450,P006,"Olives 220/240, brined",Olives,Primary,S001,El Olivar Olives Ltd.,2025-02-06,50,kg,2200,2.35,110000,117.65,2025-03-23,Estimated,Summer
B00451,P006,"Olives 220/240, brined",Olives,Primary,S001,El Olivar Olives Ltd.,2025-02-15,39,kg,2200,2.35,85800,91.76,2025-04-01,Estimated,Summer
B00452,P006,"Olives 220/240, brined",Olives,Primary,S001,El Olivar Olives Ltd.,2025-02-24,49,kg,2200,2.35,107800,115.29,2025-04-10,Estimated,Summer
B00453,P006,"Olives 220/240, brined",Olives,Primary,S001,El Olivar Olives Ltd.,2025-03-05,43,kg,2200,2.35,94600,101.18,2025-04-19,Estimated,Autumn
B00454,P006,"Olives 220/240, brined",Olives,Primary,S001,El Olivar Olives Ltd.,2025-03-14,38,kg,2200,2.35,83600,89.41,2025-04-28,Estimated,Autumn
B00455,P006,"Olives 220/240, brined",Olives,Primary,S001,El Olivar Olives Ltd.,2025-03-23,49,kg,2200,2.35,107800,115.29,2025-05-07,Estimated,Autumn
B00456,P006,"Olives 220/240, brined",Olives,Primary,S001,El Olivar Olives Ltd.,2025-03-30,49,kg,2200,2.35,107800,115.29,2025-05-14,Estimated,Autumn
B00457,P006,"Olives 220/240, brined",Olives,Backup,S002,Aceitunera Central SpA,2025-04-12,15,kg,2200,2.35,33000,35.29,2025-05-27,Estimated,Autumn
B00458,P006,"Olives 220/240, brined",Olives,Primary,S001,El Olivar Olives Ltd.,2025-04-20,16,kg,2200,2.35,35200,37.65,2025-06-04,Estimated,Autumn
B00459,P006,"Olives 220/240, brined",Olives,Primary,S001,El Olivar Olives Ltd.,2025-04-29,14,kg,2200,2.35,30800,32.94,2025-06-13,Estimated,Autumn
B00460,P006,"Olives 220/240, brined",Olives,Primary,S001,El Olivar Olives Ltd.,2025-05-11,18,kg,2200,2.35,39600,42.35,2025-06-25,Estimated,Autumn
B00461,P006,"Olives 220/240, brined",Olives,Primary,S001,El Olivar Olives Ltd.,2025-05-19,14,kg,2200,2.35,30800,32.94,2025-07-03,Estimated,Autumn
B00462,P006,"Olives 220/240, brined",Olives,Primary,S001,El Olivar Olives Ltd.,2025-05-27,15,kg,2200,2.35,33000,35.29,2025-07-11,Estimated,Autumn
B00463,P006,"Olives 220/240, brined",Olives,Primary,S001,El Olivar Olives Ltd.,2025-06-04,17,kg,2200,2.35,37400,40.0,2025-07-19,Estimated,Winter
B00464,P006,"Olives 220/240, brined",Olives,Primary,S001,El Olivar Olives Ltd.,2025-06-14,19,kg,2200,2.35,41800,44.71,2025-07-29,Estimated,Winter
B00465,P006,"Olives 220/240, brined",Olives,Primary,S001,El Olivar Olives Ltd.,2025-06-24,16,kg,2200,2.35,35200,37.65,2025-08-08,Estimated,Winter
B00466,P007,"Olives 240/260 (small), brined",Olives,Primary,S001,El Olivar Olives Ltd.,2023-07-08,13,kg,1850,1.98,24050,25.72,2023-08-22,Estimated,Winter
B00467,P007,"Olives 240/260 (small), brined",Olives,Primary,S001,El Olivar Olives Ltd.,2023-07-17,15,kg,1850,1.98,27750,29.68,2023-08-31,Estimated,Winter
B00468,P007,"Olives 240/260 (small), brined",Olives,Primary,S001,El Olivar Olives Ltd.,2023-07-24,15,kg,1850,1.98,27750,29.68,2023-09-07,Estimated,Winter
B00469,P007,"Olives 240/260 (small), brined",Olives,Primary,S001,El Olivar Olives Ltd.,2023-08-03,16,kg,1850,1.98,29600,31.66,2023-09-17,Estimated,Winter
B00470,P007,"Olives 240/260 (small), brined",Olives,Primary,S001,El Olivar Olives Ltd.,2023-08-11,15,kg,1850,1.98,27750,29.68,2023-09-25,Estimated,Winter
B00471,P007,"Olives 240/260 (small), brined",Olives,Primary,S001,El Olivar Olives Ltd.,2023-08-19,17,kg,1850,1.98,31450,33.64,2023-10-03,Estimated,Winter
B00472,P007,"Olives 240/260 (small), brined",Olives,Primary,S001,El Olivar Olives Ltd.,2023-08-30,17,kg,1850,1.98,31450,33.64,2023-10-14,Estimated,Winter
B00473,P007,"Olives 240/260 (small), brined",Olives,Primary,S001,El Olivar Olives Ltd.,2023-09-10,18,kg,1850,1.98,33300,35.61,2023-10-25,Estimated,Spring
B00474,P007,"Olives 240/260 (small), brined",Olives,Backup,S002,Aceitunera Central SpA,2023-09-19,21,kg,1900,2.03,39900,42.67,2023-11-03,Estimated,Spring
B00475,P007,"Olives 240/260 (small), brined",Olives,Backup,S002,Aceitunera Central SpA,2023-09-29,20,kg,1900,2.03,38000,40.64,2023-11-13,Estimated,Spring
B00476,P007,"Olives 240/260 (small), brined",Olives,Primary,S001,El Olivar Olives Ltd.,2023-10-09,42,kg,1850,1.98,77700,83.1,2023-11-23,Estimated,Spring
B00477,P007,"Olives 240/260 (small), brined",Olives,Primary,S001,El Olivar Olives Ltd.,2023-10-17,38,kg,1850,1.98,70300,75.19,2023-12-01,Estimated,Spring
B00478,P007,"Olives 240/260 (small), brined",Olives,Backup,S002,Aceitunera Central SpA,2023-10-27,38,kg,1900,2.03,72200,77.22,2023-12-11,Estimated,Spring
B00479,P007,"Olives 240/260 (small), brined",Olives,Primary,S001,El Olivar Olives Ltd.,2023-11-06,35,kg,1850,1.98,64750,69.25,2023-12-21,Estimated,Spring
B00480,P007,"Olives 240/260 (small), brined",Olives,Primary,S001,El Olivar Olives Ltd.,2023-11-15,41,kg,1850,1.98,75850,81.12,2023-12-30,Estimated,Spring
B00481,P007,"Olives 240/260 (small), brined",Olives,Primary,S001,El Olivar Olives Ltd.,2023-11-24,34,kg,1850,1.98,62900,67.27,2024-01-08,Estimated,Spring
B00482,P007,"Olives 240/260 (small), brined",Olives,Primary,S001,El Olivar Olives Ltd.,2023-12-04,56,kg,1850,1.98,103600,110.8,2024-01-18,Estimated,Summer
B00483,P007,"Olives 240/260 (small), brined",Olives,Primary,S001,El Olivar Olives Ltd.,2023-12-15,46,kg,1850,1.98,85100,91.02,2024-01-29,Estimated,Summer
B00484,P007,"Olives 240/260 (small), brined",Olives,Primary,S001,El Olivar Olives Ltd.,2023-12-24,50,kg,1850,1.98,92500,98.93,2024-02-07,Estimated,Summer
B00485,P007,"Olives 240/260 (small), brined",Olives,Primary,S001,El Olivar Olives Ltd.,2024-01-02,40,kg,1850,1.98,74000,79.14,2024-02-16,Estimated,Summer
B00486,P007,"Olives 240/260 (small), brined",Olives,Primary,S001,El Olivar Olives Ltd.,2024-01-13,41,kg,1850,1.98,75850,81.12,2024-02-27,Estimated,Summer
B00487,P007,"Olives 240/260 (small), brined",Olives,Backup,S002,Aceitunera Central SpA,2024-01-26,44,kg,1900,2.03,83600,89.41,2024-03-11,Estimated,Summer
B00488,P007,"Olives 240/260 (small), brined",Olives,Primary,S001,El Olivar Olives Ltd.,2024-02-05,36,kg,1850,1.98,66600,71.23,2024-03-21,Estimated,Summer
B00489,P007,"Olives 240/260 (small), brined",Olives,Primary,S001,El Olivar Olives Ltd.,2024-02-15,44,kg,1850,1.98,81400,87.06,2024-03-31,Estimated,Summer
B00490,P007,"Olives 240/260 (small), brined",Olives,Primary,S001,El Olivar Olives Ltd.,2024-02-23,38,kg,1850,1.98,70300,75.19,2024-04-08,Estimated,Summer
B00491,P007,"Olives 240/260 (small), brined",Olives,Primary,S001,El Olivar Olives Ltd.,2024-03-01,34,kg,1850,1.98,62900,67.27,2024-04-15,Estimated,Autumn
B00492,P007,"Olives 240/260 (small), brined",Olives,Primary,S001,El Olivar Olives Ltd.,2024-03-11,41,kg,1850,1.98,75850,81.12,2024-04-25,Estimated,Autumn
B00493,P007,"Olives 240/260 (small), brined",Olives,Primary,S001,El Olivar Olives Ltd.,2024-03-21,45,kg,1850,1.98,83250,89.04,2024-05-05,Estimated,Autumn
B00494,P007,"Olives 240/260 (small), brined",Olives,Primary,S001,El Olivar Olives Ltd.,2024-03-29,34,kg,1850,1.98,62900,67.27,2024-05-13,Estimated,Autumn
B00495,P007,"Olives 240/260 (small), brined",Olives,Primary,S001,El Olivar Olives Ltd.,2024-04-08,14,kg,1850,1.98,25900,27.7,2024-05-23,Estimated,Autumn
B00496,P007,"Olives 240/260 (small), brined",Olives,Primary,S001,El Olivar Olives Ltd.,2024-04-18,13,kg,1850,1.98,24050,25.72,2024-06-02,Estimated,Autumn
B00497,P007,"Olives 240/260 (small), brined",Olives,Primary,S001,El Olivar Olives Ltd.,2024-04-29,16,kg,1850,1.98,29600,31.66,2024-06-13,Estimated,Autumn
B00498,P007,"Olives 240/260 (small), brined",Olives,Primary,S001,El Olivar Olives Ltd.,2024-05-08,16,kg,1850,1.98,29600,31.66,2024-06-22,Estimated,Autumn
B00499,P007,"Olives 240/260 (small), brined",Olives,Backup,S002,Aceitunera Central SpA,2024-05-20,15,kg,1900,2.03,28500,30.48,2024-07-04,Estimated,Autumn
B00500,P007,"Olives 240/260 (small), brined",Olives,Primary,S001,El Olivar Olives Ltd.,2024-05-30,14,kg,1850,1.98,25900,27.7,2024-07-14,Estimated,Autumn
B00501,P007,"Olives 240/260 (small), brined",Olives,Primary,S001,El Olivar Olives Ltd.,2024-06-07,17,kg,1850,1.98,31450,33.64,2024-07-22,Estimated,Winter
B00502,P007,"Olives 240/260 (small), brined",Olives,Primary,S001,El Olivar Olives Ltd.,2024-06-19,15,kg,1850,1.98,27750,29.68,2024-08-03,Estimated,Winter
B00503,P007,"Olives 240/260 (small), brined",Olives,Primary,S001,El Olivar Olives Ltd.,2024-06-29,14,kg,1850,1.98,25900,27.7,2024-08-13,Estimated,Winter
B00504,P007,"Olives 240/260 (small), brined",Olives,Primary,S001,El Olivar Olives Ltd.,2024-07-07,16,kg,1850,1.98,29600,31.66,2024-08-21,Estimated,Winter
B00505,P007,"Olives 240/260 (small), brined",Olives,Primary,S001,El Olivar Olives Ltd.,2024-07-14,15,kg,1850,1.98,27750,29.68,2024-08-28,Estimated,Winter
B00506,P007,"Olives 240/260 (small), brined",Olives,Primary,S001,El Olivar Olives Ltd.,2024-07-25,15,kg,1850,1.98,27750,29.68,2024-09-08,Estimated,Winter
B00507,P007,"Olives 240/260 (small), brined",Olives,Primary,S001,El Olivar Olives Ltd.,2024-08-02,16,kg,1850,1.98,29600,31.66,2024-09-16,Estimated,Winter
B00508,P007,"Olives 240/260 (small), brined",Olives,Primary,S001,El Olivar Olives Ltd.,2024-08-11,14,kg,1850,1.98,25900,27.7,2024-09-25,Estimated,Winter
B00509,P007,"Olives 240/260 (small), brined",Olives,Primary,S001,El Olivar Olives Ltd.,2024-08-22,16,kg,1850,1.98,29600,31.66,2024-10-06,Estimated,Winter
B00510,P007,"Olives 240/260 (small), brined",Olives,Backup,S002,Aceitunera Central SpA,2024-08-29,14,kg,1900,2.03,26600,28.45,2024-10-13,Estimated,Winter
B00511,P007,"Olives 240/260 (small), brined",Olives,Primary,S001,El Olivar Olives Ltd.,2024-09-04,17,kg,1850,1.98,31450,33.64,2024-10-19,Estimated,Spring
B00512,P007,"Olives 240/260 (small), brined",Olives,Primary,S001,El Olivar Olives Ltd.,2024-09-15,19,kg,1850,1.98,35150,37.59,2024-10-30,Estimated,Spring
B00513,P007,"Olives 240/260 (small), brined",Olives,Primary,S001,El Olivar Olives Ltd.,2024-09-27,20,kg,1850,1.98,37000,39.57,2024-11-11,Estimated,Spring
B00514,P007,"Olives 240/260 (small), brined",Olives,Primary,S001,El Olivar Olives Ltd.,2024-10-11,45,kg,1850,1.98,83250,89.04,2024-11-25,Estimated,Spring
B00515,P007,"Olives 240/260 (small), brined",Olives,Primary,S001,El Olivar Olives Ltd.,2024-10-23,35,kg,1850,1.98,64750,69.25,2024-12-07,Estimated,Spring
B00516,P007,"Olives 240/260 (small), brined",Olives,Primary,S001,El Olivar Olives Ltd.,2024-11-01,46,kg,1850,1.98,85100,91.02,2024-12-16,Estimated,Spring
B00517,P007,"Olives 240/260 (small), brined",Olives,Primary,S001,El Olivar Olives Ltd.,2024-11-10,38,kg,1850,1.98,70300,75.19,2024-12-25,Estimated,Spring
B00518,P007,"Olives 240/260 (small), brined",Olives,Primary,S001,El Olivar Olives Ltd.,2024-11-19,35,kg,1850,1.98,64750,69.25,2025-01-03,Estimated,Spring
B00519,P007,"Olives 240/260 (small), brined",Olives,Primary,S001,El Olivar Olives Ltd.,2024-12-02,45,kg,1850,1.98,83250,89.04,2025-01-16,Estimated,Summer
B00520,P007,"Olives 240/260 (small), brined",Olives,Primary,S001,El Olivar Olives Ltd.,2024-12-14,50,kg,1850,1.98,92500,98.93,2025-01-28,Estimated,Summer
B00521,P007,"Olives 240/260 (small), brined",Olives,Primary,S001,El Olivar Olives Ltd.,2024-12-23,58,kg,1850,1.98,107300,114.76,2025-02-06,Estimated,Summer
B00522,P007,"Olives 240/260 (small), brined",Olives,Backup,S002,Aceitunera Central SpA,2025-01-01,41,kg,1900,2.03,77900,83.32,2025-02-15,Estimated,Summer
B00523,P007,"Olives 240/260 (small), brined",Olives,Primary,S001,El Olivar Olives Ltd.,2025-01-13,42,kg,1850,1.98,77700,83.1,2025-02-27,Estimated,Summer
B00524,P007,"Olives 240/260 (small), brined",Olives,Primary,S001,El Olivar Olives Ltd.,2025-01-22,40,kg,1850,1.98,74000,79.14,2025-03-08,Estimated,Summer
B00525,P007,"Olives 240/260 (small), brined",Olives,Primary,S001,El Olivar Olives Ltd.,2025-02-03,48,kg,1850,1.98,88800,94.97,2025-03-20,Estimated,Summer
B00526,P007,"Olives 240/260 (small), brined",Olives,Primary,S001,El Olivar Olives Ltd.,2025-02-14,40,kg,1850,1.98,74000,79.14,2025-03-31,Estimated,Summer
B00527,P007,"Olives 240/260 (small), brined",Olives,Primary,S001,El Olivar Olives Ltd.,2025-02-22,44,kg,1850,1.98,81400,87.06,2025-04-08,Estimated,Summer
B00528,P007,"Olives 240/260 (small), brined",Olives,Primary,S001,El Olivar Olives Ltd.,2025-03-05,37,kg,1850,1.98,68450,73.21,2025-04-19,Estimated,Autumn
B00529,P007,"Olives 240/260 (small), brined",Olives,Primary,S001,El Olivar Olives Ltd.,2025-03-13,47,kg,1850,1.98,86950,92.99,2025-04-27,Estimated,Autumn
B00530,P007,"Olives 240/260 (small), brined",Olives,Primary,S001,El Olivar Olives Ltd.,2025-03-23,42,kg,1850,1.98,77700,83.1,2025-05-07,Estimated,Autumn
B00531,P007,"Olives 240/260 (small), brined",Olives,Primary,S001,El Olivar Olives Ltd.,2025-04-01,15,kg,1850,1.98,27750,29.68,2025-05-16,Estimated,Autumn
B00532,P007,"Olives 240/260 (small), brined",Olives,Backup,S002,Aceitunera Central SpA,2025-04-10,18,kg,1900,2.03,34200,36.58,2025-05-25,Estimated,Autumn
B00533,P007,"Olives 240/260 (small), brined",Olives,Primary,S001,El Olivar Olives Ltd.,2025-04-20,14,kg,1850,1.98,25900,27.7,2025-06-04,Estimated,Autumn
B00534,P007,"Olives 240/260 (small), brined",Olives,Primary,S001,El Olivar Olives Ltd.,2025-04-30,14,kg,1850,1.98,25900,27.7,2025-06-14,Estimated,Autumn
B00535,P007,"Olives 240/260 (small), brined",Olives,Primary,S001,El Olivar Olives Ltd.,2025-05-12,14,kg,1850,1.98,25900,27.7,2025-06-26,Estimated,Autumn
B00536,P007,"Olives 240/260 (small), brined",Olives,Primary,S001,El Olivar Olives Ltd.,2025-05-21,15,kg,1850,1.98,27750,29.68,2025-07-05,Estimated,Autumn
B00537,P007,"Olives 240/260 (small), brined",Olives,Primary,S001,El Olivar Olives Ltd.,2025-06-03,17,kg,1850,1.98,31450,33.64,2025-07-18,Estimated,Winter
B00538,P007,"Olives 240/260 (small), brined",Olives,Primary,S001,El Olivar Olives Ltd.,2025-06-13,14,kg,1850,1.98,25900,27.7,2025-07-28,Estimated,Winter
B00539,P007,"Olives 240/260 (small), brined",Olives,Primary,S001,El Olivar Olives Ltd.,2025-06-22,15,kg,1850,1.98,27750,29.68,2025-08-06,Estimated,Winter
B00540,P008,Pitted olives,Olives,Primary,S001,El Olivar Olives Ltd.,2023-07-09,16,kg,2450,2.62,39200,41.93,2023-08-23,Estimated,Winter
B00541,P008,Pitted olives,Olives,Primary,S001,El Olivar Olives Ltd.,2023-07-19,17,kg,2450,2.62,41650,44.55,2023-09-02,Estimated,Winter
B00542,P008,Pitted olives,Olives,Primary,S001,El Olivar Olives Ltd.,2023-07-28,15,kg,2450,2.62,36750,39.3,2023-09-11,Estimated,Winter
B00543,P008,Pitted olives,Olives,Primary,S001,El Olivar Olives Ltd.,2023-08-05,14,kg,2450,2.62,34300,36.68,2023-09-19,Estimated,Winter
B00544,P008,Pitted olives,Olives,Primary,S001,El Olivar Olives Ltd.,2023-08-13,13,kg,2450,2.62,31850,34.06,2023-09-27,Estimated,Winter
B00545,P008,Pitted olives,Olives,Primary,S001,El Olivar Olives Ltd.,2023-08-22,13,kg,2450,2.62,31850,34.06,2023-10-06,Estimated,Winter
B00546,P008,Pitted olives,Olives,Primary,S001,El Olivar Olives Ltd.,2023-09-03,19,kg,2450,2.62,46550,49.79,2023-10-18,Estimated,Spring
B00547,P008,Pitted olives,Olives,Primary,S001,El Olivar Olives Ltd.,2023-09-13,17,kg,2450,2.62,41650,44.55,2023-10-28,Estimated,Spring
B00548,P008,Pitted olives,Olives,Primary,S001,El Olivar Olives Ltd.,2023-09-23,18,kg,2450,2.62,44100,47.17,2023-11-07,Estimated,Spring
B00549,P008,Pitted olives,Olives,Backup,S002,Aceitunera Central SpA,2023-10-01,40,kg,2650,2.83,106000,113.37,2023-11-15,Estimated,Spring
B00550,P008,Pitted olives,Olives,Primary,S001,El Olivar Olives Ltd.,2023-10-10,43,kg,2450,2.62,105350,112.67,2023-11-24,Estimated,Spring
B00551,P008,Pitted olives,Olives,Backup,S002,Aceitunera Central SpA,2023-10-23,41,kg,2650,2.83,108650,116.2,2023-12-07,Estimated,Spring
B00552,P008,Pitted olives,Olives,Primary,S001,El Olivar Olives Ltd.,2023-11-04,38,kg,2450,2.62,93100,99.57,2023-12-19,Estimated,Spring
B00553,P008,Pitted olives,Olives,Primary,S001,El Olivar Olives Ltd.,2023-11-16,40,kg,2450,2.62,98000,104.81,2023-12-31,Estimated,Spring
B00554,P008,Pitted olives,Olives,Primary,S001,El Olivar Olives Ltd.,2023-11-25,40,kg,2450,2.62,98000,104.81,2024-01-09,Estimated,Spring
B00555,P008,Pitted olives,Olives,Primary,S001,El Olivar Olives Ltd.,2023-12-06,49,kg,2450,2.62,120050,128.4,2024-01-20,Estimated,Summer
B00556,P008,Pitted olives,Olives,Primary,S001,El Olivar Olives Ltd.,2023-12-15,59,kg,2450,2.62,144550,154.6,2024-01-29,Estimated,Summer
B00557,P008,Pitted olives,Olives,Primary,S001,El Olivar Olives Ltd.,2023-12-26,46,kg,2450,2.62,112700,120.53,2024-02-09,Estimated,Summer
B00558,P008,Pitted olives,Olives,Backup,S002,Aceitunera Central SpA,2024-01-01,45,kg,2650,2.83,119250,127.54,2024-02-15,Estimated,Summer
B00559,P008,Pitted olives,Olives,Primary,S001,El Olivar Olives Ltd.,2024-01-10,36,kg,2450,2.62,88200,94.33,2024-02-24,Estimated,Summer
B00560,P008,Pitted olives,Olives,Primary,S001,El Olivar Olives Ltd.,2024-01-19,42,kg,2450,2.62,102900,110.05,2024-03-04,Estimated,Summer
B00561,P008,Pitted olives,Olives,Primary,S001,El Olivar Olives Ltd.,2024-01-31,44,kg,2450,2.62,107800,115.29,2024-03-16,Estimated,Summer
B00562,P008,Pitted olives,Olives,Primary,S001,El Olivar Olives Ltd.,2024-02-09,35,kg,2450,2.62,85750,91.71,2024-03-25,Estimated,Summer
B00563,P008,Pitted olives,Olives,Primary,S001,El Olivar Olives Ltd.,2024-02-20,44,kg,2450,2.62,107800,115.29,2024-04-05,Estimated,Summer
B00564,P008,Pitted olives,Olives,Primary,S001,El Olivar Olives Ltd.,2024-03-01,37,kg,2450,2.62,90650,96.95,2024-04-15,Estimated,Autumn
B00565,P008,Pitted olives,Olives,Primary,S001,El Olivar Olives Ltd.,2024-03-10,44,kg,2450,2.62,107800,115.29,2024-04-24,Estimated,Autumn
B00566,P008,Pitted olives,Olives,Primary,S001,El Olivar Olives Ltd.,2024-03-20,44,kg,2450,2.62,107800,115.29,2024-05-04,Estimated,Autumn
B00567,P008,Pitted olives,Olives,Primary,S001,El Olivar Olives Ltd.,2024-03-29,41,kg,2450,2.62,100450,107.43,2024-05-13,Estimated,Autumn
B00568,P008,Pitted olives,Olives,Primary,S001,El Olivar Olives Ltd.,2024-04-10,16,kg,2450,2.62,39200,41.93,2024-05-25,Estimated,Autumn
B00569,P008,Pitted olives,Olives,Backup,S002,Aceitunera Central SpA,2024-04-17,15,kg,2650,2.83,39750,42.51,2024-06-01,Estimated,Autumn
B00570,P008,Pitted olives,Olives,Primary,S001,El Olivar Olives Ltd.,2024-04-25,15,kg,2450,2.62,36750,39.3,2024-06-09,Estimated,Autumn
B00571,P008,Pitted olives,Olives,Primary,S001,El Olivar Olives Ltd.,2024-05-01,16,kg,2450,2.62,39200,41.93,2024-06-15,Estimated,Autumn
B00572,P008,Pitted olives,Olives,Primary,S001,El Olivar Olives Ltd.,2024-05-11,15,kg,2450,2.62,36750,39.3,2024-06-25,Estimated,Autumn
B00573,P008,Pitted olives,Olives,Backup,S002,Aceitunera Central SpA,2024-05-20,16,kg,2650,2.83,42400,45.35,2024-07-04,Estimated,Autumn
B00574,P008,Pitted olives,Olives,Primary,S001,El Olivar Olives Ltd.,2024-05-29,16,kg,2450,2.62,39200,41.93,2024-07-13,Estimated,Autumn
B00575,P008,Pitted olives,Olives,Primary,S001,El Olivar Olives Ltd.,2024-06-08,14,kg,2450,2.62,34300,36.68,2024-07-23,Estimated,Winter
B00576,P008,Pitted olives,Olives,Primary,S001,El Olivar Olives Ltd.,2024-06-16,13,kg,2450,2.62,31850,34.06,2024-07-31,Estimated,Winter
B00577,P008,Pitted olives,Olives,Primary,S001,El Olivar Olives Ltd.,2024-06-24,16,kg,2450,2.62,39200,41.93,2024-08-08,Estimated,Winter
B00578,P008,Pitted olives,Olives,Primary,S001,El Olivar Olives Ltd.,2024-07-04,13,kg,2450,2.62,31850,34.06,2024-08-18,Estimated,Winter
B00579,P008,Pitted olives,Olives,Primary,S001,El Olivar Olives Ltd.,2024-07-14,15,kg,2450,2.62,36750,39.3,2024-08-28,Estimated,Winter
B00580,P008,Pitted olives,Olives,Primary,S001,El Olivar Olives Ltd.,2024-07-24,15,kg,2450,2.62,36750,39.3,2024-09-07,Estimated,Winter
B00581,P008,Pitted olives,Olives,Primary,S001,El Olivar Olives Ltd.,2024-08-02,13,kg,2450,2.62,31850,34.06,2024-09-16,Estimated,Winter
B00582,P008,Pitted olives,Olives,Primary,S001,El Olivar Olives Ltd.,2024-08-13,16,kg,2450,2.62,39200,41.93,2024-09-27,Estimated,Winter
B00583,P008,Pitted olives,Olives,Primary,S001,El Olivar Olives Ltd.,2024-08-21,14,kg,2450,2.62,34300,36.68,2024-10-05,Estimated,Winter
B00584,P008,Pitted olives,Olives,Primary,S001,El Olivar Olives Ltd.,2024-08-30,13,kg,2450,2.62,31850,34.06,2024-10-14,Estimated,Winter
B00585,P008,Pitted olives,Olives,Primary,S001,El Olivar Olives Ltd.,2024-09-10,20,kg,2450,2.62,49000,52.41,2024-10-25,Estimated,Spring
B00586,P008,Pitted olives,Olives,Backup,S002,Aceitunera Central SpA,2024-09-17,20,kg,2650,2.83,53000,56.68,2024-11-01,Estimated,Spring
B00587,P008,Pitted olives,Olives,Primary,S001,El Olivar Olives Ltd.,2024-09-29,20,kg,2450,2.62,49000,52.41,2024-11-13,Estimated,Spring
B00588,P008,Pitted olives,Olives,Primary,S001,El Olivar Olives Ltd.,2024-10-10,36,kg,2450,2.62,88200,94.33,2024-11-24,Estimated,Spring
B00589,P008,Pitted olives,Olives,Primary,S001,El Olivar Olives Ltd.,2024-10-19,46,kg,2450,2.62,112700,120.53,2024-12-03,Estimated,Spring
B00590,P008,Pitted olives,Olives,Primary,S001,El Olivar Olives Ltd.,2024-10-27,35,kg,2450,2.62,85750,91.71,2024-12-11,Estimated,Spring
B00591,P008,Pitted olives,Olives,Primary,S001,El Olivar Olives Ltd.,2024-11-05,43,kg,2450,2.62,105350,112.67,2024-12-20,Estimated,Spring
B00592,P008,Pitted olives,Olives,Primary,S001,El Olivar Olives Ltd.,2024-11-17,40,kg,2450,2.62,98000,104.81,2025-01-01,Estimated,Spring
B00593,P008,Pitted olives,Olives,Primary,S001,El Olivar Olives Ltd.,2024-11-26,45,kg,2450,2.62,110250,117.91,2025-01-10,Estimated,Spring
B00594,P008,Pitted olives,Olives,Primary,S001,El Olivar Olives Ltd.,2024-12-03,57,kg,2450,2.62,139650,149.36,2025-01-17,Estimated,Summer
B00595,P008,Pitted olives,Olives,Primary,S001,El Olivar Olives Ltd.,2024-12-13,53,kg,2450,2.62,129850,138.88,2025-01-27,Estimated,Summer
B00596,P008,Pitted olives,Olives,Primary,S001,El Olivar Olives Ltd.,2024-12-24,54,kg,2450,2.62,132300,141.5,2025-02-07,Estimated,Summer
B00597,P008,Pitted olives,Olives,Backup,S002,Aceitunera Central SpA,2025-01-02,45,kg,2650,2.83,119250,127.54,2025-02-16,Estimated,Summer
B00598,P008,Pitted olives,Olives,Primary,S001,El Olivar Olives Ltd.,2025-01-12,49,kg,2450,2.62,120050,128.4,2025-02-26,Estimated,Summer
B00599,P008,Pitted olives,Olives,Primary,S001,El Olivar Olives Ltd.,2025-01-23,40,kg,2450,2.62,98000,104.81,2025-03-09,Estimated,Summer
B00600,P008,Pitted olives,Olives,Primary,S001,El Olivar Olives Ltd.,2025-02-01,38,kg,2450,2.62,93100,99.57,2025-03-18,Estimated,Summer
B00601,P008,Pitted olives,Olives,Primary,S001,El Olivar Olives Ltd.,2025-02-11,46,kg,2450,2.62,112700,120.53,2025-03-28,Estimated,Summer
B00602,P008,Pitted olives,Olives,Primary,S001,El Olivar Olives Ltd.,2025-02-17,39,kg,2450,2.62,95550,102.19,2025-04-03,Estimated,Summer
B00603,P008,Pitted olives,Olives,Backup,S002,Aceitunera Central SpA,2025-02-24,45,kg,2650,2.83,119250,127.54,2025-04-10,Estimated,Summer
B00604,P008,Pitted olives,Olives,Primary,S001,El Olivar Olives Ltd.,2025-03-04,48,kg,2450,2.62,117600,125.78,2025-04-18,Estimated,Autumn
B00605,P008,Pitted olives,Olives,Primary,S001,El Olivar Olives Ltd.,2025-03-12,50,kg,2450,2.62,122500,131.02,2025-04-26,Estimated,Autumn
B00606,P008,Pitted olives,Olives,Primary,S001,El Olivar Olives Ltd.,2025-03-20,45,kg,2450,2.62,110250,117.91,2025-05-04,Estimated,Autumn
B00607,P008,Pitted olives,Olives,Primary,S001,El Olivar Olives Ltd.,2025-03-31,42,kg,2450,2.62,102900,110.05,2025-05-15,Estimated,Autumn
B00608,P008,Pitted olives,Olives,Primary,S001,El Olivar Olives Ltd.,2025-04-09,14,kg,2450,2.62,34300,36.68,2025-05-24,Estimated,Autumn
B00609,P008,Pitted olives,Olives,Primary,S001,El Olivar Olives Ltd.,2025-04-18,14,kg,2450,2.62,34300,36.68,2025-06-02,Estimated,Autumn
B00610,P008,Pitted olives,Olives,Primary,S001,El Olivar Olives Ltd.,2025-04-27,16,kg,2450,2.62,39200,41.93,2025-06-11,Estimated,Autumn
B00611,P008,Pitted olives,Olives,Primary,S001,El Olivar Olives Ltd.,2025-05-08,17,kg,2450,2.62,41650,44.55,2025-06-22,Estimated,Autumn
B00612,P008,Pitted olives,Olives,Primary,S001,El Olivar Olives Ltd.,2025-05-18,18,kg,2450,2.62,44100,47.17,2025-07-02,Estimated,Autumn
B00613,P008,Pitted olives,Olives,Primary,S001,El Olivar Olives Ltd.,2025-05-28,15,kg,2450,2.62,36750,39.3,2025-07-12,Estimated,Autumn
B00614,P008,Pitted olives,Olives,Primary,S001,El Olivar Olives Ltd.,2025-06-08,18,kg,2450,2.62,44100,47.17,2025-07-23,Estimated,Winter
B00615,P008,Pitted olives,Olives,Primary,S001,El Olivar Olives Ltd.,2025-06-19,14,kg,2450,2.62,34300,36.68,2025-08-03,Estimated,Winter
B00616,P009,Sliced olives (for salads),Olives,Primary,S001,El Olivar Olives Ltd.,2023-07-03,14,kg,2150,2.3,30100,32.19,2023-08-17,Estimated,Winter
B00617,P009,Sliced olives (for salads),Olives,Primary,S001,El Olivar Olives Ltd.,2023-07-14,17,kg,2150,2.3,36550,39.09,2023-08-28,Estimated,Winter
B00618,P009,Sliced olives (for salads),Olives,Primary,S001,El Olivar Olives Ltd.,2023-07-20,14,kg,2150,2.3,30100,32.19,2023-09-03,Estimated,Winter
B00619,P009,Sliced olives (for salads),Olives,Primary,S001,El Olivar Olives Ltd.,2023-07-31,16,kg,2150,2.3,34400,36.79,2023-09-14,Estimated,Winter
B00620,P009,Sliced olives (for salads),Olives,Primary,S001,El Olivar Olives Ltd.,2023-08-10,14,kg,2150,2.3,30100,32.19,2023-09-24,Estimated,Winter
B00621,P009,Sliced olives (for salads),Olives,Primary,S001,El Olivar Olives Ltd.,2023-08-18,17,kg,2150,2.3,36550,39.09,2023-10-02,Estimated,Winter
B00622,P009,Sliced olives (for salads),Olives,Primary,S001,El Olivar Olives Ltd.,2023-08-27,16,kg,2150,2.3,34400,36.79,2023-10-11,Estimated,Winter
B00623,P009,Sliced olives (for salads),Olives,Primary,S001,El Olivar Olives Ltd.,2023-09-07,17,kg,2150,2.3,36550,39.09,2023-10-22,Estimated,Spring
B00624,P009,Sliced olives (for salads),Olives,Primary,S001,El Olivar Olives Ltd.,2023-09-16,17,kg,2150,2.3,36550,39.09,2023-10-31,Estimated,Spring
B00625,P009,Sliced olives (for salads),Olives,Primary,S001,El Olivar Olives Ltd.,2023-09-27,19,kg,2150,2.3,40850,43.69,2023-11-11,Estimated,Spring
B00626,P009,Sliced olives (for salads),Olives,Primary,S001,El Olivar Olives Ltd.,2023-10-07,46,kg,2150,2.3,98900,105.78,2023-11-21,Estimated,Spring
B00627,P009,Sliced olives (for salads),Olives,Primary,S001,El Olivar Olives Ltd.,2023-10-16,43,kg,2150,2.3,92450,98.88,2023-11-30,Estimated,Spring
B00628,P009,Sliced olives (for salads),Olives,Primary,S001,El Olivar Olives Ltd.,2023-10-25,41,kg,2150,2.3,88150,94.28,2023-12-09,Estimated,Spring
B00629,P009,Sliced olives (for salads),Olives,Primary,S001,El Olivar Olives Ltd.,2023-11-01,42,kg,2150,2.3,90300,96.58,2023-12-16,Estimated,Spring
B00630,P009,Sliced olives (for salads),Olives,Primary,S001,El Olivar Olives Ltd.,2023-11-10,41,kg,2150,2.3,88150,94.28,2023-12-25,Estimated,Spring
B00631,P009,Sliced olives (for salads),Olives,Primary,S001,El Olivar Olives Ltd.,2023-11-21,44,kg,2150,2.3,94600,101.18,2024-01-05,Estimated,Spring
B00632,P009,Sliced olives (for salads),Olives,Primary,S001,El Olivar Olives Ltd.,2023-11-30,43,kg,2150,2.3,92450,98.88,2024-01-14,Estimated,Spring
B00633,P009,Sliced olives (for salads),Olives,Primary,S001,El Olivar Olives Ltd.,2023-12-10,54,kg,2150,2.3,116100,124.17,2024-01-24,Estimated,Summer
B00634,P009,Sliced olives (for salads),Olives,Primary,S001,El Olivar Olives Ltd.,2023-12-20,49,kg,2150,2.3,105350,112.67,2024-02-03,Estimated,Summer
B00635,P009,Sliced olives (for salads),Olives,Primary,S001,El Olivar Olives Ltd.,2023-12-29,57,kg,2150,2.3,122550,131.07,2024-02-12,Estimated,Summer
B00636,P009,Sliced olives (for salads),Olives,Backup,S002,Aceitunera Central SpA,2024-01-09,42,kg,2200,2.35,92400,98.82,2024-02-23,Estimated,Summer
B00637,P009,Sliced olives (for salads),Olives,Primary,S001,El Olivar Olives Ltd.,2024-01-17,39,kg,2150,2.3,83850,89.68,2024-03-02,Estimated,Summer
B00638,P009,Sliced olives (for salads),Olives,Primary,S001,El Olivar Olives Ltd.,2024-01-28,36,kg,2150,2.3,77400,82.78,2024-03-13,Estimated,Summer
B00639,P009,Sliced olives (for salads),Olives,Primary,S001,El Olivar Olives Ltd.,2024-02-09,35,kg,2150,2.3,75250,80.48,2024-03-25,Estimated,Summer
B00640,P009,Sliced olives (for salads),Olives,Primary,S001,El Olivar Olives Ltd.,2024-02-19,41,kg,2150,2.3,88150,94.28,2024-04-04,Estimated,Summer
B00641,P009,Sliced olives (for salads),Olives,Primary,S001,El Olivar Olives Ltd.,2024-02-28,42,kg,2150,2.3,90300,96.58,2024-04-13,Estimated,Summer
B00642,P009,Sliced olives (for salads),Olives,Primary,S001,El Olivar Olives Ltd.,2024-03-10,38,kg,2150,2.3,81700,87.38,2024-04-24,Estimated,Autumn
B00643,P009,Sliced olives (for salads),Olives,Primary,S001,El Olivar Olives Ltd.,2024-03-21,35,kg,2150,2.3,75250,80.48,2024-05-05,Estimated,Autumn
B00644,P009,Sliced olives (for salads),Olives,Primary,S001,El Olivar Olives Ltd.,2024-03-29,44,kg,2150,2.3,94600,101.18,2024-05-13,Estimated,Autumn
B00645,P009,Sliced olives (for salads),Olives,Primary,S001,El Olivar Olives Ltd.,2024-04-08,16,kg,2150,2.3,34400,36.79,2024-05-23,Estimated,Autumn
B00646,P009,Sliced olives (for salads),Olives,Primary,S001,El Olivar Olives Ltd.,2024-04-18,17,kg,2150,2.3,36550,39.09,2024-06-02,Estimated,Autumn
B00647,P009,Sliced olives (for salads),Olives,Primary,S001,El Olivar Olives Ltd.,2024-04-27,13,kg,2150,2.3,27950,29.89,2024-06-11,Estimated,Autumn
B00648,P009,Sliced olives (for salads),Olives,Backup,S002,Aceitunera Central SpA,2024-05-07,13,kg,2200,2.35,28600,30.59,2024-06-21,Estimated,Autumn
B00649,P009,Sliced olives (for salads),Olives,Backup,S002,Aceitunera Central SpA,2024-05-16,15,kg,2200,2.35,33000,35.29,2024-06-30,Estimated,Autumn
B00650,P009,Sliced olives (for salads),Olives,Primary,S001,El Olivar Olives Ltd.,2024-05-22,15,kg,2150,2.3,32250,34.49,2024-07-06,Estimated,Autumn
B00651,P009,Sliced olives (for salads),Olives,Primary,S001,El Olivar Olives Ltd.,2024-05-28,14,kg,2150,2.3,30100,32.19,2024-07-12,Estimated,Autumn
B00652,P009,Sliced olives (for salads),Olives,Primary,S001,El Olivar Olives Ltd.,2024-06-07,17,kg,2150,2.3,36550,39.09,2024-07-22,Estimated,Winter
B00653,P009,Sliced olives (for salads),Olives,Primary,S001,El Olivar Olives Ltd.,2024-06-15,15,kg,2150,2.3,32250,34.49,2024-07-30,Estimated,Winter
B00654,P009,Sliced olives (for salads),Olives,Primary,S001,El Olivar Olives Ltd.,2024-06-25,14,kg,2150,2.3,30100,32.19,2024-08-09,Estimated,Winter
B00655,P009,Sliced olives (for salads),Olives,Primary,S001,El Olivar Olives Ltd.,2024-07-04,13,kg,2150,2.3,27950,29.89,2024-08-18,Estimated,Winter
B00656,P009,Sliced olives (for salads),Olives,Primary,S001,El Olivar Olives Ltd.,2024-07-12,17,kg,2150,2.3,36550,39.09,2024-08-26,Estimated,Winter
B00657,P009,Sliced olives (for salads),Olives,Primary,S001,El Olivar Olives Ltd.,2024-07-25,14,kg,2150,2.3,30100,32.19,2024-09-08,Estimated,Winter
B00658,P009,Sliced olives (for salads),Olives,Backup,S002,Aceitunera Central SpA,2024-08-02,17,kg,2200,2.35,37400,40.0,2024-09-16,Estimated,Winter
B00659,P009,Sliced olives (for salads),Olives,Primary,S001,El Olivar Olives Ltd.,2024-08-10,14,kg,2150,2.3,30100,32.19,2024-09-24,Estimated,Winter
B00660,P009,Sliced olives (for salads),Olives,Backup,S002,Aceitunera Central SpA,2024-08-19,17,kg,2200,2.35,37400,40.0,2024-10-03,Estimated,Winter
B00661,P009,Sliced olives (for salads),Olives,Primary,S001,El Olivar Olives Ltd.,2024-08-27,17,kg,2150,2.3,36550,39.09,2024-10-11,Estimated,Winter
B00662,P009,Sliced olives (for salads),Olives,Primary,S001,El Olivar Olives Ltd.,2024-09-08,20,kg,2150,2.3,43000,45.99,2024-10-23,Estimated,Spring
B00663,P009,Sliced olives (for salads),Olives,Primary,S001,El Olivar Olives Ltd.,2024-09-18,16,kg,2150,2.3,34400,36.79,2024-11-02,Estimated,Spring
B00664,P009,Sliced olives (for salads),Olives,Primary,S001,El Olivar Olives Ltd.,2024-09-27,20,kg,2150,2.3,43000,45.99,2024-11-11,Estimated,Spring
B00665,P009,Sliced olives (for salads),Olives,Primary,S001,El Olivar Olives Ltd.,2024-10-06,34,kg,2150,2.3,73100,78.18,2024-11-20,Estimated,Spring
B00666,P009,Sliced olives (for salads),Olives,Primary,S001,El Olivar Olives Ltd.,2024-10-18,37,kg,2150,2.3,79550,85.08,2024-12-02,Estimated,Spring
B00667,P009,Sliced olives (for salads),Olives,Primary,S001,El Olivar Olives Ltd.,2024-10-29,46,kg,2150,2.3,98900,105.78,2024-12-13,Estimated,Spring
B00668,P009,Sliced olives (for salads),Olives,Backup,S002,Aceitunera Central SpA,2024-11-07,35,kg,2200,2.35,77000,82.35,2024-12-22,Estimated,Spring
B00669,P009,Sliced olives (for salads),Olives,Primary,S001,El Olivar Olives Ltd.,2024-11-20,36,kg,2150,2.3,77400,82.78,2025-01-04,Estimated,Spring
B00670,P009,Sliced olives (for salads),Olives,Primary,S001,El Olivar Olives Ltd.,2024-11-30,36,kg,2150,2.3,77400,82.78,2025-01-14,Estimated,Spring
B00671,P009,Sliced olives (for salads),Olives,Primary,S001,El Olivar Olives Ltd.,2024-12-10,44,kg,2150,2.3,94600,101.18,2025-01-24,Estimated,Summer
B00672,P009,Sliced olives (for salads),Olives,Primary,S001,El Olivar Olives Ltd.,2024-12-20,56,kg,2150,2.3,120400,128.77,2025-02-03,Estimated,Summer
B00673,P009,Sliced olives (for salads),Olives,Backup,S002,Aceitunera Central SpA,2024-12-28,45,kg,2200,2.35,99000,105.88,2025-02-11,Estimated,Summer
B00674,P009,Sliced olives (for salads),Olives,Primary,S001,El Olivar Olives Ltd.,2025-01-07,47,kg,2150,2.3,101050,108.07,2025-02-21,Estimated,Summer
B00675,P009,Sliced olives (for salads),Olives,Primary,S001,El Olivar Olives Ltd.,2025-01-15,39,kg,2150,2.3,83850,89.68,2025-03-01,Estimated,Summer
B00676,P009,Sliced olives (for salads),Olives,Primary,S001,El Olivar Olives Ltd.,2025-01-25,47,kg,2150,2.3,101050,108.07,2025-03-11,Estimated,Summer
B00677,P009,Sliced olives (for salads),Olives,Backup,S002,Aceitunera Central SpA,2025-02-03,46,kg,2200,2.35,101200,108.24,2025-03-20,Estimated,Summer
B00678,P009,Sliced olives (for salads),Olives,Backup,S002,Aceitunera Central SpA,2025-02-10,41,kg,2200,2.35,90200,96.47,2025-03-27,Estimated,Summer
B00679,P009,Sliced olives (for salads),Olives,Primary,S001,El Olivar Olives Ltd.,2025-02-19,49,kg,2150,2.3,105350,112.67,2025-04-05,Estimated,Summer
B00680,P009,Sliced olives (for salads),Olives,Primary,S001,El Olivar Olives Ltd.,2025-02-28,41,kg,2150,2.3,88150,94.28,2025-04-14,Estimated,Summer
B00681,P009,Sliced olives (for salads),Olives,Primary,S001,El Olivar Olives Ltd.,2025-03-10,38,kg,2150,2.3,81700,87.38,2025-04-24,Estimated,Autumn
B00682,P009,Sliced olives (for salads),Olives,Primary,S001,El Olivar Olives Ltd.,2025-03-18,43,kg,2150,2.3,92450,98.88,2025-05-02,Estimated,Autumn
B00683,P009,Sliced olives (for salads),Olives,Primary,S001,El Olivar Olives Ltd.,2025-03-25,45,kg,2150,2.3,96750,103.48,2025-05-09,Estimated,Autumn
B00684,P009,Sliced olives (for salads),Olives,Primary,S001,El Olivar Olives Ltd.,2025-04-05,17,kg,2150,2.3,36550,39.09,2025-05-20,Estimated,Autumn
B00685,P009,Sliced olives (for salads),Olives,Primary,S001,El Olivar Olives Ltd.,2025-04-17,18,kg,2150,2.3,38700,41.39,2025-06-01,Estimated,Autumn
B00686,P009,Sliced olives (for salads),Olives,Primary,S001,El Olivar Olives Ltd.,2025-04-28,15,kg,2150,2.3,32250,34.49,2025-06-12,Estimated,Autumn
B00687,P009,Sliced olives (for salads),Olives,Primary,S001,El Olivar Olives Ltd.,2025-05-07,16,kg,2150,2.3,34400,36.79,2025-06-21,Estimated,Autumn
B00688,P009,Sliced olives (for salads),Olives,Backup,S002,Aceitunera Central SpA,2025-05-17,18,kg,2200,2.35,39600,42.35,2025-07-01,Estimated,Autumn
B00689,P009,Sliced olives (for salads),Olives,Primary,S001,El Olivar Olives Ltd.,2025-05-29,18,kg,2150,2.3,38700,41.39,2025-07-13,Estimated,Autumn
B00690,P009,Sliced olives (for salads),Olives,Primary,S001,El Olivar Olives Ltd.,2025-06-07,18,kg,2150,2.3,38700,41.39,2025-07-22,Estimated,Winter
B00691,P009,Sliced olives (for salads),Olives,Primary,S001,El Olivar Olives Ltd.,2025-06-18,16,kg,2150,2.3,34400,36.79,2025-08-02,Estimated,Winter
B00692,P009,Sliced olives (for salads),Olives,Primary,S001,El Olivar Olives Ltd.,2025-06-28,16,kg,2150,2.3,34400,36.79,2025-08-12,Estimated,Winter
B00693,P010,Cracked green olives with garlic,Olives,Primary,S001,El Olivar Olives Ltd.,2023-07-10,15,kg,2100,2.25,31500,33.69,2023-08-24,Estimated,Winter
B00694,P010,Cracked green olives with garlic,Olives,Primary,S001,El Olivar Olives Ltd.,2023-07-19,16,kg,2100,2.25,33600,35.94,2023-09-02,Estimated,Winter
B00695,P010,Cracked green olives with garlic,Olives,Primary,S001,El Olivar Olives Ltd.,2023-07-31,13,kg,2100,2.25,27300,29.2,2023-09-14,Estimated,Winter
B00696,P010,Cracked green olives with garlic,Olives,Primary,S001,El Olivar Olives Ltd.,2023-08-10,13,kg,2100,2.25,27300,29.2,2023-09-24,Estimated,Winter
B00697,P010,Cracked green olives with garlic,Olives,Primary,S001,El Olivar Olives Ltd.,2023-08-17,14,kg,2100,2.25,29400,31.44,2023-10-01,Estimated,Winter
B00698,P010,Cracked green olives with garlic,Olives,Primary,S001,El Olivar Olives Ltd.,2023-08-27,16,kg,2100,2.25,33600,35.94,2023-10-11,Estimated,Winter
B00699,P010,Cracked green olives with garlic,Olives,Backup,S002,Aceitunera Central SpA,2023-09-06,20,kg,2150,2.3,43000,45.99,2023-10-21,Estimated,Spring
B00700,P010,Cracked green olives with garlic,Olives,Primary,S001,El Olivar Olives Ltd.,2023-09-16,17,kg,2100,2.25,35700,38.18,2023-10-31,Estimated,Spring
B00701,P010,Cracked green olives with garlic,Olives,Primary,S001,El Olivar Olives Ltd.,2023-09-24,19,kg,2100,2.25,39900,42.67,2023-11-08,Estimated,Spring
B00702,P010,Cracked green olives with garlic,Olives,Primary,S001,El Olivar Olives Ltd.,2023-10-06,41,kg,2100,2.25,86100,92.09,2023-11-20,Estimated,Spring
B00703,P010,Cracked green olives with garlic,Olives,Primary,S001,El Olivar Olives Ltd.,2023-10-14,35,kg,2100,2.25,73500,78.61,2023-11-28,Estimated,Spring
B00704,P010,Cracked green olives with garlic,Olives,Primary,S001,El Olivar Olives Ltd.,2023-10-25,39,kg,2100,2.25,81900,87.59,2023-12-09,Estimated,Spring
B00705,P010,Cracked green olives with garlic,Olives,Primary,S001,El Olivar Olives Ltd.,2023-11-03,44,kg,2100,2.25,92400,98.82,2023-12-18,Estimated,Spring
B00706,P010,Cracked green olives with garlic,Olives,Primary,S001,El Olivar Olives Ltd.,2023-11-12,42,kg,2100,2.25,88200,94.33,2023-12-27,Estimated,Spring
B00707,P010,Cracked green olives with garlic,Olives,Primary,S001,El Olivar Olives Ltd.,2023-11-21,37,kg,2100,2.25,77700,83.1,2024-01-05,Estimated,Spring
B00708,P010,Cracked green olives with garlic,Olives,Primary,S001,El Olivar Olives Ltd.,2023-12-01,59,kg,2100,2.25,123900,132.51,2024-01-15,Estimated,Summer
B00709,P010,Cracked green olives with garlic,Olives,Primary,S001,El Olivar Olives Ltd.,2023-12-11,54,kg,2100,2.25,113400,121.28,2024-01-25,Estimated,Summer
B00710,P010,Cracked green olives with garlic,Olives,Primary,S001,El Olivar Olives Ltd.,2023-12-21,50,kg,2100,2.25,105000,112.3,2024-02-04,Estimated,Summer
B00711,P010,Cracked green olives with garlic,Olives,Primary,S001,El Olivar Olives Ltd.,2023-12-31,58,kg,2100,2.25,121800,130.27,2024-02-14,Estimated,Summer
B00712,P010,Cracked green olives with garlic,Olives,Primary,S001,El Olivar Olives Ltd.,2024-01-12,34,kg,2100,2.25,71400,76.36,2024-02-26,Estimated,Summer
B00713,P010,Cracked green olives with garlic,Olives,Primary,S001,El Olivar Olives Ltd.,2024-01-22,41,kg,2100,2.25,86100,92.09,2024-03-07,Estimated,Summer
B00714,P010,Cracked green olives with garlic,Olives,Primary,S001,El Olivar Olives Ltd.,2024-01-30,35,kg,2100,2.25,73500,78.61,2024-03-15,Estimated,Summer
B00715,P010,Cracked green olives with garlic,Olives,Primary,S001,El Olivar Olives Ltd.,2024-02-09,46,kg,2100,2.25,96600,103.32,2024-03-25,Estimated,Summer
B00716,P010,Cracked green olives with garlic,Olives,Primary,S001,El Olivar Olives Ltd.,2024-02-19,34,kg,2100,2.25,71400,76.36,2024-04-04,Estimated,Summer
B00717,P010,Cracked green olives with garlic,Olives,Primary,S001,El Olivar Olives Ltd.,2024-02-29,40,kg,2100,2.25,84000,89.84,2024-04-14,Estimated,Summer
B00718,P010,Cracked green olives with garlic,Olives,Primary,S001,El Olivar Olives Ltd.,2024-03-10,45,kg,2100,2.25,94500,101.07,2024-04-24,Estimated,Autumn
B00719,P010,Cracked green olives with garlic,Olives,Primary,S001,El Olivar Olives Ltd.,2024-03-19,38,kg,2100,2.25,79800,85.35,2024-05-03,Estimated,Autumn
B00720,P010,Cracked green olives with garlic,Olives,Primary,S001,El Olivar Olives Ltd.,2024-03-29,36,kg,2100,2.25,75600,80.86,2024-05-13,Estimated,Autumn
B00721,P010,Cracked green olives with garlic,Olives,Primary,S001,El Olivar Olives Ltd.,2024-04-08,14,kg,2100,2.25,29400,31.44,2024-05-23,Estimated,Autumn
B00722,P010,Cracked green olives with garlic,Olives,Backup,S002,Aceitunera Central SpA,2024-04-17,15,kg,2150,2.3,32250,34.49,2024-06-01,Estimated,Autumn
B00723,P010,Cracked green olives with garlic,Olives,Primary,S001,El Olivar Olives Ltd.,2024-04-28,13,kg,2100,2.25,27300,29.2,2024-06-12,Estimated,Autumn
B00724,P010,Cracked green olives with garlic,Olives,Primary,S001,El Olivar Olives Ltd.,2024-05-08,14,kg,2100,2.25,29400,31.44,2024-06-22,Estimated,Autumn
B00725,P010,Cracked green olives with garlic,Olives,Backup,S002,Aceitunera Central SpA,2024-05-16,15,kg,2150,2.3,32250,34.49,2024-06-30,Estimated,Autumn
B00726,P010,Cracked green olives with garlic,Olives,Primary,S001,El Olivar Olives Ltd.,2024-05-23,16,kg,2100,2.25,33600,35.94,2024-07-07,Estimated,Autumn
B00727,P010,Cracked green olives with garlic,Olives,Primary,S001,El Olivar Olives Ltd.,2024-06-02,13,kg,2100,2.25,27300,29.2,2024-07-17,Estimated,Winter
B00728,P010,Cracked green olives with garlic,Olives,Primary,S001,El Olivar Olives Ltd.,2024-06-11,16,kg,2100,2.25,33600,35.94,2024-07-26,Estimated,Winter
B00729,P010,Cracked green olives with garlic,Olives,Primary,S001,El Olivar Olives Ltd.,2024-06-22,14,kg,2100,2.25,29400,31.44,2024-08-06,Estimated,Winter
B00730,P010,Cracked green olives with garlic,Olives,Backup,S002,Aceitunera Central SpA,2024-07-03,14,kg,2150,2.3,30100,32.19,2024-08-17,Estimated,Winter
B00731,P010,Cracked green olives with garlic,Olives,Primary,S001,El Olivar Olives Ltd.,2024-07-12,14,kg,2100,2.25,29400,31.44,2024-08-26,Estimated,Winter
B00732,P010,Cracked green olives with garlic,Olives,Primary,S001,El Olivar Olives Ltd.,2024-07-22,15,kg,2100,2.25,31500,33.69,2024-09-05,Estimated,Winter
B00733,P010,Cracked green olives with garlic,Olives,Primary,S001,El Olivar Olives Ltd.,2024-07-31,14,kg,2100,2.25,29400,31.44,2024-09-14,Estimated,Winter
B00734,P010,Cracked green olives with garlic,Olives,Primary,S001,El Olivar Olives Ltd.,2024-08-10,16,kg,2100,2.25,33600,35.94,2024-09-24,Estimated,Winter
B00735,P010,Cracked green olives with garlic,Olives,Primary,S001,El Olivar Olives Ltd.,2024-08-16,14,kg,2100,2.25,29400,31.44,2024-09-30,Estimated,Winter
B00736,P010,Cracked green olives with garlic,Olives,Primary,S001,El Olivar Olives Ltd.,2024-08-26,16,kg,2100,2.25,33600,35.94,2024-10-10,Estimated,Winter
B00737,P010,Cracked green olives with garlic,Olives,Primary,S001,El Olivar Olives Ltd.,2024-09-05,18,kg,2100,2.25,37800,40.43,2024-10-20,Estimated,Spring
B00738,P010,Cracked green olives with garlic,Olives,Primary,S001,El Olivar Olives Ltd.,2024-09-16,19,kg,2100,2.25,39900,42.67,2024-10-31,Estimated,Spring
B00739,P010,Cracked green olives with garlic,Olives,Primary,S001,El Olivar Olives Ltd.,2024-09-28,20,kg,2100,2.25,42000,44.92,2024-11-12,Estimated,Spring
B00740,P010,Cracked green olives with garlic,Olives,Primary,S001,El Olivar Olives Ltd.,2024-10-08,41,kg,2100,2.25,86100,92.09,2024-11-22,Estimated,Spring
B00741,P010,Cracked green olives with garlic,Olives,Primary,S001,El Olivar Olives Ltd.,2024-10-20,44,kg,2100,2.25,92400,98.82,2024-12-04,Estimated,Spring
B00742,P010,Cracked green olives with garlic,Olives,Primary,S001,El Olivar Olives Ltd.,2024-10-28,41,kg,2100,2.25,86100,92.09,2024-12-12,Estimated,Spring
B00743,P010,Cracked green olives with garlic,Olives,Primary,S001,El Olivar Olives Ltd.,2024-11-06,36,kg,2100,2.25,75600,80.86,2024-12-21,Estimated,Spring
B00744,P010,Cracked green olives with garlic,Olives,Primary,S001,El Olivar Olives Ltd.,2024-11-16,39,kg,2100,2.25,81900,87.59,2024-12-31,Estimated,Spring
B00745,P010,Cracked green olives with garlic,Olives,Primary,S001,El Olivar Olives Ltd.,2024-11-24,35,kg,2100,2.25,73500,78.61,2025-01-08,Estimated,Spring
B00746,P010,Cracked green olives with garlic,Olives,Primary,S001,El Olivar Olives Ltd.,2024-12-03,55,kg,2100,2.25,115500,123.53,2025-01-17,Estimated,Summer
B00747,P010,Cracked green olives with garlic,Olives,Backup,S002,Aceitunera Central SpA,2024-12-09,59,kg,2150,2.3,126850,135.67,2025-01-23,Estimated,Summer
B00748,P010,Cracked green olives with garlic,Olives,Backup,S002,Aceitunera Central SpA,2024-12-19,58,kg,2150,2.3,124700,133.37,2025-02-02,Estimated,Summer
B00749,P010,Cracked green olives with garlic,Olives,Primary,S001,El Olivar Olives Ltd.,2024-12-29,44,kg,2100,2.25,92400,98.82,2025-02-12,Estimated,Summer
B00750,P010,Cracked green olives with garlic,Olives,Primary,S001,El Olivar Olives Ltd.,2025-01-08,48,kg,2100,2.25,100800,107.81,2025-02-22,Estimated,Summer
B00751,P010,Cracked green olives with garlic,Olives,Primary,S001,El Olivar Olives Ltd.,2025-01-17,43,kg,2100,2.25,90300,96.58,2025-03-03,Estimated,Summer
B00752,P010,Cracked green olives with garlic,Olives,Backup,S002,Aceitunera Central SpA,2025-01-26,37,kg,2150,2.3,79550,85.08,2025-03-12,Estimated,Summer
B00753,P010,Cracked green olives with garlic,Olives,Primary,S001,El Olivar Olives Ltd.,2025-02-04,50,kg,2100,2.25,105000,112.3,2025-03-21,Estimated,Summer
B00754,P010,Cracked green olives with garlic,Olives,Primary,S001,El Olivar Olives Ltd.,2025-02-13,42,kg,2100,2.25,88200,94.33,2025-03-30,Estimated,Summer
B00755,P010,Cracked green olives with garlic,Olives,Primary,S001,El Olivar Olives Ltd.,2025-02-25,42,kg,2100,2.25,88200,94.33,2025-04-11,Estimated,Summer
B00756,P010,Cracked green olives with garlic,Olives,Primary,S001,El Olivar Olives Ltd.,2025-03-06,47,kg,2100,2.25,98700,105.56,2025-04-20,Estimated,Autumn
B00757,P010,Cracked green olives with garlic,Olives,Backup,S002,Aceitunera Central SpA,2025-03-15,40,kg,2150,2.3,86000,91.98,2025-04-29,Estimated,Autumn
B00758,P010,Cracked green olives with garlic,Olives,Primary,S001,El Olivar Olives Ltd.,2025-03-25,41,kg,2100,2.25,86100,92.09,2025-05-09,Estimated,Autumn
B00759,P010,Cracked green olives with garlic,Olives,Primary,S001,El Olivar Olives Ltd.,2025-04-06,17,kg,2100,2.25,35700,38.18,2025-05-21,Estimated,Autumn
B00760,P010,Cracked green olives with garlic,Olives,Primary,S001,El Olivar Olives Ltd.,2025-04-15,17,kg,2100,2.25,35700,38.18,2025-05-30,Estimated,Autumn
B00761,P010,Cracked green olives with garlic,Olives,Primary,S001,El Olivar Olives Ltd.,2025-04-24,18,kg,2100,2.25,37800,40.43,2025-06-08,Estimated,Autumn
B00762,P010,Cracked green olives with garlic,Olives,Primary,S001,El Olivar Olives Ltd.,2025-05-05,17,kg,2100,2.25,35700,38.18,2025-06-19,Estimated,Autumn
B00763,P010,Cracked green olives with garlic,Olives,Primary,S001,El Olivar Olives Ltd.,2025-05-13,16,kg,2100,2.25,33600,35.94,2025-06-27,Estimated,Autumn
B00764,P010,Cracked green olives with garlic,Olives,Backup,S002,Aceitunera Central SpA,2025-05-24,15,kg,2150,2.3,32250,34.49,2025-07-08,Estimated,Autumn
B00765,P010,Cracked green olives with garlic,Olives,Backup,S002,Aceitunera Central SpA,2025-06-05,15,kg,2150,2.3,32250,34.49,2025-07-20,Estimated,Winter
B00766,P010,Cracked green olives with garlic,Olives,Primary,S001,El Olivar Olives Ltd.,2025-06-15,14,kg,2100,2.25,29400,31.44,2025-07-30,Estimated,Winter
B00767,P010,Cracked green olives with garlic,Olives,Primary,S001,El Olivar Olives Ltd.,2025-06-24,15,kg,2100,2.25,31500,33.69,2025-08-08,Estimated,Winter
B00768,P011,"Black olive pate, jar 250g",Olives,Primary,S001,El Olivar Olives Ltd.,2023-07-01,28,jar 250g,2500,2.67,70000,74.87,2023-08-15,Estimated,Winter
B00769,P011,"Black olive pate, jar 250g",Olives,Backup,S002,Aceitunera Central SpA,2023-07-07,27,jar 250g,2550,2.73,68850,73.64,2023-08-21,Estimated,Winter
B00770,P011,"Black olive pate, jar 250g",Olives,Primary,S001,El Olivar Olives Ltd.,2023-07-17,24,jar 250g,2500,2.67,60000,64.17,2023-08-31,Estimated,Winter
B00771,P011,"Black olive pate, jar 250g",Olives,Primary,S001,El Olivar Olives Ltd.,2023-07-24,27,jar 250g,2500,2.67,67500,72.19,2023-09-07,Estimated,Winter
B00772,P011,"Black olive pate, jar 250g",Olives,Primary,S001,El Olivar Olives Ltd.,2023-08-02,27,jar 250g,2500,2.67,67500,72.19,2023-09-16,Estimated,Winter
B00773,P011,"Black olive pate, jar 250g",Olives,Primary,S001,El Olivar Olives Ltd.,2023-08-10,23,jar 250g,2500,2.67,57500,61.5,2023-09-24,Estimated,Winter
B00774,P011,"Black olive pate, jar 250g",Olives,Primary,S001,El Olivar Olives Ltd.,2023-08-19,27,jar 250g,2500,2.67,67500,72.19,2023-10-03,Estimated,Winter
B00775,P011,"Black olive pate, jar 250g",Olives,Primary,S001,El Olivar Olives Ltd.,2023-08-28,23,jar 250g,2500,2.67,57500,61.5,2023-10-12,Estimated,Winter
B00776,P011,"Black olive pate, jar 250g",Olives,Primary,S001,El Olivar Olives Ltd.,2023-09-08,28,jar 250g,2500,2.67,70000,74.87,2023-10-23,Estimated,Spring
B00777,P011,"Black olive pate, jar 250g",Olives,Primary,S001,El Olivar Olives Ltd.,2023-09-18,32,jar 250g,2500,2.67,80000,85.56,2023-11-02,Estimated,Spring
B00778,P011,"Black olive pate, jar 250g",Olives,Backup,S002,Aceitunera Central SpA,2023-09-28,32,jar 250g,2550,2.73,81600,87.27,2023-11-12,Estimated,Spring
B00779,P011,"Black olive pate, jar 250g",Olives,Primary,S001,El Olivar Olives Ltd.,2023-10-07,21,jar 250g,2500,2.67,52500,56.15,2023-11-21,Estimated,Spring
B00780,P011,"Black olive pate, jar 250g",Olives,Primary,S001,El Olivar Olives Ltd.,2023-10-15,24,jar 250g,2500,2.67,60000,64.17,2023-11-29,Estimated,Spring
B00781,P011,"Black olive pate, jar 250g",Olives,Backup,S002,Aceitunera Central SpA,2023-10-26,21,jar 250g,2550,2.73,53550,57.27,2023-12-10,Estimated,Spring
B00782,P011,"Black olive pate, jar 250g",Olives,Backup,S002,Aceitunera Central SpA,2023-11-07,26,jar 250g,2550,2.73,66300,70.91,2023-12-22,Estimated,Spring
B00783,P011,"Black olive pate, jar 250g",Olives,Backup,S002,Aceitunera Central SpA,2023-11-16,27,jar 250g,2550,2.73,68850,73.64,2023-12-31,Estimated,Spring
B00784,P011,"Black olive pate, jar 250g",Olives,Backup,S002,Aceitunera Central SpA,2023-11-26,28,jar 250g,2550,2.73,71400,76.36,2024-01-10,Estimated,Spring
B00785,P011,"Black olive pate, jar 250g",Olives,Primary,S001,El Olivar Olives Ltd.,2023-12-04,28,jar 250g,2500,2.67,70000,74.87,2024-01-18,Estimated,Summer
B00786,P011,"Black olive pate, jar 250g",Olives,Primary,S001,El Olivar Olives Ltd.,2023-12-12,30,jar 250g,2500,2.67,75000,80.21,2024-01-26,Estimated,Summer
B00787,P011,"Black olive pate, jar 250g",Olives,Primary,S001,El Olivar Olives Ltd.,2023-12-22,27,jar 250g,2500,2.67,67500,72.19,2024-02-05,Estimated,Summer
B00788,P011,"Black olive pate, jar 250g",Olives,Primary,S001,El Olivar Olives Ltd.,2024-01-02,27,jar 250g,2500,2.67,67500,72.19,2024-02-16,Estimated,Summer
B00789,P011,"Black olive pate, jar 250g",Olives,Primary,S001,El Olivar Olives Ltd.,2024-01-12,27,jar 250g,2500,2.67,67500,72.19,2024-02-26,Estimated,Summer
B00790,P011,"Black olive pate, jar 250g",Olives,Primary,S001,El Olivar Olives Ltd.,2024-01-20,23,jar 250g,2500,2.67,57500,61.5,2024-03-05,Estimated,Summer
B00791,P011,"Black olive pate, jar 250g",Olives,Primary,S001,El Olivar Olives Ltd.,2024-02-01,23,jar 250g,2500,2.67,57500,61.5,2024-03-17,Estimated,Summer
B00792,P011,"Black olive pate, jar 250g",Olives,Primary,S001,El Olivar Olives Ltd.,2024-02-11,27,jar 250g,2500,2.67,67500,72.19,2024-03-27,Estimated,Summer
B00793,P011,"Black olive pate, jar 250g",Olives,Primary,S001,El Olivar Olives Ltd.,2024-02-20,25,jar 250g,2500,2.67,62500,66.84,2024-04-05,Estimated,Summer
B00794,P011,"Black olive pate, jar 250g",Olives,Primary,S001,El Olivar Olives Ltd.,2024-02-28,26,jar 250g,2500,2.67,65000,69.52,2024-04-13,Estimated,Summer
B00795,P011,"Black olive pate, jar 250g",Olives,Primary,S001,El Olivar Olives Ltd.,2024-03-07,27,jar 250g,2500,2.67,67500,72.19,2024-04-21,Estimated,Autumn
B00796,P011,"Black olive pate, jar 250g",Olives,Primary,S001,El Olivar Olives Ltd.,2024-03-14,25,jar 250g,2500,2.67,62500,66.84,2024-04-28,Estimated,Autumn
B00797,P011,"Black olive pate, jar 250g",Olives,Primary,S001,El Olivar Olives Ltd.,2024-03-26,25,jar 250g,2500,2.67,62500,66.84,2024-05-10,Estimated,Autumn
B00798,P011,"Black olive pate, jar 250g",Olives,Primary,S001,El Olivar Olives Ltd.,2024-04-04,22,jar 250g,2500,2.67,55000,58.82,2024-05-19,Estimated,Autumn
B00799,P011,"Black olive pate, jar 250g",Olives,Primary,S001,El Olivar Olives Ltd.,2024-04-15,22,jar 250g,2500,2.67,55000,58.82,2024-05-30,Estimated,Autumn
B00800,P011,"Black olive pate, jar 250g",Olives,Primary,S001,El Olivar Olives Ltd.,2024-04-24,24,jar 250g,2500,2.67,60000,64.17,2024-06-08,Estimated,Autumn
B00801,P011,"Black olive pate, jar 250g",Olives,Primary,S001,El Olivar Olives Ltd.,2024-05-03,22,jar 250g,2500,2.67,55000,58.82,2024-06-17,Estimated,Autumn
B00802,P011,"Black olive pate, jar 250g",Olives,Primary,S001,El Olivar Olives Ltd.,2024-05-11,25,jar 250g,2500,2.67,62500,66.84,2024-06-25,Estimated,Autumn
B00803,P011,"Black olive pate, jar 250g",Olives,Primary,S001,El Olivar Olives Ltd.,2024-05-20,21,jar 250g,2500,2.67,52500,56.15,2024-07-04,Estimated,Autumn
B00804,P011,"Black olive pate, jar 250g",Olives,Primary,S001,El Olivar Olives Ltd.,2024-06-01,25,jar 250g,2500,2.67,62500,66.84,2024-07-16,Estimated,Winter
B00805,P011,"Black olive pate, jar 250g",Olives,Primary,S001,El Olivar Olives Ltd.,2024-06-11,27,jar 250g,2500,2.67,67500,72.19,2024-07-26,Estimated,Winter
B00806,P011,"Black olive pate, jar 250g",Olives,Primary,S001,El Olivar Olives Ltd.,2024-06-18,23,jar 250g,2500,2.67,57500,61.5,2024-08-02,Estimated,Winter
B00807,P011,"Black olive pate, jar 250g",Olives,Primary,S001,El Olivar Olives Ltd.,2024-06-30,21,jar 250g,2500,2.67,52500,56.15,2024-08-14,Estimated,Winter
B00808,P011,"Black olive pate, jar 250g",Olives,Primary,S001,El Olivar Olives Ltd.,2024-07-12,21,jar 250g,2500,2.67,52500,56.15,2024-08-26,Estimated,Winter
B00809,P011,"Black olive pate, jar 250g",Olives,Primary,S001,El Olivar Olives Ltd.,2024-07-22,24,jar 250g,2500,2.67,60000,64.17,2024-09-05,Estimated,Winter
B00810,P011,"Black olive pate, jar 250g",Olives,Primary,S001,El Olivar Olives Ltd.,2024-08-01,23,jar 250g,2500,2.67,57500,61.5,2024-09-15,Estimated,Winter
B00811,P011,"Black olive pate, jar 250g",Olives,Primary,S001,El Olivar Olives Ltd.,2024-08-12,22,jar 250g,2500,2.67,55000,58.82,2024-09-26,Estimated,Winter
B00812,P011,"Black olive pate, jar 250g",Olives,Primary,S001,El Olivar Olives Ltd.,2024-08-22,26,jar 250g,2500,2.67,65000,69.52,2024-10-06,Estimated,Winter
B00813,P011,"Black olive pate, jar 250g",Olives,Backup,S002,Aceitunera Central SpA,2024-08-31,27,jar 250g,2550,2.73,68850,73.64,2024-10-15,Estimated,Winter
B00814,P011,"Black olive pate, jar 250g",Olives,Backup,S002,Aceitunera Central SpA,2024-09-11,33,jar 250g,2550,2.73,84150,90.0,2024-10-26,Estimated,Spring
B00815,P011,"Black olive pate, jar 250g",Olives,Primary,S001,El Olivar Olives Ltd.,2024-09-18,26,jar 250g,2500,2.67,65000,69.52,2024-11-02,Estimated,Spring
B00816,P011,"Black olive pate, jar 250g",Olives,Primary,S001,El Olivar Olives Ltd.,2024-09-25,31,jar 250g,2500,2.67,77500,82.89,2024-11-09,Estimated,Spring
B00817,P011,"Black olive pate, jar 250g",Olives,Primary,S001,El Olivar Olives Ltd.,2024-10-04,23,jar 250g,2500,2.67,57500,61.5,2024-11-18,Estimated,Spring
B00818,P011,"Black olive pate, jar 250g",Olives,Primary,S001,El Olivar Olives Ltd.,2024-10-12,24,jar 250g,2500,2.67,60000,64.17,2024-11-26,Estimated,Spring
B00819,P011,"Black olive pate, jar 250g",Olives,Primary,S001,El Olivar Olives Ltd.,2024-10-23,27,jar 250g,2500,2.67,67500,72.19,2024-12-07,Estimated,Spring
B00820,P011,"Black olive pate, jar 250g",Olives,Primary,S001,El Olivar Olives Ltd.,2024-11-04,24,jar 250g,2500,2.67,60000,64.17,2024-12-19,Estimated,Spring
B00821,P011,"Black olive pate, jar 250g",Olives,Primary,S001,El Olivar Olives Ltd.,2024-11-12,23,jar 250g,2500,2.67,57500,61.5,2024-12-27,Estimated,Spring
B00822,P011,"Black olive pate, jar 250g",Olives,Primary,S001,El Olivar Olives Ltd.,2024-11-21,23,jar 250g,2500,2.67,57500,61.5,2025-01-05,Estimated,Spring
B00823,P011,"Black olive pate, jar 250g",Olives,Primary,S001,El Olivar Olives Ltd.,2024-11-30,21,jar 250g,2500,2.67,52500,56.15,2025-01-14,Estimated,Spring
B00824,P011,"Black olive pate, jar 250g",Olives,Primary,S001,El Olivar Olives Ltd.,2024-12-09,31,jar 250g,2500,2.67,77500,82.89,2025-01-23,Estimated,Summer
B00825,P011,"Black olive pate, jar 250g",Olives,Primary,S001,El Olivar Olives Ltd.,2024-12-18,29,jar 250g,2500,2.67,72500,77.54,2025-02-01,Estimated,Summer
B00826,P011,"Black olive pate, jar 250g",Olives,Primary,S001,El Olivar Olives Ltd.,2024-12-25,32,jar 250g,2500,2.67,80000,85.56,2025-02-08,Estimated,Summer
B00827,P011,"Black olive pate, jar 250g",Olives,Backup,S002,Aceitunera Central SpA,2025-01-04,29,jar 250g,2550,2.73,73950,79.09,2025-02-18,Estimated,Summer
B00828,P011,"Black olive pate, jar 250g",Olives,Primary,S001,El Olivar Olives Ltd.,2025-01-15,25,jar 250g,2500,2.67,62500,66.84,2025-03-01,Estimated,Summer
B00829,P011,"Black olive pate, jar 250g",Olives,Primary,S001,El Olivar Olives Ltd.,2025-01-23,25,jar 250g,2500,2.67,62500,66.84,2025-03-09,Estimated,Summer
B00830,P011,"Black olive pate, jar 250g",Olives,Primary,S001,El Olivar Olives Ltd.,2025-01-31,25,jar 250g,2500,2.67,62500,66.84,2025-03-17,Estimated,Summer
B00831,P011,"Black olive pate, jar 250g",Olives,Primary,S001,El Olivar Olives Ltd.,2025-02-10,27,jar 250g,2500,2.67,67500,72.19,2025-03-27,Estimated,Summer
B00832,P011,"Black olive pate, jar 250g",Olives,Primary,S001,El Olivar Olives Ltd.,2025-02-17,23,jar 250g,2500,2.67,57500,61.5,2025-04-03,Estimated,Summer
B00833,P011,"Black olive pate, jar 250g",Olives,Backup,S002,Aceitunera Central SpA,2025-02-27,26,jar 250g,2550,2.73,66300,70.91,2025-04-13,Estimated,Summer
B00834,P011,"Black olive pate, jar 250g",Olives,Primary,S001,El Olivar Olives Ltd.,2025-03-10,24,jar 250g,2500,2.67,60000,64.17,2025-04-24,Estimated,Autumn
B00835,P011,"Black olive pate, jar 250g",Olives,Primary,S001,El Olivar Olives Ltd.,2025-03-20,29,jar 250g,2500,2.67,72500,77.54,2025-05-04,Estimated,Autumn
B00836,P011,"Black olive pate, jar 250g",Olives,Primary,S001,El Olivar Olives Ltd.,2025-03-29,22,jar 250g,2500,2.67,55000,58.82,2025-05-13,Estimated,Autumn
B00837,P011,"Black olive pate, jar 250g",Olives,Primary,S001,El Olivar Olives Ltd.,2025-04-07,24,jar 250g,2500,2.67,60000,64.17,2025-05-22,Estimated,Autumn
B00838,P011,"Black olive pate, jar 250g",Olives,Primary,S001,El Olivar Olives Ltd.,2025-04-18,29,jar 250g,2500,2.67,72500,77.54,2025-06-02,Estimated,Autumn
B00839,P011,"Black olive pate, jar 250g",Olives,Backup,S002,Aceitunera Central SpA,2025-04-27,26,jar 250g,2550,2.73,66300,70.91,2025-06-11,Estimated,Autumn
B00840,P011,"Black olive pate, jar 250g",Olives,Primary,S001,El Olivar Olives Ltd.,2025-05-08,26,jar 250g,2500,2.67,65000,69.52,2025-06-22,Estimated,Autumn
B00841,P011,"Black olive pate, jar 250g",Olives,Primary,S001,El Olivar Olives Ltd.,2025-05-19,30,jar 250g,2500,2.67,75000,80.21,2025-07-03,Estimated,Autumn
B00842,P011,"Black olive pate, jar 250g",Olives,Primary,S001,El Olivar Olives Ltd.,2025-05-27,27,jar 250g,2500,2.67,67500,72.19,2025-07-11,Estimated,Autumn
B00843,P011,"Black olive pate, jar 250g",Olives,Primary,S001,El Olivar Olives Ltd.,2025-06-05,28,jar 250g,2500,2.67,70000,74.87,2025-07-20,Estimated,Winter
B00844,P011,"Black olive pate, jar 250g",Olives,Primary,S001,El Olivar Olives Ltd.,2025-06-14,24,jar 250g,2500,2.67,60000,64.17,2025-07-29,Estimated,Winter
B00845,P011,"Black olive pate, jar 250g",Olives,Primary,S001,El Olivar Olives Ltd.,2025-06-25,23,jar 250g,2500,2.67,57500,61.5,2025-08-09,Estimated,Winter
B00846,P012,Cooked mote (hominy wheat),Grains,Primary,S003,San Vicente Grains & Legumes,2023-07-03,16,kg,1150,1.23,18400,19.68,2023-07-23,Estimated,Winter
B00847,P012,Cooked mote (hominy wheat),Grains,Primary,S003,San Vicente Grains & Legumes,2023-07-08,18,kg,1150,1.23,20700,22.14,2023-07-28,Estimated,Winter
B00848,P012,Cooked mote (hominy wheat),Grains,Primary,S003,San Vicente Grains & Legumes,2023-07-15,21,kg,1150,1.23,24150,25.83,2023-08-04,Estimated,Winter
B00849,P012,Cooked mote (hominy wheat),Grains,Primary,S003,San Vicente Grains & Legumes,2023-07-23,18,kg,1150,1.23,20700,22.14,2023-08-12,Estimated,Winter
B00850,P012,Cooked mote (hominy wheat),Grains,Primary,S003,San Vicente Grains & Legumes,2023-07-28,18,kg,1150,1.23,20700,22.14,2023-08-17,Estimated,Winter
B00851,P012,Cooked mote (hominy wheat),Grains,Primary,S003,San Vicente Grains & Legumes,2023-08-04,20,kg,1150,1.23,23000,24.6,2023-08-24,Estimated,Winter
B00852,P012,Cooked mote (hominy wheat),Grains,Primary,S003,San Vicente Grains & Legumes,2023-08-10,17,kg,1150,1.23,19550,20.91,2023-08-30,Estimated,Winter
B00853,P012,Cooked mote (hominy wheat),Grains,Primary,S003,San Vicente Grains & Legumes,2023-08-15,20,kg,1150,1.23,23000,24.6,2023-09-04,Estimated,Winter
B00854,P012,Cooked mote (hominy wheat),Grains,Primary,S003,San Vicente Grains & Legumes,2023-08-19,17,kg,1150,1.23,19550,20.91,2023-09-08,Estimated,Winter
B00855,P012,Cooked mote (hominy wheat),Grains,Primary,S003,San Vicente Grains & Legumes,2023-08-26,18,kg,1150,1.23,20700,22.14,2023-09-15,Estimated,Winter
B00856,P012,Cooked mote (hominy wheat),Grains,Primary,S003,San Vicente Grains & Legumes,2023-09-02,25,kg,1150,1.23,28750,30.75,2023-09-22,Estimated,Spring
B00857,P012,Cooked mote (hominy wheat),Grains,Primary,S003,San Vicente Grains & Legumes,2023-09-09,22,kg,1150,1.23,25300,27.06,2023-09-29,Estimated,Spring
B00858,P012,Cooked mote (hominy wheat),Grains,Primary,S003,San Vicente Grains & Legumes,2023-09-15,21,kg,1150,1.23,24150,25.83,2023-10-05,Estimated,Spring
B00859,P012,Cooked mote (hominy wheat),Grains,Primary,S003,San Vicente Grains & Legumes,2023-09-22,24,kg,1150,1.23,27600,29.52,2023-10-12,Estimated,Spring
B00860,P012,Cooked mote (hominy wheat),Grains,Primary,S003,San Vicente Grains & Legumes,2023-09-29,26,kg,1150,1.23,29900,31.98,2023-10-19,Estimated,Spring
B00861,P012,Cooked mote (hominy wheat),Grains,Primary,S003,San Vicente Grains & Legumes,2023-10-06,45,kg,1150,1.23,51750,55.35,2023-10-26,Estimated,Spring
B00862,P012,Cooked mote (hominy wheat),Grains,Primary,S003,San Vicente Grains & Legumes,2023-10-13,44,kg,1150,1.23,50600,54.12,2023-11-02,Estimated,Spring
B00863,P012,Cooked mote (hominy wheat),Grains,Primary,S003,San Vicente Grains & Legumes,2023-10-19,44,kg,1150,1.23,50600,54.12,2023-11-08,Estimated,Spring
B00864,P012,Cooked mote (hominy wheat),Grains,Primary,S003,San Vicente Grains & Legumes,2023-10-25,47,kg,1150,1.23,54050,57.81,2023-11-14,Estimated,Spring
B00865,P012,Cooked mote (hominy wheat),Grains,Primary,S003,San Vicente Grains & Legumes,2023-11-01,50,kg,1150,1.23,57500,61.5,2023-11-21,Estimated,Spring
B00866,P012,Cooked mote (hominy wheat),Grains,Primary,S003,San Vicente Grains & Legumes,2023-11-08,48,kg,1150,1.23,55200,59.04,2023-11-28,Estimated,Spring
B00867,P012,Cooked mote (hominy wheat),Grains,Primary,S003,San Vicente Grains & Legumes,2023-11-15,43,kg,1150,1.23,49450,52.89,2023-12-05,Estimated,Spring
B00868,P012,Cooked mote (hominy wheat),Grains,Primary,S003,San Vicente Grains & Legumes,2023-11-22,52,kg,1150,1.23,59800,63.96,2023-12-12,Estimated,Spring
B00869,P012,Cooked mote (hominy wheat),Grains,Primary,S003,San Vicente Grains & Legumes,2023-11-30,50,kg,1150,1.23,57500,61.5,2023-12-20,Estimated,Spring
B00870,P012,Cooked mote (hominy wheat),Grains,Primary,S003,San Vicente Grains & Legumes,2023-12-06,69,kg,1150,1.23,79350,84.87,2023-12-26,Estimated,Summer
B00871,P012,Cooked mote (hominy wheat),Grains,Primary,S003,San Vicente Grains & Legumes,2023-12-12,56,kg,1150,1.23,64400,68.88,2024-01-01,Estimated,Summer
B00872,P012,Cooked mote (hominy wheat),Grains,Primary,S003,San Vicente Grains & Legumes,2023-12-18,60,kg,1150,1.23,69000,73.8,2024-01-07,Estimated,Summer
B00873,P012,Cooked mote (hominy wheat),Grains,Primary,S003,San Vicente Grains & Legumes,2023-12-24,64,kg,1150,1.23,73600,78.72,2024-01-13,Estimated,Summer
B00874,P012,Cooked mote (hominy wheat),Grains,Primary,S003,San Vicente Grains & Legumes,2023-12-29,54,kg,1150,1.23,62100,66.42,2024-01-18,Estimated,Summer
B00875,P012,Cooked mote (hominy wheat),Grains,Primary,S003,San Vicente Grains & Legumes,2024-01-04,42,kg,1150,1.23,48300,51.66,2024-01-24,Estimated,Summer
B00876,P012,Cooked mote (hominy wheat),Grains,Primary,S003,San Vicente Grains & Legumes,2024-01-09,50,kg,1150,1.23,57500,61.5,2024-01-29,Estimated,Summer
B00877,P012,Cooked mote (hominy wheat),Grains,Primary,S003,San Vicente Grains & Legumes,2024-01-13,51,kg,1150,1.23,58650,62.73,2024-02-02,Estimated,Summer
B00878,P012,Cooked mote (hominy wheat),Grains,Primary,S003,San Vicente Grains & Legumes,2024-01-18,46,kg,1150,1.23,52900,56.58,2024-02-07,Estimated,Summer
B00879,P012,Cooked mote (hominy wheat),Grains,Backup,S004,Molino del Valle,2024-01-24,53,kg,1150,1.23,60950,65.19,2024-02-13,Estimated,Summer
B00880,P012,Cooked mote (hominy wheat),Grains,Primary,S003,San Vicente Grains & Legumes,2024-02-01,54,kg,1150,1.23,62100,66.42,2024-02-21,Estimated,Summer
B00881,P012,Cooked mote (hominy wheat),Grains,Primary,S003,San Vicente Grains & Legumes,2024-02-06,55,kg,1150,1.23,63250,67.65,2024-02-26,Estimated,Summer
B00882,P012,Cooked mote (hominy wheat),Grains,Primary,S003,San Vicente Grains & Legumes,2024-02-14,43,kg,1150,1.23,49450,52.89,2024-03-05,Estimated,Summer
B00883,P012,Cooked mote (hominy wheat),Grains,Primary,S003,San Vicente Grains & Legumes,2024-02-22,41,kg,1150,1.23,47150,50.43,2024-03-13,Estimated,Summer
B00884,P012,Cooked mote (hominy wheat),Grains,Backup,S004,Molino del Valle,2024-02-27,51,kg,1150,1.23,58650,62.73,2024-03-18,Estimated,Summer
B00885,P012,Cooked mote (hominy wheat),Grains,Primary,S003,San Vicente Grains & Legumes,2024-03-05,51,kg,1150,1.23,58650,62.73,2024-03-25,Estimated,Autumn
B00886,P012,Cooked mote (hominy wheat),Grains,Primary,S003,San Vicente Grains & Legumes,2024-03-10,45,kg,1150,1.23,51750,55.35,2024-03-30,Estimated,Autumn
B00887,P012,Cooked mote (hominy wheat),Grains,Primary,S003,San Vicente Grains & Legumes,2024-03-17,43,kg,1150,1.23,49450,52.89,2024-04-06,Estimated,Autumn
B00888,P012,Cooked mote (hominy wheat),Grains,Primary,S003,San Vicente Grains & Legumes,2024-03-23,55,kg,1150,1.23,63250,67.65,2024-04-12,Estimated,Autumn
B00889,P012,Cooked mote (hominy wheat),Grains,Primary,S003,San Vicente Grains & Legumes,2024-03-29,53,kg,1150,1.23,60950,65.19,2024-04-18,Estimated,Autumn
B00890,P012,Cooked mote (hominy wheat),Grains,Backup,S004,Molino del Valle,2024-04-03,18,kg,1150,1.23,20700,22.14,2024-04-23,Estimated,Autumn
B00891,P012,Cooked mote (hominy wheat),Grains,Primary,S003,San Vicente Grains & Legumes,2024-04-10,19,kg,1150,1.23,21850,23.37,2024-04-30,Estimated,Autumn
B00892,P012,Cooked mote (hominy wheat),Grains,Primary,S003,San Vicente Grains & Legumes,2024-04-17,19,kg,1150,1.23,21850,23.37,2024-05-07,Estimated,Autumn
B00893,P012,Cooked mote (hominy wheat),Grains,Primary,S003,San Vicente Grains & Legumes,2024-04-23,19,kg,1150,1.23,21850,23.37,2024-05-13,Estimated,Autumn
B00894,P012,Cooked mote (hominy wheat),Grains,Backup,S004,Molino del Valle,2024-05-02,16,kg,1150,1.23,18400,19.68,2024-05-22,Estimated,Autumn
B00895,P012,Cooked mote (hominy wheat),Grains,Primary,S003,San Vicente Grains & Legumes,2024-05-09,19,kg,1150,1.23,21850,23.37,2024-05-29,Estimated,Autumn
B00896,P012,Cooked mote (hominy wheat),Grains,Primary,S003,San Vicente Grains & Legumes,2024-05-15,17,kg,1150,1.23,19550,20.91,2024-06-04,Estimated,Autumn
B00897,P012,Cooked mote (hominy wheat),Grains,Primary,S003,San Vicente Grains & Legumes,2024-05-21,15,kg,1150,1.23,17250,18.45,2024-06-10,Estimated,Autumn
B00898,P012,Cooked mote (hominy wheat),Grains,Primary,S003,San Vicente Grains & Legumes,2024-05-26,20,kg,1150,1.23,23000,24.6,2024-06-15,Estimated,Autumn
B00899,P012,Cooked mote (hominy wheat),Grains,Primary,S003,San Vicente Grains & Legumes,2024-06-01,19,kg,1150,1.23,21850,23.37,2024-06-21,Estimated,Winter
B00900,P012,Cooked mote (hominy wheat),Grains,Primary,S003,San Vicente Grains & Legumes,2024-06-07,15,kg,1150,1.23,17250,18.45,2024-06-27,Estimated,Winter
B00901,P012,Cooked mote (hominy wheat),Grains,Primary,S003,San Vicente Grains & Legumes,2024-06-15,17,kg,1150,1.23,19550,20.91,2024-07-05,Estimated,Winter
B00902,P012,Cooked mote (hominy wheat),Grains,Primary,S003,San Vicente Grains & Legumes,2024-06-19,18,kg,1150,1.23,20700,22.14,2024-07-09,Estimated,Winter
B00903,P012,Cooked mote (hominy wheat),Grains,Primary,S003,San Vicente Grains & Legumes,2024-06-27,17,kg,1150,1.23,19550,20.91,2024-07-17,Estimated,Winter
B00904,P012,Cooked mote (hominy wheat),Grains,Primary,S003,San Vicente Grains & Legumes,2024-07-04,16,kg,1150,1.23,18400,19.68,2024-07-24,Estimated,Winter
B00905,P012,Cooked mote (hominy wheat),Grains,Primary,S003,San Vicente Grains & Legumes,2024-07-11,20,kg,1150,1.23,23000,24.6,2024-07-31,Estimated,Winter
B00906,P012,Cooked mote (hominy wheat),Grains,Primary,S003,San Vicente Grains & Legumes,2024-07-16,16,kg,1150,1.23,18400,19.68,2024-08-05,Estimated,Winter
B00907,P012,Cooked mote (hominy wheat),Grains,Backup,S004,Molino del Valle,2024-07-22,19,kg,1150,1.23,21850,23.37,2024-08-11,Estimated,Winter
B00908,P012,Cooked mote (hominy wheat),Grains,Primary,S003,San Vicente Grains & Legumes,2024-07-29,16,kg,1150,1.23,18400,19.68,2024-08-18,Estimated,Winter
B00909,P012,Cooked mote (hominy wheat),Grains,Primary,S003,San Vicente Grains & Legumes,2024-08-05,19,kg,1150,1.23,21850,23.37,2024-08-25,Estimated,Winter
B00910,P012,Cooked mote (hominy wheat),Grains,Backup,S004,Molino del Valle,2024-08-12,20,kg,1150,1.23,23000,24.6,2024-09-01,Estimated,Winter
B00911,P012,Cooked mote (hominy wheat),Grains,Primary,S003,San Vicente Grains & Legumes,2024-08-17,18,kg,1150,1.23,20700,22.14,2024-09-06,Estimated,Winter
B00912,P012,Cooked mote (hominy wheat),Grains,Primary,S003,San Vicente Grains & Legumes,2024-08-25,16,kg,1150,1.23,18400,19.68,2024-09-14,Estimated,Winter
B00913,P012,Cooked mote (hominy wheat),Grains,Backup,S004,Molino del Valle,2024-09-01,20,kg,1150,1.23,23000,24.6,2024-09-21,Estimated,Spring
B00914,P012,Cooked mote (hominy wheat),Grains,Primary,S003,San Vicente Grains & Legumes,2024-09-07,22,kg,1150,1.23,25300,27.06,2024-09-27,Estimated,Spring
B00915,P012,Cooked mote (hominy wheat),Grains,Primary,S003,San Vicente Grains & Legumes,2024-09-13,23,kg,1150,1.23,26450,28.29,2024-10-03,Estimated,Spring
B00916,P012,Cooked mote (hominy wheat),Grains,Primary,S003,San Vicente Grains & Legumes,2024-09-20,24,kg,1150,1.23,27600,29.52,2024-10-10,Estimated,Spring
B00917,P012,Cooked mote (hominy wheat),Grains,Primary,S003,San Vicente Grains & Legumes,2024-09-29,24,kg,1150,1.23,27600,29.52,2024-10-19,Estimated,Spring
B00918,P012,Cooked mote (hominy wheat),Grains,Primary,S003,San Vicente Grains & Legumes,2024-10-07,52,kg,1150,1.23,59800,63.96,2024-10-27,Estimated,Spring
B00919,P012,Cooked mote (hominy wheat),Grains,Primary,S003,San Vicente Grains & Legumes,2024-10-13,52,kg,1150,1.23,59800,63.96,2024-11-02,Estimated,Spring
B00920,P012,Cooked mote (hominy wheat),Grains,Primary,S003,San Vicente Grains & Legumes,2024-10-20,49,kg,1150,1.23,56350,60.27,2024-11-09,Estimated,Spring
B00921,P012,Cooked mote (hominy wheat),Grains,Primary,S003,San Vicente Grains & Legumes,2024-10-25,55,kg,1150,1.23,63250,67.65,2024-11-14,Estimated,Spring
B00922,P012,Cooked mote (hominy wheat),Grains,Primary,S003,San Vicente Grains & Legumes,2024-11-02,47,kg,1150,1.23,54050,57.81,2024-11-22,Estimated,Spring
B00923,P012,Cooked mote (hominy wheat),Grains,Primary,S003,San Vicente Grains & Legumes,2024-11-08,54,kg,1150,1.23,62100,66.42,2024-11-28,Estimated,Spring
B00924,P012,Cooked mote (hominy wheat),Grains,Primary,S003,San Vicente Grains & Legumes,2024-11-15,42,kg,1150,1.23,48300,51.66,2024-12-05,Estimated,Spring
B00925,P012,Cooked mote (hominy wheat),Grains,Primary,S003,San Vicente Grains & Legumes,2024-11-22,50,kg,1150,1.23,57500,61.5,2024-12-12,Estimated,Spring
B00926,P012,Cooked mote (hominy wheat),Grains,Primary,S003,San Vicente Grains & Legumes,2024-11-28,50,kg,1150,1.23,57500,61.5,2024-12-18,Estimated,Spring
B00927,P012,Cooked mote (hominy wheat),Grains,Primary,S003,San Vicente Grains & Legumes,2024-12-06,62,kg,1150,1.23,71300,76.26,2024-12-26,Estimated,Summer
B00928,P012,Cooked mote (hominy wheat),Grains,Backup,S004,Molino del Valle,2024-12-13,69,kg,1150,1.23,79350,84.87,2025-01-02,Estimated,Summer
B00929,P012,Cooked mote (hominy wheat),Grains,Primary,S003,San Vicente Grains & Legumes,2024-12-19,65,kg,1150,1.23,74750,79.95,2025-01-08,Estimated,Summer
B00930,P012,Cooked mote (hominy wheat),Grains,Primary,S003,San Vicente Grains & Legumes,2024-12-25,68,kg,1150,1.23,78200,83.64,2025-01-14,Estimated,Summer
B00931,P012,Cooked mote (hominy wheat),Grains,Backup,S004,Molino del Valle,2024-12-31,57,kg,1150,1.23,65550,70.11,2025-01-20,Estimated,Summer
B00932,P012,Cooked mote (hominy wheat),Grains,Primary,S003,San Vicente Grains & Legumes,2025-01-06,59,kg,1150,1.23,67850,72.57,2025-01-26,Estimated,Summer
B00933,P012,Cooked mote (hominy wheat),Grains,Primary,S003,San Vicente Grains & Legumes,2025-01-13,53,kg,1150,1.23,60950,65.19,2025-02-02,Estimated,Summer
B00934,P012,Cooked mote (hominy wheat),Grains,Primary,S003,San Vicente Grains & Legumes,2025-01-22,50,kg,1150,1.23,57500,61.5,2025-02-11,Estimated,Summer
B00935,P012,Cooked mote (hominy wheat),Grains,Primary,S003,San Vicente Grains & Legumes,2025-01-28,56,kg,1150,1.23,64400,68.88,2025-02-17,Estimated,Summer
B00936,P012,Cooked mote (hominy wheat),Grains,Primary,S003,San Vicente Grains & Legumes,2025-02-04,54,kg,1150,1.23,62100,66.42,2025-02-24,Estimated,Summer
B00937,P012,Cooked mote (hominy wheat),Grains,Primary,S003,San Vicente Grains & Legumes,2025-02-10,56,kg,1150,1.23,64400,68.88,2025-03-02,Estimated,Summer
B00938,P012,Cooked mote (hominy wheat),Grains,Primary,S003,San Vicente Grains & Legumes,2025-02-17,50,kg,1150,1.23,57500,61.5,2025-03-09,Estimated,Summer
B00939,P012,Cooked mote (hominy wheat),Grains,Primary,S003,San Vicente Grains & Legumes,2025-02-22,50,kg,1150,1.23,57500,61.5,2025-03-14,Estimated,Summer
B00940,P012,Cooked mote (hominy wheat),Grains,Backup,S004,Molino del Valle,2025-03-02,51,kg,1150,1.23,58650,62.73,2025-03-22,Estimated,Autumn
B00941,P012,Cooked mote (hominy wheat),Grains,Primary,S003,San Vicente Grains & Legumes,2025-03-08,48,kg,1150,1.23,55200,59.04,2025-03-28,Estimated,Autumn
B00942,P012,Cooked mote (hominy wheat),Grains,Primary,S003,San Vicente Grains & Legumes,2025-03-14,49,kg,1150,1.23,56350,60.27,2025-04-03,Estimated,Autumn
B00943,P012,Cooked mote (hominy wheat),Grains,Primary,S003,San Vicente Grains & Legumes,2025-03-21,50,kg,1150,1.23,57500,61.5,2025-04-10,Estimated,Autumn
B00944,P012,Cooked mote (hominy wheat),Grains,Primary,S003,San Vicente Grains & Legumes,2025-03-29,46,kg,1150,1.23,52900,56.58,2025-04-18,Estimated,Autumn
B00945,P012,Cooked mote (hominy wheat),Grains,Primary,S003,San Vicente Grains & Legumes,2025-04-04,20,kg,1150,1.23,23000,24.6,2025-04-24,Estimated,Autumn
B00946,P012,Cooked mote (hominy wheat),Grains,Primary,S003,San Vicente Grains & Legumes,2025-04-09,17,kg,1150,1.23,19550,20.91,2025-04-29,Estimated,Autumn
B00947,P012,Cooked mote (hominy wheat),Grains,Primary,S003,San Vicente Grains & Legumes,2025-04-14,22,kg,1150,1.23,25300,27.06,2025-05-04,Estimated,Autumn
B00948,P012,Cooked mote (hominy wheat),Grains,Primary,S003,San Vicente Grains & Legumes,2025-04-21,18,kg,1150,1.23,20700,22.14,2025-05-11,Estimated,Autumn
B00949,P012,Cooked mote (hominy wheat),Grains,Primary,S003,San Vicente Grains & Legumes,2025-04-27,20,kg,1150,1.23,23000,24.6,2025-05-17,Estimated,Autumn
B00950,P012,Cooked mote (hominy wheat),Grains,Primary,S003,San Vicente Grains & Legumes,2025-05-04,17,kg,1150,1.23,19550,20.91,2025-05-24,Estimated,Autumn
B00951,P012,Cooked mote (hominy wheat),Grains,Primary,S003,San Vicente Grains & Legumes,2025-05-09,21,kg,1150,1.23,24150,25.83,2025-05-29,Estimated,Autumn
B00952,P012,Cooked mote (hominy wheat),Grains,Primary,S003,San Vicente Grains & Legumes,2025-05-18,22,kg,1150,1.23,25300,27.06,2025-06-07,Estimated,Autumn
B00953,P012,Cooked mote (hominy wheat),Grains,Backup,S004,Molino del Valle,2025-05-24,18,kg,1150,1.23,20700,22.14,2025-06-13,Estimated,Autumn
B00954,P012,Cooked mote (hominy wheat),Grains,Primary,S003,San Vicente Grains & Legumes,2025-05-31,19,kg,1150,1.23,21850,23.37,2025-06-20,Estimated,Autumn
B00955,P012,Cooked mote (hominy wheat),Grains,Primary,S003,San Vicente Grains & Legumes,2025-06-06,21,kg,1150,1.23,24150,25.83,2025-06-26,Estimated,Winter
B00956,P012,Cooked mote (hominy wheat),Grains,Primary,S003,San Vicente Grains & Legumes,2025-06-12,17,kg,1150,1.23,19550,20.91,2025-07-02,Estimated,Winter
B00957,P012,Cooked mote (hominy wheat),Grains,Primary,S003,San Vicente Grains & Legumes,2025-06-17,21,kg,1150,1.23,24150,25.83,2025-07-07,Estimated,Winter
B00958,P012,Cooked mote (hominy wheat),Grains,Backup,S004,Molino del Valle,2025-06-23,17,kg,1150,1.23,19550,20.91,2025-07-13,Estimated,Winter
B00959,P012,Cooked mote (hominy wheat),Grains,Primary,S003,San Vicente Grains & Legumes,2025-06-30,18,kg,1150,1.23,20700,22.14,2025-07-20,Estimated,Winter
B00960,P013,Dry mote (raw),Grains,Primary,S003,San Vicente Grains & Legumes,2023-07-06,18,kg,1050,1.12,18900,20.21,2023-07-26,Estimated,Winter
B00961,P013,Dry mote (raw),Grains,Backup,S004,Molino del Valle,2023-07-12,16,kg,1200,1.28,19200,20.53,2023-08-01,Estimated,Winter
B00962,P013,Dry mote (raw),Grains,Backup,S004,Molino del Valle,2023-07-18,21,kg,1200,1.28,25200,26.95,2023-08-07,Estimated,Winter
B00963,P013,Dry mote (raw),Grains,Primary,S003,San Vicente Grains & Legumes,2023-07-25,18,kg,1050,1.12,18900,20.21,2023-08-14,Estimated,Winter
B00964,P013,Dry mote (raw),Grains,Primary,S003,San Vicente Grains & Legumes,2023-08-01,17,kg,1050,1.12,17850,19.09,2023-08-21,Estimated,Winter
B00965,P013,Dry mote (raw),Grains,Primary,S003,San Vicente Grains & Legumes,2023-08-06,19,kg,1050,1.12,19950,21.34,2023-08-26,Estimated,Winter
B00966,P013,Dry mote (raw),Grains,Primary,S003,San Vicente Grains & Legumes,2023-08-13,20,kg,1050,1.12,21000,22.46,2023-09-02,Estimated,Winter
B00967,P013,Dry mote (raw),Grains,Primary,S003,San Vicente Grains & Legumes,2023-08-20,20,kg,1050,1.12,21000,22.46,2023-09-09,Estimated,Winter
B00968,P013,Dry mote (raw),Grains,Primary,S003,San Vicente Grains & Legumes,2023-08-25,19,kg,1050,1.12,19950,21.34,2023-09-14,Estimated,Winter
B00969,P013,Dry mote (raw),Grains,Primary,S003,San Vicente Grains & Legumes,2023-09-03,21,kg,1050,1.12,22050,23.58,2023-09-23,Estimated,Spring
B00970,P013,Dry mote (raw),Grains,Backup,S004,Molino del Valle,2023-09-11,23,kg,1200,1.28,27600,29.52,2023-10-01,Estimated,Spring
B00971,P013,Dry mote (raw),Grains,Primary,S003,San Vicente Grains & Legumes,2023-09-16,24,kg,1050,1.12,25200,26.95,2023-10-06,Estimated,Spring
B00972,P013,Dry mote (raw),Grains,Primary,S003,San Vicente Grains & Legumes,2023-09-22,20,kg,1050,1.12,21000,22.46,2023-10-12,Estimated,Spring
B00973,P013,Dry mote (raw),Grains,Primary,S003,San Vicente Grains & Legumes,2023-09-27,21,kg,1050,1.12,22050,23.58,2023-10-17,Estimated,Spring
B00974,P013,Dry mote (raw),Grains,Primary,S003,San Vicente Grains & Legumes,2023-10-03,50,kg,1050,1.12,52500,56.15,2023-10-23,Estimated,Spring
B00975,P013,Dry mote (raw),Grains,Primary,S003,San Vicente Grains & Legumes,2023-10-10,44,kg,1050,1.12,46200,49.41,2023-10-30,Estimated,Spring
B00976,P013,Dry mote (raw),Grains,Primary,S003,San Vicente Grains & Legumes,2023-10-17,42,kg,1050,1.12,44100,47.17,2023-11-06,Estimated,Spring
B00977,P013,Dry mote (raw),Grains,Primary,S003,San Vicente Grains & Legumes,2023-10-23,53,kg,1050,1.12,55650,59.52,2023-11-12,Estimated,Spring
B00978,P013,Dry mote (raw),Grains,Primary,S003,San Vicente Grains & Legumes,2023-10-29,50,kg,1050,1.12,52500,56.15,2023-11-18,Estimated,Spring
B00979,P013,Dry mote (raw),Grains,Primary,S003,San Vicente Grains & Legumes,2023-11-04,42,kg,1050,1.12,44100,47.17,2023-11-24,Estimated,Spring
B00980,P013,Dry mote (raw),Grains,Primary,S003,San Vicente Grains & Legumes,2023-11-11,41,kg,1050,1.12,43050,46.04,2023-12-01,Estimated,Spring
B00981,P013,Dry mote (raw),Grains,Primary,S003,San Vicente Grains & Legumes,2023-11-20,47,kg,1050,1.12,49350,52.78,2023-12-10,Estimated,Spring
B00982,P013,Dry mote (raw),Grains,Primary,S003,San Vicente Grains & Legumes,2023-11-27,47,kg,1050,1.12,49350,52.78,2023-12-17,Estimated,Spring
B00983,P013,Dry mote (raw),Grains,Primary,S003,San Vicente Grains & Legumes,2023-12-04,57,kg,1050,1.12,59850,64.01,2023-12-24,Estimated,Summer
B00984,P013,Dry mote (raw),Grains,Primary,S003,San Vicente Grains & Legumes,2023-12-09,61,kg,1050,1.12,64050,68.5,2023-12-29,Estimated,Summer
B00985,P013,Dry mote (raw),Grains,Primary,S003,San Vicente Grains & Legumes,2023-12-16,55,kg,1050,1.12,57750,61.76,2024-01-05,Estimated,Summer
B00986,P013,Dry mote (raw),Grains,Primary,S003,San Vicente Grains & Legumes,2023-12-22,67,kg,1050,1.12,70350,75.24,2024-01-11,Estimated,Summer
B00987,P013,Dry mote (raw),Grains,Primary,S003,San Vicente Grains & Legumes,2023-12-29,54,kg,1050,1.12,56700,60.64,2024-01-18,Estimated,Summer
B00988,P013,Dry mote (raw),Grains,Primary,S003,San Vicente Grains & Legumes,2024-01-05,52,kg,1050,1.12,54600,58.4,2024-01-25,Estimated,Summer
B00989,P013,Dry mote (raw),Grains,Backup,S004,Molino del Valle,2024-01-11,55,kg,1200,1.28,66000,70.59,2024-01-31,Estimated,Summer
B00990,P013,Dry mote (raw),Grains,Primary,S003,San Vicente Grains & Legumes,2024-01-18,46,kg,1050,1.12,48300,51.66,2024-02-07,Estimated,Summer
B00991,P013,Dry mote (raw),Grains,Primary,S003,San Vicente Grains & Legumes,2024-01-22,43,kg,1050,1.12,45150,48.29,2024-02-11,Estimated,Summer
B00992,P013,Dry mote (raw),Grains,Primary,S003,San Vicente Grains & Legumes,2024-01-28,52,kg,1050,1.12,54600,58.4,2024-02-17,Estimated,Summer
B00993,P013,Dry mote (raw),Grains,Primary,S003,San Vicente Grains & Legumes,2024-02-05,54,kg,1050,1.12,56700,60.64,2024-02-25,Estimated,Summer
B00994,P013,Dry mote (raw),Grains,Primary,S003,San Vicente Grains & Legumes,2024-02-10,54,kg,1050,1.12,56700,60.64,2024-03-01,Estimated,Summer
B00995,P013,Dry mote (raw),Grains,Primary,S003,San Vicente Grains & Legumes,2024-02-18,47,kg,1050,1.12,49350,52.78,2024-03-09,Estimated,Summer
B00996,P013,Dry mote (raw),Grains,Primary,S003,San Vicente Grains & Legumes,2024-02-25,44,kg,1050,1.12,46200,49.41,2024-03-16,Estimated,Summer
B00997,P013,Dry mote (raw),Grains,Primary,S003,San Vicente Grains & Legumes,2024-03-04,42,kg,1050,1.12,44100,47.17,2024-03-24,Estimated,Autumn
B00998,P013,Dry mote (raw),Grains,Backup,S004,Molino del Valle,2024-03-09,53,kg,1200,1.28,63600,68.02,2024-03-29,Estimated,Autumn
B00999,P013,Dry mote (raw),Grains,Primary,S003,San Vicente Grains & Legumes,2024-03-15,48,kg,1050,1.12,50400,53.9,2024-04-04,Estimated,Autumn
B01000,P013,Dry mote (raw),Grains,Primary,S003,San Vicente Grains & Legumes,2024-03-22,44,kg,1050,1.12,46200,49.41,2024-04-11,Estimated,Autumn
B01001,P013,Dry mote (raw),Grains,Primary,S003,San Vicente Grains & Legumes,2024-03-29,52,kg,1050,1.12,54600,58.4,2024-04-18,Estimated,Autumn
B01002,P013,Dry mote (raw),Grains,Primary,S003,San Vicente Grains & Legumes,2024-04-05,17,kg,1050,1.12,17850,19.09,2024-04-25,Estimated,Autumn
B01003,P013,Dry mote (raw),Grains,Backup,S004,Molino del Valle,2024-04-13,20,kg,1200,1.28,24000,25.67,2024-05-03,Estimated,Autumn
B01004,P013,Dry mote (raw),Grains,Primary,S003,San Vicente Grains & Legumes,2024-04-19,17,kg,1050,1.12,17850,19.09,2024-05-09,Estimated,Autumn
B01005,P013,Dry mote (raw),Grains,Primary,S003,San Vicente Grains & Legumes,2024-04-26,19,kg,1050,1.12,19950,21.34,2024-05-16,Estimated,Autumn
B01006,P013,Dry mote (raw),Grains,Primary,S003,San Vicente Grains & Legumes,2024-05-03,16,kg,1050,1.12,16800,17.97,2024-05-23,Estimated,Autumn
B01007,P013,Dry mote (raw),Grains,Primary,S003,San Vicente Grains & Legumes,2024-05-11,21,kg,1050,1.12,22050,23.58,2024-05-31,Estimated,Autumn
B01008,P013,Dry mote (raw),Grains,Primary,S003,San Vicente Grains & Legumes,2024-05-18,16,kg,1050,1.12,16800,17.97,2024-06-07,Estimated,Autumn
B01009,P013,Dry mote (raw),Grains,Backup,S004,Molino del Valle,2024-05-24,18,kg,1200,1.28,21600,23.1,2024-06-13,Estimated,Autumn
B01010,P013,Dry mote (raw),Grains,Primary,S003,San Vicente Grains & Legumes,2024-05-30,20,kg,1050,1.12,21000,22.46,2024-06-19,Estimated,Autumn
B01011,P013,Dry mote (raw),Grains,Backup,S004,Molino del Valle,2024-06-05,19,kg,1200,1.28,22800,24.39,2024-06-25,Estimated,Winter
B01012,P013,Dry mote (raw),Grains,Backup,S004,Molino del Valle,2024-06-11,17,kg,1200,1.28,20400,21.82,2024-07-01,Estimated,Winter
B01013,P013,Dry mote (raw),Grains,Primary,S003,San Vicente Grains & Legumes,2024-06-16,16,kg,1050,1.12,16800,17.97,2024-07-06,Estimated,Winter
B01014,P013,Dry mote (raw),Grains,Backup,S004,Molino del Valle,2024-06-22,19,kg,1200,1.28,22800,24.39,2024-07-12,Estimated,Winter
B01015,P013,Dry mote (raw),Grains,Backup,S004,Molino del Valle,2024-06-27,16,kg,1200,1.28,19200,20.53,2024-07-17,Estimated,Winter
B01016,P013,Dry mote (raw),Grains,Primary,S003,San Vicente Grains & Legumes,2024-07-03,19,kg,1050,1.12,19950,21.34,2024-07-23,Estimated,Winter
B01017,P013,Dry mote (raw),Grains,Primary,S003,San Vicente Grains & Legumes,2024-07-10,15,kg,1050,1.12,15750,16.84,2024-07-30,Estimated,Winter
B01018,P013,Dry mote (raw),Grains,Primary,S003,San Vicente Grains & Legumes,2024-07-18,18,kg,1050,1.12,18900,20.21,2024-08-07,Estimated,Winter
B01019,P013,Dry mote (raw),Grains,Primary,S003,San Vicente Grains & Legumes,2024-07-23,17,kg,1050,1.12,17850,19.09,2024-08-12,Estimated,Winter
B01020,P013,Dry mote (raw),Grains,Primary,S003,San Vicente Grains & Legumes,2024-07-30,20,kg,1050,1.12,21000,22.46,2024-08-19,Estimated,Winter
B01021,P013,Dry mote (raw),Grains,Primary,S003,San Vicente Grains & Legumes,2024-08-04,16,kg,1050,1.12,16800,17.97,2024-08-24,Estimated,Winter
B01022,P013,Dry mote (raw),Grains,Primary,S003,San Vicente Grains & Legumes,2024-08-11,16,kg,1050,1.12,16800,17.97,2024-08-31,Estimated,Winter
B01023,P013,Dry mote (raw),Grains,Primary,S003,San Vicente Grains & Legumes,2024-08-17,16,kg,1050,1.12,16800,17.97,2024-09-06,Estimated,Winter
B01024,P013,Dry mote (raw),Grains,Primary,S003,San Vicente Grains & Legumes,2024-08-24,17,kg,1050,1.12,17850,19.09,2024-09-13,Estimated,Winter
B01025,P013,Dry mote (raw),Grains,Primary,S003,San Vicente Grains & Legumes,2024-08-29,19,kg,1050,1.12,19950,21.34,2024-09-18,Estimated,Winter
B01026,P013,Dry mote (raw),Grains,Primary,S003,San Vicente Grains & Legumes,2024-09-05,24,kg,1050,1.12,25200,26.95,2024-09-25,Estimated,Spring
B01027,P013,Dry mote (raw),Grains,Primary,S003,San Vicente Grains & Legumes,2024-09-10,25,kg,1050,1.12,26250,28.07,2024-09-30,Estimated,Spring
B01028,P013,Dry mote (raw),Grains,Backup,S004,Molino del Valle,2024-09-16,26,kg,1200,1.28,31200,33.37,2024-10-06,Estimated,Spring
B01029,P013,Dry mote (raw),Grains,Primary,S003,San Vicente Grains & Legumes,2024-09-22,26,kg,1050,1.12,27300,29.2,2024-10-12,Estimated,Spring
B01030,P013,Dry mote (raw),Grains,Primary,S003,San Vicente Grains & Legumes,2024-09-30,20,kg,1050,1.12,21000,22.46,2024-10-20,Estimated,Spring
B01031,P013,Dry mote (raw),Grains,Primary,S003,San Vicente Grains & Legumes,2024-10-07,49,kg,1050,1.12,51450,55.03,2024-10-27,Estimated,Spring
B01032,P013,Dry mote (raw),Grains,Primary,S003,San Vicente Grains & Legumes,2024-10-14,42,kg,1050,1.12,44100,47.17,2024-11-03,Estimated,Spring
B01033,P013,Dry mote (raw),Grains,Primary,S003,San Vicente Grains & Legumes,2024-10-22,41,kg,1050,1.12,43050,46.04,2024-11-11,Estimated,Spring
B01034,P013,Dry mote (raw),Grains,Primary,S003,San Vicente Grains & Legumes,2024-10-28,54,kg,1050,1.12,56700,60.64,2024-11-17,Estimated,Spring
B01035,P013,Dry mote (raw),Grains,Primary,S003,San Vicente Grains & Legumes,2024-11-03,54,kg,1050,1.12,56700,60.64,2024-11-23,Estimated,Spring
B01036,P013,Dry mote (raw),Grains,Primary,S003,San Vicente Grains & Legumes,2024-11-09,52,kg,1050,1.12,54600,58.4,2024-11-29,Estimated,Spring
B01037,P013,Dry mote (raw),Grains,Backup,S004,Molino del Valle,2024-11-15,48,kg,1200,1.28,57600,61.6,2024-12-05,Estimated,Spring
B01038,P013,Dry mote (raw),Grains,Backup,S004,Molino del Valle,2024-11-21,52,kg,1200,1.28,62400,66.74,2024-12-11,Estimated,Spring
B01039,P013,Dry mote (raw),Grains,Primary,S003,San Vicente Grains & Legumes,2024-11-27,44,kg,1050,1.12,46200,49.41,2024-12-17,Estimated,Spring
B01040,P013,Dry mote (raw),Grains,Primary,S003,San Vicente Grains & Legumes,2024-12-03,61,kg,1050,1.12,64050,68.5,2024-12-23,Estimated,Summer
B01041,P013,Dry mote (raw),Grains,Primary,S003,San Vicente Grains & Legumes,2024-12-10,66,kg,1050,1.12,69300,74.12,2024-12-30,Estimated,Summer
B01042,P013,Dry mote (raw),Grains,Primary,S003,San Vicente Grains & Legumes,2024-12-16,68,kg,1050,1.12,71400,76.36,2025-01-05,Estimated,Summer
B01043,P013,Dry mote (raw),Grains,Primary,S003,San Vicente Grains & Legumes,2024-12-21,60,kg,1050,1.12,63000,67.38,2025-01-10,Estimated,Summer
B01044,P013,Dry mote (raw),Grains,Primary,S003,San Vicente Grains & Legumes,2024-12-27,66,kg,1050,1.12,69300,74.12,2025-01-16,Estimated,Summer
B01045,P013,Dry mote (raw),Grains,Backup,S004,Molino del Valle,2025-01-03,51,kg,1200,1.28,61200,65.45,2025-01-23,Estimated,Summer
B01046,P013,Dry mote (raw),Grains,Primary,S003,San Vicente Grains & Legumes,2025-01-10,51,kg,1050,1.12,53550,57.27,2025-01-30,Estimated,Summer
B01047,P013,Dry mote (raw),Grains,Primary,S003,San Vicente Grains & Legumes,2025-01-17,44,kg,1050,1.12,46200,49.41,2025-02-06,Estimated,Summer
B01048,P013,Dry mote (raw),Grains,Primary,S003,San Vicente Grains & Legumes,2025-01-22,50,kg,1050,1.12,52500,56.15,2025-02-11,Estimated,Summer
B01049,P013,Dry mote (raw),Grains,Primary,S003,San Vicente Grains & Legumes,2025-01-29,48,kg,1050,1.12,50400,53.9,2025-02-18,Estimated,Summer
B01050,P013,Dry mote (raw),Grains,Primary,S003,San Vicente Grains & Legumes,2025-02-04,52,kg,1050,1.12,54600,58.4,2025-02-24,Estimated,Summer
B01051,P013,Dry mote (raw),Grains,Primary,S003,San Vicente Grains & Legumes,2025-02-12,46,kg,1050,1.12,48300,51.66,2025-03-04,Estimated,Summer
B01052,P013,Dry mote (raw),Grains,Primary,S003,San Vicente Grains & Legumes,2025-02-18,53,kg,1050,1.12,55650,59.52,2025-03-10,Estimated,Summer
B01053,P013,Dry mote (raw),Grains,Primary,S003,San Vicente Grains & Legumes,2025-02-23,47,kg,1050,1.12,49350,52.78,2025-03-15,Estimated,Summer
B01054,P013,Dry mote (raw),Grains,Backup,S004,Molino del Valle,2025-03-02,54,kg,1200,1.28,64800,69.3,2025-03-22,Estimated,Autumn
B01055,P013,Dry mote (raw),Grains,Backup,S004,Molino del Valle,2025-03-08,56,kg,1200,1.28,67200,71.87,2025-03-28,Estimated,Autumn
B01056,P013,Dry mote (raw),Grains,Primary,S003,San Vicente Grains & Legumes,2025-03-15,54,kg,1050,1.12,56700,60.64,2025-04-04,Estimated,Autumn
B01057,P013,Dry mote (raw),Grains,Primary,S003,San Vicente Grains & Legumes,2025-03-22,58,kg,1050,1.12,60900,65.13,2025-04-11,Estimated,Autumn
B01058,P013,Dry mote (raw),Grains,Primary,S003,San Vicente Grains & Legumes,2025-03-30,49,kg,1050,1.12,51450,55.03,2025-04-19,Estimated,Autumn
B01059,P013,Dry mote (raw),Grains,Primary,S003,San Vicente Grains & Legumes,2025-04-06,18,kg,1050,1.12,18900,20.21,2025-04-26,Estimated,Autumn
B01060,P013,Dry mote (raw),Grains,Primary,S003,San Vicente Grains & Legumes,2025-04-14,18,kg,1050,1.12,18900,20.21,2025-05-04,Estimated,Autumn
B01061,P013,Dry mote (raw),Grains,Primary,S003,San Vicente Grains & Legumes,2025-04-21,19,kg,1050,1.12,19950,21.34,2025-05-11,Estimated,Autumn
B01062,P013,Dry mote (raw),Grains,Primary,S003,San Vicente Grains & Legumes,2025-04-28,19,kg,1050,1.12,19950,21.34,2025-05-18,Estimated,Autumn
B01063,P013,Dry mote (raw),Grains,Primary,S003,San Vicente Grains & Legumes,2025-05-06,21,kg,1050,1.12,22050,23.58,2025-05-26,Estimated,Autumn
B01064,P013,Dry mote (raw),Grains,Primary,S003,San Vicente Grains & Legumes,2025-05-13,17,kg,1050,1.12,17850,19.09,2025-06-02,Estimated,Autumn
B01065,P013,Dry mote (raw),Grains,Primary,S003,San Vicente Grains & Legumes,2025-05-19,22,kg,1050,1.12,23100,24.71,2025-06-08,Estimated,Autumn
B01066,P013,Dry mote (raw),Grains,Primary,S003,San Vicente Grains & Legumes,2025-05-25,22,kg,1050,1.12,23100,24.71,2025-06-14,Estimated,Autumn
B01067,P013,Dry mote (raw),Grains,Backup,S004,Molino del Valle,2025-05-31,21,kg,1200,1.28,25200,26.95,2025-06-20,Estimated,Autumn
B01068,P013,Dry mote (raw),Grains,Backup,S004,Molino del Valle,2025-06-07,20,kg,1200,1.28,24000,25.67,2025-06-27,Estimated,Winter
B01069,P013,Dry mote (raw),Grains,Primary,S003,San Vicente Grains & Legumes,2025-06-13,19,kg,1050,1.12,19950,21.34,2025-07-03,Estimated,Winter
B01070,P013,Dry mote (raw),Grains,Primary,S003,San Vicente Grains & Legumes,2025-06-18,22,kg,1050,1.12,23100,24.71,2025-07-08,Estimated,Winter
B01071,P013,Dry mote (raw),Grains,Primary,S003,San Vicente Grains & Legumes,2025-06-24,19,kg,1050,1.12,19950,21.34,2025-07-14,Estimated,Winter
B01072,P014,Premium pearled mote,Grains,Primary,S003,San Vicente Grains & Legumes,2023-07-02,18,kg,1150,1.23,20700,22.14,2023-07-22,Estimated,Winter
B01073,P014,Premium pearled mote,Grains,Primary,S003,San Vicente Grains & Legumes,2023-07-09,20,kg,1150,1.23,23000,24.6,2023-07-29,Estimated,Winter
B01074,P014,Premium pearled mote,Grains,Primary,S003,San Vicente Grains & Legumes,2023-07-17,18,kg,1150,1.23,20700,22.14,2023-08-06,Estimated,Winter
B01075,P014,Premium pearled mote,Grains,Primary,S003,San Vicente Grains & Legumes,2023-07-23,17,kg,1150,1.23,19550,20.91,2023-08-12,Estimated,Winter
B01076,P014,Premium pearled mote,Grains,Primary,S003,San Vicente Grains & Legumes,2023-07-29,19,kg,1150,1.23,21850,23.37,2023-08-18,Estimated,Winter
B01077,P014,Premium pearled mote,Grains,Primary,S003,San Vicente Grains & Legumes,2023-08-04,16,kg,1150,1.23,18400,19.68,2023-08-24,Estimated,Winter
B01078,P014,Premium pearled mote,Grains,Primary,S003,San Vicente Grains & Legumes,2023-08-10,16,kg,1150,1.23,18400,19.68,2023-08-30,Estimated,Winter
B01079,P014,Premium pearled mote,Grains,Primary,S003,San Vicente Grains & Legumes,2023-08-16,16,kg,1150,1.23,18400,19.68,2023-09-05,Estimated,Winter
B01080,P014,Premium pearled mote,Grains,Primary,S003,San Vicente Grains & Legumes,2023-08-23,18,kg,1150,1.23,20700,22.14,2023-09-12,Estimated,Winter
B01081,P014,Premium pearled mote,Grains,Primary,S003,San Vicente Grains & Legumes,2023-08-29,19,kg,1150,1.23,21850,23.37,2023-09-18,Estimated,Winter
B01082,P014,Premium pearled mote,Grains,Primary,S003,San Vicente Grains & Legumes,2023-09-04,20,kg,1150,1.23,23000,24.6,2023-09-24,Estimated,Spring
B01083,P014,Premium pearled mote,Grains,Primary,S003,San Vicente Grains & Legumes,2023-09-11,23,kg,1150,1.23,26450,28.29,2023-10-01,Estimated,Spring
B01084,P014,Premium pearled mote,Grains,Backup,S004,Molino del Valle,2023-09-18,24,kg,1100,1.18,26400,28.24,2023-10-08,Estimated,Spring
B01085,P014,Premium pearled mote,Grains,Primary,S003,San Vicente Grains & Legumes,2023-09-24,23,kg,1150,1.23,26450,28.29,2023-10-14,Estimated,Spring
B01086,P014,Premium pearled mote,Grains,Primary,S003,San Vicente Grains & Legumes,2023-09-30,19,kg,1150,1.23,21850,23.37,2023-10-20,Estimated,Spring
B01087,P014,Premium pearled mote,Grains,Primary,S003,San Vicente Grains & Legumes,2023-10-07,47,kg,1150,1.23,54050,57.81,2023-10-27,Estimated,Spring
B01088,P014,Premium pearled mote,Grains,Primary,S003,San Vicente Grains & Legumes,2023-10-13,51,kg,1150,1.23,58650,62.73,2023-11-02,Estimated,Spring
B01089,P014,Premium pearled mote,Grains,Primary,S003,San Vicente Grains & Legumes,2023-10-21,55,kg,1150,1.23,63250,67.65,2023-11-10,Estimated,Spring
B01090,P014,Premium pearled mote,Grains,Primary,S003,San Vicente Grains & Legumes,2023-10-26,45,kg,1150,1.23,51750,55.35,2023-11-15,Estimated,Spring
B01091,P014,Premium pearled mote,Grains,Primary,S003,San Vicente Grains & Legumes,2023-10-31,44,kg,1150,1.23,50600,54.12,2023-11-20,Estimated,Spring
B01092,P014,Premium pearled mote,Grains,Primary,S003,San Vicente Grains & Legumes,2023-11-06,55,kg,1150,1.23,63250,67.65,2023-11-26,Estimated,Spring
B01093,P014,Premium pearled mote,Grains,Primary,S003,San Vicente Grains & Legumes,2023-11-12,48,kg,1150,1.23,55200,59.04,2023-12-02,Estimated,Spring
B01094,P014,Premium pearled mote,Grains,Primary,S003,San Vicente Grains & Legumes,2023-11-17,53,kg,1150,1.23,60950,65.19,2023-12-07,Estimated,Spring
B01095,P014,Premium pearled mote,Grains,Primary,S003,San Vicente Grains & Legumes,2023-11-24,51,kg,1150,1.23,58650,62.73,2023-12-14,Estimated,Spring
B01096,P014,Premium pearled mote,Grains,Primary,S003,San Vicente Grains & Legumes,2023-11-30,51,kg,1150,1.23,58650,62.73,2023-12-20,Estimated,Spring
B01097,P014,Premium pearled mote,Grains,Primary,S003,San Vicente Grains & Legumes,2023-12-08,64,kg,1150,1.23,73600,78.72,2023-12-28,Estimated,Summer
B01098,P014,Premium pearled mote,Grains,Primary,S003,San Vicente Grains & Legumes,2023-12-15,64,kg,1150,1.23,73600,78.72,2024-01-04,Estimated,Summer
B01099,P014,Premium pearled mote,Grains,Primary,S003,San Vicente Grains & Legumes,2023-12-20,60,kg,1150,1.23,69000,73.8,2024-01-09,Estimated,Summer
B01100,P014,Premium pearled mote,Grains,Primary,S003,San Vicente Grains & Legumes,2023-12-25,68,kg,1150,1.23,78200,83.64,2024-01-14,Estimated,Summer
B01101,P014,Premium pearled mote,Grains,Primary,S003,San Vicente Grains & Legumes,2024-01-01,54,kg,1150,1.23,62100,66.42,2024-01-21,Estimated,Summer
B01102,P014,Premium pearled mote,Grains,Primary,S003,San Vicente Grains & Legumes,2024-01-08,44,kg,1150,1.23,50600,54.12,2024-01-28,Estimated,Summer
B01103,P014,Premium pearled mote,Grains,Primary,S003,San Vicente Grains & Legumes,2024-01-14,45,kg,1150,1.23,51750,55.35,2024-02-03,Estimated,Summer
B01104,P014,Premium pearled mote,Grains,Primary,S003,San Vicente Grains & Legumes,2024-01-20,43,kg,1150,1.23,49450,52.89,2024-02-09,Estimated,Summer
B01105,P014,Premium pearled mote,Grains,Primary,S003,San Vicente Grains & Legumes,2024-01-26,50,kg,1150,1.23,57500,61.5,2024-02-15,Estimated,Summer
B01106,P014,Premium pearled mote,Grains,Primary,S003,San Vicente Grains & Legumes,2024-02-01,43,kg,1150,1.23,49450,52.89,2024-02-21,Estimated,Summer
B01107,P014,Premium pearled mote,Grains,Primary,S003,San Vicente Grains & Legumes,2024-02-09,48,kg,1150,1.23,55200,59.04,2024-02-29,Estimated,Summer
B01108,P014,Premium pearled mote,Grains,Primary,S003,San Vicente Grains & Legumes,2024-02-17,54,kg,1150,1.23,62100,66.42,2024-03-08,Estimated,Summer
B01109,P014,Premium pearled mote,Grains,Primary,S003,San Vicente Grains & Legumes,2024-02-24,44,kg,1150,1.23,50600,54.12,2024-03-15,Estimated,Summer
B01110,P014,Premium pearled mote,Grains,Primary,S003,San Vicente Grains & Legumes,2024-02-29,44,kg,1150,1.23,50600,54.12,2024-03-20,Estimated,Summer
B01111,P014,Premium pearled mote,Grains,Primary,S003,San Vicente Grains & Legumes,2024-03-08,47,kg,1150,1.23,54050,57.81,2024-03-28,Estimated,Autumn
B01112,P014,Premium pearled mote,Grains,Backup,S004,Molino del Valle,2024-03-14,55,kg,1100,1.18,60500,64.71,2024-04-03,Estimated,Autumn
B01113,P014,Premium pearled mote,Grains,Primary,S003,San Vicente Grains & Legumes,2024-03-19,47,kg,1150,1.23,54050,57.81,2024-04-08,Estimated,Autumn
B01114,P014,Premium pearled mote,Grains,Primary,S003,San Vicente Grains & Legumes,2024-03-25,49,kg,1150,1.23,56350,60.27,2024-04-14,Estimated,Autumn
B01115,P014,Premium pearled mote,Grains,Primary,S003,San Vicente Grains & Legumes,2024-04-01,16,kg,1150,1.23,18400,19.68,2024-04-21,Estimated,Autumn
B01116,P014,Premium pearled mote,Grains,Primary,S003,San Vicente Grains & Legumes,2024-04-07,19,kg,1150,1.23,21850,23.37,2024-04-27,Estimated,Autumn
B01117,P014,Premium pearled mote,Grains,Primary,S003,San Vicente Grains & Legumes,2024-04-14,18,kg,1150,1.23,20700,22.14,2024-05-04,Estimated,Autumn
B01118,P014,Premium pearled mote,Grains,Backup,S004,Molino del Valle,2024-04-22,18,kg,1100,1.18,19800,21.18,2024-05-12,Estimated,Autumn
B01119,P014,Premium pearled mote,Grains,Primary,S003,San Vicente Grains & Legumes,2024-04-29,18,kg,1150,1.23,20700,22.14,2024-05-19,Estimated,Autumn
B01120,P014,Premium pearled mote,Grains,Primary,S003,San Vicente Grains & Legumes,2024-05-05,20,kg,1150,1.23,23000,24.6,2024-05-25,Estimated,Autumn
B01121,P014,Premium pearled mote,Grains,Primary,S003,San Vicente Grains & Legumes,2024-05-12,19,kg,1150,1.23,21850,23.37,2024-06-01,Estimated,Autumn
B01122,P014,Premium pearled mote,Grains,Primary,S003,San Vicente Grains & Legumes,2024-05-17,17,kg,1150,1.23,19550,20.91,2024-06-06,Estimated,Autumn
B01123,P014,Premium pearled mote,Grains,Primary,S003,San Vicente Grains & Legumes,2024-05-25,18,kg,1150,1.23,20700,22.14,2024-06-14,Estimated,Autumn
B01124,P014,Premium pearled mote,Grains,Backup,S004,Molino del Valle,2024-05-30,19,kg,1100,1.18,20900,22.35,2024-06-19,Estimated,Autumn
B01125,P014,Premium pearled mote,Grains,Primary,S003,San Vicente Grains & Legumes,2024-06-06,20,kg,1150,1.23,23000,24.6,2024-06-26,Estimated,Winter
B01126,P014,Premium pearled mote,Grains,Primary,S003,San Vicente Grains & Legumes,2024-06-14,18,kg,1150,1.23,20700,22.14,2024-07-04,Estimated,Winter
B01127,P014,Premium pearled mote,Grains,Primary,S003,San Vicente Grains & Legumes,2024-06-21,18,kg,1150,1.23,20700,22.14,2024-07-11,Estimated,Winter
B01128,P014,Premium pearled mote,Grains,Primary,S003,San Vicente Grains & Legumes,2024-07-01,19,kg,1150,1.23,21850,23.37,2024-07-21,Estimated,Winter
B01129,P014,Premium pearled mote,Grains,Primary,S003,San Vicente Grains & Legumes,2024-07-07,19,kg,1150,1.23,21850,23.37,2024-07-27,Estimated,Winter
B01130,P014,Premium pearled mote,Grains,Primary,S003,San Vicente Grains & Legumes,2024-07-14,16,kg,1150,1.23,18400,19.68,2024-08-03,Estimated,Winter
B01131,P014,Premium pearled mote,Grains,Primary,S003,San Vicente Grains & Legumes,2024-07-21,17,kg,1150,1.23,19550,20.91,2024-08-10,Estimated,Winter
B01132,P014,Premium pearled mote,Grains,Primary,S003,San Vicente Grains & Legumes,2024-07-28,19,kg,1150,1.23,21850,23.37,2024-08-17,Estimated,Winter
B01133,P014,Premium pearled mote,Grains,Primary,S003,San Vicente Grains & Legumes,2024-08-01,19,kg,1150,1.23,21850,23.37,2024-08-21,Estimated,Winter
B01134,P014,Premium pearled mote,Grains,Backup,S004,Molino del Valle,2024-08-06,20,kg,1100,1.18,22000,23.53,2024-08-26,Estimated,Winter
B01135,P014,Premium pearled mote,Grains,Primary,S003,San Vicente Grains & Legumes,2024-08-11,21,kg,1150,1.23,24150,25.83,2024-08-31,Estimated,Winter
B01136,P014,Premium pearled mote,Grains,Primary,S003,San Vicente Grains & Legumes,2024-08-18,18,kg,1150,1.23,20700,22.14,2024-09-07,Estimated,Winter
B01137,P014,Premium pearled mote,Grains,Primary,S003,San Vicente Grains & Legumes,2024-08-24,17,kg,1150,1.23,19550,20.91,2024-09-13,Estimated,Winter
B01138,P014,Premium pearled mote,Grains,Primary,S003,San Vicente Grains & Legumes,2024-08-31,15,kg,1150,1.23,17250,18.45,2024-09-20,Estimated,Winter
B01139,P014,Premium pearled mote,Grains,Primary,S003,San Vicente Grains & Legumes,2024-09-08,22,kg,1150,1.23,25300,27.06,2024-09-28,Estimated,Spring
B01140,P014,Premium pearled mote,Grains,Primary,S003,San Vicente Grains & Legumes,2024-09-13,24,kg,1150,1.23,27600,29.52,2024-10-03,Estimated,Spring
B01141,P014,Premium pearled mote,Grains,Primary,S003,San Vicente Grains & Legumes,2024-09-20,24,kg,1150,1.23,27600,29.52,2024-10-10,Estimated,Spring
B01142,P014,Premium pearled mote,Grains,Primary,S003,San Vicente Grains & Legumes,2024-09-26,22,kg,1150,1.23,25300,27.06,2024-10-16,Estimated,Spring
B01143,P014,Premium pearled mote,Grains,Primary,S003,San Vicente Grains & Legumes,2024-10-03,46,kg,1150,1.23,52900,56.58,2024-10-23,Estimated,Spring
B01144,P014,Premium pearled mote,Grains,Primary,S003,San Vicente Grains & Legumes,2024-10-10,50,kg,1150,1.23,57500,61.5,2024-10-30,Estimated,Spring
B01145,P014,Premium pearled mote,Grains,Backup,S004,Molino del Valle,2024-10-17,48,kg,1100,1.18,52800,56.47,2024-11-06,Estimated,Spring
B01146,P014,Premium pearled mote,Grains,Primary,S003,San Vicente Grains & Legumes,2024-10-24,48,kg,1150,1.23,55200,59.04,2024-11-13,Estimated,Spring
B01147,P014,Premium pearled mote,Grains,Backup,S004,Molino del Valle,2024-10-31,52,kg,1100,1.18,57200,61.18,2024-11-20,Estimated,Spring
B01148,P014,Premium pearled mote,Grains,Primary,S003,San Vicente Grains & Legumes,2024-11-07,54,kg,1150,1.23,62100,66.42,2024-11-27,Estimated,Spring
B01149,P014,Premium pearled mote,Grains,Backup,S004,Molino del Valle,2024-11-15,53,kg,1100,1.18,58300,62.35,2024-12-05,Estimated,Spring
B01150,P014,Premium pearled mote,Grains,Primary,S003,San Vicente Grains & Legumes,2024-11-20,53,kg,1150,1.23,60950,65.19,2024-12-10,Estimated,Spring
B01151,P014,Premium pearled mote,Grains,Primary,S003,San Vicente Grains & Legumes,2024-11-26,49,kg,1150,1.23,56350,60.27,2024-12-16,Estimated,Spring
B01152,P014,Premium pearled mote,Grains,Backup,S004,Molino del Valle,2024-12-02,64,kg,1100,1.18,70400,75.29,2024-12-22,Estimated,Summer
B01153,P014,Premium pearled mote,Grains,Primary,S003,San Vicente Grains & Legumes,2024-12-10,68,kg,1150,1.23,78200,83.64,2024-12-30,Estimated,Summer
B01154,P014,Premium pearled mote,Grains,Primary,S003,San Vicente Grains & Legumes,2024-12-16,61,kg,1150,1.23,70150,75.03,2025-01-05,Estimated,Summer
B01155,P014,Premium pearled mote,Grains,Primary,S003,San Vicente Grains & Legumes,2024-12-23,59,kg,1150,1.23,67850,72.57,2025-01-12,Estimated,Summer
B01156,P014,Premium pearled mote,Grains,Primary,S003,San Vicente Grains & Legumes,2024-12-30,67,kg,1150,1.23,77050,82.41,2025-01-19,Estimated,Summer
B01157,P014,Premium pearled mote,Grains,Primary,S003,San Vicente Grains & Legumes,2025-01-04,54,kg,1150,1.23,62100,66.42,2025-01-24,Estimated,Summer
B01158,P014,Premium pearled mote,Grains,Backup,S004,Molino del Valle,2025-01-12,53,kg,1100,1.18,58300,62.35,2025-02-01,Estimated,Summer
B01159,P014,Premium pearled mote,Grains,Backup,S004,Molino del Valle,2025-01-19,59,kg,1100,1.18,64900,69.41,2025-02-08,Estimated,Summer
B01160,P014,Premium pearled mote,Grains,Primary,S003,San Vicente Grains & Legumes,2025-01-27,47,kg,1150,1.23,54050,57.81,2025-02-16,Estimated,Summer
B01161,P014,Premium pearled mote,Grains,Backup,S004,Molino del Valle,2025-02-02,58,kg,1100,1.18,63800,68.24,2025-02-22,Estimated,Summer
B01162,P014,Premium pearled mote,Grains,Primary,S003,San Vicente Grains & Legumes,2025-02-10,52,kg,1150,1.23,59800,63.96,2025-03-02,Estimated,Summer
B01163,P014,Premium pearled mote,Grains,Primary,S003,San Vicente Grains & Legumes,2025-02-15,45,kg,1150,1.23,51750,55.35,2025-03-07,Estimated,Summer
B01164,P014,Premium pearled mote,Grains,Primary,S003,San Vicente Grains & Legumes,2025-02-21,58,kg,1150,1.23,66700,71.34,2025-03-13,Estimated,Summer
B01165,P014,Premium pearled mote,Grains,Primary,S003,San Vicente Grains & Legumes,2025-02-28,57,kg,1150,1.23,65550,70.11,2025-03-20,Estimated,Summer
B01166,P014,Premium pearled mote,Grains,Primary,S003,San Vicente Grains & Legumes,2025-03-05,48,kg,1150,1.23,55200,59.04,2025-03-25,Estimated,Autumn
B01167,P014,Premium pearled mote,Grains,Primary,S003,San Vicente Grains & Legumes,2025-03-12,58,kg,1150,1.23,66700,71.34,2025-04-01,Estimated,Autumn
B01168,P014,Premium pearled mote,Grains,Primary,S003,San Vicente Grains & Legumes,2025-03-18,57,kg,1150,1.23,65550,70.11,2025-04-07,Estimated,Autumn
B01169,P014,Premium pearled mote,Grains,Primary,S003,San Vicente Grains & Legumes,2025-03-27,51,kg,1150,1.23,58650,62.73,2025-04-16,Estimated,Autumn
B01170,P014,Premium pearled mote,Grains,Primary,S003,San Vicente Grains & Legumes,2025-03-31,54,kg,1150,1.23,62100,66.42,2025-04-20,Estimated,Autumn
B01171,P014,Premium pearled mote,Grains,Primary,S003,San Vicente Grains & Legumes,2025-04-06,18,kg,1150,1.23,20700,22.14,2025-04-26,Estimated,Autumn
B01172,P014,Premium pearled mote,Grains,Primary,S003,San Vicente Grains & Legumes,2025-04-11,17,kg,1150,1.23,19550,20.91,2025-05-01,Estimated,Autumn
B01173,P014,Premium pearled mote,Grains,Primary,S003,San Vicente Grains & Legumes,2025-04-16,22,kg,1150,1.23,25300,27.06,2025-05-06,Estimated,Autumn
B01174,P014,Premium pearled mote,Grains,Backup,S004,Molino del Valle,2025-04-22,22,kg,1100,1.18,24200,25.88,2025-05-12,Estimated,Autumn
B01175,P014,Premium pearled mote,Grains,Backup,S004,Molino del Valle,2025-04-30,19,kg,1100,1.18,20900,22.35,2025-05-20,Estimated,Autumn
B01176,P014,Premium pearled mote,Grains,Primary,S003,San Vicente Grains & Legumes,2025-05-07,22,kg,1150,1.23,25300,27.06,2025-05-27,Estimated,Autumn
B01177,P014,Premium pearled mote,Grains,Primary,S003,San Vicente Grains & Legumes,2025-05-14,19,kg,1150,1.23,21850,23.37,2025-06-03,Estimated,Autumn
B01178,P014,Premium pearled mote,Grains,Primary,S003,San Vicente Grains & Legumes,2025-05-20,21,kg,1150,1.23,24150,25.83,2025-06-09,Estimated,Autumn
B01179,P014,Premium pearled mote,Grains,Primary,S003,San Vicente Grains & Legumes,2025-05-26,17,kg,1150,1.23,19550,20.91,2025-06-15,Estimated,Autumn
B01180,P014,Premium pearled mote,Grains,Primary,S003,San Vicente Grains & Legumes,2025-05-31,22,kg,1150,1.23,25300,27.06,2025-06-20,Estimated,Autumn
B01181,P014,Premium pearled mote,Grains,Primary,S003,San Vicente Grains & Legumes,2025-06-06,21,kg,1150,1.23,24150,25.83,2025-06-26,Estimated,Winter
B01182,P014,Premium pearled mote,Grains,Primary,S003,San Vicente Grains & Legumes,2025-06-13,20,kg,1150,1.23,23000,24.6,2025-07-03,Estimated,Winter
B01183,P014,Premium pearled mote,Grains,Primary,S003,San Vicente Grains & Legumes,2025-06-19,19,kg,1150,1.23,21850,23.37,2025-07-09,Estimated,Winter
B01184,P014,Premium pearled mote,Grains,Primary,S003,San Vicente Grains & Legumes,2025-06-25,17,kg,1150,1.23,19550,20.91,2025-07-15,Estimated,Winter
B01185,P014,Premium pearled mote,Grains,Primary,S003,San Vicente Grains & Legumes,2025-06-30,17,kg,1150,1.23,19550,20.91,2025-07-20,Estimated,Winter
B01186,P015,Pearl barley,Grains,Primary,S003,San Vicente Grains & Legumes,2023-07-02,28,kg,1450,1.55,40600,43.42,2023-07-22,Estimated,Winter
B01187,P015,Pearl barley,Grains,Primary,S003,San Vicente Grains & Legumes,2023-07-08,29,kg,1450,1.55,42050,44.97,2023-07-28,Estimated,Winter
B01188,P015,Pearl barley,Grains,Primary,S003,San Vicente Grains & Legumes,2023-07-17,28,kg,1450,1.55,40600,43.42,2023-08-06,Estimated,Winter
B01189,P015,Pearl barley,Grains,Primary,S003,San Vicente Grains & Legumes,2023-07-25,26,kg,1450,1.55,37700,40.32,2023-08-14,Estimated,Winter
B01190,P015,Pearl barley,Grains,Primary,S003,San Vicente Grains & Legumes,2023-07-29,32,kg,1450,1.55,46400,49.63,2023-08-18,Estimated,Winter
B01191,P015,Pearl barley,Grains,Backup,S004,Molino del Valle,2023-08-03,32,kg,1550,1.66,49600,53.05,2023-08-23,Estimated,Winter
B01192,P015,Pearl barley,Grains,Primary,S003,San Vicente Grains & Legumes,2023-08-10,33,kg,1450,1.55,47850,51.18,2023-08-30,Estimated,Winter
B01193,P015,Pearl barley,Grains,Primary,S003,San Vicente Grains & Legumes,2023-08-16,32,kg,1450,1.55,46400,49.63,2023-09-05,Estimated,Winter
B01194,P015,Pearl barley,Grains,Primary,S003,San Vicente Grains & Legumes,2023-08-23,29,kg,1450,1.55,42050,44.97,2023-09-12,Estimated,Winter
B01195,P015,Pearl barley,Grains,Primary,S003,San Vicente Grains & Legumes,2023-08-30,34,kg,1450,1.55,49300,52.73,2023-09-19,Estimated,Winter
B01196,P015,Pearl barley,Grains,Backup,S004,Molino del Valle,2023-09-06,34,kg,1550,1.66,52700,56.36,2023-09-26,Estimated,Spring
B01197,P015,Pearl barley,Grains,Primary,S003,San Vicente Grains & Legumes,2023-09-12,36,kg,1450,1.55,52200,55.83,2023-10-02,Estimated,Spring
B01198,P015,Pearl barley,Grains,Primary,S003,San Vicente Grains & Legumes,2023-09-21,36,kg,1450,1.55,52200,55.83,2023-10-11,Estimated,Spring
B01199,P015,Pearl barley,Grains,Primary,S003,San Vicente Grains & Legumes,2023-09-26,35,kg,1450,1.55,50750,54.28,2023-10-16,Estimated,Spring
B01200,P015,Pearl barley,Grains,Primary,S003,San Vicente Grains & Legumes,2023-10-02,31,kg,1450,1.55,44950,48.07,2023-10-22,Estimated,Spring
B01201,P015,Pearl barley,Grains,Primary,S003,San Vicente Grains & Legumes,2023-10-09,26,kg,1450,1.55,37700,40.32,2023-10-29,Estimated,Spring
B01202,P015,Pearl barley,Grains,Primary,S003,San Vicente Grains & Legumes,2023-10-16,30,kg,1450,1.55,43500,46.52,2023-11-05,Estimated,Spring
B01203,P015,Pearl barley,Grains,Primary,S003,San Vicente Grains & Legumes,2023-10-22,31,kg,1450,1.55,44950,48.07,2023-11-11,Estimated,Spring
B01204,P015,Pearl barley,Grains,Primary,S003,San Vicente Grains & Legumes,2023-10-28,26,kg,1450,1.55,37700,40.32,2023-11-17,Estimated,Spring
B01205,P015,Pearl barley,Grains,Primary,S003,San Vicente Grains & Legumes,2023-11-04,34,kg,1450,1.55,49300,52.73,2023-11-24,Estimated,Spring
B01206,P015,Pearl barley,Grains,Primary,S003,San Vicente Grains & Legumes,2023-11-11,27,kg,1450,1.55,39150,41.87,2023-12-01,Estimated,Spring
B01207,P015,Pearl barley,Grains,Primary,S003,San Vicente Grains & Legumes,2023-11-17,31,kg,1450,1.55,44950,48.07,2023-12-07,Estimated,Spring
B01208,P015,Pearl barley,Grains,Primary,S003,San Vicente Grains & Legumes,2023-11-23,31,kg,1450,1.55,44950,48.07,2023-12-13,Estimated,Spring
B01209,P015,Pearl barley,Grains,Primary,S003,San Vicente Grains & Legumes,2023-11-29,34,kg,1450,1.55,49300,52.73,2023-12-19,Estimated,Spring
B01210,P015,Pearl barley,Grains,Primary,S003,San Vicente Grains & Legumes,2023-12-03,40,kg,1450,1.55,58000,62.03,2023-12-23,Estimated,Summer
B01211,P015,Pearl barley,Grains,Primary,S003,San Vicente Grains & Legumes,2023-12-11,45,kg,1450,1.55,65250,69.79,2023-12-31,Estimated,Summer
B01212,P015,Pearl barley,Grains,Primary,S003,San Vicente Grains & Legumes,2023-12-17,41,kg,1450,1.55,59450,63.58,2024-01-06,Estimated,Summer
B01213,P015,Pearl barley,Grains,Primary,S003,San Vicente Grains & Legumes,2023-12-24,36,kg,1450,1.55,52200,55.83,2024-01-13,Estimated,Summer
B01214,P015,Pearl barley,Grains,Primary,S003,San Vicente Grains & Legumes,2023-12-29,34,kg,1450,1.55,49300,52.73,2024-01-18,Estimated,Summer
B01215,P015,Pearl barley,Grains,Primary,S003,San Vicente Grains & Legumes,2024-01-05,27,kg,1450,1.55,39150,41.87,2024-01-25,Estimated,Summer
B01216,P015,Pearl barley,Grains,Primary,S003,San Vicente Grains & Legumes,2024-01-13,26,kg,1450,1.55,37700,40.32,2024-02-02,Estimated,Summer
B01217,P015,Pearl barley,Grains,Backup,S004,Molino del Valle,2024-01-21,32,kg,1550,1.66,49600,53.05,2024-02-10,Estimated,Summer
B01218,P015,Pearl barley,Grains,Primary,S003,San Vicente Grains & Legumes,2024-01-28,32,kg,1450,1.55,46400,49.63,2024-02-17,Estimated,Summer
B01219,P015,Pearl barley,Grains,Primary,S003,San Vicente Grains & Legumes,2024-02-05,27,kg,1450,1.55,39150,41.87,2024-02-25,Estimated,Summer
B01220,P015,Pearl barley,Grains,Primary,S003,San Vicente Grains & Legumes,2024-02-13,33,kg,1450,1.55,47850,51.18,2024-03-04,Estimated,Summer
B01221,P015,Pearl barley,Grains,Primary,S003,San Vicente Grains & Legumes,2024-02-19,34,kg,1450,1.55,49300,52.73,2024-03-10,Estimated,Summer
B01222,P015,Pearl barley,Grains,Primary,S003,San Vicente Grains & Legumes,2024-02-25,33,kg,1450,1.55,47850,51.18,2024-03-16,Estimated,Summer
B01223,P015,Pearl barley,Grains,Primary,S003,San Vicente Grains & Legumes,2024-03-02,30,kg,1450,1.55,43500,46.52,2024-03-22,Estimated,Autumn
B01224,P015,Pearl barley,Grains,Primary,S003,San Vicente Grains & Legumes,2024-03-08,33,kg,1450,1.55,47850,51.18,2024-03-28,Estimated,Autumn
B01225,P015,Pearl barley,Grains,Primary,S003,San Vicente Grains & Legumes,2024-03-15,26,kg,1450,1.55,37700,40.32,2024-04-04,Estimated,Autumn
B01226,P015,Pearl barley,Grains,Primary,S003,San Vicente Grains & Legumes,2024-03-22,26,kg,1450,1.55,37700,40.32,2024-04-11,Estimated,Autumn
B01227,P015,Pearl barley,Grains,Backup,S004,Molino del Valle,2024-03-30,26,kg,1550,1.66,40300,43.1,2024-04-19,Estimated,Autumn
B01228,P015,Pearl barley,Grains,Primary,S003,San Vicente Grains & Legumes,2024-04-03,31,kg,1450,1.55,44950,48.07,2024-04-23,Estimated,Autumn
B01229,P015,Pearl barley,Grains,Primary,S003,San Vicente Grains & Legumes,2024-04-11,26,kg,1450,1.55,37700,40.32,2024-05-01,Estimated,Autumn
B01230,P015,Pearl barley,Grains,Primary,S003,San Vicente Grains & Legumes,2024-04-16,27,kg,1450,1.55,39150,41.87,2024-05-06,Estimated,Autumn
B01231,P015,Pearl barley,Grains,Primary,S003,San Vicente Grains & Legumes,2024-04-22,34,kg,1450,1.55,49300,52.73,2024-05-12,Estimated,Autumn
B01232,P015,Pearl barley,Grains,Primary,S003,San Vicente Grains & Legumes,2024-04-28,32,kg,1450,1.55,46400,49.63,2024-05-18,Estimated,Autumn
B01233,P015,Pearl barley,Grains,Primary,S003,San Vicente Grains & Legumes,2024-05-04,32,kg,1450,1.55,46400,49.63,2024-05-24,Estimated,Autumn
B01234,P015,Pearl barley,Grains,Primary,S003,San Vicente Grains & Legumes,2024-05-11,33,kg,1450,1.55,47850,51.18,2024-05-31,Estimated,Autumn
B01235,P015,Pearl barley,Grains,Backup,S004,Molino del Valle,2024-05-20,30,kg,1550,1.66,46500,49.73,2024-06-09,Estimated,Autumn
B01236,P015,Pearl barley,Grains,Primary,S003,San Vicente Grains & Legumes,2024-05-26,34,kg,1450,1.55,49300,52.73,2024-06-15,Estimated,Autumn
B01237,P015,Pearl barley,Grains,Primary,S003,San Vicente Grains & Legumes,2024-06-02,30,kg,1450,1.55,43500,46.52,2024-06-22,Estimated,Winter
B01238,P015,Pearl barley,Grains,Primary,S003,San Vicente Grains & Legumes,2024-06-07,29,kg,1450,1.55,42050,44.97,2024-06-27,Estimated,Winter
B01239,P015,Pearl barley,Grains,Primary,S003,San Vicente Grains & Legumes,2024-06-14,28,kg,1450,1.55,40600,43.42,2024-07-04,Estimated,Winter
B01240,P015,Pearl barley,Grains,Primary,S003,San Vicente Grains & Legumes,2024-06-22,30,kg,1450,1.55,43500,46.52,2024-07-12,Estimated,Winter
B01241,P015,Pearl barley,Grains,Primary,S003,San Vicente Grains & Legumes,2024-06-29,33,kg,1450,1.55,47850,51.18,2024-07-19,Estimated,Winter
B01242,P015,Pearl barley,Grains,Backup,S004,Molino del Valle,2024-07-07,34,kg,1550,1.66,52700,56.36,2024-07-27,Estimated,Winter
B01243,P015,Pearl barley,Grains,Primary,S003,San Vicente Grains & Legumes,2024-07-13,27,kg,1450,1.55,39150,41.87,2024-08-02,Estimated,Winter
B01244,P015,Pearl barley,Grains,Primary,S003,San Vicente Grains & Legumes,2024-07-19,31,kg,1450,1.55,44950,48.07,2024-08-08,Estimated,Winter
B01245,P015,Pearl barley,Grains,Primary,S003,San Vicente Grains & Legumes,2024-07-27,31,kg,1450,1.55,44950,48.07,2024-08-16,Estimated,Winter
B01246,P015,Pearl barley,Grains,Primary,S003,San Vicente Grains & Legumes,2024-08-04,34,kg,1450,1.55,49300,52.73,2024-08-24,Estimated,Winter
B01247,P015,Pearl barley,Grains,Primary,S003,San Vicente Grains & Legumes,2024-08-11,27,kg,1450,1.55,39150,41.87,2024-08-31,Estimated,Winter
B01248,P015,Pearl barley,Grains,Primary,S003,San Vicente Grains & Legumes,2024-08-19,27,kg,1450,1.55,39150,41.87,2024-09-08,Estimated,Winter
B01249,P015,Pearl barley,Grains,Primary,S003,San Vicente Grains & Legumes,2024-08-26,33,kg,1450,1.55,47850,51.18,2024-09-15,Estimated,Winter
B01250,P015,Pearl barley,Grains,Backup,S004,Molino del Valle,2024-08-31,34,kg,1550,1.66,52700,56.36,2024-09-20,Estimated,Winter
B01251,P015,Pearl barley,Grains,Primary,S003,San Vicente Grains & Legumes,2024-09-05,39,kg,1450,1.55,56550,60.48,2024-09-25,Estimated,Spring
B01252,P015,Pearl barley,Grains,Primary,S003,San Vicente Grains & Legumes,2024-09-11,39,kg,1450,1.55,56550,60.48,2024-10-01,Estimated,Spring
B01253,P015,Pearl barley,Grains,Primary,S003,San Vicente Grains & Legumes,2024-09-18,43,kg,1450,1.55,62350,66.68,2024-10-08,Estimated,Spring
B01254,P015,Pearl barley,Grains,Primary,S003,San Vicente Grains & Legumes,2024-09-24,33,kg,1450,1.55,47850,51.18,2024-10-14,Estimated,Spring
B01255,P015,Pearl barley,Grains,Primary,S003,San Vicente Grains & Legumes,2024-09-30,36,kg,1450,1.55,52200,55.83,2024-10-20,Estimated,Spring
B01256,P015,Pearl barley,Grains,Primary,S003,San Vicente Grains & Legumes,2024-10-07,31,kg,1450,1.55,44950,48.07,2024-10-27,Estimated,Spring
B01257,P015,Pearl barley,Grains,Primary,S003,San Vicente Grains & Legumes,2024-10-12,29,kg,1450,1.55,42050,44.97,2024-11-01,Estimated,Spring
B01258,P015,Pearl barley,Grains,Primary,S003,San Vicente Grains & Legumes,2024-10-21,31,kg,1450,1.55,44950,48.07,2024-11-10,Estimated,Spring
B01259,P015,Pearl barley,Grains,Primary,S003,San Vicente Grains & Legumes,2024-10-28,33,kg,1450,1.55,47850,51.18,2024-11-17,Estimated,Spring
B01260,P015,Pearl barley,Grains,Primary,S003,San Vicente Grains & Legumes,2024-11-05,31,kg,1450,1.55,44950,48.07,2024-11-25,Estimated,Spring
B01261,P015,Pearl barley,Grains,Primary,S003,San Vicente Grains & Legumes,2024-11-09,31,kg,1450,1.55,44950,48.07,2024-11-29,Estimated,Spring
B01262,P015,Pearl barley,Grains,Primary,S003,San Vicente Grains & Legumes,2024-11-16,29,kg,1450,1.55,42050,44.97,2024-12-06,Estimated,Spring
B01263,P015,Pearl barley,Grains,Primary,S003,San Vicente Grains & Legumes,2024-11-22,33,kg,1450,1.55,47850,51.18,2024-12-12,Estimated,Spring
B01264,P015,Pearl barley,Grains,Primary,S003,San Vicente Grains & Legumes,2024-11-27,26,kg,1450,1.55,37700,40.32,2024-12-17,Estimated,Spring
B01265,P015,Pearl barley,Grains,Primary,S003,San Vicente Grains & Legumes,2024-12-05,44,kg,1450,1.55,63800,68.24,2024-12-25,Estimated,Summer
B01266,P015,Pearl barley,Grains,Backup,S004,Molino del Valle,2024-12-12,36,kg,1550,1.66,55800,59.68,2025-01-01,Estimated,Summer
B01267,P015,Pearl barley,Grains,Primary,S003,San Vicente Grains & Legumes,2024-12-18,37,kg,1450,1.55,53650,57.38,2025-01-07,Estimated,Summer
B01268,P015,Pearl barley,Grains,Primary,S003,San Vicente Grains & Legumes,2024-12-27,36,kg,1450,1.55,52200,55.83,2025-01-16,Estimated,Summer
B01269,P015,Pearl barley,Grains,Primary,S003,San Vicente Grains & Legumes,2025-01-02,28,kg,1450,1.55,40600,43.42,2025-01-22,Estimated,Summer
B01270,P015,Pearl barley,Grains,Primary,S003,San Vicente Grains & Legumes,2025-01-09,28,kg,1450,1.55,40600,43.42,2025-01-29,Estimated,Summer
B01271,P015,Pearl barley,Grains,Primary,S003,San Vicente Grains & Legumes,2025-01-14,33,kg,1450,1.55,47850,51.18,2025-02-03,Estimated,Summer
B01272,P015,Pearl barley,Grains,Primary,S003,San Vicente Grains & Legumes,2025-01-23,29,kg,1450,1.55,42050,44.97,2025-02-12,Estimated,Summer
B01273,P015,Pearl barley,Grains,Primary,S003,San Vicente Grains & Legumes,2025-02-01,37,kg,1450,1.55,53650,57.38,2025-02-21,Estimated,Summer
B01274,P015,Pearl barley,Grains,Primary,S003,San Vicente Grains & Legumes,2025-02-08,35,kg,1450,1.55,50750,54.28,2025-02-28,Estimated,Summer
B01275,P015,Pearl barley,Grains,Primary,S003,San Vicente Grains & Legumes,2025-02-16,33,kg,1450,1.55,47850,51.18,2025-03-08,Estimated,Summer
B01276,P015,Pearl barley,Grains,Primary,S003,San Vicente Grains & Legumes,2025-02-22,35,kg,1450,1.55,50750,54.28,2025-03-14,Estimated,Summer
B01277,P015,Pearl barley,Grains,Primary,S003,San Vicente Grains & Legumes,2025-02-28,29,kg,1450,1.55,42050,44.97,2025-03-20,Estimated,Summer
B01278,P015,Pearl barley,Grains,Primary,S003,San Vicente Grains & Legumes,2025-03-08,35,kg,1450,1.55,50750,54.28,2025-03-28,Estimated,Autumn
B01279,P015,Pearl barley,Grains,Primary,S003,San Vicente Grains & Legumes,2025-03-14,29,kg,1450,1.55,42050,44.97,2025-04-03,Estimated,Autumn
B01280,P015,Pearl barley,Grains,Primary,S003,San Vicente Grains & Legumes,2025-03-20,34,kg,1450,1.55,49300,52.73,2025-04-09,Estimated,Autumn
B01281,P015,Pearl barley,Grains,Primary,S003,San Vicente Grains & Legumes,2025-03-26,30,kg,1450,1.55,43500,46.52,2025-04-15,Estimated,Autumn
B01282,P015,Pearl barley,Grains,Backup,S004,Molino del Valle,2025-04-02,28,kg,1550,1.66,43400,46.42,2025-04-22,Estimated,Autumn
B01283,P015,Pearl barley,Grains,Primary,S003,San Vicente Grains & Legumes,2025-04-08,34,kg,1450,1.55,49300,52.73,2025-04-28,Estimated,Autumn
B01284,P015,Pearl barley,Grains,Primary,S003,San Vicente Grains & Legumes,2025-04-14,34,kg,1450,1.55,49300,52.73,2025-05-04,Estimated,Autumn
B01285,P015,Pearl barley,Grains,Primary,S003,San Vicente Grains & Legumes,2025-04-23,31,kg,1450,1.55,44950,48.07,2025-05-13,Estimated,Autumn
B01286,P015,Pearl barley,Grains,Primary,S003,San Vicente Grains & Legumes,2025-05-01,28,kg,1450,1.55,40600,43.42,2025-05-21,Estimated,Autumn
B01287,P015,Pearl barley,Grains,Primary,S003,San Vicente Grains & Legumes,2025-05-09,36,kg,1450,1.55,52200,55.83,2025-05-29,Estimated,Autumn
B01288,P015,Pearl barley,Grains,Primary,S003,San Vicente Grains & Legumes,2025-05-16,36,kg,1450,1.55,52200,55.83,2025-06-05,Estimated,Autumn
B01289,P015,Pearl barley,Grains,Primary,S003,San Vicente Grains & Legumes,2025-05-24,36,kg,1450,1.55,52200,55.83,2025-06-13,Estimated,Autumn
B01290,P015,Pearl barley,Grains,Primary,S003,San Vicente Grains & Legumes,2025-05-30,31,kg,1450,1.55,44950,48.07,2025-06-19,Estimated,Autumn
B01291,P015,Pearl barley,Grains,Primary,S003,San Vicente Grains & Legumes,2025-06-05,35,kg,1450,1.55,50750,54.28,2025-06-25,Estimated,Winter
B01292,P015,Pearl barley,Grains,Primary,S003,San Vicente Grains & Legumes,2025-06-11,32,kg,1450,1.55,46400,49.63,2025-07-01,Estimated,Winter
B01293,P015,Pearl barley,Grains,Primary,S003,San Vicente Grains & Legumes,2025-06-17,37,kg,1450,1.55,53650,57.38,2025-07-07,Estimated,Winter
B01294,P015,Pearl barley,Grains,Primary,S003,San Vicente Grains & Legumes,2025-06-22,31,kg,1450,1.55,44950,48.07,2025-07-12,Estimated,Winter
B01295,P015,Pearl barley,Grains,Primary,S003,San Vicente Grains & Legumes,2025-06-29,37,kg,1450,1.55,53650,57.38,2025-07-19,Estimated,Winter
B01296,P016,"Mixed pickles, jar 500g",Pickles,Primary,S005,Doña Rosa Pickles,2023-07-15,27,jar 500g,2100,2.25,56700,60.64,2024-03-11,Concrete,Winter
B01297,P016,"Mixed pickles, jar 500g",Pickles,Primary,S005,Doña Rosa Pickles,2023-08-20,26,jar 500g,2100,2.25,54600,58.4,2024-04-16,Concrete,Winter
B01298,P016,"Mixed pickles, jar 500g",Pickles,Primary,S005,Doña Rosa Pickles,2023-09-26,28,jar 500g,2100,2.25,58800,62.89,2024-05-23,Concrete,Spring
B01299,P016,"Mixed pickles, jar 500g",Pickles,Primary,S005,Doña Rosa Pickles,2023-11-04,27,jar 500g,2100,2.25,56700,60.64,2024-07-01,Concrete,Spring
B01300,P016,"Mixed pickles, jar 500g",Pickles,Primary,S005,Doña Rosa Pickles,2023-12-08,32,jar 500g,2100,2.25,67200,71.87,2024-08-04,Concrete,Summer
B01301,P016,"Mixed pickles, jar 500g",Pickles,Primary,S005,Doña Rosa Pickles,2024-01-14,21,jar 500g,2100,2.25,44100,47.17,2024-09-10,Concrete,Summer
B01302,P016,"Mixed pickles, jar 500g",Pickles,Primary,S005,Doña Rosa Pickles,2024-02-29,22,jar 500g,2100,2.25,46200,49.41,2024-10-26,Concrete,Summer
B01303,P016,"Mixed pickles, jar 500g",Pickles,Primary,S005,Doña Rosa Pickles,2024-04-11,26,jar 500g,2100,2.25,54600,58.4,2024-12-07,Concrete,Autumn
B01304,P016,"Mixed pickles, jar 500g",Pickles,Primary,S005,Doña Rosa Pickles,2024-05-11,23,jar 500g,2100,2.25,48300,51.66,2025-01-06,Concrete,Autumn
B01305,P016,"Mixed pickles, jar 500g",Pickles,Primary,S005,Doña Rosa Pickles,2024-06-17,26,jar 500g,2100,2.25,54600,58.4,2025-02-12,Concrete,Winter
B01306,P016,"Mixed pickles, jar 500g",Pickles,Primary,S005,Doña Rosa Pickles,2024-07-22,26,jar 500g,2100,2.25,54600,58.4,2025-03-19,Concrete,Winter
B01307,P016,"Mixed pickles, jar 500g",Pickles,Primary,S005,Doña Rosa Pickles,2024-08-22,27,jar 500g,2100,2.25,56700,60.64,2025-04-19,Concrete,Winter
B01308,P016,"Mixed pickles, jar 500g",Pickles,Primary,S005,Doña Rosa Pickles,2024-09-20,27,jar 500g,2100,2.25,56700,60.64,2025-05-18,Concrete,Spring
B01309,P016,"Mixed pickles, jar 500g",Pickles,Primary,S005,Doña Rosa Pickles,2024-10-19,22,jar 500g,2100,2.25,46200,49.41,2025-06-16,Concrete,Spring
B01310,P016,"Mixed pickles, jar 500g",Pickles,Primary,S005,Doña Rosa Pickles,2024-11-13,27,jar 500g,2100,2.25,56700,60.64,2025-07-11,Concrete,Spring
B01311,P016,"Mixed pickles, jar 500g",Pickles,Primary,S005,Doña Rosa Pickles,2024-12-16,30,jar 500g,2100,2.25,63000,67.38,2025-08-13,Concrete,Summer
B01312,P016,"Mixed pickles, jar 500g",Pickles,Primary,S005,Doña Rosa Pickles,2025-01-16,30,jar 500g,2100,2.25,63000,67.38,2025-09-13,Concrete,Summer
B01313,P016,"Mixed pickles, jar 500g",Pickles,Backup,S006,Conservas El Huerto,2025-02-25,24,jar 500g,2200,2.35,52800,56.47,2025-10-23,Concrete,Summer
B01314,P016,"Mixed pickles, jar 500g",Pickles,Primary,S005,Doña Rosa Pickles,2025-03-26,24,jar 500g,2100,2.25,50400,53.9,2025-11-21,Concrete,Autumn
B01315,P016,"Mixed pickles, jar 500g",Pickles,Primary,S005,Doña Rosa Pickles,2025-04-24,27,jar 500g,2100,2.25,56700,60.64,2025-12-20,Concrete,Autumn
B01316,P016,"Mixed pickles, jar 500g",Pickles,Primary,S005,Doña Rosa Pickles,2025-06-05,24,jar 500g,2100,2.25,50400,53.9,2026-01-31,Concrete,Winter
B01317,P017,"Pickled onions, jar 500g",Pickles,Primary,S005,Doña Rosa Pickles,2023-07-22,21,jar 500g,1800,1.93,37800,40.43,2024-03-18,Concrete,Winter
B01318,P017,"Pickled onions, jar 500g",Pickles,Primary,S005,Doña Rosa Pickles,2023-08-30,26,jar 500g,1800,1.93,46800,50.05,2024-04-26,Concrete,Winter
B01319,P017,"Pickled onions, jar 500g",Pickles,Primary,S005,Doña Rosa Pickles,2023-10-09,25,jar 500g,1800,1.93,45000,48.13,2024-06-05,Concrete,Spring
B01320,P017,"Pickled onions, jar 500g",Pickles,Primary,S005,Doña Rosa Pickles,2023-11-04,21,jar 500g,1800,1.93,37800,40.43,2024-07-01,Concrete,Spring
B01321,P017,"Pickled onions, jar 500g",Pickles,Primary,S005,Doña Rosa Pickles,2023-12-11,31,jar 500g,1800,1.93,55800,59.68,2024-08-07,Concrete,Summer
B01322,P017,"Pickled onions, jar 500g",Pickles,Primary,S005,Doña Rosa Pickles,2024-01-23,21,jar 500g,1800,1.93,37800,40.43,2024-09-19,Concrete,Summer
B01323,P017,"Pickled onions, jar 500g",Pickles,Primary,S005,Doña Rosa Pickles,2024-02-28,23,jar 500g,1800,1.93,41400,44.28,2024-10-25,Concrete,Summer
B01324,P017,"Pickled onions, jar 500g",Pickles,Primary,S005,Doña Rosa Pickles,2024-03-27,20,jar 500g,1800,1.93,36000,38.5,2024-11-22,Concrete,Autumn
B01325,P017,"Pickled onions, jar 500g",Pickles,Primary,S005,Doña Rosa Pickles,2024-04-24,26,jar 500g,1800,1.93,46800,50.05,2024-12-20,Concrete,Autumn
B01326,P017,"Pickled onions, jar 500g",Pickles,Primary,S005,Doña Rosa Pickles,2024-06-02,26,jar 500g,1800,1.93,46800,50.05,2025-01-28,Concrete,Winter
B01327,P017,"Pickled onions, jar 500g",Pickles,Primary,S005,Doña Rosa Pickles,2024-07-11,28,jar 500g,1800,1.93,50400,53.9,2025-03-08,Concrete,Winter
B01328,P017,"Pickled onions, jar 500g",Pickles,Primary,S005,Doña Rosa Pickles,2024-08-15,26,jar 500g,1800,1.93,46800,50.05,2025-04-12,Concrete,Winter
B01329,P017,"Pickled onions, jar 500g",Pickles,Primary,S005,Doña Rosa Pickles,2024-09-13,27,jar 500g,1800,1.93,48600,51.98,2025-05-11,Concrete,Spring
B01330,P017,"Pickled onions, jar 500g",Pickles,Primary,S005,Doña Rosa Pickles,2024-10-10,22,jar 500g,1800,1.93,39600,42.35,2025-06-07,Concrete,Spring
B01331,P017,"Pickled onions, jar 500g",Pickles,Primary,S005,Doña Rosa Pickles,2024-11-03,25,jar 500g,1800,1.93,45000,48.13,2025-07-01,Concrete,Spring
B01332,P017,"Pickled onions, jar 500g",Pickles,Primary,S005,Doña Rosa Pickles,2024-12-11,30,jar 500g,1800,1.93,54000,57.75,2025-08-08,Concrete,Summer
B01333,P017,"Pickled onions, jar 500g",Pickles,Primary,S005,Doña Rosa Pickles,2025-01-12,26,jar 500g,1800,1.93,46800,50.05,2025-09-09,Concrete,Summer
B01334,P017,"Pickled onions, jar 500g",Pickles,Primary,S005,Doña Rosa Pickles,2025-02-16,23,jar 500g,1800,1.93,41400,44.28,2025-10-14,Concrete,Summer
B01335,P017,"Pickled onions, jar 500g",Pickles,Primary,S005,Doña Rosa Pickles,2025-03-29,27,jar 500g,1800,1.93,48600,51.98,2025-11-24,Concrete,Autumn
B01336,P017,"Pickled onions, jar 500g",Pickles,Primary,S005,Doña Rosa Pickles,2025-05-05,30,jar 500g,1800,1.93,54000,57.75,2025-12-31,Concrete,Autumn
B01337,P017,"Pickled onions, jar 500g",Pickles,Primary,S005,Doña Rosa Pickles,2025-06-13,23,jar 500g,1800,1.93,41400,44.28,2026-02-08,Concrete,Winter
B01338,P018,"Pickled cauliflower, jar 500g",Pickles,Primary,S005,Doña Rosa Pickles,2023-07-03,27,jar 500g,1750,1.87,47250,50.53,2024-02-28,Concrete,Winter
B01339,P018,"Pickled cauliflower, jar 500g",Pickles,Primary,S005,Doña Rosa Pickles,2023-08-04,23,jar 500g,1750,1.87,40250,43.05,2024-03-31,Concrete,Winter
B01340,P018,"Pickled cauliflower, jar 500g",Pickles,Primary,S005,Doña Rosa Pickles,2023-09-08,32,jar 500g,1750,1.87,56000,59.89,2024-05-05,Concrete,Spring
B01341,P018,"Pickled cauliflower, jar 500g",Pickles,Primary,S005,Doña Rosa Pickles,2023-10-20,24,jar 500g,1750,1.87,42000,44.92,2024-06-16,Concrete,Spring
B01342,P018,"Pickled cauliflower, jar 500g",Pickles,Primary,S005,Doña Rosa Pickles,2023-11-23,24,jar 500g,1750,1.87,42000,44.92,2024-07-20,Concrete,Spring
B01343,P018,"Pickled cauliflower, jar 500g",Pickles,Primary,S005,Doña Rosa Pickles,2023-12-30,27,jar 500g,1750,1.87,47250,50.53,2024-08-26,Concrete,Summer
B01344,P018,"Pickled cauliflower, jar 500g",Pickles,Primary,S005,Doña Rosa Pickles,2024-01-26,24,jar 500g,1750,1.87,42000,44.92,2024-09-22,Concrete,Summer
B01345,P018,"Pickled cauliflower, jar 500g",Pickles,Primary,S005,Doña Rosa Pickles,2024-02-29,22,jar 500g,1750,1.87,38500,41.18,2024-10-26,Concrete,Summer
B01346,P018,"Pickled cauliflower, jar 500g",Pickles,Primary,S005,Doña Rosa Pickles,2024-03-28,21,jar 500g,1750,1.87,36750,39.3,2024-11-23,Concrete,Autumn
B01347,P018,"Pickled cauliflower, jar 500g",Pickles,Primary,S005,Doña Rosa Pickles,2024-05-08,25,jar 500g,1750,1.87,43750,46.79,2025-01-03,Concrete,Autumn
B01348,P018,"Pickled cauliflower, jar 500g",Pickles,Primary,S005,Doña Rosa Pickles,2024-06-23,24,jar 500g,1750,1.87,42000,44.92,2025-02-18,Concrete,Winter
B01349,P018,"Pickled cauliflower, jar 500g",Pickles,Primary,S005,Doña Rosa Pickles,2024-07-15,22,jar 500g,1750,1.87,38500,41.18,2025-03-12,Concrete,Winter
B01350,P018,"Pickled cauliflower, jar 500g",Pickles,Backup,S006,Conservas El Huerto,2024-08-20,25,jar 500g,1800,1.93,45000,48.13,2025-04-17,Concrete,Winter
B01351,P018,"Pickled cauliflower, jar 500g",Pickles,Primary,S005,Doña Rosa Pickles,2024-09-20,31,jar 500g,1750,1.87,54250,58.02,2025-05-18,Concrete,Spring
B01352,P018,"Pickled cauliflower, jar 500g",Pickles,Primary,S005,Doña Rosa Pickles,2024-10-20,22,jar 500g,1750,1.87,38500,41.18,2025-06-17,Concrete,Spring
B01353,P018,"Pickled cauliflower, jar 500g",Pickles,Primary,S005,Doña Rosa Pickles,2024-11-28,25,jar 500g,1750,1.87,43750,46.79,2025-07-26,Concrete,Spring
B01354,P018,"Pickled cauliflower, jar 500g",Pickles,Primary,S005,Doña Rosa Pickles,2024-12-29,36,jar 500g,1750,1.87,63000,67.38,2025-08-26,Concrete,Summer
B01355,P018,"Pickled cauliflower, jar 500g",Pickles,Primary,S005,Doña Rosa Pickles,2025-01-22,26,jar 500g,1750,1.87,45500,48.66,2025-09-19,Concrete,Summer
B01356,P018,"Pickled cauliflower, jar 500g",Pickles,Primary,S005,Doña Rosa Pickles,2025-02-25,28,jar 500g,1750,1.87,49000,52.41,2025-10-23,Concrete,Summer
B01357,P018,"Pickled cauliflower, jar 500g",Pickles,Primary,S005,Doña Rosa Pickles,2025-04-08,28,jar 500g,1750,1.87,49000,52.41,2025-12-04,Concrete,Autumn
B01358,P018,"Pickled cauliflower, jar 500g",Pickles,Primary,S005,Doña Rosa Pickles,2025-05-18,24,jar 500g,1750,1.87,42000,44.92,2026-01-13,Concrete,Autumn
B01359,P018,"Pickled cauliflower, jar 500g",Pickles,Primary,S005,Doña Rosa Pickles,2025-06-18,27,jar 500g,1750,1.87,47250,50.53,2026-02-13,Concrete,Winter
B01360,P019,"Pickled gherkins, jar 500g",Pickles,Primary,S005,Doña Rosa Pickles,2023-07-23,25,jar 500g,2050,2.19,51250,54.81,2024-03-19,Concrete,Winter
B01361,P019,"Pickled gherkins, jar 500g",Pickles,Primary,S005,Doña Rosa Pickles,2023-08-31,21,jar 500g,2050,2.19,43050,46.04,2024-04-27,Concrete,Winter
B01362,P019,"Pickled gherkins, jar 500g",Pickles,Backup,S006,Conservas El Huerto,2023-10-14,26,jar 500g,2300,2.46,59800,63.96,2024-06-10,Concrete,Spring
B01363,P019,"Pickled gherkins, jar 500g",Pickles,Primary,S005,Doña Rosa Pickles,2023-11-23,23,jar 500g,2050,2.19,47150,50.43,2024-07-20,Concrete,Spring
B01364,P019,"Pickled gherkins, jar 500g",Pickles,Primary,S005,Doña Rosa Pickles,2023-12-31,29,jar 500g,2050,2.19,59450,63.58,2024-08-27,Concrete,Summer
B01365,P019,"Pickled gherkins, jar 500g",Pickles,Primary,S005,Doña Rosa Pickles,2024-01-29,24,jar 500g,2050,2.19,49200,52.62,2024-09-25,Concrete,Summer
B01366,P019,"Pickled gherkins, jar 500g",Pickles,Primary,S005,Doña Rosa Pickles,2024-03-03,21,jar 500g,2050,2.19,43050,46.04,2024-10-29,Concrete,Autumn
B01367,P019,"Pickled gherkins, jar 500g",Pickles,Primary,S005,Doña Rosa Pickles,2024-04-10,20,jar 500g,2050,2.19,41000,43.85,2024-12-06,Concrete,Autumn
B01368,P019,"Pickled gherkins, jar 500g",Pickles,Primary,S005,Doña Rosa Pickles,2024-05-21,25,jar 500g,2050,2.19,51250,54.81,2025-01-16,Concrete,Autumn
B01369,P019,"Pickled gherkins, jar 500g",Pickles,Primary,S005,Doña Rosa Pickles,2024-06-24,23,jar 500g,2050,2.19,47150,50.43,2025-02-19,Concrete,Winter
B01370,P019,"Pickled gherkins, jar 500g",Pickles,Primary,S005,Doña Rosa Pickles,2024-07-21,23,jar 500g,2050,2.19,47150,50.43,2025-03-18,Concrete,Winter
B01371,P019,"Pickled gherkins, jar 500g",Pickles,Primary,S005,Doña Rosa Pickles,2024-08-18,22,jar 500g,2050,2.19,45100,48.24,2025-04-15,Concrete,Winter
B01372,P019,"Pickled gherkins, jar 500g",Pickles,Primary,S005,Doña Rosa Pickles,2024-09-24,27,jar 500g,2050,2.19,55350,59.2,2025-05-22,Concrete,Spring
B01373,P019,"Pickled gherkins, jar 500g",Pickles,Backup,S006,Conservas El Huerto,2024-10-20,25,jar 500g,2300,2.46,57500,61.5,2025-06-17,Concrete,Spring
B01374,P019,"Pickled gherkins, jar 500g",Pickles,Primary,S005,Doña Rosa Pickles,2024-11-18,23,jar 500g,2050,2.19,47150,50.43,2025-07-16,Concrete,Spring
B01375,P019,"Pickled gherkins, jar 500g",Pickles,Backup,S006,Conservas El Huerto,2024-12-21,33,jar 500g,2300,2.46,75900,81.18,2025-08-18,Concrete,Summer
B01376,P019,"Pickled gherkins, jar 500g",Pickles,Primary,S005,Doña Rosa Pickles,2025-02-01,29,jar 500g,2050,2.19,59450,63.58,2025-09-29,Concrete,Summer
B01377,P019,"Pickled gherkins, jar 500g",Pickles,Primary,S005,Doña Rosa Pickles,2025-03-03,23,jar 500g,2050,2.19,47150,50.43,2025-10-29,Concrete,Autumn
B01378,P019,"Pickled gherkins, jar 500g",Pickles,Primary,S005,Doña Rosa Pickles,2025-03-31,23,jar 500g,2050,2.19,47150,50.43,2025-11-26,Concrete,Autumn
B01379,P019,"Pickled gherkins, jar 500g",Pickles,Primary,S005,Doña Rosa Pickles,2025-05-07,27,jar 500g,2050,2.19,55350,59.2,2026-01-02,Concrete,Autumn
B01380,P019,"Pickled gherkins, jar 500g",Pickles,Primary,S005,Doña Rosa Pickles,2025-06-05,28,jar 500g,2050,2.19,57400,61.39,2026-01-31,Concrete,Winter
B01381,P020,"Pickled jalapeños, jar 500g",Pickles,Primary,S005,Doña Rosa Pickles,2023-07-07,21,jar 500g,2100,2.25,44100,47.17,2024-03-03,Concrete,Winter
B01382,P020,"Pickled jalapeños, jar 500g",Pickles,Primary,S005,Doña Rosa Pickles,2023-08-06,24,jar 500g,2100,2.25,50400,53.9,2024-04-02,Concrete,Winter
B01383,P020,"Pickled jalapeños, jar 500g",Pickles,Primary,S005,Doña Rosa Pickles,2023-09-22,30,jar 500g,2100,2.25,63000,67.38,2024-05-19,Concrete,Spring
B01384,P020,"Pickled jalapeños, jar 500g",Pickles,Primary,S005,Doña Rosa Pickles,2023-10-29,24,jar 500g,2100,2.25,50400,53.9,2024-06-25,Concrete,Spring
B01385,P020,"Pickled jalapeños, jar 500g",Pickles,Primary,S005,Doña Rosa Pickles,2023-11-23,27,jar 500g,2100,2.25,56700,60.64,2024-07-20,Concrete,Spring
B01386,P020,"Pickled jalapeños, jar 500g",Pickles,Primary,S005,Doña Rosa Pickles,2023-12-26,27,jar 500g,2100,2.25,56700,60.64,2024-08-22,Concrete,Summer
B01387,P020,"Pickled jalapeños, jar 500g",Pickles,Primary,S005,Doña Rosa Pickles,2024-01-29,24,jar 500g,2100,2.25,50400,53.9,2024-09-25,Concrete,Summer
B01388,P020,"Pickled jalapeños, jar 500g",Pickles,Primary,S005,Doña Rosa Pickles,2024-02-26,27,jar 500g,2100,2.25,56700,60.64,2024-10-23,Concrete,Summer
B01389,P020,"Pickled jalapeños, jar 500g",Pickles,Primary,S005,Doña Rosa Pickles,2024-03-29,24,jar 500g,2100,2.25,50400,53.9,2024-11-24,Concrete,Autumn
B01390,P020,"Pickled jalapeños, jar 500g",Pickles,Primary,S005,Doña Rosa Pickles,2024-05-05,21,jar 500g,2100,2.25,44100,47.17,2024-12-31,Concrete,Autumn
B01391,P020,"Pickled jalapeños, jar 500g",Pickles,Primary,S005,Doña Rosa Pickles,2024-06-15,25,jar 500g,2100,2.25,52500,56.15,2025-02-10,Concrete,Winter
B01392,P020,"Pickled jalapeños, jar 500g",Pickles,Primary,S005,Doña Rosa Pickles,2024-07-29,23,jar 500g,2100,2.25,48300,51.66,2025-03-26,Concrete,Winter
B01393,P020,"Pickled jalapeños, jar 500g",Pickles,Backup,S006,Conservas El Huerto,2024-09-05,34,jar 500g,2150,2.3,73100,78.18,2025-05-03,Concrete,Spring
B01394,P020,"Pickled jalapeños, jar 500g",Pickles,Primary,S005,Doña Rosa Pickles,2024-10-17,26,jar 500g,2100,2.25,54600,58.4,2025-06-14,Concrete,Spring
B01395,P020,"Pickled jalapeños, jar 500g",Pickles,Primary,S005,Doña Rosa Pickles,2024-11-23,25,jar 500g,2100,2.25,52500,56.15,2025-07-21,Concrete,Spring
B01396,P020,"Pickled jalapeños, jar 500g",Pickles,Primary,S005,Doña Rosa Pickles,2024-12-25,28,jar 500g,2100,2.25,58800,62.89,2025-08-22,Concrete,Summer
B01397,P020,"Pickled jalapeños, jar 500g",Pickles,Primary,S005,Doña Rosa Pickles,2025-01-30,24,jar 500g,2100,2.25,50400,53.9,2025-09-27,Concrete,Summer
B01398,P020,"Pickled jalapeños, jar 500g",Pickles,Primary,S005,Doña Rosa Pickles,2025-03-04,26,jar 500g,2100,2.25,54600,58.4,2025-10-30,Concrete,Autumn
B01399,P020,"Pickled jalapeños, jar 500g",Pickles,Primary,S005,Doña Rosa Pickles,2025-04-02,28,jar 500g,2100,2.25,58800,62.89,2025-11-28,Concrete,Autumn
B01400,P020,"Pickled jalapeños, jar 500g",Pickles,Primary,S005,Doña Rosa Pickles,2025-05-09,30,jar 500g,2100,2.25,63000,67.38,2026-01-04,Concrete,Autumn
B01401,P020,"Pickled jalapeños, jar 500g",Pickles,Backup,S006,Conservas El Huerto,2025-06-08,27,jar 500g,2150,2.3,58050,62.09,2026-02-03,Concrete,Winter
B01402,P021,"Ground golden chili (aji de color), bag 100g",Chili,Primary,S007,Curico Chili & Sauces,2023-07-02,51,bag 100g,1450,1.55,73950,79.09,2024-04-27,Concrete,Winter
B01403,P021,"Ground golden chili (aji de color), bag 100g",Chili,Primary,S007,Curico Chili & Sauces,2023-08-01,44,bag 100g,1450,1.55,63800,68.24,2024-05-27,Concrete,Winter
B01404,P021,"Ground golden chili (aji de color), bag 100g",Chili,Primary,S007,Curico Chili & Sauces,2023-09-05,66,bag 100g,1450,1.55,95700,102.35,2024-07-01,Concrete,Spring
B01405,P021,"Ground golden chili (aji de color), bag 100g",Chili,Primary,S007,Curico Chili & Sauces,2023-10-17,47,bag 100g,1450,1.55,68150,72.89,2024-08-12,Concrete,Spring
B01406,P021,"Ground golden chili (aji de color), bag 100g",Chili,Backup,S008,Merken del Sur,2023-11-17,44,bag 100g,1400,1.5,61600,65.88,2024-09-12,Concrete,Spring
B01407,P021,"Ground golden chili (aji de color), bag 100g",Chili,Primary,S007,Curico Chili & Sauces,2023-12-19,57,bag 100g,1450,1.55,82650,88.4,2024-10-14,Concrete,Summer
B01408,P021,"Ground golden chili (aji de color), bag 100g",Chili,Primary,S007,Curico Chili & Sauces,2024-01-30,54,bag 100g,1450,1.55,78300,83.74,2024-11-25,Concrete,Summer
B01409,P021,"Ground golden chili (aji de color), bag 100g",Chili,Backup,S008,Merken del Sur,2024-03-07,43,bag 100g,1400,1.5,60200,64.39,2025-01-01,Concrete,Autumn
B01410,P021,"Ground golden chili (aji de color), bag 100g",Chili,Primary,S007,Curico Chili & Sauces,2024-03-31,55,bag 100g,1450,1.55,79750,85.29,2025-01-25,Concrete,Autumn
B01411,P021,"Ground golden chili (aji de color), bag 100g",Chili,Primary,S007,Curico Chili & Sauces,2024-05-06,48,bag 100g,1450,1.55,69600,74.44,2025-03-02,Concrete,Autumn
B01412,P021,"Ground golden chili (aji de color), bag 100g",Chili,Primary,S007,Curico Chili & Sauces,2024-06-14,47,bag 100g,1450,1.55,68150,72.89,2025-04-10,Concrete,Winter
B01413,P021,"Ground golden chili (aji de color), bag 100g",Chili,Primary,S007,Curico Chili & Sauces,2024-07-14,45,bag 100g,1450,1.55,65250,69.79,2025-05-10,Concrete,Winter
B01414,P021,"Ground golden chili (aji de color), bag 100g",Chili,Primary,S007,Curico Chili & Sauces,2024-08-13,53,bag 100g,1450,1.55,76850,82.19,2025-06-09,Concrete,Winter
B01415,P021,"Ground golden chili (aji de color), bag 100g",Chili,Primary,S007,Curico Chili & Sauces,2024-09-22,66,bag 100g,1450,1.55,95700,102.35,2025-07-19,Concrete,Spring
B01416,P021,"Ground golden chili (aji de color), bag 100g",Chili,Primary,S007,Curico Chili & Sauces,2024-10-24,47,bag 100g,1450,1.55,68150,72.89,2025-08-20,Concrete,Spring
B01417,P021,"Ground golden chili (aji de color), bag 100g",Chili,Backup,S008,Merken del Sur,2024-12-05,58,bag 100g,1400,1.5,81200,86.84,2025-10-01,Concrete,Summer
B01418,P021,"Ground golden chili (aji de color), bag 100g",Chili,Primary,S007,Curico Chili & Sauces,2025-01-01,54,bag 100g,1450,1.55,78300,83.74,2025-10-28,Concrete,Summer
B01419,P021,"Ground golden chili (aji de color), bag 100g",Chili,Primary,S007,Curico Chili & Sauces,2025-02-01,53,bag 100g,1450,1.55,76850,82.19,2025-11-28,Concrete,Summer
B01420,P021,"Ground golden chili (aji de color), bag 100g",Chili,Backup,S008,Merken del Sur,2025-03-13,48,bag 100g,1400,1.5,67200,71.87,2026-01-07,Concrete,Autumn
B01421,P021,"Ground golden chili (aji de color), bag 100g",Chili,Primary,S007,Curico Chili & Sauces,2025-04-16,48,bag 100g,1450,1.55,69600,74.44,2026-02-10,Concrete,Autumn
B01422,P021,"Ground golden chili (aji de color), bag 100g",Chili,Primary,S007,Curico Chili & Sauces,2025-05-19,50,bag 100g,1450,1.55,72500,77.54,2026-03-15,Concrete,Autumn
B01423,P021,"Ground golden chili (aji de color), bag 100g",Chili,Primary,S007,Curico Chili & Sauces,2025-06-18,61,bag 100g,1450,1.55,88450,94.6,2026-04-14,Concrete,Winter
B01424,P022,"Bottled chili sauce, bottle 200ml",Chili,Primary,S007,Curico Chili & Sauces,2023-07-29,22,bottle 200ml,1350,1.44,29700,31.76,2024-05-24,Concrete,Winter
B01425,P022,"Bottled chili sauce, bottle 200ml",Chili,Primary,S007,Curico Chili & Sauces,2023-08-27,21,bottle 200ml,1350,1.44,28350,30.32,2024-06-22,Concrete,Winter
B01426,P022,"Bottled chili sauce, bottle 200ml",Chili,Primary,S007,Curico Chili & Sauces,2023-10-08,26,bottle 200ml,1350,1.44,35100,37.54,2024-08-03,Concrete,Spring
B01427,P022,"Bottled chili sauce, bottle 200ml",Chili,Primary,S007,Curico Chili & Sauces,2023-11-12,21,bottle 200ml,1350,1.44,28350,30.32,2024-09-07,Concrete,Spring
B01428,P022,"Bottled chili sauce, bottle 200ml",Chili,Primary,S007,Curico Chili & Sauces,2024-01-01,23,bottle 200ml,1350,1.44,31050,33.21,2024-10-27,Concrete,Summer
B01429,P022,"Bottled chili sauce, bottle 200ml",Chili,Primary,S007,Curico Chili & Sauces,2024-02-09,26,bottle 200ml,1350,1.44,35100,37.54,2024-12-05,Concrete,Summer
B01430,P022,"Bottled chili sauce, bottle 200ml",Chili,Primary,S007,Curico Chili & Sauces,2024-03-11,22,bottle 200ml,1350,1.44,29700,31.76,2025-01-05,Concrete,Autumn
B01431,P022,"Bottled chili sauce, bottle 200ml",Chili,Primary,S007,Curico Chili & Sauces,2024-04-20,22,bottle 200ml,1350,1.44,29700,31.76,2025-02-14,Concrete,Autumn
B01432,P022,"Bottled chili sauce, bottle 200ml",Chili,Primary,S007,Curico Chili & Sauces,2024-05-29,23,bottle 200ml,1350,1.44,31050,33.21,2025-03-25,Concrete,Autumn
B01433,P022,"Bottled chili sauce, bottle 200ml",Chili,Primary,S007,Curico Chili & Sauces,2024-07-09,24,bottle 200ml,1350,1.44,32400,34.65,2025-05-05,Concrete,Winter
B01434,P022,"Bottled chili sauce, bottle 200ml",Chili,Primary,S007,Curico Chili & Sauces,2024-08-08,22,bottle 200ml,1350,1.44,29700,31.76,2025-06-04,Concrete,Winter
B01435,P022,"Bottled chili sauce, bottle 200ml",Chili,Primary,S007,Curico Chili & Sauces,2024-09-10,34,bottle 200ml,1350,1.44,45900,49.09,2025-07-07,Concrete,Spring
B01436,P022,"Bottled chili sauce, bottle 200ml",Chili,Primary,S007,Curico Chili & Sauces,2024-10-13,27,bottle 200ml,1350,1.44,36450,38.98,2025-08-09,Concrete,Spring
B01437,P022,"Bottled chili sauce, bottle 200ml",Chili,Primary,S007,Curico Chili & Sauces,2024-11-19,22,bottle 200ml,1350,1.44,29700,31.76,2025-09-15,Concrete,Spring
B01438,P022,"Bottled chili sauce, bottle 200ml",Chili,Primary,S007,Curico Chili & Sauces,2024-12-18,32,bottle 200ml,1350,1.44,43200,46.2,2025-10-14,Concrete,Summer
B01439,P022,"Bottled chili sauce, bottle 200ml",Chili,Backup,S008,Merken del Sur,2025-01-19,23,bottle 200ml,1400,1.5,32200,34.44,2025-11-15,Concrete,Summer
B01440,P022,"Bottled chili sauce, bottle 200ml",Chili,Primary,S007,Curico Chili & Sauces,2025-02-23,27,bottle 200ml,1350,1.44,36450,38.98,2025-12-20,Concrete,Summer
B01441,P022,"Bottled chili sauce, bottle 200ml",Chili,Primary,S007,Curico Chili & Sauces,2025-03-30,27,bottle 200ml,1350,1.44,36450,38.98,2026-01-24,Concrete,Autumn
B01442,P022,"Bottled chili sauce, bottle 200ml",Chili,Primary,S007,Curico Chili & Sauces,2025-05-02,25,bottle 200ml,1350,1.44,33750,36.1,2026-02-26,Concrete,Autumn
B01443,P022,"Bottled chili sauce, bottle 200ml",Chili,Primary,S007,Curico Chili & Sauces,2025-06-09,24,bottle 200ml,1350,1.44,32400,34.65,2026-04-05,Concrete,Winter
B01444,P023,"Chili paste, bag 250g",Chili,Primary,S007,Curico Chili & Sauces,2023-07-03,48,bag 250g,1400,1.5,67200,71.87,2024-04-28,Concrete,Winter
B01445,P023,"Chili paste, bag 250g",Chili,Primary,S007,Curico Chili & Sauces,2023-08-08,47,bag 250g,1400,1.5,65800,70.37,2024-06-03,Concrete,Winter
B01446,P023,"Chili paste, bag 250g",Chili,Primary,S007,Curico Chili & Sauces,2023-09-16,67,bag 250g,1400,1.5,93800,100.32,2024-07-12,Concrete,Spring
B01447,P023,"Chili paste, bag 250g",Chili,Primary,S007,Curico Chili & Sauces,2023-10-16,54,bag 250g,1400,1.5,75600,80.86,2024-08-11,Concrete,Spring
B01448,P023,"Chili paste, bag 250g",Chili,Primary,S007,Curico Chili & Sauces,2023-11-21,45,bag 250g,1400,1.5,63000,67.38,2024-09-16,Concrete,Spring
B01449,P023,"Chili paste, bag 250g",Chili,Backup,S008,Merken del Sur,2024-01-01,53,bag 250g,1450,1.55,76850,82.19,2024-10-27,Concrete,Summer
B01450,P023,"Chili paste, bag 250g",Chili,Primary,S007,Curico Chili & Sauces,2024-02-04,50,bag 250g,1400,1.5,70000,74.87,2024-11-30,Concrete,Summer
B01451,P023,"Chili paste, bag 250g",Chili,Primary,S007,Curico Chili & Sauces,2024-03-11,53,bag 250g,1400,1.5,74200,79.36,2025-01-05,Concrete,Autumn
B01452,P023,"Chili paste, bag 250g",Chili,Primary,S007,Curico Chili & Sauces,2024-04-17,54,bag 250g,1400,1.5,75600,80.86,2025-02-11,Concrete,Autumn
B01453,P023,"Chili paste, bag 250g",Chili,Primary,S007,Curico Chili & Sauces,2024-05-27,46,bag 250g,1400,1.5,64400,68.88,2025-03-23,Concrete,Autumn
B01454,P023,"Chili paste, bag 250g",Chili,Primary,S007,Curico Chili & Sauces,2024-06-25,43,bag 250g,1400,1.5,60200,64.39,2025-04-21,Concrete,Winter
B01455,P023,"Chili paste, bag 250g",Chili,Primary,S007,Curico Chili & Sauces,2024-07-29,45,bag 250g,1400,1.5,63000,67.38,2025-05-25,Concrete,Winter
B01456,P023,"Chili paste, bag 250g",Chili,Primary,S007,Curico Chili & Sauces,2024-09-07,60,bag 250g,1400,1.5,84000,89.84,2025-07-04,Concrete,Spring
B01457,P023,"Chili paste, bag 250g",Chili,Primary,S007,Curico Chili & Sauces,2024-10-08,50,bag 250g,1400,1.5,70000,74.87,2025-08-04,Concrete,Spring
B01458,P023,"Chili paste, bag 250g",Chili,Primary,S007,Curico Chili & Sauces,2024-11-10,51,bag 250g,1400,1.5,71400,76.36,2025-09-06,Concrete,Spring
B01459,P023,"Chili paste, bag 250g",Chili,Primary,S007,Curico Chili & Sauces,2024-12-17,62,bag 250g,1400,1.5,86800,92.83,2025-10-13,Concrete,Summer
B01460,P023,"Chili paste, bag 250g",Chili,Primary,S007,Curico Chili & Sauces,2025-01-18,50,bag 250g,1400,1.5,70000,74.87,2025-11-14,Concrete,Summer
B01461,P023,"Chili paste, bag 250g",Chili,Backup,S008,Merken del Sur,2025-02-18,48,bag 250g,1450,1.55,69600,74.44,2025-12-15,Concrete,Summer
B01462,P023,"Chili paste, bag 250g",Chili,Primary,S007,Curico Chili & Sauces,2025-03-20,58,bag 250g,1400,1.5,81200,86.84,2026-01-14,Concrete,Autumn
B01463,P023,"Chili paste, bag 250g",Chili,Primary,S007,Curico Chili & Sauces,2025-04-22,58,bag 250g,1400,1.5,81200,86.84,2026-02-16,Concrete,Autumn
B01464,P023,"Chili paste, bag 250g",Chili,Primary,S007,Curico Chili & Sauces,2025-05-28,48,bag 250g,1400,1.5,67200,71.87,2026-03-24,Concrete,Autumn
B01465,P024,"Chili paste, bottle 200ml",Chili,Primary,S007,Curico Chili & Sauces,2023-07-20,24,bottle 200ml,1350,1.44,32400,34.65,2024-05-15,Concrete,Winter
B01466,P024,"Chili paste, bottle 200ml",Chili,Primary,S007,Curico Chili & Sauces,2023-08-23,23,bottle 200ml,1350,1.44,31050,33.21,2024-06-18,Concrete,Winter
B01467,P024,"Chili paste, bottle 200ml",Chili,Primary,S007,Curico Chili & Sauces,2023-09-27,33,bottle 200ml,1350,1.44,44550,47.65,2024-07-23,Concrete,Spring
B01468,P024,"Chili paste, bottle 200ml",Chili,Primary,S007,Curico Chili & Sauces,2023-11-03,27,bottle 200ml,1350,1.44,36450,38.98,2024-08-29,Concrete,Spring
B01469,P024,"Chili paste, bottle 200ml",Chili,Primary,S007,Curico Chili & Sauces,2023-12-05,32,bottle 200ml,1350,1.44,43200,46.2,2024-09-30,Concrete,Summer
B01470,P024,"Chili paste, bottle 200ml",Chili,Primary,S007,Curico Chili & Sauces,2024-01-14,27,bottle 200ml,1350,1.44,36450,38.98,2024-11-09,Concrete,Summer
B01471,P024,"Chili paste, bottle 200ml",Chili,Primary,S007,Curico Chili & Sauces,2024-02-17,25,bottle 200ml,1350,1.44,33750,36.1,2024-12-13,Concrete,Summer
B01472,P024,"Chili paste, bottle 200ml",Chili,Primary,S007,Curico Chili & Sauces,2024-04-01,26,bottle 200ml,1350,1.44,35100,37.54,2025-01-26,Concrete,Autumn
B01473,P024,"Chili paste, bottle 200ml",Chili,Primary,S007,Curico Chili & Sauces,2024-05-04,24,bottle 200ml,1350,1.44,32400,34.65,2025-02-28,Concrete,Autumn
B01474,P024,"Chili paste, bottle 200ml",Chili,Primary,S007,Curico Chili & Sauces,2024-06-04,25,bottle 200ml,1350,1.44,33750,36.1,2025-03-31,Concrete,Winter
B01475,P024,"Chili paste, bottle 200ml",Chili,Primary,S007,Curico Chili & Sauces,2024-07-09,22,bottle 200ml,1350,1.44,29700,31.76,2025-05-05,Concrete,Winter
B01476,P024,"Chili paste, bottle 200ml",Chili,Primary,S007,Curico Chili & Sauces,2024-08-06,24,bottle 200ml,1350,1.44,32400,34.65,2025-06-02,Concrete,Winter
B01477,P024,"Chili paste, bottle 200ml",Chili,Primary,S007,Curico Chili & Sauces,2024-09-03,32,bottle 200ml,1350,1.44,43200,46.2,2025-06-30,Concrete,Spring
B01478,P024,"Chili paste, bottle 200ml",Chili,Primary,S007,Curico Chili & Sauces,2024-10-05,26,bottle 200ml,1350,1.44,35100,37.54,2025-08-01,Concrete,Spring
B01479,P024,"Chili paste, bottle 200ml",Chili,Primary,S007,Curico Chili & Sauces,2024-11-08,23,bottle 200ml,1350,1.44,31050,33.21,2025-09-04,Concrete,Spring
B01480,P024,"Chili paste, bottle 200ml",Chili,Primary,S007,Curico Chili & Sauces,2024-12-22,30,bottle 200ml,1350,1.44,40500,43.32,2025-10-18,Concrete,Summer
B01481,P024,"Chili paste, bottle 200ml",Chili,Primary,S007,Curico Chili & Sauces,2025-01-28,23,bottle 200ml,1350,1.44,31050,33.21,2025-11-24,Concrete,Summer
B01482,P024,"Chili paste, bottle 200ml",Chili,Primary,S007,Curico Chili & Sauces,2025-03-06,28,bottle 200ml,1350,1.44,37800,40.43,2025-12-31,Concrete,Autumn
B01483,P024,"Chili paste, bottle 200ml",Chili,Backup,S008,Merken del Sur,2025-04-16,25,bottle 200ml,1500,1.6,37500,40.11,2026-02-10,Concrete,Autumn
B01484,P024,"Chili paste, bottle 200ml",Chili,Primary,S007,Curico Chili & Sauces,2025-05-25,23,bottle 200ml,1350,1.44,31050,33.21,2026-03-21,Concrete,Autumn
B01485,P025,"Sliced green chili, bag 200g",Chili,Primary,S007,Curico Chili & Sauces,2023-08-02,81,bag 200g,1100,1.18,89100,95.29,2024-05-28,Concrete,Winter
B01486,P025,"Sliced green chili, bag 200g",Chili,Primary,S007,Curico Chili & Sauces,2023-09-16,112,bag 200g,1100,1.18,123200,131.76,2024-07-12,Concrete,Spring
B01487,P025,"Sliced green chili, bag 200g",Chili,Backup,S008,Merken del Sur,2023-10-16,32,bag 200g,1150,1.23,36800,39.36,2024-08-11,Concrete,Spring
B01488,P025,"Sliced green chili, bag 200g",Chili,Primary,S007,Curico Chili & Sauces,2023-11-13,31,bag 200g,1100,1.18,34100,36.47,2024-09-08,Concrete,Spring
B01489,P025,"Sliced green chili, bag 200g",Chili,Primary,S007,Curico Chili & Sauces,2023-12-15,34,bag 200g,1100,1.18,37400,40.0,2024-10-10,Concrete,Summer
B01490,P025,"Sliced green chili, bag 200g",Chili,Primary,S007,Curico Chili & Sauces,2024-01-23,26,bag 200g,1100,1.18,28600,30.59,2024-11-18,Concrete,Summer
B01491,P025,"Sliced green chili, bag 200g",Chili,Primary,S007,Curico Chili & Sauces,2024-02-29,34,bag 200g,1100,1.18,37400,40.0,2024-12-25,Concrete,Summer
B01492,P025,"Sliced green chili, bag 200g",Chili,Primary,S007,Curico Chili & Sauces,2024-04-04,87,bag 200g,1100,1.18,95700,102.35,2025-01-29,Concrete,Autumn
B01493,P025,"Sliced green chili, bag 200g",Chili,Backup,S008,Merken del Sur,2024-05-17,89,bag 200g,1150,1.23,102350,109.47,2025-03-13,Concrete,Autumn
B01494,P025,"Sliced green chili, bag 200g",Chili,Primary,S007,Curico Chili & Sauces,2024-06-17,85,bag 200g,1100,1.18,93500,100.0,2025-04-13,Concrete,Winter
B01495,P025,"Sliced green chili, bag 200g",Chili,Primary,S007,Curico Chili & Sauces,2024-07-30,82,bag 200g,1100,1.18,90200,96.47,2025-05-26,Concrete,Winter
B01496,P025,"Sliced green chili, bag 200g",Chili,Primary,S007,Curico Chili & Sauces,2024-09-02,87,bag 200g,1100,1.18,95700,102.35,2025-06-29,Concrete,Spring
B01497,P025,"Sliced green chili, bag 200g",Chili,Primary,S007,Curico Chili & Sauces,2024-10-02,26,bag 200g,1100,1.18,28600,30.59,2025-07-29,Concrete,Spring
B01498,P025,"Sliced green chili, bag 200g",Chili,Primary,S007,Curico Chili & Sauces,2024-11-04,32,bag 200g,1100,1.18,35200,37.65,2025-08-31,Concrete,Spring
B01499,P025,"Sliced green chili, bag 200g",Chili,Primary,S007,Curico Chili & Sauces,2024-12-08,35,bag 200g,1100,1.18,38500,41.18,2025-10-04,Concrete,Summer
B01500,P025,"Sliced green chili, bag 200g",Chili,Primary,S007,Curico Chili & Sauces,2025-01-15,32,bag 200g,1100,1.18,35200,37.65,2025-11-11,Concrete,Summer
B01501,P025,"Sliced green chili, bag 200g",Chili,Primary,S007,Curico Chili & Sauces,2025-02-19,35,bag 200g,1100,1.18,38500,41.18,2025-12-16,Concrete,Summer
B01502,P025,"Sliced green chili, bag 200g",Chili,Primary,S007,Curico Chili & Sauces,2025-03-19,35,bag 200g,1100,1.18,38500,41.18,2026-01-13,Concrete,Autumn
B01503,P025,"Sliced green chili, bag 200g",Chili,Primary,S007,Curico Chili & Sauces,2025-04-19,82,bag 200g,1100,1.18,90200,96.47,2026-02-13,Concrete,Autumn
B01504,P025,"Sliced green chili, bag 200g",Chili,Primary,S007,Curico Chili & Sauces,2025-05-26,78,bag 200g,1100,1.18,85800,91.76,2026-03-22,Concrete,Autumn
B01505,P026,"Dried cacho de cabra chili, bag 50g",Chili,Primary,S007,Curico Chili & Sauces,2023-07-22,83,bag 50g,1100,1.18,91300,97.65,2024-05-17,Concrete,Winter
B01506,P026,"Dried cacho de cabra chili, bag 50g",Chili,Primary,S007,Curico Chili & Sauces,2023-08-25,81,bag 50g,1100,1.18,89100,95.29,2024-06-20,Concrete,Winter
B01507,P026,"Dried cacho de cabra chili, bag 50g",Chili,Primary,S007,Curico Chili & Sauces,2023-09-28,104,bag 50g,1100,1.18,114400,122.35,2024-07-24,Concrete,Spring
B01508,P026,"Dried cacho de cabra chili, bag 50g",Chili,Primary,S007,Curico Chili & Sauces,2023-11-10,26,bag 50g,1100,1.18,28600,30.59,2024-09-05,Concrete,Spring
B01509,P026,"Dried cacho de cabra chili, bag 50g",Chili,Primary,S007,Curico Chili & Sauces,2023-12-11,40,bag 50g,1100,1.18,44000,47.06,2024-10-06,Concrete,Summer
B01510,P026,"Dried cacho de cabra chili, bag 50g",Chili,Backup,S008,Merken del Sur,2024-01-19,34,bag 50g,1100,1.18,37400,40.0,2024-11-14,Concrete,Summer
B01511,P026,"Dried cacho de cabra chili, bag 50g",Chili,Backup,S008,Merken del Sur,2024-02-26,29,bag 50g,1100,1.18,31900,34.12,2024-12-22,Concrete,Summer
B01512,P026,"Dried cacho de cabra chili, bag 50g",Chili,Primary,S007,Curico Chili & Sauces,2024-04-01,80,bag 50g,1100,1.18,88000,94.12,2025-01-26,Concrete,Autumn
B01513,P026,"Dried cacho de cabra chili, bag 50g",Chili,Primary,S007,Curico Chili & Sauces,2024-05-12,90,bag 50g,1100,1.18,99000,105.88,2025-03-08,Concrete,Autumn
B01514,P026,"Dried cacho de cabra chili, bag 50g",Chili,Primary,S007,Curico Chili & Sauces,2024-06-14,70,bag 50g,1100,1.18,77000,82.35,2025-04-10,Concrete,Winter
B01515,P026,"Dried cacho de cabra chili, bag 50g",Chili,Backup,S008,Merken del Sur,2024-07-25,91,bag 50g,1100,1.18,100100,107.06,2025-05-21,Concrete,Winter
B01516,P026,"Dried cacho de cabra chili, bag 50g",Chili,Primary,S007,Curico Chili & Sauces,2024-09-02,97,bag 50g,1100,1.18,106700,114.12,2025-06-29,Concrete,Spring
B01517,P026,"Dried cacho de cabra chili, bag 50g",Chili,Primary,S007,Curico Chili & Sauces,2024-09-28,91,bag 50g,1100,1.18,100100,107.06,2025-07-25,Concrete,Spring
B01518,P026,"Dried cacho de cabra chili, bag 50g",Chili,Primary,S007,Curico Chili & Sauces,2024-11-10,29,bag 50g,1100,1.18,31900,34.12,2025-09-06,Concrete,Spring
B01519,P026,"Dried cacho de cabra chili, bag 50g",Chili,Primary,S007,Curico Chili & Sauces,2024-12-13,45,bag 50g,1100,1.18,49500,52.94,2025-10-09,Concrete,Summer
B01520,P026,"Dried cacho de cabra chili, bag 50g",Chili,Primary,S007,Curico Chili & Sauces,2025-01-14,29,bag 50g,1100,1.18,31900,34.12,2025-11-10,Concrete,Summer
B01521,P026,"Dried cacho de cabra chili, bag 50g",Chili,Primary,S007,Curico Chili & Sauces,2025-02-25,28,bag 50g,1100,1.18,30800,32.94,2025-12-22,Concrete,Summer
B01522,P026,"Dried cacho de cabra chili, bag 50g",Chili,Primary,S007,Curico Chili & Sauces,2025-04-01,90,bag 50g,1100,1.18,99000,105.88,2026-01-26,Concrete,Autumn
B01523,P026,"Dried cacho de cabra chili, bag 50g",Chili,Primary,S007,Curico Chili & Sauces,2025-05-02,97,bag 50g,1100,1.18,106700,114.12,2026-02-26,Concrete,Autumn
B01524,P026,"Dried cacho de cabra chili, bag 50g",Chili,Primary,S007,Curico Chili & Sauces,2025-06-02,89,bag 50g,1100,1.18,97900,104.71,2026-03-29,Concrete,Winter
B01525,P027,"Ground panca chili, bag 100g",Chili,Primary,S007,Curico Chili & Sauces,2023-07-31,71,bag 100g,1450,1.55,102950,110.11,2024-05-26,Concrete,Winter
B01526,P027,"Ground panca chili, bag 100g",Chili,Primary,S007,Curico Chili & Sauces,2023-09-08,97,bag 100g,1450,1.55,140650,150.43,2024-07-04,Concrete,Spring
B01527,P027,"Ground panca chili, bag 100g",Chili,Primary,S007,Curico Chili & Sauces,2023-10-16,34,bag 100g,1450,1.55,49300,52.73,2024-08-11,Concrete,Spring
B01528,P027,"Ground panca chili, bag 100g",Chili,Primary,S007,Curico Chili & Sauces,2023-11-18,28,bag 100g,1450,1.55,40600,43.42,2024-09-13,Concrete,Spring
B01529,P027,"Ground panca chili, bag 100g",Chili,Backup,S008,Merken del Sur,2023-12-17,40,bag 100g,1400,1.5,56000,59.89,2024-10-12,Concrete,Summer
B01530,P027,"Ground panca chili, bag 100g",Chili,Backup,S008,Merken del Sur,2024-01-21,28,bag 100g,1400,1.5,39200,41.93,2024-11-16,Concrete,Summer
B01531,P027,"Ground panca chili, bag 100g",Chili,Backup,S008,Merken del Sur,2024-02-25,33,bag 100g,1400,1.5,46200,49.41,2024-12-21,Concrete,Summer
B01532,P027,"Ground panca chili, bag 100g",Chili,Primary,S007,Curico Chili & Sauces,2024-04-03,74,bag 100g,1450,1.55,107300,114.76,2025-01-28,Concrete,Autumn
B01533,P027,"Ground panca chili, bag 100g",Chili,Primary,S007,Curico Chili & Sauces,2024-05-13,69,bag 100g,1450,1.55,100050,107.01,2025-03-09,Concrete,Autumn
B01534,P027,"Ground panca chili, bag 100g",Chili,Primary,S007,Curico Chili & Sauces,2024-06-03,83,bag 100g,1450,1.55,120350,128.72,2025-03-30,Concrete,Winter
B01535,P027,"Ground panca chili, bag 100g",Chili,Primary,S007,Curico Chili & Sauces,2024-07-13,85,bag 100g,1450,1.55,123250,131.82,2025-05-09,Concrete,Winter
B01536,P027,"Ground panca chili, bag 100g",Chili,Primary,S007,Curico Chili & Sauces,2024-08-16,83,bag 100g,1450,1.55,120350,128.72,2025-06-12,Concrete,Winter
B01537,P027,"Ground panca chili, bag 100g",Chili,Primary,S007,Curico Chili & Sauces,2024-09-22,112,bag 100g,1450,1.55,162400,173.69,2025-07-19,Concrete,Spring
B01538,P027,"Ground panca chili, bag 100g",Chili,Primary,S007,Curico Chili & Sauces,2024-10-27,27,bag 100g,1450,1.55,39150,41.87,2025-08-23,Concrete,Spring
B01539,P027,"Ground panca chili, bag 100g",Chili,Primary,S007,Curico Chili & Sauces,2024-11-25,28,bag 100g,1450,1.55,40600,43.42,2025-09-21,Concrete,Spring
B01540,P027,"Ground panca chili, bag 100g",Chili,Backup,S008,Merken del Sur,2025-01-06,37,bag 100g,1400,1.5,51800,55.4,2025-11-02,Concrete,Summer
B01541,P027,"Ground panca chili, bag 100g",Chili,Primary,S007,Curico Chili & Sauces,2025-02-11,30,bag 100g,1450,1.55,43500,46.52,2025-12-08,Concrete,Summer
B01542,P027,"Ground panca chili, bag 100g",Chili,Primary,S007,Curico Chili & Sauces,2025-03-18,35,bag 100g,1450,1.55,50750,54.28,2026-01-12,Concrete,Autumn
B01543,P027,"Ground panca chili, bag 100g",Chili,Primary,S007,Curico Chili & Sauces,2025-04-16,80,bag 100g,1450,1.55,116000,124.06,2026-02-10,Concrete,Autumn
B01544,P027,"Ground panca chili, bag 100g",Chili,Primary,S007,Curico Chili & Sauces,2025-06-01,94,bag 100g,1450,1.55,136300,145.78,2026-03-28,Concrete,Winter
B01545,P028,"Merken (smoked chili), bag 100g",Chili,Primary,S007,Curico Chili & Sauces,2023-07-14,69,bag 100g,1350,1.44,93150,99.63,2024-05-09,Concrete,Winter
B01546,P028,"Merken (smoked chili), bag 100g",Chili,Primary,S007,Curico Chili & Sauces,2023-08-18,84,bag 100g,1350,1.44,113400,121.28,2024-06-13,Concrete,Winter
B01547,P028,"Merken (smoked chili), bag 100g",Chili,Primary,S007,Curico Chili & Sauces,2023-09-25,98,bag 100g,1350,1.44,132300,141.5,2024-07-21,Concrete,Spring
B01548,P028,"Merken (smoked chili), bag 100g",Chili,Primary,S007,Curico Chili & Sauces,2023-10-26,33,bag 100g,1350,1.44,44550,47.65,2024-08-21,Concrete,Spring
B01549,P028,"Merken (smoked chili), bag 100g",Chili,Primary,S007,Curico Chili & Sauces,2023-11-30,32,bag 100g,1350,1.44,43200,46.2,2024-09-25,Concrete,Spring
B01550,P028,"Merken (smoked chili), bag 100g",Chili,Primary,S007,Curico Chili & Sauces,2024-01-07,28,bag 100g,1350,1.44,37800,40.43,2024-11-02,Concrete,Summer
B01551,P028,"Merken (smoked chili), bag 100g",Chili,Primary,S007,Curico Chili & Sauces,2024-02-14,28,bag 100g,1350,1.44,37800,40.43,2024-12-10,Concrete,Summer
B01552,P028,"Merken (smoked chili), bag 100g",Chili,Primary,S007,Curico Chili & Sauces,2024-03-20,28,bag 100g,1350,1.44,37800,40.43,2025-01-14,Concrete,Autumn
B01553,P028,"Merken (smoked chili), bag 100g",Chili,Primary,S007,Curico Chili & Sauces,2024-04-15,68,bag 100g,1350,1.44,91800,98.18,2025-02-09,Concrete,Autumn
B01554,P028,"Merken (smoked chili), bag 100g",Chili,Primary,S007,Curico Chili & Sauces,2024-05-19,87,bag 100g,1350,1.44,117450,125.61,2025-03-15,Concrete,Autumn
B01555,P028,"Merken (smoked chili), bag 100g",Chili,Primary,S007,Curico Chili & Sauces,2024-06-30,90,bag 100g,1350,1.44,121500,129.95,2025-04-26,Concrete,Winter
B01556,P028,"Merken (smoked chili), bag 100g",Chili,Primary,S007,Curico Chili & Sauces,2024-08-08,76,bag 100g,1350,1.44,102600,109.73,2025-06-04,Concrete,Winter
B01557,P028,"Merken (smoked chili), bag 100g",Chili,Primary,S007,Curico Chili & Sauces,2024-09-06,106,bag 100g,1350,1.44,143100,153.05,2025-07-03,Concrete,Spring
B01558,P028,"Merken (smoked chili), bag 100g",Chili,Primary,S007,Curico Chili & Sauces,2024-10-08,32,bag 100g,1350,1.44,43200,46.2,2025-08-04,Concrete,Spring
B01559,P028,"Merken (smoked chili), bag 100g",Chili,Primary,S007,Curico Chili & Sauces,2024-11-13,33,bag 100g,1350,1.44,44550,47.65,2025-09-09,Concrete,Spring
B01560,P028,"Merken (smoked chili), bag 100g",Chili,Primary,S007,Curico Chili & Sauces,2024-12-19,36,bag 100g,1350,1.44,48600,51.98,2025-10-15,Concrete,Summer
B01561,P028,"Merken (smoked chili), bag 100g",Chili,Primary,S007,Curico Chili & Sauces,2025-01-24,29,bag 100g,1350,1.44,39150,41.87,2025-11-20,Concrete,Summer
B01562,P028,"Merken (smoked chili), bag 100g",Chili,Primary,S007,Curico Chili & Sauces,2025-02-26,28,bag 100g,1350,1.44,37800,40.43,2025-12-23,Concrete,Summer
B01563,P028,"Merken (smoked chili), bag 100g",Chili,Primary,S007,Curico Chili & Sauces,2025-03-31,30,bag 100g,1350,1.44,40500,43.32,2026-01-25,Concrete,Autumn
B01564,P028,"Merken (smoked chili), bag 100g",Chili,Primary,S007,Curico Chili & Sauces,2025-05-12,99,bag 100g,1350,1.44,133650,142.94,2026-03-08,Concrete,Autumn
B01565,P028,"Merken (smoked chili), bag 100g",Chili,Primary,S007,Curico Chili & Sauces,2025-06-16,75,bag 100g,1350,1.44,101250,108.29,2026-04-12,Concrete,Winter
B01566,P029,"Whole dried red chili, bag 100g",Chili,Primary,S007,Curico Chili & Sauces,2023-07-26,75,bag 100g,1400,1.5,105000,112.3,2024-05-21,Concrete,Winter
B01567,P029,"Whole dried red chili, bag 100g",Chili,Primary,S007,Curico Chili & Sauces,2023-08-25,84,bag 100g,1400,1.5,117600,125.78,2024-06-20,Concrete,Winter
B01568,P029,"Whole dried red chili, bag 100g",Chili,Primary,S007,Curico Chili & Sauces,2023-09-25,105,bag 100g,1400,1.5,147000,157.22,2024-07-21,Concrete,Spring
B01569,P029,"Whole dried red chili, bag 100g",Chili,Primary,S007,Curico Chili & Sauces,2023-10-30,33,bag 100g,1400,1.5,46200,49.41,2024-08-25,Concrete,Spring
B01570,P029,"Whole dried red chili, bag 100g",Chili,Primary,S007,Curico Chili & Sauces,2023-11-26,30,bag 100g,1400,1.5,42000,44.92,2024-09-21,Concrete,Spring
B01571,P029,"Whole dried red chili, bag 100g",Chili,Primary,S007,Curico Chili & Sauces,2024-01-07,28,bag 100g,1400,1.5,39200,41.93,2024-11-02,Concrete,Summer
B01572,P029,"Whole dried red chili, bag 100g",Chili,Primary,S007,Curico Chili & Sauces,2024-02-09,33,bag 100g,1400,1.5,46200,49.41,2024-12-05,Concrete,Summer
B01573,P029,"Whole dried red chili, bag 100g",Chili,Primary,S007,Curico Chili & Sauces,2024-03-19,33,bag 100g,1400,1.5,46200,49.41,2025-01-13,Concrete,Autumn
B01574,P029,"Whole dried red chili, bag 100g",Chili,Primary,S007,Curico Chili & Sauces,2024-04-22,83,bag 100g,1400,1.5,116200,124.28,2025-02-16,Concrete,Autumn
B01575,P029,"Whole dried red chili, bag 100g",Chili,Primary,S007,Curico Chili & Sauces,2024-05-17,70,bag 100g,1400,1.5,98000,104.81,2025-03-13,Concrete,Autumn
B01576,P029,"Whole dried red chili, bag 100g",Chili,Primary,S007,Curico Chili & Sauces,2024-06-13,72,bag 100g,1400,1.5,100800,107.81,2025-04-09,Concrete,Winter
B01577,P029,"Whole dried red chili, bag 100g",Chili,Primary,S007,Curico Chili & Sauces,2024-07-21,69,bag 100g,1400,1.5,96600,103.32,2025-05-17,Concrete,Winter
B01578,P029,"Whole dried red chili, bag 100g",Chili,Primary,S007,Curico Chili & Sauces,2024-08-22,75,bag 100g,1400,1.5,105000,112.3,2025-06-18,Concrete,Winter
B01579,P029,"Whole dried red chili, bag 100g",Chili,Backup,S008,Merken del Sur,2024-09-25,108,bag 100g,1500,1.6,162000,173.26,2025-07-22,Concrete,Spring
B01580,P029,"Whole dried red chili, bag 100g",Chili,Primary,S007,Curico Chili & Sauces,2024-10-25,31,bag 100g,1400,1.5,43400,46.42,2025-08-21,Concrete,Spring
B01581,P029,"Whole dried red chili, bag 100g",Chili,Primary,S007,Curico Chili & Sauces,2024-12-02,34,bag 100g,1400,1.5,47600,50.91,2025-09-28,Concrete,Summer
B01582,P029,"Whole dried red chili, bag 100g",Chili,Primary,S007,Curico Chili & Sauces,2024-12-30,41,bag 100g,1400,1.5,57400,61.39,2025-10-26,Concrete,Summer
B01583,P029,"Whole dried red chili, bag 100g",Chili,Primary,S007,Curico Chili & Sauces,2025-01-24,29,bag 100g,1400,1.5,40600,43.42,2025-11-20,Concrete,Summer
B01584,P029,"Whole dried red chili, bag 100g",Chili,Primary,S007,Curico Chili & Sauces,2025-03-01,35,bag 100g,1400,1.5,49000,52.41,2025-12-26,Concrete,Autumn
B01585,P029,"Whole dried red chili, bag 100g",Chili,Primary,S007,Curico Chili & Sauces,2025-03-31,33,bag 100g,1400,1.5,46200,49.41,2026-01-25,Concrete,Autumn
B01586,P029,"Whole dried red chili, bag 100g",Chili,Primary,S007,Curico Chili & Sauces,2025-04-30,94,bag 100g,1400,1.5,131600,140.75,2026-02-24,Concrete,Autumn
B01587,P029,"Whole dried red chili, bag 100g",Chili,Primary,S007,Curico Chili & Sauces,2025-06-12,78,bag 100g,1400,1.5,109200,116.79,2026-04-08,Concrete,Winter
B01588,P030,"All-purpose seasoning, bag 100g",Seasonings,Primary,S009,Valley Spices SpA,2023-07-31,53,bag 100g,1050,1.12,55650,59.52,2025-01-21,Concrete,Winter
B01589,P030,"All-purpose seasoning, bag 100g",Seasonings,Primary,S009,Valley Spices SpA,2023-10-04,44,bag 100g,1050,1.12,46200,49.41,2025-03-27,Concrete,Spring
B01590,P030,"All-purpose seasoning, bag 100g",Seasonings,Primary,S009,Valley Spices SpA,2023-11-24,43,bag 100g,1050,1.12,45150,48.29,2025-05-17,Concrete,Spring
B01591,P030,"All-purpose seasoning, bag 100g",Seasonings,Primary,S009,Valley Spices SpA,2024-01-28,52,bag 100g,1050,1.12,54600,58.4,2025-07-21,Concrete,Summer
B01592,P030,"All-purpose seasoning, bag 100g",Seasonings,Primary,S009,Valley Spices SpA,2024-03-23,52,bag 100g,1050,1.12,54600,58.4,2025-09-14,Concrete,Autumn
B01593,P030,"All-purpose seasoning, bag 100g",Seasonings,Backup,S010,Especias Andinas,2024-05-26,45,bag 100g,1050,1.12,47250,50.53,2025-11-17,Concrete,Autumn
B01594,P030,"All-purpose seasoning, bag 100g",Seasonings,Backup,S010,Especias Andinas,2024-07-27,43,bag 100g,1050,1.12,45150,48.29,2026-01-18,Concrete,Winter
B01595,P030,"All-purpose seasoning, bag 100g",Seasonings,Primary,S009,Valley Spices SpA,2024-09-13,65,bag 100g,1050,1.12,68250,72.99,2026-03-07,Concrete,Spring
B01596,P030,"All-purpose seasoning, bag 100g",Seasonings,Primary,S009,Valley Spices SpA,2024-10-26,44,bag 100g,1050,1.12,46200,49.41,2026-04-19,Concrete,Spring
B01597,P030,"All-purpose seasoning, bag 100g",Seasonings,Primary,S009,Valley Spices SpA,2024-12-28,64,bag 100g,1050,1.12,67200,71.87,2026-06-21,Concrete,Summer
B01598,P030,"All-purpose seasoning, bag 100g",Seasonings,Backup,S010,Especias Andinas,2025-02-14,52,bag 100g,1050,1.12,54600,58.4,2026-08-08,Concrete,Summer
B01599,P030,"All-purpose seasoning, bag 100g",Seasonings,Primary,S009,Valley Spices SpA,2025-04-30,49,bag 100g,1050,1.12,51450,55.03,2026-10-22,Concrete,Autumn
B01600,P031,"Ground cumin, bag 100g",Seasonings,Primary,S009,Valley Spices SpA,2023-07-20,44,bag 100g,1050,1.12,46200,49.41,2025-01-10,Concrete,Winter
B01601,P031,"Ground cumin, bag 100g",Seasonings,Primary,S009,Valley Spices SpA,2023-09-06,61,bag 100g,1050,1.12,64050,68.5,2025-02-27,Concrete,Spring
B01602,P031,"Ground cumin, bag 100g",Seasonings,Primary,S009,Valley Spices SpA,2023-11-02,44,bag 100g,1050,1.12,46200,49.41,2025-04-25,Concrete,Spring
B01603,P031,"Ground cumin, bag 100g",Seasonings,Primary,S009,Valley Spices SpA,2024-01-05,45,bag 100g,1050,1.12,47250,50.53,2025-06-28,Concrete,Summer
B01604,P031,"Ground cumin, bag 100g",Seasonings,Primary,S009,Valley Spices SpA,2024-02-25,48,bag 100g,1050,1.12,50400,53.9,2025-08-18,Concrete,Summer
B01605,P031,"Ground cumin, bag 100g",Seasonings,Primary,S009,Valley Spices SpA,2024-04-16,56,bag 100g,1050,1.12,58800,62.89,2025-10-08,Concrete,Autumn
B01606,P031,"Ground cumin, bag 100g",Seasonings,Backup,S010,Especias Andinas,2024-05-27,57,bag 100g,1050,1.12,59850,64.01,2025-11-18,Concrete,Autumn
B01607,P031,"Ground cumin, bag 100g",Seasonings,Primary,S009,Valley Spices SpA,2024-08-07,47,bag 100g,1050,1.12,49350,52.78,2026-01-29,Concrete,Winter
B01608,P031,"Ground cumin, bag 100g",Seasonings,Primary,S009,Valley Spices SpA,2024-10-06,44,bag 100g,1050,1.12,46200,49.41,2026-03-30,Concrete,Spring
B01609,P031,"Ground cumin, bag 100g",Seasonings,Backup,S010,Especias Andinas,2024-11-30,56,bag 100g,1050,1.12,58800,62.89,2026-05-24,Concrete,Spring
B01610,P031,"Ground cumin, bag 100g",Seasonings,Primary,S009,Valley Spices SpA,2025-02-08,52,bag 100g,1050,1.12,54600,58.4,2026-08-02,Concrete,Summer
B01611,P031,"Ground cumin, bag 100g",Seasonings,Primary,S009,Valley Spices SpA,2025-04-18,50,bag 100g,1050,1.12,52500,56.15,2026-10-10,Concrete,Autumn
B01612,P031,"Ground cumin, bag 100g",Seasonings,Primary,S009,Valley Spices SpA,2025-06-07,51,bag 100g,1050,1.12,53550,57.27,2026-11-29,Concrete,Winter
B01613,P032,"Oregano, bag 50g",Seasonings,Backup,S010,Especias Andinas,2023-08-13,55,bag 50g,700,0.75,38500,41.18,2025-02-03,Concrete,Winter
B01614,P032,"Oregano, bag 50g",Seasonings,Primary,S009,Valley Spices SpA,2023-10-14,49,bag 50g,700,0.75,34300,36.68,2025-04-06,Concrete,Spring
B01615,P032,"Oregano, bag 50g",Seasonings,Primary,S009,Valley Spices SpA,2023-11-24,51,bag 50g,700,0.75,35700,38.18,2025-05-17,Concrete,Spring
B01616,P032,"Oregano, bag 50g",Seasonings,Primary,S009,Valley Spices SpA,2024-02-05,52,bag 50g,700,0.75,36400,38.93,2025-07-29,Concrete,Summer
B01617,P032,"Oregano, bag 50g",Seasonings,Primary,S009,Valley Spices SpA,2024-04-12,54,bag 50g,700,0.75,37800,40.43,2025-10-04,Concrete,Autumn
B01618,P032,"Oregano, bag 50g",Seasonings,Primary,S009,Valley Spices SpA,2024-06-20,51,bag 50g,700,0.75,35700,38.18,2025-12-12,Concrete,Winter
B01619,P032,"Oregano, bag 50g",Seasonings,Primary,S009,Valley Spices SpA,2024-08-15,44,bag 50g,700,0.75,30800,32.94,2026-02-06,Concrete,Winter
B01620,P032,"Oregano, bag 50g",Seasonings,Primary,S009,Valley Spices SpA,2024-10-15,57,bag 50g,700,0.75,39900,42.67,2026-04-08,Concrete,Spring
B01621,P032,"Oregano, bag 50g",Seasonings,Backup,S010,Especias Andinas,2024-12-01,59,bag 50g,700,0.75,41300,44.17,2026-05-25,Concrete,Summer
B01622,P032,"Oregano, bag 50g",Seasonings,Primary,S009,Valley Spices SpA,2025-01-25,56,bag 50g,700,0.75,39200,41.93,2026-07-19,Concrete,Summer
B01623,P032,"Oregano, bag 50g",Seasonings,Primary,S009,Valley Spices SpA,2025-04-01,52,bag 50g,700,0.75,36400,38.93,2026-09-23,Concrete,Autumn
B01624,P032,"Oregano, bag 50g",Seasonings,Primary,S009,Valley Spices SpA,2025-05-20,48,bag 50g,700,0.75,33600,35.94,2026-11-11,Concrete,Autumn
B01625,P033,"Ground pepper, bag 100g",Seasonings,Primary,S009,Valley Spices SpA,2023-07-14,44,bag 100g,1450,1.55,63800,68.24,2025-01-04,Concrete,Winter
B01626,P033,"Ground pepper, bag 100g",Seasonings,Primary,S009,Valley Spices SpA,2023-09-09,58,bag 100g,1450,1.55,84100,89.95,2025-03-02,Concrete,Spring
B01627,P033,"Ground pepper, bag 100g",Seasonings,Primary,S009,Valley Spices SpA,2023-11-13,44,bag 100g,1450,1.55,63800,68.24,2025-05-06,Concrete,Spring
B01628,P033,"Ground pepper, bag 100g",Seasonings,Primary,S009,Valley Spices SpA,2024-01-21,57,bag 100g,1450,1.55,82650,88.4,2025-07-14,Concrete,Summer
B01629,P033,"Ground pepper, bag 100g",Seasonings,Primary,S009,Valley Spices SpA,2024-03-14,53,bag 100g,1450,1.55,76850,82.19,2025-09-05,Concrete,Autumn
B01630,P033,"Ground pepper, bag 100g",Seasonings,Backup,S010,Especias Andinas,2024-05-27,44,bag 100g,1350,1.44,59400,63.53,2025-11-18,Concrete,Autumn
B01631,P033,"Ground pepper, bag 100g",Seasonings,Primary,S009,Valley Spices SpA,2024-07-29,54,bag 100g,1450,1.55,78300,83.74,2026-01-20,Concrete,Winter
B01632,P033,"Ground pepper, bag 100g",Seasonings,Primary,S009,Valley Spices SpA,2024-09-22,59,bag 100g,1450,1.55,85550,91.5,2026-03-16,Concrete,Spring
B01633,P033,"Ground pepper, bag 100g",Seasonings,Primary,S009,Valley Spices SpA,2024-11-12,52,bag 100g,1450,1.55,75400,80.64,2026-05-06,Concrete,Spring
B01634,P033,"Ground pepper, bag 100g",Seasonings,Backup,S010,Especias Andinas,2025-01-18,53,bag 100g,1350,1.44,71550,76.52,2026-07-12,Concrete,Summer
B01635,P033,"Ground pepper, bag 100g",Seasonings,Primary,S009,Valley Spices SpA,2025-03-22,46,bag 100g,1450,1.55,66700,71.34,2026-09-13,Concrete,Autumn
B01636,P033,"Ground pepper, bag 100g",Seasonings,Primary,S009,Valley Spices SpA,2025-05-08,55,bag 100g,1450,1.55,79750,85.29,2026-10-30,Concrete,Autumn
B01637,P034,"Bay leaves, bag 50g",Seasonings,Primary,S009,Valley Spices SpA,2023-07-02,43,bag 50g,650,0.7,27950,29.89,2024-12-23,Concrete,Winter
B01638,P034,"Bay leaves, bag 50g",Seasonings,Primary,S009,Valley Spices SpA,2023-08-28,47,bag 50g,650,0.7,30550,32.67,2025-02-18,Concrete,Winter
B01639,P034,"Bay leaves, bag 50g",Seasonings,Primary,S009,Valley Spices SpA,2023-10-11,43,bag 50g,650,0.7,27950,29.89,2025-04-03,Concrete,Spring
B01640,P034,"Bay leaves, bag 50g",Seasonings,Primary,S009,Valley Spices SpA,2023-12-04,73,bag 50g,650,0.7,47450,50.75,2025-05-27,Concrete,Summer
B01641,P034,"Bay leaves, bag 50g",Seasonings,Primary,S009,Valley Spices SpA,2024-02-01,57,bag 50g,650,0.7,37050,39.63,2025-07-25,Concrete,Summer
B01642,P034,"Bay leaves, bag 50g",Seasonings,Backup,S010,Especias Andinas,2024-03-19,51,bag 50g,650,0.7,33150,35.45,2025-09-10,Concrete,Autumn
B01643,P034,"Bay leaves, bag 50g",Seasonings,Backup,S010,Especias Andinas,2024-05-29,50,bag 50g,650,0.7,32500,34.76,2025-11-20,Concrete,Autumn
B01644,P034,"Bay leaves, bag 50g",Seasonings,Backup,S010,Especias Andinas,2024-07-23,57,bag 50g,650,0.7,37050,39.63,2026-01-14,Concrete,Winter
B01645,P034,"Bay leaves, bag 50g",Seasonings,Primary,S009,Valley Spices SpA,2024-09-21,66,bag 50g,650,0.7,42900,45.88,2026-03-15,Concrete,Spring
B01646,P034,"Bay leaves, bag 50g",Seasonings,Primary,S009,Valley Spices SpA,2024-11-12,57,bag 50g,650,0.7,37050,39.63,2026-05-06,Concrete,Spring
B01647,P034,"Bay leaves, bag 50g",Seasonings,Primary,S009,Valley Spices SpA,2024-12-23,58,bag 50g,650,0.7,37700,40.32,2026-06-16,Concrete,Summer
B01648,P034,"Bay leaves, bag 50g",Seasonings,Primary,S009,Valley Spices SpA,2025-02-16,49,bag 50g,650,0.7,31850,34.06,2026-08-10,Concrete,Summer
B01649,P034,"Bay leaves, bag 50g",Seasonings,Primary,S009,Valley Spices SpA,2025-04-12,50,bag 50g,650,0.7,32500,34.76,2026-10-04,Concrete,Autumn
B01650,P034,"Bay leaves, bag 50g",Seasonings,Primary,S009,Valley Spices SpA,2025-06-19,51,bag 50g,650,0.7,33150,35.45,2026-12-11,Concrete,Winter
B01651,P035,"Paprika, bag 100g",Seasonings,Primary,S009,Valley Spices SpA,2023-08-07,50,bag 100g,1050,1.12,52500,56.15,2025-01-28,Concrete,Winter
B01652,P035,"Paprika, bag 100g",Seasonings,Primary,S009,Valley Spices SpA,2023-10-08,54,bag 100g,1050,1.12,56700,60.64,2025-03-31,Concrete,Spring
B01653,P035,"Paprika, bag 100g",Seasonings,Primary,S009,Valley Spices SpA,2023-12-15,67,bag 100g,1050,1.12,70350,75.24,2025-06-07,Concrete,Summer
B01654,P035,"Paprika, bag 100g",Seasonings,Primary,S009,Valley Spices SpA,2024-02-16,48,bag 100g,1050,1.12,50400,53.9,2025-08-09,Concrete,Summer
B01655,P035,"Paprika, bag 100g",Seasonings,Primary,S009,Valley Spices SpA,2024-04-22,45,bag 100g,1050,1.12,47250,50.53,2025-10-14,Concrete,Autumn
B01656,P035,"Paprika, bag 100g",Seasonings,Primary,S009,Valley Spices SpA,2024-06-27,54,bag 100g,1050,1.12,56700,60.64,2025-12-19,Concrete,Winter
B01657,P035,"Paprika, bag 100g",Seasonings,Primary,S009,Valley Spices SpA,2024-08-22,43,bag 100g,1050,1.12,45150,48.29,2026-02-13,Concrete,Winter
B01658,P035,"Paprika, bag 100g",Seasonings,Primary,S009,Valley Spices SpA,2024-10-03,45,bag 100g,1050,1.12,47250,50.53,2026-03-27,Concrete,Spring
B01659,P035,"Paprika, bag 100g",Seasonings,Primary,S009,Valley Spices SpA,2024-11-22,52,bag 100g,1050,1.12,54600,58.4,2026-05-16,Concrete,Spring
B01660,P035,"Paprika, bag 100g",Seasonings,Primary,S009,Valley Spices SpA,2025-01-20,58,bag 100g,1050,1.12,60900,65.13,2026-07-14,Concrete,Summer
B01661,P035,"Paprika, bag 100g",Seasonings,Primary,S009,Valley Spices SpA,2025-03-24,52,bag 100g,1050,1.12,54600,58.4,2026-09-15,Concrete,Autumn
B01662,P035,"Paprika, bag 100g",Seasonings,Primary,S009,Valley Spices SpA,2025-05-23,52,bag 100g,1050,1.12,54600,58.4,2026-11-14,Concrete,Autumn
B01663,P036,"Garlic powder, bag 100g",Seasonings,Primary,S009,Valley Spices SpA,2023-08-03,51,bag 100g,1050,1.12,53550,57.27,2025-01-24,Concrete,Winter
B01664,P036,"Garlic powder, bag 100g",Seasonings,Primary,S009,Valley Spices SpA,2023-09-27,54,bag 100g,1050,1.12,56700,60.64,2025-03-20,Concrete,Spring
B01665,P036,"Garlic powder, bag 100g",Seasonings,Primary,S009,Valley Spices SpA,2023-11-21,51,bag 100g,1050,1.12,53550,57.27,2025-05-14,Concrete,Spring
B01666,P036,"Garlic powder, bag 100g",Seasonings,Primary,S009,Valley Spices SpA,2024-02-06,56,bag 100g,1050,1.12,58800,62.89,2025-07-30,Concrete,Summer
B01667,P036,"Garlic powder, bag 100g",Seasonings,Primary,S009,Valley Spices SpA,2024-04-02,48,bag 100g,1050,1.12,50400,53.9,2025-09-24,Concrete,Autumn
B01668,P036,"Garlic powder, bag 100g",Seasonings,Primary,S009,Valley Spices SpA,2024-05-18,52,bag 100g,1050,1.12,54600,58.4,2025-11-09,Concrete,Autumn
B01669,P036,"Garlic powder, bag 100g",Seasonings,Primary,S009,Valley Spices SpA,2024-07-14,46,bag 100g,1050,1.12,48300,51.66,2026-01-05,Concrete,Winter
B01670,P036,"Garlic powder, bag 100g",Seasonings,Primary,S009,Valley Spices SpA,2024-08-31,44,bag 100g,1050,1.12,46200,49.41,2026-02-22,Concrete,Winter
B01671,P036,"Garlic powder, bag 100g",Seasonings,Primary,S009,Valley Spices SpA,2024-11-02,46,bag 100g,1050,1.12,48300,51.66,2026-04-26,Concrete,Spring
B01672,P036,"Garlic powder, bag 100g",Seasonings,Primary,S009,Valley Spices SpA,2025-01-03,56,bag 100g,1050,1.12,58800,62.89,2026-06-27,Concrete,Summer
B01673,P036,"Garlic powder, bag 100g",Seasonings,Primary,S009,Valley Spices SpA,2025-02-27,46,bag 100g,1050,1.12,48300,51.66,2026-08-21,Concrete,Summer
B01674,P036,"Garlic powder, bag 100g",Seasonings,Primary,S009,Valley Spices SpA,2025-04-21,56,bag 100g,1050,1.12,58800,62.89,2026-10-13,Concrete,Autumn
B01675,P037,"Curry powder, bag 100g",Seasonings,Primary,S009,Valley Spices SpA,2023-08-04,46,bag 100g,1000,1.07,46000,49.2,2025-01-25,Concrete,Winter
B01676,P037,"Curry powder, bag 100g",Seasonings,Primary,S009,Valley Spices SpA,2023-09-28,58,bag 100g,1000,1.07,58000,62.03,2025-03-21,Concrete,Spring
B01677,P037,"Curry powder, bag 100g",Seasonings,Primary,S009,Valley Spices SpA,2023-11-07,53,bag 100g,1000,1.07,53000,56.68,2025-04-30,Concrete,Spring
B01678,P037,"Curry powder, bag 100g",Seasonings,Primary,S009,Valley Spices SpA,2024-01-05,43,bag 100g,1000,1.07,43000,45.99,2025-06-28,Concrete,Summer
B01679,P037,"Curry powder, bag 100g",Seasonings,Primary,S009,Valley Spices SpA,2024-03-12,49,bag 100g,1000,1.07,49000,52.41,2025-09-03,Concrete,Autumn
B01680,P037,"Curry powder, bag 100g",Seasonings,Backup,S010,Especias Andinas,2024-06-01,47,bag 100g,1000,1.07,47000,50.27,2025-11-23,Concrete,Winter
B01681,P037,"Curry powder, bag 100g",Seasonings,Primary,S009,Valley Spices SpA,2024-08-02,45,bag 100g,1000,1.07,45000,48.13,2026-01-24,Concrete,Winter
B01682,P037,"Curry powder, bag 100g",Seasonings,Primary,S009,Valley Spices SpA,2024-09-28,64,bag 100g,1000,1.07,64000,68.45,2026-03-22,Concrete,Spring
B01683,P037,"Curry powder, bag 100g",Seasonings,Primary,S009,Valley Spices SpA,2024-12-15,70,bag 100g,1000,1.07,70000,74.87,2026-06-08,Concrete,Summer
B01684,P037,"Curry powder, bag 100g",Seasonings,Primary,S009,Valley Spices SpA,2025-02-04,49,bag 100g,1000,1.07,49000,52.41,2026-07-29,Concrete,Summer
B01685,P037,"Curry powder, bag 100g",Seasonings,Primary,S009,Valley Spices SpA,2025-04-06,48,bag 100g,1000,1.07,48000,51.34,2026-09-28,Concrete,Autumn
B01686,P037,"Curry powder, bag 100g",Seasonings,Primary,S009,Valley Spices SpA,2025-06-03,58,bag 100g,1000,1.07,58000,62.03,2026-11-25,Concrete,Winter
B01687,P038,"Ground cinnamon, bag 100g",Seasonings,Primary,S009,Valley Spices SpA,2023-07-18,73,bag 100g,1050,1.12,76650,81.98,2025-01-08,Concrete,Winter
B01688,P038,"Ground cinnamon, bag 100g",Seasonings,Primary,S009,Valley Spices SpA,2023-09-07,96,bag 100g,1050,1.12,100800,107.81,2025-02-28,Concrete,Spring
B01689,P038,"Ground cinnamon, bag 100g",Seasonings,Primary,S009,Valley Spices SpA,2023-10-23,27,bag 100g,1050,1.12,28350,30.32,2025-04-15,Concrete,Spring
B01690,P038,"Ground cinnamon, bag 100g",Seasonings,Primary,S009,Valley Spices SpA,2023-12-02,43,bag 100g,1050,1.12,45150,48.29,2025-05-25,Concrete,Summer
B01691,P038,"Ground cinnamon, bag 100g",Seasonings,Primary,S009,Valley Spices SpA,2024-01-31,27,bag 100g,1050,1.12,28350,30.32,2025-07-24,Concrete,Summer
B01692,P038,"Ground cinnamon, bag 100g",Seasonings,Primary,S009,Valley Spices SpA,2024-03-27,32,bag 100g,1050,1.12,33600,35.94,2025-09-18,Concrete,Autumn
B01693,P038,"Ground cinnamon, bag 100g",Seasonings,Primary,S009,Valley Spices SpA,2024-05-09,78,bag 100g,1050,1.12,81900,87.59,2025-10-31,Concrete,Autumn
B01694,P038,"Ground cinnamon, bag 100g",Seasonings,Primary,S009,Valley Spices SpA,2024-07-07,68,bag 100g,1050,1.12,71400,76.36,2025-12-29,Concrete,Winter
B01695,P038,"Ground cinnamon, bag 100g",Seasonings,Primary,S009,Valley Spices SpA,2024-09-22,98,bag 100g,1050,1.12,102900,110.05,2026-03-16,Concrete,Spring
B01696,P038,"Ground cinnamon, bag 100g",Seasonings,Primary,S009,Valley Spices SpA,2024-12-07,42,bag 100g,1050,1.12,44100,47.17,2026-05-31,Concrete,Summer
B01697,P038,"Ground cinnamon, bag 100g",Seasonings,Primary,S009,Valley Spices SpA,2025-02-03,36,bag 100g,1050,1.12,37800,40.43,2026-07-28,Concrete,Summer
B01698,P038,"Ground cinnamon, bag 100g",Seasonings,Primary,S009,Valley Spices SpA,2025-04-13,82,bag 100g,1050,1.12,86100,92.09,2026-10-05,Concrete,Autumn
B01699,P038,"Ground cinnamon, bag 100g",Seasonings,Primary,S009,Valley Spices SpA,2025-06-20,82,bag 100g,1050,1.12,86100,92.09,2026-12-12,Concrete,Winter
B01700,P039,"Ground turmeric, bag 100g",Seasonings,Primary,S009,Valley Spices SpA,2023-08-15,45,bag 100g,1050,1.12,47250,50.53,2025-02-05,Concrete,Winter
B01701,P039,"Ground turmeric, bag 100g",Seasonings,Primary,S009,Valley Spices SpA,2023-10-22,49,bag 100g,1050,1.12,51450,55.03,2025-04-14,Concrete,Spring
B01702,P039,"Ground turmeric, bag 100g",Seasonings,Primary,S009,Valley Spices SpA,2023-12-11,63,bag 100g,1050,1.12,66150,70.75,2025-06-03,Concrete,Summer
B01703,P039,"Ground turmeric, bag 100g",Seasonings,Primary,S009,Valley Spices SpA,2024-02-06,55,bag 100g,1050,1.12,57750,61.76,2025-07-30,Concrete,Summer
B01704,P039,"Ground turmeric, bag 100g",Seasonings,Primary,S009,Valley Spices SpA,2024-04-19,57,bag 100g,1050,1.12,59850,64.01,2025-10-11,Concrete,Autumn
B01705,P039,"Ground turmeric, bag 100g",Seasonings,Primary,S009,Valley Spices SpA,2024-05-28,56,bag 100g,1050,1.12,58800,62.89,2025-11-19,Concrete,Autumn
B01706,P039,"Ground turmeric, bag 100g",Seasonings,Primary,S009,Valley Spices SpA,2024-07-27,45,bag 100g,1050,1.12,47250,50.53,2026-01-18,Concrete,Winter
B01707,P039,"Ground turmeric, bag 100g",Seasonings,Primary,S009,Valley Spices SpA,2024-09-25,65,bag 100g,1050,1.12,68250,72.99,2026-03-19,Concrete,Spring
B01708,P039,"Ground turmeric, bag 100g",Seasonings,Primary,S009,Valley Spices SpA,2024-11-23,43,bag 100g,1050,1.12,45150,48.29,2026-05-17,Concrete,Spring
B01709,P039,"Ground turmeric, bag 100g",Seasonings,Primary,S009,Valley Spices SpA,2025-01-20,55,bag 100g,1050,1.12,57750,61.76,2026-07-14,Concrete,Summer
B01710,P039,"Ground turmeric, bag 100g",Seasonings,Primary,S009,Valley Spices SpA,2025-03-15,54,bag 100g,1050,1.12,56700,60.64,2026-09-06,Concrete,Autumn
B01711,P039,"Ground turmeric, bag 100g",Seasonings,Primary,S009,Valley Spices SpA,2025-05-06,55,bag 100g,1050,1.12,57750,61.76,2026-10-28,Concrete,Autumn
B01712,P040,"Herbs de Provence mix, bag 50g",Seasonings,Backup,S010,Especias Andinas,2023-08-19,54,bag 50g,1450,1.55,78300,83.74,2025-02-09,Concrete,Winter
B01713,P040,"Herbs de Provence mix, bag 50g",Seasonings,Primary,S009,Valley Spices SpA,2023-10-27,57,bag 50g,1350,1.44,76950,82.3,2025-04-19,Concrete,Spring
B01714,P040,"Herbs de Provence mix, bag 50g",Seasonings,Primary,S009,Valley Spices SpA,2024-01-04,46,bag 50g,1350,1.44,62100,66.42,2025-06-27,Concrete,Summer
B01715,P040,"Herbs de Provence mix, bag 50g",Seasonings,Primary,S009,Valley Spices SpA,2024-03-08,56,bag 50g,1350,1.44,75600,80.86,2025-08-30,Concrete,Autumn
B01716,P040,"Herbs de Provence mix, bag 50g",Seasonings,Primary,S009,Valley Spices SpA,2024-05-07,56,bag 50g,1350,1.44,75600,80.86,2025-10-29,Concrete,Autumn
B01717,P040,"Herbs de Provence mix, bag 50g",Seasonings,Backup,S010,Especias Andinas,2024-06-30,50,bag 50g,1450,1.55,72500,77.54,2025-12-22,Concrete,Winter
B01718,P040,"Herbs de Provence mix, bag 50g",Seasonings,Primary,S009,Valley Spices SpA,2024-09-02,56,bag 50g,1350,1.44,75600,80.86,2026-02-24,Concrete,Spring
B01719,P040,"Herbs de Provence mix, bag 50g",Seasonings,Primary,S009,Valley Spices SpA,2024-10-31,55,bag 50g,1350,1.44,74250,79.41,2026-04-24,Concrete,Spring
B01720,P040,"Herbs de Provence mix, bag 50g",Seasonings,Primary,S009,Valley Spices SpA,2024-12-29,73,bag 50g,1350,1.44,98550,105.4,2026-06-22,Concrete,Summer
B01721,P040,"Herbs de Provence mix, bag 50g",Seasonings,Primary,S009,Valley Spices SpA,2025-02-20,51,bag 50g,1350,1.44,68850,73.64,2026-08-14,Concrete,Summer
B01722,P040,"Herbs de Provence mix, bag 50g",Seasonings,Primary,S009,Valley Spices SpA,2025-04-16,58,bag 50g,1350,1.44,78300,83.74,2026-10-08,Concrete,Autumn
B01723,P040,"Herbs de Provence mix, bag 50g",Seasonings,Primary,S009,Valley Spices SpA,2025-06-11,46,bag 50g,1350,1.44,62100,66.42,2026-12-03,Concrete,Winter
B01724,P041,"Multiflora honey, bottle 500g",Honey,Primary,S011,Los Ulmos Apiary,2023-08-29,24,bottle 500g,3150,3.37,75600,80.86,2025-08-28,Concrete,Winter
B01725,P041,"Multiflora honey, bottle 500g",Honey,Primary,S011,Los Ulmos Apiary,2023-10-14,21,bottle 500g,3150,3.37,66150,70.75,2025-10-13,Concrete,Spring
B01726,P041,"Multiflora honey, bottle 500g",Honey,Primary,S011,Los Ulmos Apiary,2023-12-12,35,bottle 500g,3150,3.37,110250,117.91,2025-12-11,Concrete,Summer
B01727,P041,"Multiflora honey, bottle 500g",Honey,Primary,S011,Los Ulmos Apiary,2024-02-13,27,bottle 500g,3150,3.37,85050,90.96,2026-02-12,Concrete,Summer
B01728,P041,"Multiflora honey, bottle 500g",Honey,Primary,S011,Los Ulmos Apiary,2024-03-24,23,bottle 500g,3150,3.37,72450,77.49,2026-03-24,Concrete,Autumn
B01729,P041,"Multiflora honey, bottle 500g",Honey,Primary,S011,Los Ulmos Apiary,2024-05-20,26,bottle 500g,3150,3.37,81900,87.59,2026-05-20,Concrete,Autumn
B01730,P041,"Multiflora honey, bottle 500g",Honey,Backup,S012,Miel Nativa Ltda.,2024-07-14,20,bottle 500g,3350,3.58,67000,71.66,2026-07-14,Concrete,Winter
B01731,P041,"Multiflora honey, bottle 500g",Honey,Primary,S011,Los Ulmos Apiary,2024-09-26,32,bottle 500g,3150,3.37,100800,107.81,2026-09-26,Concrete,Spring
B01732,P041,"Multiflora honey, bottle 500g",Honey,Primary,S011,Los Ulmos Apiary,2024-11-14,24,bottle 500g,3150,3.37,75600,80.86,2026-11-14,Concrete,Spring
B01733,P041,"Multiflora honey, bottle 500g",Honey,Primary,S011,Los Ulmos Apiary,2025-01-28,25,bottle 500g,3150,3.37,78750,84.22,2027-01-28,Concrete,Summer
B01734,P041,"Multiflora honey, bottle 500g",Honey,Backup,S012,Miel Nativa Ltda.,2025-03-12,27,bottle 500g,3350,3.58,90450,96.74,2027-03-12,Concrete,Autumn
B01735,P041,"Multiflora honey, bottle 500g",Honey,Primary,S011,Los Ulmos Apiary,2025-05-26,23,bottle 500g,3150,3.37,72450,77.49,2027-05-26,Concrete,Autumn
B01736,P042,"Ulmo honey, bottle 500g",Honey,Primary,S011,Los Ulmos Apiary,2023-08-03,26,bottle 500g,4000,4.28,104000,111.23,2025-08-02,Concrete,Winter
B01737,P042,"Ulmo honey, bottle 500g",Honey,Primary,S011,Los Ulmos Apiary,2023-10-02,26,bottle 500g,4000,4.28,104000,111.23,2025-10-01,Concrete,Spring
B01738,P042,"Ulmo honey, bottle 500g",Honey,Primary,S011,Los Ulmos Apiary,2023-12-02,30,bottle 500g,4000,4.28,120000,128.34,2025-12-01,Concrete,Summer
B01739,P042,"Ulmo honey, bottle 500g",Honey,Primary,S011,Los Ulmos Apiary,2024-02-01,28,bottle 500g,4000,4.28,112000,119.79,2026-01-31,Concrete,Summer
B01740,P042,"Ulmo honey, bottle 500g",Honey,Primary,S011,Los Ulmos Apiary,2024-04-11,27,bottle 500g,4000,4.28,108000,115.51,2026-04-11,Concrete,Autumn
B01741,P042,"Ulmo honey, bottle 500g",Honey,Primary,S011,Los Ulmos Apiary,2024-06-22,25,bottle 500g,4000,4.28,100000,106.95,2026-06-22,Concrete,Winter
B01742,P042,"Ulmo honey, bottle 500g",Honey,Backup,S012,Miel Nativa Ltda.,2024-08-23,25,bottle 500g,4050,4.33,101250,108.29,2026-08-23,Concrete,Winter
B01743,P042,"Ulmo honey, bottle 500g",Honey,Primary,S011,Los Ulmos Apiary,2024-10-07,20,bottle 500g,4000,4.28,80000,85.56,2026-10-07,Concrete,Spring
B01744,P042,"Ulmo honey, bottle 500g",Honey,Primary,S011,Los Ulmos Apiary,2024-12-11,32,bottle 500g,4000,4.28,128000,136.9,2026-12-11,Concrete,Summer
B01745,P042,"Ulmo honey, bottle 500g",Honey,Primary,S011,Los Ulmos Apiary,2025-02-10,26,bottle 500g,4000,4.28,104000,111.23,2027-02-10,Concrete,Summer
B01746,P042,"Ulmo honey, bottle 500g",Honey,Primary,S011,Los Ulmos Apiary,2025-04-27,26,bottle 500g,4000,4.28,104000,111.23,2027-04-27,Concrete,Autumn
B01747,P042,"Ulmo honey, bottle 500g",Honey,Primary,S011,Los Ulmos Apiary,2025-06-21,30,bottle 500g,4000,4.28,120000,128.34,2027-06-21,Concrete,Winter
B01748,P043,"Quillay honey, bottle 500g",Honey,Primary,S011,Los Ulmos Apiary,2023-07-05,22,bottle 500g,3450,3.69,75900,81.18,2025-07-04,Concrete,Winter
B01749,P043,"Quillay honey, bottle 500g",Honey,Primary,S011,Los Ulmos Apiary,2023-09-04,27,bottle 500g,3450,3.69,93150,99.63,2025-09-03,Concrete,Spring
B01750,P043,"Quillay honey, bottle 500g",Honey,Primary,S011,Los Ulmos Apiary,2023-11-06,23,bottle 500g,3450,3.69,79350,84.87,2025-11-05,Concrete,Spring
B01751,P043,"Quillay honey, bottle 500g",Honey,Primary,S011,Los Ulmos Apiary,2024-02-02,25,bottle 500g,3450,3.69,86250,92.25,2026-02-01,Concrete,Summer
B01752,P043,"Quillay honey, bottle 500g",Honey,Primary,S011,Los Ulmos Apiary,2024-04-02,27,bottle 500g,3450,3.69,93150,99.63,2026-04-02,Concrete,Autumn
B01753,P043,"Quillay honey, bottle 500g",Honey,Primary,S011,Los Ulmos Apiary,2024-05-26,27,bottle 500g,3450,3.69,93150,99.63,2026-05-26,Concrete,Autumn
B01754,P043,"Quillay honey, bottle 500g",Honey,Primary,S011,Los Ulmos Apiary,2024-08-07,24,bottle 500g,3450,3.69,82800,88.56,2026-08-07,Concrete,Winter
B01755,P043,"Quillay honey, bottle 500g",Honey,Primary,S011,Los Ulmos Apiary,2024-10-06,25,bottle 500g,3450,3.69,86250,92.25,2026-10-06,Concrete,Spring
B01756,P043,"Quillay honey, bottle 500g",Honey,Primary,S011,Los Ulmos Apiary,2024-11-24,26,bottle 500g,3450,3.69,89700,95.94,2026-11-24,Concrete,Spring
B01757,P043,"Quillay honey, bottle 500g",Honey,Primary,S011,Los Ulmos Apiary,2025-01-13,26,bottle 500g,3450,3.69,89700,95.94,2027-01-13,Concrete,Summer
B01758,P043,"Quillay honey, bottle 500g",Honey,Primary,S011,Los Ulmos Apiary,2025-03-04,29,bottle 500g,3450,3.69,100050,107.01,2027-03-04,Concrete,Autumn
B01759,P043,"Quillay honey, bottle 500g",Honey,Primary,S011,Los Ulmos Apiary,2025-05-05,24,bottle 500g,3450,3.69,82800,88.56,2027-05-05,Concrete,Autumn
B01760,P044,"Organic wildflower honey, bottle 500g",Honey,Primary,S011,Los Ulmos Apiary,2023-07-26,23,bottle 500g,4100,4.39,94300,100.86,2025-07-25,Concrete,Winter
B01761,P044,"Organic wildflower honey, bottle 500g",Honey,Primary,S011,Los Ulmos Apiary,2023-09-12,27,bottle 500g,4100,4.39,110700,118.4,2025-09-11,Concrete,Spring
B01762,P044,"Organic wildflower honey, bottle 500g",Honey,Primary,S011,Los Ulmos Apiary,2023-10-30,23,bottle 500g,4100,4.39,94300,100.86,2025-10-29,Concrete,Spring
B01763,P044,"Organic wildflower honey, bottle 500g",Honey,Primary,S011,Los Ulmos Apiary,2023-12-14,28,bottle 500g,4100,4.39,114800,122.78,2025-12-13,Concrete,Summer
B01764,P044,"Organic wildflower honey, bottle 500g",Honey,Backup,S012,Miel Nativa Ltda.,2024-02-22,24,bottle 500g,4450,4.76,106800,114.22,2026-02-21,Concrete,Summer
B01765,P044,"Organic wildflower honey, bottle 500g",Honey,Primary,S011,Los Ulmos Apiary,2024-04-25,22,bottle 500g,4100,4.39,90200,96.47,2026-04-25,Concrete,Autumn
B01766,P044,"Organic wildflower honey, bottle 500g",Honey,Primary,S011,Los Ulmos Apiary,2024-06-08,26,bottle 500g,4100,4.39,106600,114.01,2026-06-08,Concrete,Winter
B01767,P044,"Organic wildflower honey, bottle 500g",Honey,Primary,S011,Los Ulmos Apiary,2024-08-14,25,bottle 500g,4100,4.39,102500,109.63,2026-08-14,Concrete,Winter
B01768,P044,"Organic wildflower honey, bottle 500g",Honey,Primary,S011,Los Ulmos Apiary,2024-10-09,25,bottle 500g,4100,4.39,102500,109.63,2026-10-09,Concrete,Spring
B01769,P044,"Organic wildflower honey, bottle 500g",Honey,Primary,S011,Los Ulmos Apiary,2024-12-06,29,bottle 500g,4100,4.39,118900,127.17,2026-12-06,Concrete,Summer
B01770,P044,"Organic wildflower honey, bottle 500g",Honey,Primary,S011,Los Ulmos Apiary,2025-02-01,24,bottle 500g,4100,4.39,98400,105.24,2027-02-01,Concrete,Summer
B01771,P044,"Organic wildflower honey, bottle 500g",Honey,Primary,S011,Los Ulmos Apiary,2025-04-02,24,bottle 500g,4100,4.39,98400,105.24,2027-04-02,Concrete,Autumn
B01772,P044,"Organic wildflower honey, bottle 500g",Honey,Primary,S011,Los Ulmos Apiary,2025-06-04,27,bottle 500g,4100,4.39,110700,118.4,2027-06-04,Concrete,Winter
B01773,P045,"Honeycomb, box 400g",Honey,Primary,S011,Los Ulmos Apiary,2023-07-28,26,box 400g,4700,5.03,122200,130.7,2025-07-27,Concrete,Winter
B01774,P045,"Honeycomb, box 400g",Honey,Primary,S011,Los Ulmos Apiary,2023-09-15,33,box 400g,4700,5.03,155100,165.88,2025-09-14,Concrete,Spring
B01775,P045,"Honeycomb, box 400g",Honey,Primary,S011,Los Ulmos Apiary,2023-11-11,25,box 400g,4700,5.03,117500,125.67,2025-11-10,Concrete,Spring
B01776,P045,"Honeycomb, box 400g",Honey,Primary,S011,Los Ulmos Apiary,2024-01-29,25,box 400g,4700,5.03,117500,125.67,2026-01-28,Concrete,Summer
B01777,P045,"Honeycomb, box 400g",Honey,Primary,S011,Los Ulmos Apiary,2024-03-14,25,box 400g,4700,5.03,117500,125.67,2026-03-14,Concrete,Autumn
B01778,P045,"Honeycomb, box 400g",Honey,Primary,S011,Los Ulmos Apiary,2024-05-03,23,box 400g,4700,5.03,108100,115.61,2026-05-03,Concrete,Autumn
B01779,P045,"Honeycomb, box 400g",Honey,Primary,S011,Los Ulmos Apiary,2024-06-24,26,box 400g,4700,5.03,122200,130.7,2026-06-24,Concrete,Winter
B01780,P045,"Honeycomb, box 400g",Honey,Primary,S011,Los Ulmos Apiary,2024-08-30,27,box 400g,4700,5.03,126900,135.72,2026-08-30,Concrete,Winter
B01781,P045,"Honeycomb, box 400g",Honey,Primary,S011,Los Ulmos Apiary,2024-10-28,27,box 400g,4700,5.03,126900,135.72,2026-10-28,Concrete,Spring
B01782,P045,"Honeycomb, box 400g",Honey,Primary,S011,Los Ulmos Apiary,2024-12-28,35,box 400g,4700,5.03,164500,175.94,2026-12-28,Concrete,Summer
B01783,P045,"Honeycomb, box 400g",Honey,Primary,S011,Los Ulmos Apiary,2025-02-18,26,box 400g,4700,5.03,122200,130.7,2027-02-18,Concrete,Summer
B01784,P045,"Honeycomb, box 400g",Honey,Primary,S011,Los Ulmos Apiary,2025-04-16,26,box 400g,4700,5.03,122200,130.7,2027-04-16,Concrete,Autumn
B01785,P045,"Honeycomb, box 400g",Honey,Primary,S011,Los Ulmos Apiary,2025-06-09,30,box 400g,4700,5.03,141000,150.8,2027-06-09,Concrete,Winter
B01786,P046,Roasted salted peanuts,Peanuts,Primary,S013,Maipo Nuts Ltd.,2023-07-04,18,kg,4750,5.08,85500,91.44,2023-12-31,Concrete,Winter
B01787,P046,Roasted salted peanuts,Peanuts,Primary,S013,Maipo Nuts Ltd.,2023-07-22,17,kg,4750,5.08,80750,86.36,2024-01-18,Concrete,Winter
B01788,P046,Roasted salted peanuts,Peanuts,Primary,S013,Maipo Nuts Ltd.,2023-08-12,23,kg,4750,5.08,109250,116.84,2024-02-08,Concrete,Winter
B01789,P046,Roasted salted peanuts,Peanuts,Primary,S013,Maipo Nuts Ltd.,2023-09-04,28,kg,4750,5.08,133000,142.25,2024-03-02,Concrete,Spring
B01790,P046,Roasted salted peanuts,Peanuts,Primary,S013,Maipo Nuts Ltd.,2023-09-22,22,kg,4750,5.08,104500,111.76,2024-03-20,Concrete,Spring
B01791,P046,Roasted salted peanuts,Peanuts,Primary,S013,Maipo Nuts Ltd.,2023-10-09,19,kg,4750,5.08,90250,96.52,2024-04-06,Concrete,Spring
B01792,P046,Roasted salted peanuts,Peanuts,Primary,S013,Maipo Nuts Ltd.,2023-11-01,18,kg,4750,5.08,85500,91.44,2024-04-29,Concrete,Spring
B01793,P046,Roasted salted peanuts,Peanuts,Primary,S013,Maipo Nuts Ltd.,2023-11-22,18,kg,4750,5.08,85500,91.44,2024-05-20,Concrete,Spring
B01794,P046,Roasted salted peanuts,Peanuts,Primary,S013,Maipo Nuts Ltd.,2023-12-09,25,kg,4750,5.08,118750,127.01,2024-06-06,Concrete,Summer
B01795,P046,Roasted salted peanuts,Peanuts,Primary,S013,Maipo Nuts Ltd.,2024-01-02,18,kg,4750,5.08,85500,91.44,2024-06-30,Concrete,Summer
B01796,P046,Roasted salted peanuts,Peanuts,Backup,S014,El Palomo Nuts,2024-01-26,22,kg,5100,5.45,112200,120.0,2024-07-24,Concrete,Summer
B01797,P046,Roasted salted peanuts,Peanuts,Backup,S014,El Palomo Nuts,2024-02-15,17,kg,5100,5.45,86700,92.73,2024-08-13,Concrete,Summer
B01798,P046,Roasted salted peanuts,Peanuts,Primary,S013,Maipo Nuts Ltd.,2024-03-07,21,kg,4750,5.08,99750,106.68,2024-09-03,Concrete,Autumn
B01799,P046,Roasted salted peanuts,Peanuts,Primary,S013,Maipo Nuts Ltd.,2024-03-26,21,kg,4750,5.08,99750,106.68,2024-09-22,Concrete,Autumn
B01800,P046,Roasted salted peanuts,Peanuts,Primary,S013,Maipo Nuts Ltd.,2024-04-09,19,kg,4750,5.08,90250,96.52,2024-10-06,Concrete,Autumn
B01801,P046,Roasted salted peanuts,Peanuts,Primary,S013,Maipo Nuts Ltd.,2024-04-29,17,kg,4750,5.08,80750,86.36,2024-10-26,Concrete,Autumn
B01802,P046,Roasted salted peanuts,Peanuts,Primary,S013,Maipo Nuts Ltd.,2024-05-14,21,kg,4750,5.08,99750,106.68,2024-11-10,Concrete,Autumn
B01803,P046,Roasted salted peanuts,Peanuts,Primary,S013,Maipo Nuts Ltd.,2024-06-09,19,kg,4750,5.08,90250,96.52,2024-12-06,Concrete,Winter
B01804,P046,Roasted salted peanuts,Peanuts,Primary,S013,Maipo Nuts Ltd.,2024-06-26,20,kg,4750,5.08,95000,101.6,2024-12-23,Concrete,Winter
B01805,P046,Roasted salted peanuts,Peanuts,Primary,S013,Maipo Nuts Ltd.,2024-07-15,19,kg,4750,5.08,90250,96.52,2025-01-11,Concrete,Winter
B01806,P046,Roasted salted peanuts,Peanuts,Primary,S013,Maipo Nuts Ltd.,2024-08-10,19,kg,4750,5.08,90250,96.52,2025-02-06,Concrete,Winter
B01807,P046,Roasted salted peanuts,Peanuts,Primary,S013,Maipo Nuts Ltd.,2024-09-04,23,kg,4750,5.08,109250,116.84,2025-03-03,Concrete,Spring
B01808,P046,Roasted salted peanuts,Peanuts,Primary,S013,Maipo Nuts Ltd.,2024-09-23,29,kg,4750,5.08,137750,147.33,2025-03-22,Concrete,Spring
B01809,P046,Roasted salted peanuts,Peanuts,Primary,S013,Maipo Nuts Ltd.,2024-10-14,19,kg,4750,5.08,90250,96.52,2025-04-12,Concrete,Spring
B01810,P046,Roasted salted peanuts,Peanuts,Primary,S013,Maipo Nuts Ltd.,2024-11-01,22,kg,4750,5.08,104500,111.76,2025-04-30,Concrete,Spring
B01811,P046,Roasted salted peanuts,Peanuts,Primary,S013,Maipo Nuts Ltd.,2024-11-21,18,kg,4750,5.08,85500,91.44,2025-05-20,Concrete,Spring
B01812,P046,Roasted salted peanuts,Peanuts,Backup,S014,El Palomo Nuts,2024-12-11,24,kg,5100,5.45,122400,130.91,2025-06-09,Concrete,Summer
B01813,P046,Roasted salted peanuts,Peanuts,Primary,S013,Maipo Nuts Ltd.,2024-12-28,27,kg,4750,5.08,128250,137.17,2025-06-26,Concrete,Summer
B01814,P046,Roasted salted peanuts,Peanuts,Primary,S013,Maipo Nuts Ltd.,2025-01-21,23,kg,4750,5.08,109250,116.84,2025-07-20,Concrete,Summer
B01815,P046,Roasted salted peanuts,Peanuts,Primary,S013,Maipo Nuts Ltd.,2025-02-07,21,kg,4750,5.08,99750,106.68,2025-08-06,Concrete,Summer
B01816,P046,Roasted salted peanuts,Peanuts,Primary,S013,Maipo Nuts Ltd.,2025-02-28,20,kg,4750,5.08,95000,101.6,2025-08-27,Concrete,Summer
B01817,P046,Roasted salted peanuts,Peanuts,Backup,S014,El Palomo Nuts,2025-03-17,19,kg,5100,5.45,96900,103.64,2025-09-13,Concrete,Autumn
B01818,P046,Roasted salted peanuts,Peanuts,Backup,S014,El Palomo Nuts,2025-04-05,22,kg,5100,5.45,112200,120.0,2025-10-02,Concrete,Autumn
B01819,P046,Roasted salted peanuts,Peanuts,Backup,S014,El Palomo Nuts,2025-04-24,23,kg,5100,5.45,117300,125.45,2025-10-21,Concrete,Autumn
B01820,P046,Roasted salted peanuts,Peanuts,Backup,S014,El Palomo Nuts,2025-05-17,21,kg,5100,5.45,107100,114.55,2025-11-13,Concrete,Autumn
B01821,P046,Roasted salted peanuts,Peanuts,Primary,S013,Maipo Nuts Ltd.,2025-06-06,22,kg,4750,5.08,104500,111.76,2025-12-03,Concrete,Winter
B01822,P046,Roasted salted peanuts,Peanuts,Primary,S013,Maipo Nuts Ltd.,2025-06-24,25,kg,4750,5.08,118750,127.01,2025-12-21,Concrete,Winter
B01823,P047,Roasted unsalted peanuts,Peanuts,Primary,S013,Maipo Nuts Ltd.,2023-07-04,17,kg,4650,4.97,79050,84.55,2023-12-31,Concrete,Winter
B01824,P047,Roasted unsalted peanuts,Peanuts,Backup,S014,El Palomo Nuts,2023-07-24,22,kg,4700,5.03,103400,110.59,2024-01-20,Concrete,Winter
B01825,P047,Roasted unsalted peanuts,Peanuts,Primary,S013,Maipo Nuts Ltd.,2023-08-15,21,kg,4650,4.97,97650,104.44,2024-02-11,Concrete,Winter
B01826,P047,Roasted unsalted peanuts,Peanuts,Primary,S013,Maipo Nuts Ltd.,2023-09-07,24,kg,4650,4.97,111600,119.36,2024-03-05,Concrete,Spring
B01827,P047,Roasted unsalted peanuts,Peanuts,Primary,S013,Maipo Nuts Ltd.,2023-09-28,29,kg,4650,4.97,134850,144.22,2024-03-26,Concrete,Spring
B01828,P047,Roasted unsalted peanuts,Peanuts,Primary,S013,Maipo Nuts Ltd.,2023-10-22,21,kg,4650,4.97,97650,104.44,2024-04-19,Concrete,Spring
B01829,P047,Roasted unsalted peanuts,Peanuts,Primary,S013,Maipo Nuts Ltd.,2023-11-12,19,kg,4650,4.97,88350,94.49,2024-05-10,Concrete,Spring
B01830,P047,Roasted unsalted peanuts,Peanuts,Primary,S013,Maipo Nuts Ltd.,2023-12-07,27,kg,4650,4.97,125550,134.28,2024-06-04,Concrete,Summer
B01831,P047,Roasted unsalted peanuts,Peanuts,Primary,S013,Maipo Nuts Ltd.,2023-12-29,24,kg,4650,4.97,111600,119.36,2024-06-26,Concrete,Summer
B01832,P047,Roasted unsalted peanuts,Peanuts,Backup,S014,El Palomo Nuts,2024-01-12,20,kg,4700,5.03,94000,100.53,2024-07-10,Concrete,Summer
B01833,P047,Roasted unsalted peanuts,Peanuts,Primary,S013,Maipo Nuts Ltd.,2024-01-26,18,kg,4650,4.97,83700,89.52,2024-07-24,Concrete,Summer
B01834,P047,Roasted unsalted peanuts,Peanuts,Primary,S013,Maipo Nuts Ltd.,2024-02-16,22,kg,4650,4.97,102300,109.41,2024-08-14,Concrete,Summer
B01835,P047,Roasted unsalted peanuts,Peanuts,Backup,S014,El Palomo Nuts,2024-03-07,23,kg,4700,5.03,108100,115.61,2024-09-03,Concrete,Autumn
B01836,P047,Roasted unsalted peanuts,Peanuts,Primary,S013,Maipo Nuts Ltd.,2024-04-02,18,kg,4650,4.97,83700,89.52,2024-09-29,Concrete,Autumn
B01837,P047,Roasted unsalted peanuts,Peanuts,Primary,S013,Maipo Nuts Ltd.,2024-04-22,22,kg,4650,4.97,102300,109.41,2024-10-19,Concrete,Autumn
B01838,P047,Roasted unsalted peanuts,Peanuts,Primary,S013,Maipo Nuts Ltd.,2024-05-12,22,kg,4650,4.97,102300,109.41,2024-11-08,Concrete,Autumn
B01839,P047,Roasted unsalted peanuts,Peanuts,Primary,S013,Maipo Nuts Ltd.,2024-05-24,21,kg,4650,4.97,97650,104.44,2024-11-20,Concrete,Autumn
B01840,P047,Roasted unsalted peanuts,Peanuts,Primary,S013,Maipo Nuts Ltd.,2024-06-08,19,kg,4650,4.97,88350,94.49,2024-12-05,Concrete,Winter
B01841,P047,Roasted unsalted peanuts,Peanuts,Primary,S013,Maipo Nuts Ltd.,2024-06-27,19,kg,4650,4.97,88350,94.49,2024-12-24,Concrete,Winter
B01842,P047,Roasted unsalted peanuts,Peanuts,Primary,S013,Maipo Nuts Ltd.,2024-07-17,17,kg,4650,4.97,79050,84.55,2025-01-13,Concrete,Winter
B01843,P047,Roasted unsalted peanuts,Peanuts,Primary,S013,Maipo Nuts Ltd.,2024-08-04,23,kg,4650,4.97,106950,114.39,2025-01-31,Concrete,Winter
B01844,P047,Roasted unsalted peanuts,Peanuts,Primary,S013,Maipo Nuts Ltd.,2024-08-25,22,kg,4650,4.97,102300,109.41,2025-02-21,Concrete,Winter
B01845,P047,Roasted unsalted peanuts,Peanuts,Primary,S013,Maipo Nuts Ltd.,2024-09-14,25,kg,4650,4.97,116250,124.33,2025-03-13,Concrete,Spring
B01846,P047,Roasted unsalted peanuts,Peanuts,Primary,S013,Maipo Nuts Ltd.,2024-09-29,24,kg,4650,4.97,111600,119.36,2025-03-28,Concrete,Spring
B01847,P047,Roasted unsalted peanuts,Peanuts,Primary,S013,Maipo Nuts Ltd.,2024-10-19,19,kg,4650,4.97,88350,94.49,2025-04-17,Concrete,Spring
B01848,P047,Roasted unsalted peanuts,Peanuts,Primary,S013,Maipo Nuts Ltd.,2024-11-05,21,kg,4650,4.97,97650,104.44,2025-05-04,Concrete,Spring
B01849,P047,Roasted unsalted peanuts,Peanuts,Primary,S013,Maipo Nuts Ltd.,2024-11-27,18,kg,4650,4.97,83700,89.52,2025-05-26,Concrete,Spring
B01850,P047,Roasted unsalted peanuts,Peanuts,Primary,S013,Maipo Nuts Ltd.,2024-12-20,24,kg,4650,4.97,111600,119.36,2025-06-18,Concrete,Summer
B01851,P047,Roasted unsalted peanuts,Peanuts,Primary,S013,Maipo Nuts Ltd.,2025-01-13,22,kg,4650,4.97,102300,109.41,2025-07-12,Concrete,Summer
B01852,P047,Roasted unsalted peanuts,Peanuts,Primary,S013,Maipo Nuts Ltd.,2025-02-02,21,kg,4650,4.97,97650,104.44,2025-08-01,Concrete,Summer
B01853,P047,Roasted unsalted peanuts,Peanuts,Primary,S013,Maipo Nuts Ltd.,2025-03-03,22,kg,4650,4.97,102300,109.41,2025-08-30,Concrete,Autumn
B01854,P047,Roasted unsalted peanuts,Peanuts,Primary,S013,Maipo Nuts Ltd.,2025-03-23,21,kg,4650,4.97,97650,104.44,2025-09-19,Concrete,Autumn
B01855,P047,Roasted unsalted peanuts,Peanuts,Backup,S014,El Palomo Nuts,2025-04-10,20,kg,4700,5.03,94000,100.53,2025-10-07,Concrete,Autumn
B01856,P047,Roasted unsalted peanuts,Peanuts,Primary,S013,Maipo Nuts Ltd.,2025-05-03,18,kg,4650,4.97,83700,89.52,2025-10-30,Concrete,Autumn
B01857,P047,Roasted unsalted peanuts,Peanuts,Backup,S014,El Palomo Nuts,2025-05-18,19,kg,4700,5.03,89300,95.51,2025-11-14,Concrete,Autumn
B01858,P047,Roasted unsalted peanuts,Peanuts,Primary,S013,Maipo Nuts Ltd.,2025-06-06,25,kg,4650,4.97,116250,124.33,2025-12-03,Concrete,Winter
B01859,P047,Roasted unsalted peanuts,Peanuts,Primary,S013,Maipo Nuts Ltd.,2025-06-30,25,kg,4650,4.97,116250,124.33,2025-12-27,Concrete,Winter
B01860,P048,Fried peanuts with salt,Peanuts,Primary,S013,Maipo Nuts Ltd.,2023-07-01,23,kg,5050,5.4,116150,124.22,2023-12-28,Concrete,Winter
B01861,P048,Fried peanuts with salt,Peanuts,Primary,S013,Maipo Nuts Ltd.,2023-07-16,18,kg,5050,5.4,90900,97.22,2024-01-12,Concrete,Winter
B01862,P048,Fried peanuts with salt,Peanuts,Primary,S013,Maipo Nuts Ltd.,2023-08-03,22,kg,5050,5.4,111100,118.82,2024-01-30,Concrete,Winter
B01863,P048,Fried peanuts with salt,Peanuts,Primary,S013,Maipo Nuts Ltd.,2023-08-29,23,kg,5050,5.4,116150,124.22,2024-02-25,Concrete,Winter
B01864,P048,Fried peanuts with salt,Peanuts,Primary,S013,Maipo Nuts Ltd.,2023-09-16,23,kg,5050,5.4,116150,124.22,2024-03-14,Concrete,Spring
B01865,P048,Fried peanuts with salt,Peanuts,Primary,S013,Maipo Nuts Ltd.,2023-10-09,23,kg,5050,5.4,116150,124.22,2024-04-06,Concrete,Spring
B01866,P048,Fried peanuts with salt,Peanuts,Primary,S013,Maipo Nuts Ltd.,2023-11-02,21,kg,5050,5.4,106050,113.42,2024-04-30,Concrete,Spring
B01867,P048,Fried peanuts with salt,Peanuts,Primary,S013,Maipo Nuts Ltd.,2023-11-22,20,kg,5050,5.4,101000,108.02,2024-05-20,Concrete,Spring
B01868,P048,Fried peanuts with salt,Peanuts,Primary,S013,Maipo Nuts Ltd.,2023-12-13,26,kg,5050,5.4,131300,140.43,2024-06-10,Concrete,Summer
B01869,P048,Fried peanuts with salt,Peanuts,Backup,S014,El Palomo Nuts,2024-01-09,21,kg,5300,5.67,111300,119.04,2024-07-07,Concrete,Summer
B01870,P048,Fried peanuts with salt,Peanuts,Primary,S013,Maipo Nuts Ltd.,2024-01-26,18,kg,5050,5.4,90900,97.22,2024-07-24,Concrete,Summer
B01871,P048,Fried peanuts with salt,Peanuts,Primary,S013,Maipo Nuts Ltd.,2024-02-19,18,kg,5050,5.4,90900,97.22,2024-08-17,Concrete,Summer
B01872,P048,Fried peanuts with salt,Peanuts,Primary,S013,Maipo Nuts Ltd.,2024-03-18,21,kg,5050,5.4,106050,113.42,2024-09-14,Concrete,Autumn
B01873,P048,Fried peanuts with salt,Peanuts,Primary,S013,Maipo Nuts Ltd.,2024-04-05,19,kg,5050,5.4,95950,102.62,2024-10-02,Concrete,Autumn
B01874,P048,Fried peanuts with salt,Peanuts,Primary,S013,Maipo Nuts Ltd.,2024-04-24,18,kg,5050,5.4,90900,97.22,2024-10-21,Concrete,Autumn
B01875,P048,Fried peanuts with salt,Peanuts,Primary,S013,Maipo Nuts Ltd.,2024-05-14,19,kg,5050,5.4,95950,102.62,2024-11-10,Concrete,Autumn
B01876,P048,Fried peanuts with salt,Peanuts,Primary,S013,Maipo Nuts Ltd.,2024-06-04,21,kg,5050,5.4,106050,113.42,2024-12-01,Concrete,Winter
B01877,P048,Fried peanuts with salt,Peanuts,Primary,S013,Maipo Nuts Ltd.,2024-06-22,23,kg,5050,5.4,116150,124.22,2024-12-19,Concrete,Winter
B01878,P048,Fried peanuts with salt,Peanuts,Primary,S013,Maipo Nuts Ltd.,2024-07-13,23,kg,5050,5.4,116150,124.22,2025-01-09,Concrete,Winter
B01879,P048,Fried peanuts with salt,Peanuts,Backup,S014,El Palomo Nuts,2024-08-03,23,kg,5300,5.67,121900,130.37,2025-01-30,Concrete,Winter
B01880,P048,Fried peanuts with salt,Peanuts,Backup,S014,El Palomo Nuts,2024-08-26,18,kg,5300,5.67,95400,102.03,2025-02-22,Concrete,Winter
B01881,P048,Fried peanuts with salt,Peanuts,Primary,S013,Maipo Nuts Ltd.,2024-09-20,24,kg,5050,5.4,121200,129.63,2025-03-19,Concrete,Spring
B01882,P048,Fried peanuts with salt,Peanuts,Backup,S014,El Palomo Nuts,2024-10-09,23,kg,5300,5.67,121900,130.37,2025-04-07,Concrete,Spring
B01883,P048,Fried peanuts with salt,Peanuts,Backup,S014,El Palomo Nuts,2024-10-29,19,kg,5300,5.67,100700,107.7,2025-04-27,Concrete,Spring
B01884,P048,Fried peanuts with salt,Peanuts,Primary,S013,Maipo Nuts Ltd.,2024-11-14,18,kg,5050,5.4,90900,97.22,2025-05-13,Concrete,Spring
B01885,P048,Fried peanuts with salt,Peanuts,Primary,S013,Maipo Nuts Ltd.,2024-12-02,27,kg,5050,5.4,136350,145.83,2025-05-31,Concrete,Summer
B01886,P048,Fried peanuts with salt,Peanuts,Primary,S013,Maipo Nuts Ltd.,2024-12-21,28,kg,5050,5.4,141400,151.23,2025-06-19,Concrete,Summer
B01887,P048,Fried peanuts with salt,Peanuts,Backup,S014,El Palomo Nuts,2025-01-13,20,kg,5300,5.67,106000,113.37,2025-07-12,Concrete,Summer
B01888,P048,Fried peanuts with salt,Peanuts,Primary,S013,Maipo Nuts Ltd.,2025-02-04,23,kg,5050,5.4,116150,124.22,2025-08-03,Concrete,Summer
B01889,P048,Fried peanuts with salt,Peanuts,Primary,S013,Maipo Nuts Ltd.,2025-02-19,22,kg,5050,5.4,111100,118.82,2025-08-18,Concrete,Summer
B01890,P048,Fried peanuts with salt,Peanuts,Backup,S014,El Palomo Nuts,2025-03-14,22,kg,5300,5.67,116600,124.71,2025-09-10,Concrete,Autumn
B01891,P048,Fried peanuts with salt,Peanuts,Primary,S013,Maipo Nuts Ltd.,2025-04-03,23,kg,5050,5.4,116150,124.22,2025-09-30,Concrete,Autumn
B01892,P048,Fried peanuts with salt,Peanuts,Primary,S013,Maipo Nuts Ltd.,2025-04-23,20,kg,5050,5.4,101000,108.02,2025-10-20,Concrete,Autumn
B01893,P048,Fried peanuts with salt,Peanuts,Primary,S013,Maipo Nuts Ltd.,2025-05-11,23,kg,5050,5.4,116150,124.22,2025-11-07,Concrete,Autumn
B01894,P048,Fried peanuts with salt,Peanuts,Primary,S013,Maipo Nuts Ltd.,2025-05-25,20,kg,5050,5.4,101000,108.02,2025-11-21,Concrete,Autumn
B01895,P048,Fried peanuts with salt,Peanuts,Primary,S013,Maipo Nuts Ltd.,2025-06-12,21,kg,5050,5.4,106050,113.42,2025-12-09,Concrete,Winter
B01896,P049,Japanese peanuts,Peanuts,Primary,S013,Maipo Nuts Ltd.,2023-07-10,23,kg,7050,7.54,162150,173.42,2024-01-06,Concrete,Winter
B01897,P049,Japanese peanuts,Peanuts,Primary,S013,Maipo Nuts Ltd.,2023-07-26,18,kg,7050,7.54,126900,135.72,2024-01-22,Concrete,Winter
B01898,P049,Japanese peanuts,Peanuts,Primary,S013,Maipo Nuts Ltd.,2023-08-12,21,kg,7050,7.54,148050,158.34,2024-02-08,Concrete,Winter
B01899,P049,Japanese peanuts,Peanuts,Primary,S013,Maipo Nuts Ltd.,2023-09-07,27,kg,7050,7.54,190350,203.58,2024-03-05,Concrete,Spring
B01900,P049,Japanese peanuts,Peanuts,Primary,S013,Maipo Nuts Ltd.,2023-10-03,21,kg,7050,7.54,148050,158.34,2024-03-31,Concrete,Spring
B01901,P049,Japanese peanuts,Peanuts,Primary,S013,Maipo Nuts Ltd.,2023-10-28,19,kg,7050,7.54,133950,143.26,2024-04-25,Concrete,Spring
B01902,P049,Japanese peanuts,Peanuts,Primary,S013,Maipo Nuts Ltd.,2023-11-14,20,kg,7050,7.54,141000,150.8,2024-05-12,Concrete,Spring
B01903,P049,Japanese peanuts,Peanuts,Primary,S013,Maipo Nuts Ltd.,2023-11-30,22,kg,7050,7.54,155100,165.88,2024-05-28,Concrete,Spring
B01904,P049,Japanese peanuts,Peanuts,Primary,S013,Maipo Nuts Ltd.,2023-12-20,25,kg,7050,7.54,176250,188.5,2024-06-17,Concrete,Summer
B01905,P049,Japanese peanuts,Peanuts,Primary,S013,Maipo Nuts Ltd.,2024-01-14,22,kg,7050,7.54,155100,165.88,2024-07-12,Concrete,Summer
B01906,P049,Japanese peanuts,Peanuts,Primary,S013,Maipo Nuts Ltd.,2024-01-29,20,kg,7050,7.54,141000,150.8,2024-07-27,Concrete,Summer
B01907,P049,Japanese peanuts,Peanuts,Primary,S013,Maipo Nuts Ltd.,2024-02-17,20,kg,7050,7.54,141000,150.8,2024-08-15,Concrete,Summer
B01908,P049,Japanese peanuts,Peanuts,Primary,S013,Maipo Nuts Ltd.,2024-03-11,19,kg,7050,7.54,133950,143.26,2024-09-07,Concrete,Autumn
B01909,P049,Japanese peanuts,Peanuts,Primary,S013,Maipo Nuts Ltd.,2024-04-03,17,kg,7050,7.54,119850,128.18,2024-09-30,Concrete,Autumn
B01910,P049,Japanese peanuts,Peanuts,Primary,S013,Maipo Nuts Ltd.,2024-04-22,19,kg,7050,7.54,133950,143.26,2024-10-19,Concrete,Autumn
B01911,P049,Japanese peanuts,Peanuts,Primary,S013,Maipo Nuts Ltd.,2024-05-13,18,kg,7050,7.54,126900,135.72,2024-11-09,Concrete,Autumn
B01912,P049,Japanese peanuts,Peanuts,Backup,S014,El Palomo Nuts,2024-06-08,22,kg,7400,7.91,162800,174.12,2024-12-05,Concrete,Winter
B01913,P049,Japanese peanuts,Peanuts,Primary,S013,Maipo Nuts Ltd.,2024-06-26,19,kg,7050,7.54,133950,143.26,2024-12-23,Concrete,Winter
B01914,P049,Japanese peanuts,Peanuts,Primary,S013,Maipo Nuts Ltd.,2024-07-15,20,kg,7050,7.54,141000,150.8,2025-01-11,Concrete,Winter
B01915,P049,Japanese peanuts,Peanuts,Backup,S014,El Palomo Nuts,2024-08-04,21,kg,7400,7.91,155400,166.2,2025-01-31,Concrete,Winter
B01916,P049,Japanese peanuts,Peanuts,Primary,S013,Maipo Nuts Ltd.,2024-08-23,22,kg,7050,7.54,155100,165.88,2025-02-19,Concrete,Winter
B01917,P049,Japanese peanuts,Peanuts,Primary,S013,Maipo Nuts Ltd.,2024-09-12,24,kg,7050,7.54,169200,180.96,2025-03-11,Concrete,Spring
B01918,P049,Japanese peanuts,Peanuts,Primary,S013,Maipo Nuts Ltd.,2024-10-02,19,kg,7050,7.54,133950,143.26,2025-03-31,Concrete,Spring
B01919,P049,Japanese peanuts,Peanuts,Backup,S014,El Palomo Nuts,2024-10-18,21,kg,7400,7.91,155400,166.2,2025-04-16,Concrete,Spring
B01920,P049,Japanese peanuts,Peanuts,Primary,S013,Maipo Nuts Ltd.,2024-11-07,18,kg,7050,7.54,126900,135.72,2025-05-06,Concrete,Spring
B01921,P049,Japanese peanuts,Peanuts,Primary,S013,Maipo Nuts Ltd.,2024-12-04,25,kg,7050,7.54,176250,188.5,2025-06-02,Concrete,Summer
B01922,P049,Japanese peanuts,Peanuts,Primary,S013,Maipo Nuts Ltd.,2024-12-22,28,kg,7050,7.54,197400,211.12,2025-06-20,Concrete,Summer
B01923,P049,Japanese peanuts,Peanuts,Primary,S013,Maipo Nuts Ltd.,2025-01-19,23,kg,7050,7.54,162150,173.42,2025-07-18,Concrete,Summer
B01924,P049,Japanese peanuts,Peanuts,Backup,S014,El Palomo Nuts,2025-02-11,22,kg,7400,7.91,162800,174.12,2025-08-10,Concrete,Summer
B01925,P049,Japanese peanuts,Peanuts,Backup,S014,El Palomo Nuts,2025-03-04,24,kg,7400,7.91,177600,189.95,2025-08-31,Concrete,Autumn
B01926,P049,Japanese peanuts,Peanuts,Primary,S013,Maipo Nuts Ltd.,2025-03-22,20,kg,7050,7.54,141000,150.8,2025-09-18,Concrete,Autumn
B01927,P049,Japanese peanuts,Peanuts,Primary,S013,Maipo Nuts Ltd.,2025-04-09,23,kg,7050,7.54,162150,173.42,2025-10-06,Concrete,Autumn
B01928,P049,Japanese peanuts,Peanuts,Primary,S013,Maipo Nuts Ltd.,2025-05-03,20,kg,7050,7.54,141000,150.8,2025-10-30,Concrete,Autumn
B01929,P049,Japanese peanuts,Peanuts,Primary,S013,Maipo Nuts Ltd.,2025-05-25,25,kg,7050,7.54,176250,188.5,2025-11-21,Concrete,Autumn
B01930,P049,Japanese peanuts,Peanuts,Primary,S013,Maipo Nuts Ltd.,2025-06-16,23,kg,7050,7.54,162150,173.42,2025-12-13,Concrete,Winter
B01931,P050,Candied peanuts (natural),Peanuts,Primary,S013,Maipo Nuts Ltd.,2023-07-11,20,kg,6450,6.9,129000,137.97,2024-01-07,Concrete,Winter
B01932,P050,Candied peanuts (natural),Peanuts,Primary,S013,Maipo Nuts Ltd.,2023-07-23,20,kg,6450,6.9,129000,137.97,2024-01-19,Concrete,Winter
B01933,P050,Candied peanuts (natural),Peanuts,Primary,S013,Maipo Nuts Ltd.,2023-08-11,17,kg,6450,6.9,109650,117.27,2024-02-07,Concrete,Winter
B01934,P050,Candied peanuts (natural),Peanuts,Primary,S013,Maipo Nuts Ltd.,2023-08-27,20,kg,6450,6.9,129000,137.97,2024-02-23,Concrete,Winter
B01935,P050,Candied peanuts (natural),Peanuts,Primary,S013,Maipo Nuts Ltd.,2023-09-18,22,kg,6450,6.9,141900,151.76,2024-03-16,Concrete,Spring
B01936,P050,Candied peanuts (natural),Peanuts,Backup,S014,El Palomo Nuts,2023-10-06,18,kg,6650,7.11,119700,128.02,2024-04-03,Concrete,Spring
B01937,P050,Candied peanuts (natural),Peanuts,Primary,S013,Maipo Nuts Ltd.,2023-10-26,21,kg,6450,6.9,135450,144.87,2024-04-23,Concrete,Spring
B01938,P050,Candied peanuts (natural),Peanuts,Primary,S013,Maipo Nuts Ltd.,2023-11-19,18,kg,6450,6.9,116100,124.17,2024-05-17,Concrete,Spring
B01939,P050,Candied peanuts (natural),Peanuts,Backup,S014,El Palomo Nuts,2023-12-16,26,kg,6650,7.11,172900,184.92,2024-06-13,Concrete,Summer
B01940,P050,Candied peanuts (natural),Peanuts,Primary,S013,Maipo Nuts Ltd.,2024-01-02,18,kg,6450,6.9,116100,124.17,2024-06-30,Concrete,Summer
B01941,P050,Candied peanuts (natural),Peanuts,Primary,S013,Maipo Nuts Ltd.,2024-01-19,20,kg,6450,6.9,129000,137.97,2024-07-17,Concrete,Summer
B01942,P050,Candied peanuts (natural),Peanuts,Backup,S014,El Palomo Nuts,2024-02-08,20,kg,6650,7.11,133000,142.25,2024-08-06,Concrete,Summer
B01943,P050,Candied peanuts (natural),Peanuts,Backup,S014,El Palomo Nuts,2024-02-26,22,kg,6650,7.11,146300,156.47,2024-08-24,Concrete,Summer
B01944,P050,Candied peanuts (natural),Peanuts,Primary,S013,Maipo Nuts Ltd.,2024-03-16,23,kg,6450,6.9,148350,158.66,2024-09-12,Concrete,Autumn
B01945,P050,Candied peanuts (natural),Peanuts,Primary,S013,Maipo Nuts Ltd.,2024-03-31,18,kg,6450,6.9,116100,124.17,2024-09-27,Concrete,Autumn
B01946,P050,Candied peanuts (natural),Peanuts,Primary,S013,Maipo Nuts Ltd.,2024-04-17,21,kg,6450,6.9,135450,144.87,2024-10-14,Concrete,Autumn
B01947,P050,Candied peanuts (natural),Peanuts,Backup,S014,El Palomo Nuts,2024-05-12,20,kg,6650,7.11,133000,142.25,2024-11-08,Concrete,Autumn
B01948,P050,Candied peanuts (natural),Peanuts,Backup,S014,El Palomo Nuts,2024-05-31,20,kg,6650,7.11,133000,142.25,2024-11-27,Concrete,Autumn
B01949,P050,Candied peanuts (natural),Peanuts,Primary,S013,Maipo Nuts Ltd.,2024-06-17,18,kg,6450,6.9,116100,124.17,2024-12-14,Concrete,Winter
B01950,P050,Candied peanuts (natural),Peanuts,Primary,S013,Maipo Nuts Ltd.,2024-07-14,20,kg,6450,6.9,129000,137.97,2025-01-10,Concrete,Winter
B01951,P050,Candied peanuts (natural),Peanuts,Primary,S013,Maipo Nuts Ltd.,2024-08-01,20,kg,6450,6.9,129000,137.97,2025-01-28,Concrete,Winter
B01952,P050,Candied peanuts (natural),Peanuts,Primary,S013,Maipo Nuts Ltd.,2024-08-17,21,kg,6450,6.9,135450,144.87,2025-02-13,Concrete,Winter
B01953,P050,Candied peanuts (natural),Peanuts,Backup,S014,El Palomo Nuts,2024-09-09,25,kg,6650,7.11,166250,177.81,2025-03-08,Concrete,Spring
B01954,P050,Candied peanuts (natural),Peanuts,Backup,S014,El Palomo Nuts,2024-10-05,21,kg,6650,7.11,139650,149.36,2025-04-03,Concrete,Spring
B01955,P050,Candied peanuts (natural),Peanuts,Primary,S013,Maipo Nuts Ltd.,2024-10-28,20,kg,6450,6.9,129000,137.97,2025-04-26,Concrete,Spring
B01956,P050,Candied peanuts (natural),Peanuts,Primary,S013,Maipo Nuts Ltd.,2024-11-22,18,kg,6450,6.9,116100,124.17,2025-05-21,Concrete,Spring
B01957,P050,Candied peanuts (natural),Peanuts,Primary,S013,Maipo Nuts Ltd.,2024-12-08,27,kg,6450,6.9,174150,186.26,2025-06-06,Concrete,Summer
B01958,P050,Candied peanuts (natural),Peanuts,Backup,S014,El Palomo Nuts,2024-12-28,24,kg,6650,7.11,159600,170.7,2025-06-26,Concrete,Summer
B01959,P050,Candied peanuts (natural),Peanuts,Backup,S014,El Palomo Nuts,2025-01-14,22,kg,6650,7.11,146300,156.47,2025-07-13,Concrete,Summer
B01960,P050,Candied peanuts (natural),Peanuts,Primary,S013,Maipo Nuts Ltd.,2025-02-02,21,kg,6450,6.9,135450,144.87,2025-08-01,Concrete,Summer
B01961,P050,Candied peanuts (natural),Peanuts,Backup,S014,El Palomo Nuts,2025-02-22,23,kg,6650,7.11,152950,163.58,2025-08-21,Concrete,Summer
B01962,P050,Candied peanuts (natural),Peanuts,Primary,S013,Maipo Nuts Ltd.,2025-03-08,24,kg,6450,6.9,154800,165.56,2025-09-04,Concrete,Autumn
B01963,P050,Candied peanuts (natural),Peanuts,Backup,S014,El Palomo Nuts,2025-03-25,21,kg,6650,7.11,139650,149.36,2025-09-21,Concrete,Autumn
B01964,P050,Candied peanuts (natural),Peanuts,Primary,S013,Maipo Nuts Ltd.,2025-04-16,19,kg,6450,6.9,122550,131.07,2025-10-13,Concrete,Autumn
B01965,P050,Candied peanuts (natural),Peanuts,Backup,S014,El Palomo Nuts,2025-05-07,25,kg,6650,7.11,166250,177.81,2025-11-03,Concrete,Autumn
B01966,P050,Candied peanuts (natural),Peanuts,Primary,S013,Maipo Nuts Ltd.,2025-05-27,22,kg,6450,6.9,141900,151.76,2025-11-23,Concrete,Autumn
B01967,P050,Candied peanuts (natural),Peanuts,Primary,S013,Maipo Nuts Ltd.,2025-06-18,20,kg,6450,6.9,129000,137.97,2025-12-15,Concrete,Winter
B01968,P051,Chocolate-coated peanuts,Peanuts,Primary,S013,Maipo Nuts Ltd.,2023-07-20,36,kg,7700,8.24,277200,296.47,2024-01-16,Concrete,Winter
B01969,P051,Chocolate-coated peanuts,Peanuts,Primary,S013,Maipo Nuts Ltd.,2023-08-07,30,kg,7700,8.24,231000,247.06,2024-02-03,Concrete,Winter
B01970,P051,Chocolate-coated peanuts,Peanuts,Primary,S013,Maipo Nuts Ltd.,2023-09-01,37,kg,7700,8.24,284900,304.71,2024-02-28,Concrete,Spring
B01971,P051,Chocolate-coated peanuts,Peanuts,Primary,S013,Maipo Nuts Ltd.,2023-09-24,38,kg,7700,8.24,292600,312.94,2024-03-22,Concrete,Spring
B01972,P051,Chocolate-coated peanuts,Peanuts,Primary,S013,Maipo Nuts Ltd.,2023-10-14,13,kg,7700,8.24,100100,107.06,2024-04-11,Concrete,Spring
B01973,P051,Chocolate-coated peanuts,Peanuts,Primary,S013,Maipo Nuts Ltd.,2023-10-30,12,kg,7700,8.24,92400,98.82,2024-04-27,Concrete,Spring
B01974,P051,Chocolate-coated peanuts,Peanuts,Primary,S013,Maipo Nuts Ltd.,2023-11-15,11,kg,7700,8.24,84700,90.59,2024-05-13,Concrete,Spring
B01975,P051,Chocolate-coated peanuts,Peanuts,Primary,S013,Maipo Nuts Ltd.,2023-12-08,16,kg,7700,8.24,123200,131.76,2024-06-05,Concrete,Summer
B01976,P051,Chocolate-coated peanuts,Peanuts,Primary,S013,Maipo Nuts Ltd.,2023-12-30,16,kg,7700,8.24,123200,131.76,2024-06-27,Concrete,Summer
B01977,P051,Chocolate-coated peanuts,Peanuts,Primary,S013,Maipo Nuts Ltd.,2024-01-22,11,kg,7700,8.24,84700,90.59,2024-07-20,Concrete,Summer
B01978,P051,Chocolate-coated peanuts,Peanuts,Primary,S013,Maipo Nuts Ltd.,2024-02-12,13,kg,7700,8.24,100100,107.06,2024-08-10,Concrete,Summer
B01979,P051,Chocolate-coated peanuts,Peanuts,Primary,S013,Maipo Nuts Ltd.,2024-02-28,13,kg,7700,8.24,100100,107.06,2024-08-26,Concrete,Summer
B01980,P051,Chocolate-coated peanuts,Peanuts,Primary,S013,Maipo Nuts Ltd.,2024-03-17,13,kg,7700,8.24,100100,107.06,2024-09-13,Concrete,Autumn
B01981,P051,Chocolate-coated peanuts,Peanuts,Backup,S014,El Palomo Nuts,2024-04-02,35,kg,8200,8.77,287000,306.95,2024-09-29,Concrete,Autumn
B01982,P051,Chocolate-coated peanuts,Peanuts,Primary,S013,Maipo Nuts Ltd.,2024-04-21,30,kg,7700,8.24,231000,247.06,2024-10-18,Concrete,Autumn
B01983,P051,Chocolate-coated peanuts,Peanuts,Primary,S013,Maipo Nuts Ltd.,2024-05-17,28,kg,7700,8.24,215600,230.59,2024-11-13,Concrete,Autumn
B01984,P051,Chocolate-coated peanuts,Peanuts,Primary,S013,Maipo Nuts Ltd.,2024-06-05,31,kg,7700,8.24,238700,255.29,2024-12-02,Concrete,Winter
B01985,P051,Chocolate-coated peanuts,Peanuts,Primary,S013,Maipo Nuts Ltd.,2024-06-25,27,kg,7700,8.24,207900,222.35,2024-12-22,Concrete,Winter
B01986,P051,Chocolate-coated peanuts,Peanuts,Primary,S013,Maipo Nuts Ltd.,2024-07-14,28,kg,7700,8.24,215600,230.59,2025-01-10,Concrete,Winter
B01987,P051,Chocolate-coated peanuts,Peanuts,Primary,S013,Maipo Nuts Ltd.,2024-08-05,31,kg,7700,8.24,238700,255.29,2025-02-01,Concrete,Winter
B01988,P051,Chocolate-coated peanuts,Peanuts,Primary,S013,Maipo Nuts Ltd.,2024-08-28,35,kg,7700,8.24,269500,288.24,2025-02-24,Concrete,Winter
B01989,P051,Chocolate-coated peanuts,Peanuts,Backup,S014,El Palomo Nuts,2024-09-20,45,kg,8200,8.77,369000,394.65,2025-03-19,Concrete,Spring
B01990,P051,Chocolate-coated peanuts,Peanuts,Primary,S013,Maipo Nuts Ltd.,2024-10-13,13,kg,7700,8.24,100100,107.06,2025-04-11,Concrete,Spring
B01991,P051,Chocolate-coated peanuts,Peanuts,Backup,S014,El Palomo Nuts,2024-11-09,12,kg,8200,8.77,98400,105.24,2025-05-08,Concrete,Spring
B01992,P051,Chocolate-coated peanuts,Peanuts,Primary,S013,Maipo Nuts Ltd.,2024-12-01,14,kg,7700,8.24,107800,115.29,2025-05-30,Concrete,Summer
B01993,P051,Chocolate-coated peanuts,Peanuts,Primary,S013,Maipo Nuts Ltd.,2024-12-23,14,kg,7700,8.24,107800,115.29,2025-06-21,Concrete,Summer
B01994,P051,Chocolate-coated peanuts,Peanuts,Primary,S013,Maipo Nuts Ltd.,2025-01-16,11,kg,7700,8.24,84700,90.59,2025-07-15,Concrete,Summer
B01995,P051,Chocolate-coated peanuts,Peanuts,Primary,S013,Maipo Nuts Ltd.,2025-02-08,14,kg,7700,8.24,107800,115.29,2025-08-07,Concrete,Summer
B01996,P051,Chocolate-coated peanuts,Peanuts,Primary,S013,Maipo Nuts Ltd.,2025-02-23,13,kg,7700,8.24,100100,107.06,2025-08-22,Concrete,Summer
B01997,P051,Chocolate-coated peanuts,Peanuts,Primary,S013,Maipo Nuts Ltd.,2025-03-12,12,kg,7700,8.24,92400,98.82,2025-09-08,Concrete,Autumn
B01998,P051,Chocolate-coated peanuts,Peanuts,Primary,S013,Maipo Nuts Ltd.,2025-03-29,12,kg,7700,8.24,92400,98.82,2025-09-25,Concrete,Autumn
B01999,P051,Chocolate-coated peanuts,Peanuts,Primary,S013,Maipo Nuts Ltd.,2025-04-26,37,kg,7700,8.24,284900,304.71,2025-10-23,Concrete,Autumn
B02000,P051,Chocolate-coated peanuts,Peanuts,Primary,S013,Maipo Nuts Ltd.,2025-05-12,37,kg,7700,8.24,284900,304.71,2025-11-08,Concrete,Autumn
B02001,P051,Chocolate-coated peanuts,Peanuts,Primary,S013,Maipo Nuts Ltd.,2025-06-05,38,kg,7700,8.24,292600,312.94,2025-12-02,Concrete,Winter
B02002,P051,Chocolate-coated peanuts,Peanuts,Primary,S013,Maipo Nuts Ltd.,2025-06-29,36,kg,7700,8.24,277200,296.47,2025-12-26,Concrete,Winter
B02003,P052,Peanuts with merken,Peanuts,Primary,S013,Maipo Nuts Ltd.,2023-07-16,23,kg,5300,5.67,121900,130.37,2024-01-12,Concrete,Winter
B02004,P052,Peanuts with merken,Peanuts,Primary,S013,Maipo Nuts Ltd.,2023-08-07,22,kg,5300,5.67,116600,124.71,2024-02-03,Concrete,Winter
B02005,P052,Peanuts with merken,Peanuts,Primary,S013,Maipo Nuts Ltd.,2023-09-03,23,kg,5300,5.67,121900,130.37,2024-03-01,Concrete,Spring
B02006,P052,Peanuts with merken,Peanuts,Primary,S013,Maipo Nuts Ltd.,2023-09-23,26,kg,5300,5.67,137800,147.38,2024-03-21,Concrete,Spring
B02007,P052,Peanuts with merken,Peanuts,Primary,S013,Maipo Nuts Ltd.,2023-10-13,19,kg,5300,5.67,100700,107.7,2024-04-10,Concrete,Spring
B02008,P052,Peanuts with merken,Peanuts,Backup,S014,El Palomo Nuts,2023-11-07,22,kg,5500,5.88,121000,129.41,2024-05-05,Concrete,Spring
B02009,P052,Peanuts with merken,Peanuts,Primary,S013,Maipo Nuts Ltd.,2023-11-29,20,kg,5300,5.67,106000,113.37,2024-05-27,Concrete,Spring
B02010,P052,Peanuts with merken,Peanuts,Backup,S014,El Palomo Nuts,2023-12-16,29,kg,5500,5.88,159500,170.59,2024-06-13,Concrete,Summer
B02011,P052,Peanuts with merken,Peanuts,Primary,S013,Maipo Nuts Ltd.,2024-01-05,23,kg,5300,5.67,121900,130.37,2024-07-03,Concrete,Summer
B02012,P052,Peanuts with merken,Peanuts,Primary,S013,Maipo Nuts Ltd.,2024-01-20,21,kg,5300,5.67,111300,119.04,2024-07-18,Concrete,Summer
B02013,P052,Peanuts with merken,Peanuts,Primary,S013,Maipo Nuts Ltd.,2024-02-07,19,kg,5300,5.67,100700,107.7,2024-08-05,Concrete,Summer
B02014,P052,Peanuts with merken,Peanuts,Primary,S013,Maipo Nuts Ltd.,2024-02-24,23,kg,5300,5.67,121900,130.37,2024-08-22,Concrete,Summer
B02015,P052,Peanuts with merken,Peanuts,Backup,S014,El Palomo Nuts,2024-03-14,22,kg,5500,5.88,121000,129.41,2024-09-10,Concrete,Autumn
B02016,P052,Peanuts with merken,Peanuts,Primary,S013,Maipo Nuts Ltd.,2024-04-01,21,kg,5300,5.67,111300,119.04,2024-09-28,Concrete,Autumn
B02017,P052,Peanuts with merken,Peanuts,Backup,S014,El Palomo Nuts,2024-04-20,18,kg,5500,5.88,99000,105.88,2024-10-17,Concrete,Autumn
B02018,P052,Peanuts with merken,Peanuts,Primary,S013,Maipo Nuts Ltd.,2024-05-11,22,kg,5300,5.67,116600,124.71,2024-11-07,Concrete,Autumn
B02019,P052,Peanuts with merken,Peanuts,Primary,S013,Maipo Nuts Ltd.,2024-05-28,20,kg,5300,5.67,106000,113.37,2024-11-24,Concrete,Autumn
B02020,P052,Peanuts with merken,Peanuts,Primary,S013,Maipo Nuts Ltd.,2024-06-19,18,kg,5300,5.67,95400,102.03,2024-12-16,Concrete,Winter
B02021,P052,Peanuts with merken,Peanuts,Primary,S013,Maipo Nuts Ltd.,2024-07-06,23,kg,5300,5.67,121900,130.37,2025-01-02,Concrete,Winter
B02022,P052,Peanuts with merken,Peanuts,Primary,S013,Maipo Nuts Ltd.,2024-07-25,19,kg,5300,5.67,100700,107.7,2025-01-21,Concrete,Winter
B02023,P052,Peanuts with merken,Peanuts,Primary,S013,Maipo Nuts Ltd.,2024-08-16,23,kg,5300,5.67,121900,130.37,2025-02-12,Concrete,Winter
B02024,P052,Peanuts with merken,Peanuts,Primary,S013,Maipo Nuts Ltd.,2024-09-14,22,kg,5300,5.67,116600,124.71,2025-03-13,Concrete,Spring
B02025,P052,Peanuts with merken,Peanuts,Primary,S013,Maipo Nuts Ltd.,2024-10-04,22,kg,5300,5.67,116600,124.71,2025-04-02,Concrete,Spring
B02026,P052,Peanuts with merken,Peanuts,Primary,S013,Maipo Nuts Ltd.,2024-10-27,23,kg,5300,5.67,121900,130.37,2025-04-25,Concrete,Spring
B02027,P052,Peanuts with merken,Peanuts,Primary,S013,Maipo Nuts Ltd.,2024-11-19,21,kg,5300,5.67,111300,119.04,2025-05-18,Concrete,Spring
B02028,P052,Peanuts with merken,Peanuts,Primary,S013,Maipo Nuts Ltd.,2024-12-05,27,kg,5300,5.67,143100,153.05,2025-06-03,Concrete,Summer
B02029,P052,Peanuts with merken,Peanuts,Primary,S013,Maipo Nuts Ltd.,2024-12-27,28,kg,5300,5.67,148400,158.72,2025-06-25,Concrete,Summer
B02030,P052,Peanuts with merken,Peanuts,Primary,S013,Maipo Nuts Ltd.,2025-01-15,19,kg,5300,5.67,100700,107.7,2025-07-14,Concrete,Summer
B02031,P052,Peanuts with merken,Peanuts,Primary,S013,Maipo Nuts Ltd.,2025-02-04,21,kg,5300,5.67,111300,119.04,2025-08-03,Concrete,Summer
B02032,P052,Peanuts with merken,Peanuts,Primary,S013,Maipo Nuts Ltd.,2025-02-23,19,kg,5300,5.67,100700,107.7,2025-08-22,Concrete,Summer
B02033,P052,Peanuts with merken,Peanuts,Primary,S013,Maipo Nuts Ltd.,2025-03-18,22,kg,5300,5.67,116600,124.71,2025-09-14,Concrete,Autumn
B02034,P052,Peanuts with merken,Peanuts,Primary,S013,Maipo Nuts Ltd.,2025-04-05,23,kg,5300,5.67,121900,130.37,2025-10-02,Concrete,Autumn
B02035,P052,Peanuts with merken,Peanuts,Primary,S013,Maipo Nuts Ltd.,2025-04-27,21,kg,5300,5.67,111300,119.04,2025-10-24,Concrete,Autumn
B02036,P052,Peanuts with merken,Peanuts,Primary,S013,Maipo Nuts Ltd.,2025-05-10,25,kg,5300,5.67,132500,141.71,2025-11-06,Concrete,Autumn
B02037,P052,Peanuts with merken,Peanuts,Primary,S013,Maipo Nuts Ltd.,2025-05-28,21,kg,5300,5.67,111300,119.04,2025-11-24,Concrete,Autumn
B02038,P052,Peanuts with merken,Peanuts,Primary,S013,Maipo Nuts Ltd.,2025-06-22,18,kg,5300,5.67,95400,102.03,2025-12-19,Concrete,Winter
B02039,P053,Honey-glazed peanuts,Peanuts,Primary,S013,Maipo Nuts Ltd.,2023-07-03,21,kg,5900,6.31,123900,132.51,2023-12-30,Concrete,Winter
B02040,P053,Honey-glazed peanuts,Peanuts,Primary,S013,Maipo Nuts Ltd.,2023-07-22,19,kg,5900,6.31,112100,119.89,2024-01-18,Concrete,Winter
B02041,P053,Honey-glazed peanuts,Peanuts,Primary,S013,Maipo Nuts Ltd.,2023-08-09,18,kg,5900,6.31,106200,113.58,2024-02-05,Concrete,Winter
B02042,P053,Honey-glazed peanuts,Peanuts,Primary,S013,Maipo Nuts Ltd.,2023-09-02,26,kg,5900,6.31,153400,164.06,2024-02-29,Concrete,Spring
B02043,P053,Honey-glazed peanuts,Peanuts,Primary,S013,Maipo Nuts Ltd.,2023-09-25,26,kg,5900,6.31,153400,164.06,2024-03-23,Concrete,Spring
B02044,P053,Honey-glazed peanuts,Peanuts,Primary,S013,Maipo Nuts Ltd.,2023-10-15,22,kg,5900,6.31,129800,138.82,2024-04-12,Concrete,Spring
B02045,P053,Honey-glazed peanuts,Peanuts,Primary,S013,Maipo Nuts Ltd.,2023-11-03,19,kg,5900,6.31,112100,119.89,2024-05-01,Concrete,Spring
B02046,P053,Honey-glazed peanuts,Peanuts,Primary,S013,Maipo Nuts Ltd.,2023-11-18,21,kg,5900,6.31,123900,132.51,2024-05-16,Concrete,Spring
B02047,P053,Honey-glazed peanuts,Peanuts,Primary,S013,Maipo Nuts Ltd.,2023-12-10,29,kg,5900,6.31,171100,182.99,2024-06-07,Concrete,Summer
B02048,P053,Honey-glazed peanuts,Peanuts,Primary,S013,Maipo Nuts Ltd.,2023-12-27,28,kg,5900,6.31,165200,176.68,2024-06-24,Concrete,Summer
B02049,P053,Honey-glazed peanuts,Peanuts,Primary,S013,Maipo Nuts Ltd.,2024-01-15,23,kg,5900,6.31,135700,145.13,2024-07-13,Concrete,Summer
B02050,P053,Honey-glazed peanuts,Peanuts,Primary,S013,Maipo Nuts Ltd.,2024-02-07,18,kg,5900,6.31,106200,113.58,2024-08-05,Concrete,Summer
B02051,P053,Honey-glazed peanuts,Peanuts,Primary,S013,Maipo Nuts Ltd.,2024-02-27,21,kg,5900,6.31,123900,132.51,2024-08-25,Concrete,Summer
B02052,P053,Honey-glazed peanuts,Peanuts,Primary,S013,Maipo Nuts Ltd.,2024-03-24,18,kg,5900,6.31,106200,113.58,2024-09-20,Concrete,Autumn
B02053,P053,Honey-glazed peanuts,Peanuts,Primary,S013,Maipo Nuts Ltd.,2024-04-12,19,kg,5900,6.31,112100,119.89,2024-10-09,Concrete,Autumn
B02054,P053,Honey-glazed peanuts,Peanuts,Primary,S013,Maipo Nuts Ltd.,2024-05-01,19,kg,5900,6.31,112100,119.89,2024-10-28,Concrete,Autumn
B02055,P053,Honey-glazed peanuts,Peanuts,Primary,S013,Maipo Nuts Ltd.,2024-05-25,17,kg,5900,6.31,100300,107.27,2024-11-21,Concrete,Autumn
B02056,P053,Honey-glazed peanuts,Peanuts,Primary,S013,Maipo Nuts Ltd.,2024-06-13,23,kg,5900,6.31,135700,145.13,2024-12-10,Concrete,Winter
B02057,P053,Honey-glazed peanuts,Peanuts,Primary,S013,Maipo Nuts Ltd.,2024-07-02,20,kg,5900,6.31,118000,126.2,2024-12-29,Concrete,Winter
B02058,P053,Honey-glazed peanuts,Peanuts,Primary,S013,Maipo Nuts Ltd.,2024-07-23,22,kg,5900,6.31,129800,138.82,2025-01-19,Concrete,Winter
B02059,P053,Honey-glazed peanuts,Peanuts,Primary,S013,Maipo Nuts Ltd.,2024-08-16,18,kg,5900,6.31,106200,113.58,2025-02-12,Concrete,Winter
B02060,P053,Honey-glazed peanuts,Peanuts,Primary,S013,Maipo Nuts Ltd.,2024-09-09,28,kg,5900,6.31,165200,176.68,2025-03-08,Concrete,Spring
B02061,P053,Honey-glazed peanuts,Peanuts,Primary,S013,Maipo Nuts Ltd.,2024-10-01,19,kg,5900,6.31,112100,119.89,2025-03-30,Concrete,Spring
B02062,P053,Honey-glazed peanuts,Peanuts,Primary,S013,Maipo Nuts Ltd.,2024-10-17,19,kg,5900,6.31,112100,119.89,2025-04-15,Concrete,Spring
B02063,P053,Honey-glazed peanuts,Peanuts,Primary,S013,Maipo Nuts Ltd.,2024-10-29,19,kg,5900,6.31,112100,119.89,2025-04-27,Concrete,Spring
B02064,P053,Honey-glazed peanuts,Peanuts,Primary,S013,Maipo Nuts Ltd.,2024-11-25,23,kg,5900,6.31,135700,145.13,2025-05-24,Concrete,Spring
B02065,P053,Honey-glazed peanuts,Peanuts,Primary,S013,Maipo Nuts Ltd.,2024-12-15,28,kg,5900,6.31,165200,176.68,2025-06-13,Concrete,Summer
B02066,P053,Honey-glazed peanuts,Peanuts,Primary,S013,Maipo Nuts Ltd.,2025-01-12,21,kg,5900,6.31,123900,132.51,2025-07-11,Concrete,Summer
B02067,P053,Honey-glazed peanuts,Peanuts,Primary,S013,Maipo Nuts Ltd.,2025-01-27,20,kg,5900,6.31,118000,126.2,2025-07-26,Concrete,Summer
B02068,P053,Honey-glazed peanuts,Peanuts,Primary,S013,Maipo Nuts Ltd.,2025-02-15,19,kg,5900,6.31,112100,119.89,2025-08-14,Concrete,Summer
B02069,P053,Honey-glazed peanuts,Peanuts,Primary,S013,Maipo Nuts Ltd.,2025-03-08,23,kg,5900,6.31,135700,145.13,2025-09-04,Concrete,Autumn
B02070,P053,Honey-glazed peanuts,Peanuts,Primary,S013,Maipo Nuts Ltd.,2025-04-02,24,kg,5900,6.31,141600,151.44,2025-09-29,Concrete,Autumn
B02071,P053,Honey-glazed peanuts,Peanuts,Primary,S013,Maipo Nuts Ltd.,2025-04-15,19,kg,5900,6.31,112100,119.89,2025-10-12,Concrete,Autumn
B02072,P053,Honey-glazed peanuts,Peanuts,Primary,S013,Maipo Nuts Ltd.,2025-05-08,23,kg,5900,6.31,135700,145.13,2025-11-04,Concrete,Autumn
B02073,P053,Honey-glazed peanuts,Peanuts,Primary,S013,Maipo Nuts Ltd.,2025-05-25,21,kg,5900,6.31,123900,132.51,2025-11-21,Concrete,Autumn
B02074,P053,Honey-glazed peanuts,Peanuts,Primary,S013,Maipo Nuts Ltd.,2025-06-13,21,kg,5900,6.31,123900,132.51,2025-12-10,Concrete,Winter
B02075,P054,Salted peanuts in shell,Peanuts,Backup,S014,El Palomo Nuts,2023-07-05,23,kg,4300,4.6,98900,105.78,2024-01-01,Concrete,Winter
B02076,P054,Salted peanuts in shell,Peanuts,Primary,S013,Maipo Nuts Ltd.,2023-07-19,22,kg,4050,4.33,89100,95.29,2024-01-15,Concrete,Winter
B02077,P054,Salted peanuts in shell,Peanuts,Primary,S013,Maipo Nuts Ltd.,2023-08-11,19,kg,4050,4.33,76950,82.3,2024-02-07,Concrete,Winter
B02078,P054,Salted peanuts in shell,Peanuts,Primary,S013,Maipo Nuts Ltd.,2023-08-27,20,kg,4050,4.33,81000,86.63,2024-02-23,Concrete,Winter
B02079,P054,Salted peanuts in shell,Peanuts,Primary,S013,Maipo Nuts Ltd.,2023-09-17,23,kg,4050,4.33,93150,99.63,2024-03-15,Concrete,Spring
B02080,P054,Salted peanuts in shell,Peanuts,Primary,S013,Maipo Nuts Ltd.,2023-10-07,21,kg,4050,4.33,85050,90.96,2024-04-04,Concrete,Spring
B02081,P054,Salted peanuts in shell,Peanuts,Primary,S013,Maipo Nuts Ltd.,2023-10-26,18,kg,4050,4.33,72900,77.97,2024-04-23,Concrete,Spring
B02082,P054,Salted peanuts in shell,Peanuts,Primary,S013,Maipo Nuts Ltd.,2023-11-14,19,kg,4050,4.33,76950,82.3,2024-05-12,Concrete,Spring
B02083,P054,Salted peanuts in shell,Peanuts,Primary,S013,Maipo Nuts Ltd.,2023-12-03,29,kg,4050,4.33,117450,125.61,2024-05-31,Concrete,Summer
B02084,P054,Salted peanuts in shell,Peanuts,Primary,S013,Maipo Nuts Ltd.,2023-12-24,23,kg,4050,4.33,93150,99.63,2024-06-21,Concrete,Summer
B02085,P054,Salted peanuts in shell,Peanuts,Primary,S013,Maipo Nuts Ltd.,2024-01-12,22,kg,4050,4.33,89100,95.29,2024-07-10,Concrete,Summer
B02086,P054,Salted peanuts in shell,Peanuts,Backup,S014,El Palomo Nuts,2024-02-04,18,kg,4300,4.6,77400,82.78,2024-08-02,Concrete,Summer
B02087,P054,Salted peanuts in shell,Peanuts,Primary,S013,Maipo Nuts Ltd.,2024-02-24,21,kg,4050,4.33,85050,90.96,2024-08-22,Concrete,Summer
B02088,P054,Salted peanuts in shell,Peanuts,Primary,S013,Maipo Nuts Ltd.,2024-03-21,19,kg,4050,4.33,76950,82.3,2024-09-17,Concrete,Autumn
B02089,P054,Salted peanuts in shell,Peanuts,Primary,S013,Maipo Nuts Ltd.,2024-04-08,17,kg,4050,4.33,68850,73.64,2024-10-05,Concrete,Autumn
B02090,P054,Salted peanuts in shell,Peanuts,Primary,S013,Maipo Nuts Ltd.,2024-04-28,23,kg,4050,4.33,93150,99.63,2024-10-25,Concrete,Autumn
B02091,P054,Salted peanuts in shell,Peanuts,Primary,S013,Maipo Nuts Ltd.,2024-05-16,19,kg,4050,4.33,76950,82.3,2024-11-12,Concrete,Autumn
B02092,P054,Salted peanuts in shell,Peanuts,Primary,S013,Maipo Nuts Ltd.,2024-05-29,19,kg,4050,4.33,76950,82.3,2024-11-25,Concrete,Autumn
B02093,P054,Salted peanuts in shell,Peanuts,Primary,S013,Maipo Nuts Ltd.,2024-06-15,19,kg,4050,4.33,76950,82.3,2024-12-12,Concrete,Winter
B02094,P054,Salted peanuts in shell,Peanuts,Primary,S013,Maipo Nuts Ltd.,2024-07-06,19,kg,4050,4.33,76950,82.3,2025-01-02,Concrete,Winter
B02095,P054,Salted peanuts in shell,Peanuts,Primary,S013,Maipo Nuts Ltd.,2024-07-24,23,kg,4050,4.33,93150,99.63,2025-01-20,Concrete,Winter
B02096,P054,Salted peanuts in shell,Peanuts,Primary,S013,Maipo Nuts Ltd.,2024-08-07,22,kg,4050,4.33,89100,95.29,2025-02-03,Concrete,Winter
B02097,P054,Salted peanuts in shell,Peanuts,Primary,S013,Maipo Nuts Ltd.,2024-08-30,21,kg,4050,4.33,85050,90.96,2025-02-26,Concrete,Winter
B02098,P054,Salted peanuts in shell,Peanuts,Backup,S014,El Palomo Nuts,2024-09-26,23,kg,4300,4.6,98900,105.78,2025-03-25,Concrete,Spring
B02099,P054,Salted peanuts in shell,Peanuts,Primary,S013,Maipo Nuts Ltd.,2024-10-17,18,kg,4050,4.33,72900,77.97,2025-04-15,Concrete,Spring
B02100,P054,Salted peanuts in shell,Peanuts,Primary,S013,Maipo Nuts Ltd.,2024-11-06,22,kg,4050,4.33,89100,95.29,2025-05-05,Concrete,Spring
B02101,P054,Salted peanuts in shell,Peanuts,Primary,S013,Maipo Nuts Ltd.,2024-11-29,19,kg,4050,4.33,76950,82.3,2025-05-28,Concrete,Spring
B02102,P054,Salted peanuts in shell,Peanuts,Primary,S013,Maipo Nuts Ltd.,2024-12-18,26,kg,4050,4.33,105300,112.62,2025-06-16,Concrete,Summer
B02103,P054,Salted peanuts in shell,Peanuts,Primary,S013,Maipo Nuts Ltd.,2025-01-05,25,kg,4050,4.33,101250,108.29,2025-07-04,Concrete,Summer
B02104,P054,Salted peanuts in shell,Peanuts,Primary,S013,Maipo Nuts Ltd.,2025-01-24,21,kg,4050,4.33,85050,90.96,2025-07-23,Concrete,Summer
B02105,P054,Salted peanuts in shell,Peanuts,Primary,S013,Maipo Nuts Ltd.,2025-02-19,20,kg,4050,4.33,81000,86.63,2025-08-18,Concrete,Summer
B02106,P054,Salted peanuts in shell,Peanuts,Primary,S013,Maipo Nuts Ltd.,2025-03-11,20,kg,4050,4.33,81000,86.63,2025-09-07,Concrete,Autumn
B02107,P054,Salted peanuts in shell,Peanuts,Primary,S013,Maipo Nuts Ltd.,2025-04-01,19,kg,4050,4.33,76950,82.3,2025-09-28,Concrete,Autumn
B02108,P054,Salted peanuts in shell,Peanuts,Primary,S013,Maipo Nuts Ltd.,2025-04-20,21,kg,4050,4.33,85050,90.96,2025-10-17,Concrete,Autumn
B02109,P054,Salted peanuts in shell,Peanuts,Primary,S013,Maipo Nuts Ltd.,2025-05-11,25,kg,4050,4.33,101250,108.29,2025-11-07,Concrete,Autumn
B02110,P054,Salted peanuts in shell,Peanuts,Primary,S013,Maipo Nuts Ltd.,2025-06-02,21,kg,4050,4.33,85050,90.96,2025-11-29,Concrete,Winter
B02111,P054,Salted peanuts in shell,Peanuts,Primary,S013,Maipo Nuts Ltd.,2025-06-26,22,kg,4050,4.33,89100,95.29,2025-12-23,Concrete,Winter
B02112,P055,Walnuts (shelled),Nuts,Primary,S013,Maipo Nuts Ltd.,2023-07-13,22,kg,6800,7.27,149600,160.0,2024-02-08,Concrete,Winter
B02113,P055,Walnuts (shelled),Nuts,Primary,S013,Maipo Nuts Ltd.,2023-08-07,22,kg,6800,7.27,149600,160.0,2024-03-04,Concrete,Winter
B02114,P055,Walnuts (shelled),Nuts,Primary,S013,Maipo Nuts Ltd.,2023-08-30,21,kg,6800,7.27,142800,152.73,2024-03-27,Concrete,Winter
B02115,P055,Walnuts (shelled),Nuts,Primary,S013,Maipo Nuts Ltd.,2023-09-21,22,kg,6800,7.27,149600,160.0,2024-04-18,Concrete,Spring
B02116,P055,Walnuts (shelled),Nuts,Primary,S013,Maipo Nuts Ltd.,2023-10-07,8,kg,6800,7.27,54400,58.18,2024-05-04,Concrete,Spring
B02117,P055,Walnuts (shelled),Nuts,Primary,S013,Maipo Nuts Ltd.,2023-10-27,6,kg,6800,7.27,40800,43.64,2024-05-24,Concrete,Spring
B02118,P055,Walnuts (shelled),Nuts,Primary,S013,Maipo Nuts Ltd.,2023-11-18,6,kg,6800,7.27,40800,43.64,2024-06-15,Concrete,Spring
B02119,P055,Walnuts (shelled),Nuts,Primary,S013,Maipo Nuts Ltd.,2023-12-04,9,kg,6800,7.27,61200,65.45,2024-07-01,Concrete,Summer
B02120,P055,Walnuts (shelled),Nuts,Primary,S013,Maipo Nuts Ltd.,2023-12-25,9,kg,6800,7.27,61200,65.45,2024-07-22,Concrete,Summer
B02121,P055,Walnuts (shelled),Nuts,Primary,S013,Maipo Nuts Ltd.,2024-01-16,8,kg,6800,7.27,54400,58.18,2024-08-13,Concrete,Summer
B02122,P055,Walnuts (shelled),Nuts,Primary,S013,Maipo Nuts Ltd.,2024-02-12,7,kg,6800,7.27,47600,50.91,2024-09-09,Concrete,Summer
B02123,P055,Walnuts (shelled),Nuts,Primary,S013,Maipo Nuts Ltd.,2024-03-01,7,kg,6800,7.27,47600,50.91,2024-09-27,Concrete,Autumn
B02124,P055,Walnuts (shelled),Nuts,Primary,S013,Maipo Nuts Ltd.,2024-03-20,6,kg,6800,7.27,40800,43.64,2024-10-16,Concrete,Autumn
B02125,P055,Walnuts (shelled),Nuts,Primary,S013,Maipo Nuts Ltd.,2024-04-07,19,kg,6800,7.27,129200,138.18,2024-11-03,Concrete,Autumn
B02126,P055,Walnuts (shelled),Nuts,Primary,S013,Maipo Nuts Ltd.,2024-04-25,20,kg,6800,7.27,136000,145.45,2024-11-21,Concrete,Autumn
B02127,P055,Walnuts (shelled),Nuts,Primary,S013,Maipo Nuts Ltd.,2024-05-19,20,kg,6800,7.27,136000,145.45,2024-12-15,Concrete,Autumn
B02128,P055,Walnuts (shelled),Nuts,Primary,S013,Maipo Nuts Ltd.,2024-06-05,22,kg,6800,7.27,149600,160.0,2025-01-01,Concrete,Winter
B02129,P055,Walnuts (shelled),Nuts,Backup,S015,Nogal Dryfruits,2024-06-28,20,kg,7300,7.81,146000,156.15,2025-01-24,Concrete,Winter
B02130,P055,Walnuts (shelled),Nuts,Backup,S015,Nogal Dryfruits,2024-07-16,19,kg,7300,7.81,138700,148.34,2025-02-11,Concrete,Winter
B02131,P055,Walnuts (shelled),Nuts,Primary,S013,Maipo Nuts Ltd.,2024-07-28,18,kg,6800,7.27,122400,130.91,2025-02-23,Concrete,Winter
B02132,P055,Walnuts (shelled),Nuts,Primary,S013,Maipo Nuts Ltd.,2024-08-23,22,kg,6800,7.27,149600,160.0,2025-03-21,Concrete,Winter
B02133,P055,Walnuts (shelled),Nuts,Backup,S015,Nogal Dryfruits,2024-09-12,28,kg,7300,7.81,204400,218.61,2025-04-10,Concrete,Spring
B02134,P055,Walnuts (shelled),Nuts,Primary,S013,Maipo Nuts Ltd.,2024-10-09,6,kg,6800,7.27,40800,43.64,2025-05-07,Concrete,Spring
B02135,P055,Walnuts (shelled),Nuts,Backup,S015,Nogal Dryfruits,2024-10-30,7,kg,7300,7.81,51100,54.65,2025-05-28,Concrete,Spring
B02136,P055,Walnuts (shelled),Nuts,Backup,S015,Nogal Dryfruits,2024-11-20,8,kg,7300,7.81,58400,62.46,2025-06-18,Concrete,Spring
B02137,P055,Walnuts (shelled),Nuts,Backup,S015,Nogal Dryfruits,2024-12-12,10,kg,7300,7.81,73000,78.07,2025-07-10,Concrete,Summer
B02138,P055,Walnuts (shelled),Nuts,Primary,S013,Maipo Nuts Ltd.,2025-01-01,7,kg,6800,7.27,47600,50.91,2025-07-30,Concrete,Summer
B02139,P055,Walnuts (shelled),Nuts,Primary,S013,Maipo Nuts Ltd.,2025-01-19,7,kg,6800,7.27,47600,50.91,2025-08-17,Concrete,Summer
B02140,P055,Walnuts (shelled),Nuts,Primary,S013,Maipo Nuts Ltd.,2025-02-13,7,kg,6800,7.27,47600,50.91,2025-09-11,Concrete,Summer
B02141,P055,Walnuts (shelled),Nuts,Primary,S013,Maipo Nuts Ltd.,2025-02-27,7,kg,6800,7.27,47600,50.91,2025-09-25,Concrete,Summer
B02142,P055,Walnuts (shelled),Nuts,Primary,S013,Maipo Nuts Ltd.,2025-03-23,7,kg,6800,7.27,47600,50.91,2025-10-19,Concrete,Autumn
B02143,P055,Walnuts (shelled),Nuts,Primary,S013,Maipo Nuts Ltd.,2025-04-13,19,kg,6800,7.27,129200,138.18,2025-11-09,Concrete,Autumn
B02144,P055,Walnuts (shelled),Nuts,Primary,S013,Maipo Nuts Ltd.,2025-05-05,18,kg,6800,7.27,122400,130.91,2025-12-01,Concrete,Autumn
B02145,P055,Walnuts (shelled),Nuts,Primary,S013,Maipo Nuts Ltd.,2025-05-22,23,kg,6800,7.27,156400,167.27,2025-12-18,Concrete,Autumn
B02146,P055,Walnuts (shelled),Nuts,Primary,S013,Maipo Nuts Ltd.,2025-06-14,22,kg,6800,7.27,149600,160.0,2026-01-10,Concrete,Winter
B02147,P056,Premium light-half walnuts,Nuts,Primary,S013,Maipo Nuts Ltd.,2023-07-15,18,kg,10000,10.7,180000,192.51,2024-02-10,Concrete,Winter
B02148,P056,Premium light-half walnuts,Nuts,Primary,S013,Maipo Nuts Ltd.,2023-08-10,18,kg,10000,10.7,180000,192.51,2024-03-07,Concrete,Winter
B02149,P056,Premium light-half walnuts,Nuts,Primary,S013,Maipo Nuts Ltd.,2023-09-02,28,kg,10000,10.7,280000,299.47,2024-03-30,Concrete,Spring
B02150,P056,Premium light-half walnuts,Nuts,Primary,S013,Maipo Nuts Ltd.,2023-09-18,22,kg,10000,10.7,220000,235.29,2024-04-15,Concrete,Spring
B02151,P056,Premium light-half walnuts,Nuts,Primary,S013,Maipo Nuts Ltd.,2023-10-09,8,kg,10000,10.7,80000,85.56,2024-05-06,Concrete,Spring
B02152,P056,Premium light-half walnuts,Nuts,Primary,S013,Maipo Nuts Ltd.,2023-10-31,8,kg,10000,10.7,80000,85.56,2024-05-28,Concrete,Spring
B02153,P056,Premium light-half walnuts,Nuts,Primary,S013,Maipo Nuts Ltd.,2023-11-21,8,kg,10000,10.7,80000,85.56,2024-06-18,Concrete,Spring
B02154,P056,Premium light-half walnuts,Nuts,Primary,S013,Maipo Nuts Ltd.,2023-12-16,10,kg,10000,10.7,100000,106.95,2024-07-13,Concrete,Summer
B02155,P056,Premium light-half walnuts,Nuts,Primary,S013,Maipo Nuts Ltd.,2024-01-08,7,kg,10000,10.7,70000,74.87,2024-08-05,Concrete,Summer
B02156,P056,Premium light-half walnuts,Nuts,Primary,S013,Maipo Nuts Ltd.,2024-01-25,7,kg,10000,10.7,70000,74.87,2024-08-22,Concrete,Summer
B02157,P056,Premium light-half walnuts,Nuts,Backup,S015,Nogal Dryfruits,2024-02-13,7,kg,9650,10.32,67550,72.25,2024-09-10,Concrete,Summer
B02158,P056,Premium light-half walnuts,Nuts,Primary,S013,Maipo Nuts Ltd.,2024-02-28,8,kg,10000,10.7,80000,85.56,2024-09-25,Concrete,Summer
B02159,P056,Premium light-half walnuts,Nuts,Primary,S013,Maipo Nuts Ltd.,2024-03-19,6,kg,10000,10.7,60000,64.17,2024-10-15,Concrete,Autumn
B02160,P056,Premium light-half walnuts,Nuts,Primary,S013,Maipo Nuts Ltd.,2024-04-11,20,kg,10000,10.7,200000,213.9,2024-11-07,Concrete,Autumn
B02161,P056,Premium light-half walnuts,Nuts,Primary,S013,Maipo Nuts Ltd.,2024-05-05,21,kg,10000,10.7,210000,224.6,2024-12-01,Concrete,Autumn
B02162,P056,Premium light-half walnuts,Nuts,Primary,S013,Maipo Nuts Ltd.,2024-05-25,22,kg,10000,10.7,220000,235.29,2024-12-21,Concrete,Autumn
B02163,P056,Premium light-half walnuts,Nuts,Primary,S013,Maipo Nuts Ltd.,2024-06-14,17,kg,10000,10.7,170000,181.82,2025-01-10,Concrete,Winter
B02164,P056,Premium light-half walnuts,Nuts,Primary,S013,Maipo Nuts Ltd.,2024-06-28,22,kg,10000,10.7,220000,235.29,2025-01-24,Concrete,Winter
B02165,P056,Premium light-half walnuts,Nuts,Primary,S013,Maipo Nuts Ltd.,2024-07-16,16,kg,10000,10.7,160000,171.12,2025-02-11,Concrete,Winter
B02166,P056,Premium light-half walnuts,Nuts,Primary,S013,Maipo Nuts Ltd.,2024-08-08,21,kg,10000,10.7,210000,224.6,2025-03-06,Concrete,Winter
B02167,P056,Premium light-half walnuts,Nuts,Primary,S013,Maipo Nuts Ltd.,2024-08-26,16,kg,10000,10.7,160000,171.12,2025-03-24,Concrete,Winter
B02168,P056,Premium light-half walnuts,Nuts,Backup,S015,Nogal Dryfruits,2024-09-16,28,kg,9650,10.32,270200,288.98,2025-04-14,Concrete,Spring
B02169,P056,Premium light-half walnuts,Nuts,Primary,S013,Maipo Nuts Ltd.,2024-10-08,7,kg,10000,10.7,70000,74.87,2025-05-06,Concrete,Spring
B02170,P056,Premium light-half walnuts,Nuts,Primary,S013,Maipo Nuts Ltd.,2024-10-31,7,kg,10000,10.7,70000,74.87,2025-05-29,Concrete,Spring
B02171,P056,Premium light-half walnuts,Nuts,Primary,S013,Maipo Nuts Ltd.,2024-11-22,8,kg,10000,10.7,80000,85.56,2025-06-20,Concrete,Spring
B02172,P056,Premium light-half walnuts,Nuts,Primary,S013,Maipo Nuts Ltd.,2024-12-15,9,kg,10000,10.7,90000,96.26,2025-07-13,Concrete,Summer
B02173,P056,Premium light-half walnuts,Nuts,Backup,S015,Nogal Dryfruits,2025-01-04,7,kg,9650,10.32,67550,72.25,2025-08-02,Concrete,Summer
B02174,P056,Premium light-half walnuts,Nuts,Primary,S013,Maipo Nuts Ltd.,2025-01-26,8,kg,10000,10.7,80000,85.56,2025-08-24,Concrete,Summer
B02175,P056,Premium light-half walnuts,Nuts,Primary,S013,Maipo Nuts Ltd.,2025-02-17,8,kg,10000,10.7,80000,85.56,2025-09-15,Concrete,Summer
B02176,P056,Premium light-half walnuts,Nuts,Primary,S013,Maipo Nuts Ltd.,2025-03-07,8,kg,10000,10.7,80000,85.56,2025-10-03,Concrete,Autumn
B02177,P056,Premium light-half walnuts,Nuts,Primary,S013,Maipo Nuts Ltd.,2025-04-01,19,kg,10000,10.7,190000,203.21,2025-10-28,Concrete,Autumn
B02178,P056,Premium light-half walnuts,Nuts,Primary,S013,Maipo Nuts Ltd.,2025-04-23,21,kg,10000,10.7,210000,224.6,2025-11-19,Concrete,Autumn
B02179,P056,Premium light-half walnuts,Nuts,Primary,S013,Maipo Nuts Ltd.,2025-05-11,22,kg,10000,10.7,220000,235.29,2025-12-07,Concrete,Autumn
B02180,P056,Premium light-half walnuts,Nuts,Primary,S013,Maipo Nuts Ltd.,2025-06-06,22,kg,10000,10.7,220000,235.29,2026-01-02,Concrete,Winter
B02181,P056,Premium light-half walnuts,Nuts,Backup,S015,Nogal Dryfruits,2025-06-26,23,kg,9650,10.32,221950,237.38,2026-01-22,Concrete,Winter
B02182,P057,Walnuts in shell,Nuts,Primary,S013,Maipo Nuts Ltd.,2023-07-06,18,kg,4650,4.97,83700,89.52,2024-02-01,Concrete,Winter
B02183,P057,Walnuts in shell,Nuts,Primary,S013,Maipo Nuts Ltd.,2023-07-30,21,kg,4650,4.97,97650,104.44,2024-02-25,Concrete,Winter
B02184,P057,Walnuts in shell,Nuts,Primary,S013,Maipo Nuts Ltd.,2023-08-26,18,kg,4650,4.97,83700,89.52,2024-03-23,Concrete,Winter
B02185,P057,Walnuts in shell,Nuts,Primary,S013,Maipo Nuts Ltd.,2023-09-10,22,kg,4650,4.97,102300,109.41,2024-04-07,Concrete,Spring
B02186,P057,Walnuts in shell,Nuts,Primary,S013,Maipo Nuts Ltd.,2023-09-25,25,kg,4650,4.97,116250,124.33,2024-04-22,Concrete,Spring
B02187,P057,Walnuts in shell,Nuts,Primary,S013,Maipo Nuts Ltd.,2023-10-15,7,kg,4650,4.97,32550,34.81,2024-05-12,Concrete,Spring
B02188,P057,Walnuts in shell,Nuts,Primary,S013,Maipo Nuts Ltd.,2023-11-10,6,kg,4650,4.97,27900,29.84,2024-06-07,Concrete,Spring
B02189,P057,Walnuts in shell,Nuts,Backup,S015,Nogal Dryfruits,2023-11-29,7,kg,4600,4.92,32200,34.44,2024-06-26,Concrete,Spring
B02190,P057,Walnuts in shell,Nuts,Primary,S013,Maipo Nuts Ltd.,2023-12-17,9,kg,4650,4.97,41850,44.76,2024-07-14,Concrete,Summer
B02191,P057,Walnuts in shell,Nuts,Primary,S013,Maipo Nuts Ltd.,2024-01-04,8,kg,4650,4.97,37200,39.79,2024-08-01,Concrete,Summer
B02192,P057,Walnuts in shell,Nuts,Primary,S013,Maipo Nuts Ltd.,2024-01-23,8,kg,4650,4.97,37200,39.79,2024-08-20,Concrete,Summer
B02193,P057,Walnuts in shell,Nuts,Primary,S013,Maipo Nuts Ltd.,2024-02-13,8,kg,4650,4.97,37200,39.79,2024-09-10,Concrete,Summer
B02194,P057,Walnuts in shell,Nuts,Primary,S013,Maipo Nuts Ltd.,2024-03-03,7,kg,4650,4.97,32550,34.81,2024-09-29,Concrete,Autumn
B02195,P057,Walnuts in shell,Nuts,Backup,S015,Nogal Dryfruits,2024-03-21,7,kg,4600,4.92,32200,34.44,2024-10-17,Concrete,Autumn
B02196,P057,Walnuts in shell,Nuts,Primary,S013,Maipo Nuts Ltd.,2024-04-11,17,kg,4650,4.97,79050,84.55,2024-11-07,Concrete,Autumn
B02197,P057,Walnuts in shell,Nuts,Primary,S013,Maipo Nuts Ltd.,2024-05-04,20,kg,4650,4.97,93000,99.47,2024-11-30,Concrete,Autumn
B02198,P057,Walnuts in shell,Nuts,Primary,S013,Maipo Nuts Ltd.,2024-05-25,18,kg,4650,4.97,83700,89.52,2024-12-21,Concrete,Autumn
B02199,P057,Walnuts in shell,Nuts,Primary,S013,Maipo Nuts Ltd.,2024-06-14,17,kg,4650,4.97,79050,84.55,2025-01-10,Concrete,Winter
B02200,P057,Walnuts in shell,Nuts,Primary,S013,Maipo Nuts Ltd.,2024-07-04,19,kg,4650,4.97,88350,94.49,2025-01-30,Concrete,Winter
B02201,P057,Walnuts in shell,Nuts,Backup,S015,Nogal Dryfruits,2024-07-19,19,kg,4600,4.92,87400,93.48,2025-02-14,Concrete,Winter
B02202,P057,Walnuts in shell,Nuts,Primary,S013,Maipo Nuts Ltd.,2024-08-14,18,kg,4650,4.97,83700,89.52,2025-03-12,Concrete,Winter
B02203,P057,Walnuts in shell,Nuts,Primary,S013,Maipo Nuts Ltd.,2024-09-01,22,kg,4650,4.97,102300,109.41,2025-03-30,Concrete,Spring
B02204,P057,Walnuts in shell,Nuts,Primary,S013,Maipo Nuts Ltd.,2024-09-21,24,kg,4650,4.97,111600,119.36,2025-04-19,Concrete,Spring
B02205,P057,Walnuts in shell,Nuts,Primary,S013,Maipo Nuts Ltd.,2024-10-18,6,kg,4650,4.97,27900,29.84,2025-05-16,Concrete,Spring
B02206,P057,Walnuts in shell,Nuts,Primary,S013,Maipo Nuts Ltd.,2024-11-08,8,kg,4650,4.97,37200,39.79,2025-06-06,Concrete,Spring
B02207,P057,Walnuts in shell,Nuts,Primary,S013,Maipo Nuts Ltd.,2024-11-29,8,kg,4650,4.97,37200,39.79,2025-06-27,Concrete,Spring
B02208,P057,Walnuts in shell,Nuts,Primary,S013,Maipo Nuts Ltd.,2024-12-12,9,kg,4650,4.97,41850,44.76,2025-07-10,Concrete,Summer
B02209,P057,Walnuts in shell,Nuts,Primary,S013,Maipo Nuts Ltd.,2025-01-01,8,kg,4650,4.97,37200,39.79,2025-07-30,Concrete,Summer
B02210,P057,Walnuts in shell,Nuts,Primary,S013,Maipo Nuts Ltd.,2025-01-23,9,kg,4650,4.97,41850,44.76,2025-08-21,Concrete,Summer
B02211,P057,Walnuts in shell,Nuts,Backup,S015,Nogal Dryfruits,2025-02-14,8,kg,4600,4.92,36800,39.36,2025-09-12,Concrete,Summer
B02212,P057,Walnuts in shell,Nuts,Primary,S013,Maipo Nuts Ltd.,2025-03-10,9,kg,4650,4.97,41850,44.76,2025-10-06,Concrete,Autumn
B02213,P057,Walnuts in shell,Nuts,Primary,S013,Maipo Nuts Ltd.,2025-04-06,21,kg,4650,4.97,97650,104.44,2025-11-02,Concrete,Autumn
B02214,P057,Walnuts in shell,Nuts,Primary,S013,Maipo Nuts Ltd.,2025-04-23,20,kg,4650,4.97,93000,99.47,2025-11-19,Concrete,Autumn
B02215,P057,Walnuts in shell,Nuts,Primary,S013,Maipo Nuts Ltd.,2025-05-14,19,kg,4650,4.97,88350,94.49,2025-12-10,Concrete,Autumn
B02216,P057,Walnuts in shell,Nuts,Primary,S013,Maipo Nuts Ltd.,2025-06-05,22,kg,4650,4.97,102300,109.41,2026-01-01,Concrete,Winter
B02217,P057,Walnuts in shell,Nuts,Primary,S013,Maipo Nuts Ltd.,2025-06-21,23,kg,4650,4.97,106950,114.39,2026-01-17,Concrete,Winter
B02218,P058,Almonds (shelled),Nuts,Primary,S013,Maipo Nuts Ltd.,2023-07-02,19,kg,7550,8.07,143450,153.42,2024-01-28,Concrete,Winter
B02219,P058,Almonds (shelled),Nuts,Primary,S013,Maipo Nuts Ltd.,2023-07-27,22,kg,7550,8.07,166100,177.65,2024-02-22,Concrete,Winter
B02220,P058,Almonds (shelled),Nuts,Primary,S013,Maipo Nuts Ltd.,2023-08-12,20,kg,7550,8.07,151000,161.5,2024-03-09,Concrete,Winter
B02221,P058,Almonds (shelled),Nuts,Backup,S015,Nogal Dryfruits,2023-08-28,21,kg,7650,8.18,160650,171.82,2024-03-25,Concrete,Winter
B02222,P058,Almonds (shelled),Nuts,Backup,S015,Nogal Dryfruits,2023-09-20,26,kg,7650,8.18,198900,212.73,2024-04-17,Concrete,Spring
B02223,P058,Almonds (shelled),Nuts,Primary,S013,Maipo Nuts Ltd.,2023-10-13,6,kg,7550,8.07,45300,48.45,2024-05-10,Concrete,Spring
B02224,P058,Almonds (shelled),Nuts,Primary,S013,Maipo Nuts Ltd.,2023-11-07,7,kg,7550,8.07,52850,56.52,2024-06-04,Concrete,Spring
B02225,P058,Almonds (shelled),Nuts,Primary,S013,Maipo Nuts Ltd.,2023-11-29,7,kg,7550,8.07,52850,56.52,2024-06-26,Concrete,Spring
B02226,P058,Almonds (shelled),Nuts,Primary,S013,Maipo Nuts Ltd.,2023-12-21,10,kg,7550,8.07,75500,80.75,2024-07-18,Concrete,Summer
B02227,P058,Almonds (shelled),Nuts,Primary,S013,Maipo Nuts Ltd.,2024-01-11,7,kg,7550,8.07,52850,56.52,2024-08-08,Concrete,Summer
B02228,P058,Almonds (shelled),Nuts,Primary,S013,Maipo Nuts Ltd.,2024-02-04,6,kg,7550,8.07,45300,48.45,2024-09-01,Concrete,Summer
B02229,P058,Almonds (shelled),Nuts,Primary,S013,Maipo Nuts Ltd.,2024-02-25,8,kg,7550,8.07,60400,64.6,2024-09-22,Concrete,Summer
B02230,P058,Almonds (shelled),Nuts,Backup,S015,Nogal Dryfruits,2024-03-15,6,kg,7650,8.18,45900,49.09,2024-10-11,Concrete,Autumn
B02231,P058,Almonds (shelled),Nuts,Primary,S013,Maipo Nuts Ltd.,2024-03-27,8,kg,7550,8.07,60400,64.6,2024-10-23,Concrete,Autumn
B02232,P058,Almonds (shelled),Nuts,Primary,S013,Maipo Nuts Ltd.,2024-04-18,20,kg,7550,8.07,151000,161.5,2024-11-14,Concrete,Autumn
B02233,P058,Almonds (shelled),Nuts,Primary,S013,Maipo Nuts Ltd.,2024-05-14,21,kg,7550,8.07,158550,169.57,2024-12-10,Concrete,Autumn
B02234,P058,Almonds (shelled),Nuts,Primary,S013,Maipo Nuts Ltd.,2024-06-03,19,kg,7550,8.07,143450,153.42,2024-12-30,Concrete,Winter
B02235,P058,Almonds (shelled),Nuts,Primary,S013,Maipo Nuts Ltd.,2024-06-19,19,kg,7550,8.07,143450,153.42,2025-01-15,Concrete,Winter
B02236,P058,Almonds (shelled),Nuts,Primary,S013,Maipo Nuts Ltd.,2024-07-05,20,kg,7550,8.07,151000,161.5,2025-01-31,Concrete,Winter
B02237,P058,Almonds (shelled),Nuts,Primary,S013,Maipo Nuts Ltd.,2024-07-27,18,kg,7550,8.07,135900,145.35,2025-02-22,Concrete,Winter
B02238,P058,Almonds (shelled),Nuts,Primary,S013,Maipo Nuts Ltd.,2024-08-15,17,kg,7550,8.07,128350,137.27,2025-03-13,Concrete,Winter
B02239,P058,Almonds (shelled),Nuts,Primary,S013,Maipo Nuts Ltd.,2024-09-04,26,kg,7550,8.07,196300,209.95,2025-04-02,Concrete,Spring
B02240,P058,Almonds (shelled),Nuts,Primary,S013,Maipo Nuts Ltd.,2024-09-28,21,kg,7550,8.07,158550,169.57,2025-04-26,Concrete,Spring
B02241,P058,Almonds (shelled),Nuts,Primary,S013,Maipo Nuts Ltd.,2024-10-16,7,kg,7550,8.07,52850,56.52,2025-05-14,Concrete,Spring
B02242,P058,Almonds (shelled),Nuts,Primary,S013,Maipo Nuts Ltd.,2024-11-04,7,kg,7550,8.07,52850,56.52,2025-06-02,Concrete,Spring
B02243,P058,Almonds (shelled),Nuts,Primary,S013,Maipo Nuts Ltd.,2024-11-25,7,kg,7550,8.07,52850,56.52,2025-06-23,Concrete,Spring
B02244,P058,Almonds (shelled),Nuts,Primary,S013,Maipo Nuts Ltd.,2024-12-18,8,kg,7550,8.07,60400,64.6,2025-07-16,Concrete,Summer
B02245,P058,Almonds (shelled),Nuts,Primary,S013,Maipo Nuts Ltd.,2025-01-08,7,kg,7550,8.07,52850,56.52,2025-08-06,Concrete,Summer
B02246,P058,Almonds (shelled),Nuts,Primary,S013,Maipo Nuts Ltd.,2025-01-31,8,kg,7550,8.07,60400,64.6,2025-08-29,Concrete,Summer
B02247,P058,Almonds (shelled),Nuts,Primary,S013,Maipo Nuts Ltd.,2025-02-19,7,kg,7550,8.07,52850,56.52,2025-09-17,Concrete,Summer
B02248,P058,Almonds (shelled),Nuts,Primary,S013,Maipo Nuts Ltd.,2025-03-14,9,kg,7550,8.07,67950,72.67,2025-10-10,Concrete,Autumn
B02249,P058,Almonds (shelled),Nuts,Primary,S013,Maipo Nuts Ltd.,2025-04-06,22,kg,7550,8.07,166100,177.65,2025-11-02,Concrete,Autumn
B02250,P058,Almonds (shelled),Nuts,Primary,S013,Maipo Nuts Ltd.,2025-04-26,23,kg,7550,8.07,173650,185.72,2025-11-22,Concrete,Autumn
B02251,P058,Almonds (shelled),Nuts,Primary,S013,Maipo Nuts Ltd.,2025-05-17,20,kg,7550,8.07,151000,161.5,2025-12-13,Concrete,Autumn
B02252,P058,Almonds (shelled),Nuts,Primary,S013,Maipo Nuts Ltd.,2025-06-02,22,kg,7550,8.07,166100,177.65,2025-12-29,Concrete,Winter
B02253,P058,Almonds (shelled),Nuts,Primary,S013,Maipo Nuts Ltd.,2025-06-22,19,kg,7550,8.07,143450,153.42,2026-01-18,Concrete,Winter
B02254,P059,Sliced almonds,Nuts,Primary,S013,Maipo Nuts Ltd.,2023-07-14,20,kg,9250,9.89,185000,197.86,2024-02-09,Concrete,Winter
B02255,P059,Sliced almonds,Nuts,Primary,S013,Maipo Nuts Ltd.,2023-08-02,21,kg,9250,9.89,194250,207.75,2024-02-28,Concrete,Winter
B02256,P059,Sliced almonds,Nuts,Primary,S013,Maipo Nuts Ltd.,2023-08-24,18,kg,9250,9.89,166500,178.07,2024-03-21,Concrete,Winter
B02257,P059,Sliced almonds,Nuts,Primary,S013,Maipo Nuts Ltd.,2023-09-14,27,kg,9250,9.89,249750,267.11,2024-04-11,Concrete,Spring
B02258,P059,Sliced almonds,Nuts,Primary,S013,Maipo Nuts Ltd.,2023-10-05,8,kg,9250,9.89,74000,79.14,2024-05-02,Concrete,Spring
B02259,P059,Sliced almonds,Nuts,Primary,S013,Maipo Nuts Ltd.,2023-10-22,7,kg,9250,9.89,64750,69.25,2024-05-19,Concrete,Spring
B02260,P059,Sliced almonds,Nuts,Primary,S013,Maipo Nuts Ltd.,2023-11-10,7,kg,9250,9.89,64750,69.25,2024-06-07,Concrete,Spring
B02261,P059,Sliced almonds,Nuts,Primary,S013,Maipo Nuts Ltd.,2023-11-29,8,kg,9250,9.89,74000,79.14,2024-06-26,Concrete,Spring
B02262,P059,Sliced almonds,Nuts,Primary,S013,Maipo Nuts Ltd.,2023-12-18,8,kg,9250,9.89,74000,79.14,2024-07-15,Concrete,Summer
B02263,P059,Sliced almonds,Nuts,Primary,S013,Maipo Nuts Ltd.,2024-01-06,8,kg,9250,9.89,74000,79.14,2024-08-03,Concrete,Summer
B02264,P059,Sliced almonds,Nuts,Backup,S015,Nogal Dryfruits,2024-01-24,7,kg,9550,10.21,66850,71.5,2024-08-21,Concrete,Summer
B02265,P059,Sliced almonds,Nuts,Primary,S013,Maipo Nuts Ltd.,2024-02-11,7,kg,9250,9.89,64750,69.25,2024-09-08,Concrete,Summer
B02266,P059,Sliced almonds,Nuts,Primary,S013,Maipo Nuts Ltd.,2024-03-02,7,kg,9250,9.89,64750,69.25,2024-09-28,Concrete,Autumn
B02267,P059,Sliced almonds,Nuts,Primary,S013,Maipo Nuts Ltd.,2024-03-30,8,kg,9250,9.89,74000,79.14,2024-10-26,Concrete,Autumn
B02268,P059,Sliced almonds,Nuts,Backup,S015,Nogal Dryfruits,2024-04-19,18,kg,9550,10.21,171900,183.85,2024-11-15,Concrete,Autumn
B02269,P059,Sliced almonds,Nuts,Primary,S013,Maipo Nuts Ltd.,2024-05-10,20,kg,9250,9.89,185000,197.86,2024-12-06,Concrete,Autumn
B02270,P059,Sliced almonds,Nuts,Backup,S015,Nogal Dryfruits,2024-05-25,21,kg,9550,10.21,200550,214.49,2024-12-21,Concrete,Autumn
B02271,P059,Sliced almonds,Nuts,Primary,S013,Maipo Nuts Ltd.,2024-06-13,18,kg,9250,9.89,166500,178.07,2025-01-09,Concrete,Winter
B02272,P059,Sliced almonds,Nuts,Primary,S013,Maipo Nuts Ltd.,2024-06-30,19,kg,9250,9.89,175750,187.97,2025-01-26,Concrete,Winter
B02273,P059,Sliced almonds,Nuts,Primary,S013,Maipo Nuts Ltd.,2024-07-21,21,kg,9250,9.89,194250,207.75,2025-02-16,Concrete,Winter
B02274,P059,Sliced almonds,Nuts,Primary,S013,Maipo Nuts Ltd.,2024-08-09,20,kg,9250,9.89,185000,197.86,2025-03-07,Concrete,Winter
B02275,P059,Sliced almonds,Nuts,Backup,S015,Nogal Dryfruits,2024-09-02,24,kg,9550,10.21,229200,245.13,2025-03-31,Concrete,Spring
B02276,P059,Sliced almonds,Nuts,Primary,S013,Maipo Nuts Ltd.,2024-09-30,21,kg,9250,9.89,194250,207.75,2025-04-28,Concrete,Spring
B02277,P059,Sliced almonds,Nuts,Primary,S013,Maipo Nuts Ltd.,2024-10-18,6,kg,9250,9.89,55500,59.36,2025-05-16,Concrete,Spring
B02278,P059,Sliced almonds,Nuts,Primary,S013,Maipo Nuts Ltd.,2024-11-03,7,kg,9250,9.89,64750,69.25,2025-06-01,Concrete,Spring
B02279,P059,Sliced almonds,Nuts,Primary,S013,Maipo Nuts Ltd.,2024-11-18,7,kg,9250,9.89,64750,69.25,2025-06-16,Concrete,Spring
B02280,P059,Sliced almonds,Nuts,Primary,S013,Maipo Nuts Ltd.,2024-12-07,8,kg,9250,9.89,74000,79.14,2025-07-05,Concrete,Summer
B02281,P059,Sliced almonds,Nuts,Backup,S015,Nogal Dryfruits,2024-12-26,8,kg,9550,10.21,76400,81.71,2025-07-24,Concrete,Summer
B02282,P059,Sliced almonds,Nuts,Primary,S013,Maipo Nuts Ltd.,2025-01-14,7,kg,9250,9.89,64750,69.25,2025-08-12,Concrete,Summer
B02283,P059,Sliced almonds,Nuts,Primary,S013,Maipo Nuts Ltd.,2025-02-02,8,kg,9250,9.89,74000,79.14,2025-08-31,Concrete,Summer
B02284,P059,Sliced almonds,Nuts,Primary,S013,Maipo Nuts Ltd.,2025-02-27,8,kg,9250,9.89,74000,79.14,2025-09-25,Concrete,Summer
B02285,P059,Sliced almonds,Nuts,Primary,S013,Maipo Nuts Ltd.,2025-03-25,7,kg,9250,9.89,64750,69.25,2025-10-21,Concrete,Autumn
B02286,P059,Sliced almonds,Nuts,Primary,S013,Maipo Nuts Ltd.,2025-04-21,21,kg,9250,9.89,194250,207.75,2025-11-17,Concrete,Autumn
B02287,P059,Sliced almonds,Nuts,Primary,S013,Maipo Nuts Ltd.,2025-05-17,19,kg,9250,9.89,175750,187.97,2025-12-13,Concrete,Autumn
B02288,P059,Sliced almonds,Nuts,Primary,S013,Maipo Nuts Ltd.,2025-06-08,22,kg,9250,9.89,203500,217.65,2026-01-04,Concrete,Winter
B02289,P059,Sliced almonds,Nuts,Primary,S013,Maipo Nuts Ltd.,2025-06-24,23,kg,9250,9.89,212750,227.54,2026-01-20,Concrete,Winter
B02290,P060,Roasted salted almonds,Nuts,Primary,S013,Maipo Nuts Ltd.,2023-07-21,20,kg,8500,9.09,170000,181.82,2024-02-16,Concrete,Winter
B02291,P060,Roasted salted almonds,Nuts,Primary,S013,Maipo Nuts Ltd.,2023-08-12,22,kg,8500,9.09,187000,200.0,2024-03-09,Concrete,Winter
B02292,P060,Roasted salted almonds,Nuts,Primary,S013,Maipo Nuts Ltd.,2023-08-31,19,kg,8500,9.09,161500,172.73,2024-03-28,Concrete,Winter
B02293,P060,Roasted salted almonds,Nuts,Backup,S015,Nogal Dryfruits,2023-09-27,23,kg,8800,9.41,202400,216.47,2024-04-24,Concrete,Spring
B02294,P060,Roasted salted almonds,Nuts,Primary,S013,Maipo Nuts Ltd.,2023-10-12,8,kg,8500,9.09,68000,72.73,2024-05-09,Concrete,Spring
B02295,P060,Roasted salted almonds,Nuts,Backup,S015,Nogal Dryfruits,2023-10-27,8,kg,8800,9.41,70400,75.29,2024-05-24,Concrete,Spring
B02296,P060,Roasted salted almonds,Nuts,Primary,S013,Maipo Nuts Ltd.,2023-11-20,8,kg,8500,9.09,68000,72.73,2024-06-17,Concrete,Spring
B02297,P060,Roasted salted almonds,Nuts,Primary,S013,Maipo Nuts Ltd.,2023-12-12,8,kg,8500,9.09,68000,72.73,2024-07-09,Concrete,Summer
B02298,P060,Roasted salted almonds,Nuts,Primary,S013,Maipo Nuts Ltd.,2023-12-31,10,kg,8500,9.09,85000,90.91,2024-07-28,Concrete,Summer
B02299,P060,Roasted salted almonds,Nuts,Primary,S013,Maipo Nuts Ltd.,2024-01-16,6,kg,8500,9.09,51000,54.55,2024-08-13,Concrete,Summer
B02300,P060,Roasted salted almonds,Nuts,Primary,S013,Maipo Nuts Ltd.,2024-02-07,7,kg,8500,9.09,59500,63.64,2024-09-04,Concrete,Summer
B02301,P060,Roasted salted almonds,Nuts,Primary,S013,Maipo Nuts Ltd.,2024-03-02,8,kg,8500,9.09,68000,72.73,2024-09-28,Concrete,Autumn
B02302,P060,Roasted salted almonds,Nuts,Primary,S013,Maipo Nuts Ltd.,2024-03-20,7,kg,8500,9.09,59500,63.64,2024-10-16,Concrete,Autumn
B02303,P060,Roasted salted almonds,Nuts,Primary,S013,Maipo Nuts Ltd.,2024-04-08,20,kg,8500,9.09,170000,181.82,2024-11-04,Concrete,Autumn
B02304,P060,Roasted salted almonds,Nuts,Primary,S013,Maipo Nuts Ltd.,2024-04-29,22,kg,8500,9.09,187000,200.0,2024-11-25,Concrete,Autumn
B02305,P060,Roasted salted almonds,Nuts,Primary,S013,Maipo Nuts Ltd.,2024-05-17,22,kg,8500,9.09,187000,200.0,2024-12-13,Concrete,Autumn
B02306,P060,Roasted salted almonds,Nuts,Primary,S013,Maipo Nuts Ltd.,2024-06-06,19,kg,8500,9.09,161500,172.73,2025-01-02,Concrete,Winter
B02307,P060,Roasted salted almonds,Nuts,Primary,S013,Maipo Nuts Ltd.,2024-06-26,19,kg,8500,9.09,161500,172.73,2025-01-22,Concrete,Winter
B02308,P060,Roasted salted almonds,Nuts,Primary,S013,Maipo Nuts Ltd.,2024-07-16,19,kg,8500,9.09,161500,172.73,2025-02-11,Concrete,Winter
B02309,P060,Roasted salted almonds,Nuts,Primary,S013,Maipo Nuts Ltd.,2024-08-09,19,kg,8500,9.09,161500,172.73,2025-03-07,Concrete,Winter
B02310,P060,Roasted salted almonds,Nuts,Primary,S013,Maipo Nuts Ltd.,2024-08-31,20,kg,8500,9.09,170000,181.82,2025-03-29,Concrete,Winter
B02311,P060,Roasted salted almonds,Nuts,Primary,S013,Maipo Nuts Ltd.,2024-09-20,27,kg,8500,9.09,229500,245.45,2025-04-18,Concrete,Spring
B02312,P060,Roasted salted almonds,Nuts,Primary,S013,Maipo Nuts Ltd.,2024-10-11,7,kg,8500,9.09,59500,63.64,2025-05-09,Concrete,Spring
B02313,P060,Roasted salted almonds,Nuts,Primary,S013,Maipo Nuts Ltd.,2024-10-30,7,kg,8500,9.09,59500,63.64,2025-05-28,Concrete,Spring
B02314,P060,Roasted salted almonds,Nuts,Primary,S013,Maipo Nuts Ltd.,2024-11-20,7,kg,8500,9.09,59500,63.64,2025-06-18,Concrete,Spring
B02315,P060,Roasted salted almonds,Nuts,Primary,S013,Maipo Nuts Ltd.,2024-12-08,10,kg,8500,9.09,85000,90.91,2025-07-06,Concrete,Summer
B02316,P060,Roasted salted almonds,Nuts,Primary,S013,Maipo Nuts Ltd.,2024-12-25,8,kg,8500,9.09,68000,72.73,2025-07-23,Concrete,Summer
B02317,P060,Roasted salted almonds,Nuts,Primary,S013,Maipo Nuts Ltd.,2025-01-12,7,kg,8500,9.09,59500,63.64,2025-08-10,Concrete,Summer
B02318,P060,Roasted salted almonds,Nuts,Primary,S013,Maipo Nuts Ltd.,2025-02-02,7,kg,8500,9.09,59500,63.64,2025-08-31,Concrete,Summer
B02319,P060,Roasted salted almonds,Nuts,Primary,S013,Maipo Nuts Ltd.,2025-02-25,7,kg,8500,9.09,59500,63.64,2025-09-23,Concrete,Summer
B02320,P060,Roasted salted almonds,Nuts,Primary,S013,Maipo Nuts Ltd.,2025-03-22,8,kg,8500,9.09,68000,72.73,2025-10-18,Concrete,Autumn
B02321,P060,Roasted salted almonds,Nuts,Primary,S013,Maipo Nuts Ltd.,2025-04-13,20,kg,8500,9.09,170000,181.82,2025-11-09,Concrete,Autumn
B02322,P060,Roasted salted almonds,Nuts,Primary,S013,Maipo Nuts Ltd.,2025-05-02,20,kg,8500,9.09,170000,181.82,2025-11-28,Concrete,Autumn
B02323,P060,Roasted salted almonds,Nuts,Primary,S013,Maipo Nuts Ltd.,2025-05-28,20,kg,8500,9.09,170000,181.82,2025-12-24,Concrete,Autumn
B02324,P060,Roasted salted almonds,Nuts,Primary,S013,Maipo Nuts Ltd.,2025-06-16,21,kg,8500,9.09,178500,190.91,2026-01-12,Concrete,Winter
B02325,P061,Hazelnuts,Nuts,Primary,S013,Maipo Nuts Ltd.,2023-07-13,17,kg,5400,5.78,91800,98.18,2024-02-08,Concrete,Winter
B02326,P061,Hazelnuts,Nuts,Primary,S013,Maipo Nuts Ltd.,2023-07-31,18,kg,5400,5.78,97200,103.96,2024-02-26,Concrete,Winter
B02327,P061,Hazelnuts,Nuts,Backup,S015,Nogal Dryfruits,2023-08-22,19,kg,6250,6.68,118750,127.01,2024-03-19,Concrete,Winter
B02328,P061,Hazelnuts,Nuts,Primary,S013,Maipo Nuts Ltd.,2023-09-13,23,kg,5400,5.78,124200,132.83,2024-04-10,Concrete,Spring
B02329,P061,Hazelnuts,Nuts,Primary,S013,Maipo Nuts Ltd.,2023-10-03,8,kg,5400,5.78,43200,46.2,2024-04-30,Concrete,Spring
B02330,P061,Hazelnuts,Nuts,Primary,S013,Maipo Nuts Ltd.,2023-10-24,7,kg,5400,5.78,37800,40.43,2024-05-21,Concrete,Spring
B02331,P061,Hazelnuts,Nuts,Primary,S013,Maipo Nuts Ltd.,2023-11-18,8,kg,5400,5.78,43200,46.2,2024-06-15,Concrete,Spring
B02332,P061,Hazelnuts,Nuts,Primary,S013,Maipo Nuts Ltd.,2023-12-14,10,kg,5400,5.78,54000,57.75,2024-07-11,Concrete,Summer
B02333,P061,Hazelnuts,Nuts,Primary,S013,Maipo Nuts Ltd.,2024-01-05,6,kg,5400,5.78,32400,34.65,2024-08-02,Concrete,Summer
B02334,P061,Hazelnuts,Nuts,Primary,S013,Maipo Nuts Ltd.,2024-01-28,7,kg,5400,5.78,37800,40.43,2024-08-25,Concrete,Summer
B02335,P061,Hazelnuts,Nuts,Primary,S013,Maipo Nuts Ltd.,2024-02-24,8,kg,5400,5.78,43200,46.2,2024-09-21,Concrete,Summer
B02336,P061,Hazelnuts,Nuts,Primary,S013,Maipo Nuts Ltd.,2024-03-19,6,kg,5400,5.78,32400,34.65,2024-10-15,Concrete,Autumn
B02337,P061,Hazelnuts,Nuts,Primary,S013,Maipo Nuts Ltd.,2024-04-13,17,kg,5400,5.78,91800,98.18,2024-11-09,Concrete,Autumn
B02338,P061,Hazelnuts,Nuts,Primary,S013,Maipo Nuts Ltd.,2024-04-30,18,kg,5400,5.78,97200,103.96,2024-11-26,Concrete,Autumn
B02339,P061,Hazelnuts,Nuts,Backup,S015,Nogal Dryfruits,2024-05-25,19,kg,6250,6.68,118750,127.01,2024-12-21,Concrete,Autumn
B02340,P061,Hazelnuts,Nuts,Primary,S013,Maipo Nuts Ltd.,2024-06-16,17,kg,5400,5.78,91800,98.18,2025-01-12,Concrete,Winter
B02341,P061,Hazelnuts,Nuts,Primary,S013,Maipo Nuts Ltd.,2024-07-03,17,kg,5400,5.78,91800,98.18,2025-01-29,Concrete,Winter
B02342,P061,Hazelnuts,Nuts,Primary,S013,Maipo Nuts Ltd.,2024-07-26,19,kg,5400,5.78,102600,109.73,2025-02-21,Concrete,Winter
B02343,P061,Hazelnuts,Nuts,Primary,S013,Maipo Nuts Ltd.,2024-08-16,21,kg,5400,5.78,113400,121.28,2025-03-14,Concrete,Winter
B02344,P061,Hazelnuts,Nuts,Primary,S013,Maipo Nuts Ltd.,2024-09-05,26,kg,5400,5.78,140400,150.16,2025-04-03,Concrete,Spring
B02345,P061,Hazelnuts,Nuts,Primary,S013,Maipo Nuts Ltd.,2024-10-01,8,kg,5400,5.78,43200,46.2,2025-04-29,Concrete,Spring
B02346,P061,Hazelnuts,Nuts,Primary,S013,Maipo Nuts Ltd.,2024-10-19,8,kg,5400,5.78,43200,46.2,2025-05-17,Concrete,Spring
B02347,P061,Hazelnuts,Nuts,Primary,S013,Maipo Nuts Ltd.,2024-11-11,7,kg,5400,5.78,37800,40.43,2025-06-09,Concrete,Spring
B02348,P061,Hazelnuts,Nuts,Primary,S013,Maipo Nuts Ltd.,2024-11-30,7,kg,5400,5.78,37800,40.43,2025-06-28,Concrete,Spring
B02349,P061,Hazelnuts,Nuts,Backup,S015,Nogal Dryfruits,2024-12-21,11,kg,6250,6.68,68750,73.53,2025-07-19,Concrete,Summer
B02350,P061,Hazelnuts,Nuts,Primary,S013,Maipo Nuts Ltd.,2025-01-12,7,kg,5400,5.78,37800,40.43,2025-08-10,Concrete,Summer
B02351,P061,Hazelnuts,Nuts,Primary,S013,Maipo Nuts Ltd.,2025-01-31,7,kg,5400,5.78,37800,40.43,2025-08-29,Concrete,Summer
B02352,P061,Hazelnuts,Nuts,Primary,S013,Maipo Nuts Ltd.,2025-02-23,7,kg,5400,5.78,37800,40.43,2025-09-21,Concrete,Summer
B02353,P061,Hazelnuts,Nuts,Primary,S013,Maipo Nuts Ltd.,2025-03-17,8,kg,5400,5.78,43200,46.2,2025-10-13,Concrete,Autumn
B02354,P061,Hazelnuts,Nuts,Primary,S013,Maipo Nuts Ltd.,2025-04-07,22,kg,5400,5.78,118800,127.06,2025-11-03,Concrete,Autumn
B02355,P061,Hazelnuts,Nuts,Primary,S013,Maipo Nuts Ltd.,2025-05-03,23,kg,5400,5.78,124200,132.83,2025-11-29,Concrete,Autumn
B02356,P061,Hazelnuts,Nuts,Primary,S013,Maipo Nuts Ltd.,2025-05-27,20,kg,5400,5.78,108000,115.51,2025-12-23,Concrete,Autumn
B02357,P061,Hazelnuts,Nuts,Primary,S013,Maipo Nuts Ltd.,2025-06-17,22,kg,5400,5.78,118800,127.06,2026-01-13,Concrete,Winter
B02358,P062,European hazelnuts (premium),Nuts,Backup,S015,Nogal Dryfruits,2023-07-18,20,kg,16700,17.86,334000,357.22,2024-02-13,Concrete,Winter
B02359,P062,European hazelnuts (premium),Nuts,Primary,S013,Maipo Nuts Ltd.,2023-08-14,18,kg,16600,17.75,298800,319.57,2024-03-11,Concrete,Winter
B02360,P062,European hazelnuts (premium),Nuts,Primary,S013,Maipo Nuts Ltd.,2023-08-29,18,kg,16600,17.75,298800,319.57,2024-03-26,Concrete,Winter
B02361,P062,European hazelnuts (premium),Nuts,Primary,S013,Maipo Nuts Ltd.,2023-09-12,27,kg,16600,17.75,448200,479.36,2024-04-09,Concrete,Spring
B02362,P062,European hazelnuts (premium),Nuts,Primary,S013,Maipo Nuts Ltd.,2023-10-05,7,kg,16600,17.75,116200,124.28,2024-05-02,Concrete,Spring
B02363,P062,European hazelnuts (premium),Nuts,Primary,S013,Maipo Nuts Ltd.,2023-10-27,7,kg,16600,17.75,116200,124.28,2024-05-24,Concrete,Spring
B02364,P062,European hazelnuts (premium),Nuts,Primary,S013,Maipo Nuts Ltd.,2023-11-17,6,kg,16600,17.75,99600,106.52,2024-06-14,Concrete,Spring
B02365,P062,European hazelnuts (premium),Nuts,Primary,S013,Maipo Nuts Ltd.,2023-12-04,10,kg,16600,17.75,166000,177.54,2024-07-01,Concrete,Summer
B02366,P062,European hazelnuts (premium),Nuts,Primary,S013,Maipo Nuts Ltd.,2023-12-30,10,kg,16600,17.75,166000,177.54,2024-07-27,Concrete,Summer
B02367,P062,European hazelnuts (premium),Nuts,Primary,S013,Maipo Nuts Ltd.,2024-01-18,8,kg,16600,17.75,132800,142.03,2024-08-15,Concrete,Summer
B02368,P062,European hazelnuts (premium),Nuts,Primary,S013,Maipo Nuts Ltd.,2024-02-08,7,kg,16600,17.75,116200,124.28,2024-09-05,Concrete,Summer
B02369,P062,European hazelnuts (premium),Nuts,Primary,S013,Maipo Nuts Ltd.,2024-03-01,8,kg,16600,17.75,132800,142.03,2024-09-27,Concrete,Autumn
B02370,P062,European hazelnuts (premium),Nuts,Primary,S013,Maipo Nuts Ltd.,2024-03-21,7,kg,16600,17.75,116200,124.28,2024-10-17,Concrete,Autumn
B02371,P062,European hazelnuts (premium),Nuts,Primary,S013,Maipo Nuts Ltd.,2024-04-16,18,kg,16600,17.75,298800,319.57,2024-11-12,Concrete,Autumn
B02372,P062,European hazelnuts (premium),Nuts,Backup,S015,Nogal Dryfruits,2024-05-06,22,kg,16700,17.86,367400,392.94,2024-12-02,Concrete,Autumn
B02373,P062,European hazelnuts (premium),Nuts,Backup,S015,Nogal Dryfruits,2024-05-22,19,kg,16700,17.86,317300,339.36,2024-12-18,Concrete,Autumn
B02374,P062,European hazelnuts (premium),Nuts,Primary,S013,Maipo Nuts Ltd.,2024-06-11,21,kg,16600,17.75,348600,372.83,2025-01-07,Concrete,Winter
B02375,P062,European hazelnuts (premium),Nuts,Primary,S013,Maipo Nuts Ltd.,2024-06-28,20,kg,16600,17.75,332000,355.08,2025-01-24,Concrete,Winter
B02376,P062,European hazelnuts (premium),Nuts,Primary,S013,Maipo Nuts Ltd.,2024-07-11,21,kg,16600,17.75,348600,372.83,2025-02-06,Concrete,Winter
B02377,P062,European hazelnuts (premium),Nuts,Primary,S013,Maipo Nuts Ltd.,2024-07-30,20,kg,16600,17.75,332000,355.08,2025-02-25,Concrete,Winter
B02378,P062,European hazelnuts (premium),Nuts,Primary,S013,Maipo Nuts Ltd.,2024-08-18,21,kg,16600,17.75,348600,372.83,2025-03-16,Concrete,Winter
B02379,P062,European hazelnuts (premium),Nuts,Primary,S013,Maipo Nuts Ltd.,2024-09-08,24,kg,16600,17.75,398400,426.1,2025-04-06,Concrete,Spring
B02380,P062,European hazelnuts (premium),Nuts,Primary,S013,Maipo Nuts Ltd.,2024-10-01,8,kg,16600,17.75,132800,142.03,2025-04-29,Concrete,Spring
B02381,P062,European hazelnuts (premium),Nuts,Backup,S015,Nogal Dryfruits,2024-10-25,8,kg,16700,17.86,133600,142.89,2025-05-23,Concrete,Spring
B02382,P062,European hazelnuts (premium),Nuts,Primary,S013,Maipo Nuts Ltd.,2024-11-17,8,kg,16600,17.75,132800,142.03,2025-06-15,Concrete,Spring
B02383,P062,European hazelnuts (premium),Nuts,Primary,S013,Maipo Nuts Ltd.,2024-12-05,8,kg,16600,17.75,132800,142.03,2025-07-03,Concrete,Summer
B02384,P062,European hazelnuts (premium),Nuts,Primary,S013,Maipo Nuts Ltd.,2024-12-23,10,kg,16600,17.75,166000,177.54,2025-07-21,Concrete,Summer
B02385,P062,European hazelnuts (premium),Nuts,Primary,S013,Maipo Nuts Ltd.,2025-01-13,8,kg,16600,17.75,132800,142.03,2025-08-11,Concrete,Summer
B02386,P062,European hazelnuts (premium),Nuts,Primary,S013,Maipo Nuts Ltd.,2025-01-30,8,kg,16600,17.75,132800,142.03,2025-08-28,Concrete,Summer
B02387,P062,European hazelnuts (premium),Nuts,Primary,S013,Maipo Nuts Ltd.,2025-02-16,7,kg,16600,17.75,116200,124.28,2025-09-14,Concrete,Summer
B02388,P062,European hazelnuts (premium),Nuts,Primary,S013,Maipo Nuts Ltd.,2025-03-04,7,kg,16600,17.75,116200,124.28,2025-09-30,Concrete,Autumn
B02389,P062,European hazelnuts (premium),Nuts,Backup,S015,Nogal Dryfruits,2025-03-29,8,kg,16700,17.86,133600,142.89,2025-10-25,Concrete,Autumn
B02390,P062,European hazelnuts (premium),Nuts,Primary,S013,Maipo Nuts Ltd.,2025-04-22,18,kg,16600,17.75,298800,319.57,2025-11-18,Concrete,Autumn
B02391,P062,European hazelnuts (premium),Nuts,Primary,S013,Maipo Nuts Ltd.,2025-05-10,23,kg,16600,17.75,381800,408.34,2025-12-06,Concrete,Autumn
B02392,P062,European hazelnuts (premium),Nuts,Primary,S013,Maipo Nuts Ltd.,2025-05-27,19,kg,16600,17.75,315400,337.33,2025-12-23,Concrete,Autumn
B02393,P062,European hazelnuts (premium),Nuts,Primary,S013,Maipo Nuts Ltd.,2025-06-17,22,kg,16600,17.75,365200,390.59,2026-01-13,Concrete,Winter
B02394,P063,Cashews (salted),Nuts,Backup,S015,Nogal Dryfruits,2023-07-21,19,kg,19850,21.23,377150,403.37,2024-02-16,Concrete,Winter
B02395,P063,Cashews (salted),Nuts,Primary,S013,Maipo Nuts Ltd.,2023-08-09,17,kg,19600,20.96,333200,356.36,2024-03-06,Concrete,Winter
B02396,P063,Cashews (salted),Nuts,Primary,S013,Maipo Nuts Ltd.,2023-08-27,17,kg,19600,20.96,333200,356.36,2024-03-24,Concrete,Winter
B02397,P063,Cashews (salted),Nuts,Primary,S013,Maipo Nuts Ltd.,2023-09-19,26,kg,19600,20.96,509600,545.03,2024-04-16,Concrete,Spring
B02398,P063,Cashews (salted),Nuts,Primary,S013,Maipo Nuts Ltd.,2023-10-06,8,kg,19600,20.96,156800,167.7,2024-05-03,Concrete,Spring
B02399,P063,Cashews (salted),Nuts,Primary,S013,Maipo Nuts Ltd.,2023-10-29,7,kg,19600,20.96,137200,146.74,2024-05-26,Concrete,Spring
B02400,P063,Cashews (salted),Nuts,Primary,S013,Maipo Nuts Ltd.,2023-11-18,8,kg,19600,20.96,156800,167.7,2024-06-15,Concrete,Spring
B02401,P063,Cashews (salted),Nuts,Primary,S013,Maipo Nuts Ltd.,2023-12-05,9,kg,19600,20.96,176400,188.66,2024-07-02,Concrete,Summer
B02402,P063,Cashews (salted),Nuts,Backup,S015,Nogal Dryfruits,2023-12-25,9,kg,19850,21.23,178650,191.07,2024-07-22,Concrete,Summer
B02403,P063,Cashews (salted),Nuts,Primary,S013,Maipo Nuts Ltd.,2024-01-18,8,kg,19600,20.96,156800,167.7,2024-08-15,Concrete,Summer
B02404,P063,Cashews (salted),Nuts,Primary,S013,Maipo Nuts Ltd.,2024-02-04,6,kg,19600,20.96,117600,125.78,2024-09-01,Concrete,Summer
B02405,P063,Cashews (salted),Nuts,Primary,S013,Maipo Nuts Ltd.,2024-02-28,8,kg,19600,20.96,156800,167.7,2024-09-25,Concrete,Summer
B02406,P063,Cashews (salted),Nuts,Primary,S013,Maipo Nuts Ltd.,2024-03-14,8,kg,19600,20.96,156800,167.7,2024-10-10,Concrete,Autumn
B02407,P063,Cashews (salted),Nuts,Primary,S013,Maipo Nuts Ltd.,2024-04-10,18,kg,19600,20.96,352800,377.33,2024-11-06,Concrete,Autumn
B02408,P063,Cashews (salted),Nuts,Primary,S013,Maipo Nuts Ltd.,2024-04-29,20,kg,19600,20.96,392000,419.25,2024-11-25,Concrete,Autumn
B02409,P063,Cashews (salted),Nuts,Primary,S013,Maipo Nuts Ltd.,2024-05-23,21,kg,19600,20.96,411600,440.21,2024-12-19,Concrete,Autumn
B02410,P063,Cashews (salted),Nuts,Primary,S013,Maipo Nuts Ltd.,2024-06-11,20,kg,19600,20.96,392000,419.25,2025-01-07,Concrete,Winter
B02411,P063,Cashews (salted),Nuts,Backup,S015,Nogal Dryfruits,2024-06-28,20,kg,19850,21.23,397000,424.6,2025-01-24,Concrete,Winter
B02412,P063,Cashews (salted),Nuts,Primary,S013,Maipo Nuts Ltd.,2024-07-22,20,kg,19600,20.96,392000,419.25,2025-02-17,Concrete,Winter
B02413,P063,Cashews (salted),Nuts,Primary,S013,Maipo Nuts Ltd.,2024-08-13,22,kg,19600,20.96,431200,461.18,2025-03-11,Concrete,Winter
B02414,P063,Cashews (salted),Nuts,Primary,S013,Maipo Nuts Ltd.,2024-09-07,24,kg,19600,20.96,470400,503.1,2025-04-05,Concrete,Spring
B02415,P063,Cashews (salted),Nuts,Primary,S013,Maipo Nuts Ltd.,2024-09-28,23,kg,19600,20.96,450800,482.14,2025-04-26,Concrete,Spring
B02416,P063,Cashews (salted),Nuts,Primary,S013,Maipo Nuts Ltd.,2024-10-16,7,kg,19600,20.96,137200,146.74,2025-05-14,Concrete,Spring
B02417,P063,Cashews (salted),Nuts,Primary,S013,Maipo Nuts Ltd.,2024-11-05,8,kg,19600,20.96,156800,167.7,2025-06-03,Concrete,Spring
B02418,P063,Cashews (salted),Nuts,Primary,S013,Maipo Nuts Ltd.,2024-11-28,8,kg,19600,20.96,156800,167.7,2025-06-26,Concrete,Spring
B02419,P063,Cashews (salted),Nuts,Primary,S013,Maipo Nuts Ltd.,2024-12-13,8,kg,19600,20.96,156800,167.7,2025-07-11,Concrete,Summer
B02420,P063,Cashews (salted),Nuts,Primary,S013,Maipo Nuts Ltd.,2024-12-30,10,kg,19600,20.96,196000,209.63,2025-07-28,Concrete,Summer
B02421,P063,Cashews (salted),Nuts,Backup,S015,Nogal Dryfruits,2025-01-20,9,kg,19850,21.23,178650,191.07,2025-08-18,Concrete,Summer
B02422,P063,Cashews (salted),Nuts,Primary,S013,Maipo Nuts Ltd.,2025-02-07,8,kg,19600,20.96,156800,167.7,2025-09-05,Concrete,Summer
B02423,P063,Cashews (salted),Nuts,Primary,S013,Maipo Nuts Ltd.,2025-02-24,7,kg,19600,20.96,137200,146.74,2025-09-22,Concrete,Summer
B02424,P063,Cashews (salted),Nuts,Primary,S013,Maipo Nuts Ltd.,2025-03-12,7,kg,19600,20.96,137200,146.74,2025-10-08,Concrete,Autumn
B02425,P063,Cashews (salted),Nuts,Backup,S015,Nogal Dryfruits,2025-04-05,20,kg,19850,21.23,397000,424.6,2025-11-01,Concrete,Autumn
B02426,P063,Cashews (salted),Nuts,Primary,S013,Maipo Nuts Ltd.,2025-04-26,18,kg,19600,20.96,352800,377.33,2025-11-22,Concrete,Autumn
B02427,P063,Cashews (salted),Nuts,Primary,S013,Maipo Nuts Ltd.,2025-05-14,18,kg,19600,20.96,352800,377.33,2025-12-10,Concrete,Autumn
B02428,P063,Cashews (salted),Nuts,Primary,S013,Maipo Nuts Ltd.,2025-06-02,22,kg,19600,20.96,431200,461.18,2025-12-29,Concrete,Winter
B02429,P063,Cashews (salted),Nuts,Primary,S013,Maipo Nuts Ltd.,2025-06-24,19,kg,19600,20.96,372400,398.29,2026-01-20,Concrete,Winter
B02430,P064,Cashews (unsalted),Nuts,Primary,S013,Maipo Nuts Ltd.,2023-07-02,22,kg,20150,21.55,443300,474.12,2024-01-28,Concrete,Winter
B02431,P064,Cashews (unsalted),Nuts,Primary,S013,Maipo Nuts Ltd.,2023-07-25,21,kg,20150,21.55,423150,452.57,2024-02-20,Concrete,Winter
B02432,P064,Cashews (unsalted),Nuts,Primary,S013,Maipo Nuts Ltd.,2023-08-20,17,kg,20150,21.55,342550,366.36,2024-03-17,Concrete,Winter
B02433,P064,Cashews (unsalted),Nuts,Primary,S013,Maipo Nuts Ltd.,2023-09-10,23,kg,20150,21.55,463450,495.67,2024-04-07,Concrete,Spring
B02434,P064,Cashews (unsalted),Nuts,Primary,S013,Maipo Nuts Ltd.,2023-10-04,6,kg,20150,21.55,120900,129.3,2024-05-01,Concrete,Spring
B02435,P064,Cashews (unsalted),Nuts,Primary,S013,Maipo Nuts Ltd.,2023-10-24,8,kg,20150,21.55,161200,172.41,2024-05-21,Concrete,Spring
B02436,P064,Cashews (unsalted),Nuts,Backup,S015,Nogal Dryfruits,2023-11-06,6,kg,20250,21.66,121500,129.95,2024-06-03,Concrete,Spring
B02437,P064,Cashews (unsalted),Nuts,Primary,S013,Maipo Nuts Ltd.,2023-11-25,7,kg,20150,21.55,141050,150.86,2024-06-22,Concrete,Spring
B02438,P064,Cashews (unsalted),Nuts,Primary,S013,Maipo Nuts Ltd.,2023-12-22,11,kg,20150,21.55,221650,237.06,2024-07-19,Concrete,Summer
B02439,P064,Cashews (unsalted),Nuts,Primary,S013,Maipo Nuts Ltd.,2024-01-10,7,kg,20150,21.55,141050,150.86,2024-08-07,Concrete,Summer
B02440,P064,Cashews (unsalted),Nuts,Primary,S013,Maipo Nuts Ltd.,2024-02-02,7,kg,20150,21.55,141050,150.86,2024-08-30,Concrete,Summer
B02441,P064,Cashews (unsalted),Nuts,Primary,S013,Maipo Nuts Ltd.,2024-02-26,7,kg,20150,21.55,141050,150.86,2024-09-23,Concrete,Summer
B02442,P064,Cashews (unsalted),Nuts,Primary,S013,Maipo Nuts Ltd.,2024-03-17,6,kg,20150,21.55,120900,129.3,2024-10-13,Concrete,Autumn
B02443,P064,Cashews (unsalted),Nuts,Primary,S013,Maipo Nuts Ltd.,2024-04-02,19,kg,20150,21.55,382850,409.47,2024-10-29,Concrete,Autumn
B02444,P064,Cashews (unsalted),Nuts,Primary,S013,Maipo Nuts Ltd.,2024-04-23,18,kg,20150,21.55,362700,387.91,2024-11-19,Concrete,Autumn
B02445,P064,Cashews (unsalted),Nuts,Primary,S013,Maipo Nuts Ltd.,2024-05-17,20,kg,20150,21.55,403000,431.02,2024-12-13,Concrete,Autumn
B02446,P064,Cashews (unsalted),Nuts,Primary,S013,Maipo Nuts Ltd.,2024-06-04,20,kg,20150,21.55,403000,431.02,2024-12-31,Concrete,Winter
B02447,P064,Cashews (unsalted),Nuts,Primary,S013,Maipo Nuts Ltd.,2024-06-26,19,kg,20150,21.55,382850,409.47,2025-01-22,Concrete,Winter
B02448,P064,Cashews (unsalted),Nuts,Backup,S015,Nogal Dryfruits,2024-07-19,21,kg,20250,21.66,425250,454.81,2025-02-14,Concrete,Winter
B02449,P064,Cashews (unsalted),Nuts,Primary,S013,Maipo Nuts Ltd.,2024-08-07,19,kg,20150,21.55,382850,409.47,2025-03-05,Concrete,Winter
B02450,P064,Cashews (unsalted),Nuts,Primary,S013,Maipo Nuts Ltd.,2024-08-28,19,kg,20150,21.55,382850,409.47,2025-03-26,Concrete,Winter
B02451,P064,Cashews (unsalted),Nuts,Primary,S013,Maipo Nuts Ltd.,2024-09-13,27,kg,20150,21.55,544050,581.87,2025-04-11,Concrete,Spring
B02452,P064,Cashews (unsalted),Nuts,Primary,S013,Maipo Nuts Ltd.,2024-10-06,6,kg,20150,21.55,120900,129.3,2025-05-04,Concrete,Spring
B02453,P064,Cashews (unsalted),Nuts,Primary,S013,Maipo Nuts Ltd.,2024-10-26,7,kg,20150,21.55,141050,150.86,2025-05-24,Concrete,Spring
B02454,P064,Cashews (unsalted),Nuts,Primary,S013,Maipo Nuts Ltd.,2024-11-17,8,kg,20150,21.55,161200,172.41,2025-06-15,Concrete,Spring
B02455,P064,Cashews (unsalted),Nuts,Primary,S013,Maipo Nuts Ltd.,2024-12-07,9,kg,20150,21.55,181350,193.96,2025-07-05,Concrete,Summer
B02456,P064,Cashews (unsalted),Nuts,Backup,S015,Nogal Dryfruits,2024-12-29,9,kg,20250,21.66,182250,194.92,2025-07-27,Concrete,Summer
B02457,P064,Cashews (unsalted),Nuts,Primary,S013,Maipo Nuts Ltd.,2025-01-15,9,kg,20150,21.55,181350,193.96,2025-08-13,Concrete,Summer
B02458,P064,Cashews (unsalted),Nuts,Primary,S013,Maipo Nuts Ltd.,2025-02-04,7,kg,20150,21.55,141050,150.86,2025-09-02,Concrete,Summer
B02459,P064,Cashews (unsalted),Nuts,Primary,S013,Maipo Nuts Ltd.,2025-02-26,8,kg,20150,21.55,161200,172.41,2025-09-24,Concrete,Summer
B02460,P064,Cashews (unsalted),Nuts,Primary,S013,Maipo Nuts Ltd.,2025-03-16,7,kg,20150,21.55,141050,150.86,2025-10-12,Concrete,Autumn
B02461,P064,Cashews (unsalted),Nuts,Primary,S013,Maipo Nuts Ltd.,2025-04-12,21,kg,20150,21.55,423150,452.57,2025-11-08,Concrete,Autumn
B02462,P064,Cashews (unsalted),Nuts,Primary,S013,Maipo Nuts Ltd.,2025-05-03,21,kg,20150,21.55,423150,452.57,2025-11-29,Concrete,Autumn
B02463,P064,Cashews (unsalted),Nuts,Primary,S013,Maipo Nuts Ltd.,2025-05-27,22,kg,20150,21.55,443300,474.12,2025-12-23,Concrete,Autumn
B02464,P064,Cashews (unsalted),Nuts,Primary,S013,Maipo Nuts Ltd.,2025-06-16,22,kg,20150,21.55,443300,474.12,2026-01-12,Concrete,Winter
B02465,P065,"Pistachios (roasted, salted)",Nuts,Primary,S013,Maipo Nuts Ltd.,2023-07-16,21,kg,22950,24.55,481950,515.45,2024-02-11,Concrete,Winter
B02466,P065,"Pistachios (roasted, salted)",Nuts,Primary,S013,Maipo Nuts Ltd.,2023-08-05,21,kg,22950,24.55,481950,515.45,2024-03-02,Concrete,Winter
B02467,P065,"Pistachios (roasted, salted)",Nuts,Primary,S013,Maipo Nuts Ltd.,2023-08-21,20,kg,22950,24.55,459000,490.91,2024-03-18,Concrete,Winter
B02468,P065,"Pistachios (roasted, salted)",Nuts,Primary,S013,Maipo Nuts Ltd.,2023-09-11,23,kg,22950,24.55,527850,564.55,2024-04-08,Concrete,Spring
B02469,P065,"Pistachios (roasted, salted)",Nuts,Primary,S013,Maipo Nuts Ltd.,2023-10-01,7,kg,22950,24.55,160650,171.82,2024-04-28,Concrete,Spring
B02470,P065,"Pistachios (roasted, salted)",Nuts,Primary,S013,Maipo Nuts Ltd.,2023-10-24,8,kg,22950,24.55,183600,196.36,2024-05-21,Concrete,Spring
B02471,P065,"Pistachios (roasted, salted)",Nuts,Primary,S013,Maipo Nuts Ltd.,2023-11-13,7,kg,22950,24.55,160650,171.82,2024-06-10,Concrete,Spring
B02472,P065,"Pistachios (roasted, salted)",Nuts,Primary,S013,Maipo Nuts Ltd.,2023-12-02,9,kg,22950,24.55,206550,220.91,2024-06-29,Concrete,Summer
B02473,P065,"Pistachios (roasted, salted)",Nuts,Primary,S013,Maipo Nuts Ltd.,2023-12-21,10,kg,22950,24.55,229500,245.45,2024-07-18,Concrete,Summer
B02474,P065,"Pistachios (roasted, salted)",Nuts,Primary,S013,Maipo Nuts Ltd.,2024-01-06,7,kg,22950,24.55,160650,171.82,2024-08-03,Concrete,Summer
B02475,P065,"Pistachios (roasted, salted)",Nuts,Primary,S013,Maipo Nuts Ltd.,2024-01-20,8,kg,22950,24.55,183600,196.36,2024-08-17,Concrete,Summer
B02476,P065,"Pistachios (roasted, salted)",Nuts,Primary,S013,Maipo Nuts Ltd.,2024-02-08,8,kg,22950,24.55,183600,196.36,2024-09-05,Concrete,Summer
B02477,P065,"Pistachios (roasted, salted)",Nuts,Primary,S013,Maipo Nuts Ltd.,2024-03-03,7,kg,22950,24.55,160650,171.82,2024-09-29,Concrete,Autumn
B02478,P065,"Pistachios (roasted, salted)",Nuts,Primary,S013,Maipo Nuts Ltd.,2024-03-26,7,kg,22950,24.55,160650,171.82,2024-10-22,Concrete,Autumn
B02479,P065,"Pistachios (roasted, salted)",Nuts,Backup,S015,Nogal Dryfruits,2024-04-16,20,kg,23900,25.56,478000,511.23,2024-11-12,Concrete,Autumn
B02480,P065,"Pistachios (roasted, salted)",Nuts,Primary,S013,Maipo Nuts Ltd.,2024-05-06,20,kg,22950,24.55,459000,490.91,2024-12-02,Concrete,Autumn
B02481,P065,"Pistachios (roasted, salted)",Nuts,Backup,S015,Nogal Dryfruits,2024-05-23,20,kg,23900,25.56,478000,511.23,2024-12-19,Concrete,Autumn
B02482,P065,"Pistachios (roasted, salted)",Nuts,Primary,S013,Maipo Nuts Ltd.,2024-06-04,19,kg,22950,24.55,436050,466.36,2024-12-31,Concrete,Winter
B02483,P065,"Pistachios (roasted, salted)",Nuts,Primary,S013,Maipo Nuts Ltd.,2024-06-25,22,kg,22950,24.55,504900,540.0,2025-01-21,Concrete,Winter
B02484,P065,"Pistachios (roasted, salted)",Nuts,Primary,S013,Maipo Nuts Ltd.,2024-07-07,21,kg,22950,24.55,481950,515.45,2025-02-02,Concrete,Winter
B02485,P065,"Pistachios (roasted, salted)",Nuts,Primary,S013,Maipo Nuts Ltd.,2024-07-25,20,kg,22950,24.55,459000,490.91,2025-02-20,Concrete,Winter
B02486,P065,"Pistachios (roasted, salted)",Nuts,Primary,S013,Maipo Nuts Ltd.,2024-08-17,19,kg,22950,24.55,436050,466.36,2025-03-15,Concrete,Winter
B02487,P065,"Pistachios (roasted, salted)",Nuts,Primary,S013,Maipo Nuts Ltd.,2024-09-01,25,kg,22950,24.55,573750,613.64,2025-03-30,Concrete,Spring
B02488,P065,"Pistachios (roasted, salted)",Nuts,Primary,S013,Maipo Nuts Ltd.,2024-09-23,23,kg,22950,24.55,527850,564.55,2025-04-21,Concrete,Spring
B02489,P065,"Pistachios (roasted, salted)",Nuts,Primary,S013,Maipo Nuts Ltd.,2024-10-15,7,kg,22950,24.55,160650,171.82,2025-05-13,Concrete,Spring
B02490,P065,"Pistachios (roasted, salted)",Nuts,Primary,S013,Maipo Nuts Ltd.,2024-11-07,7,kg,22950,24.55,160650,171.82,2025-06-05,Concrete,Spring
B02491,P065,"Pistachios (roasted, salted)",Nuts,Primary,S013,Maipo Nuts Ltd.,2024-11-25,8,kg,22950,24.55,183600,196.36,2025-06-23,Concrete,Spring
B02492,P065,"Pistachios (roasted, salted)",Nuts,Primary,S013,Maipo Nuts Ltd.,2024-12-16,9,kg,22950,24.55,206550,220.91,2025-07-14,Concrete,Summer
B02493,P065,"Pistachios (roasted, salted)",Nuts,Primary,S013,Maipo Nuts Ltd.,2025-01-02,9,kg,22950,24.55,206550,220.91,2025-07-31,Concrete,Summer
B02494,P065,"Pistachios (roasted, salted)",Nuts,Primary,S013,Maipo Nuts Ltd.,2025-01-25,8,kg,22950,24.55,183600,196.36,2025-08-23,Concrete,Summer
B02495,P065,"Pistachios (roasted, salted)",Nuts,Primary,S013,Maipo Nuts Ltd.,2025-02-15,7,kg,22950,24.55,160650,171.82,2025-09-13,Concrete,Summer
B02496,P065,"Pistachios (roasted, salted)",Nuts,Primary,S013,Maipo Nuts Ltd.,2025-03-08,7,kg,22950,24.55,160650,171.82,2025-10-04,Concrete,Autumn
B02497,P065,"Pistachios (roasted, salted)",Nuts,Primary,S013,Maipo Nuts Ltd.,2025-03-27,9,kg,22950,24.55,206550,220.91,2025-10-23,Concrete,Autumn
B02498,P065,"Pistachios (roasted, salted)",Nuts,Primary,S013,Maipo Nuts Ltd.,2025-04-18,22,kg,22950,24.55,504900,540.0,2025-11-14,Concrete,Autumn
B02499,P065,"Pistachios (roasted, salted)",Nuts,Backup,S015,Nogal Dryfruits,2025-05-08,19,kg,23900,25.56,454100,485.67,2025-12-04,Concrete,Autumn
B02500,P065,"Pistachios (roasted, salted)",Nuts,Primary,S013,Maipo Nuts Ltd.,2025-06-03,23,kg,22950,24.55,527850,564.55,2025-12-30,Concrete,Winter
B02501,P065,"Pistachios (roasted, salted)",Nuts,Primary,S013,Maipo Nuts Ltd.,2025-06-22,22,kg,22950,24.55,504900,540.0,2026-01-18,Concrete,Winter
B02502,P066,Pistachios (unsalted),Nuts,Primary,S013,Maipo Nuts Ltd.,2023-07-18,21,kg,22450,24.01,471450,504.22,2024-02-13,Concrete,Winter
B02503,P066,Pistachios (unsalted),Nuts,Primary,S013,Maipo Nuts Ltd.,2023-08-11,17,kg,22450,24.01,381650,408.18,2024-03-08,Concrete,Winter
B02504,P066,Pistachios (unsalted),Nuts,Primary,S013,Maipo Nuts Ltd.,2023-08-30,18,kg,22450,24.01,404100,432.19,2024-03-27,Concrete,Winter
B02505,P066,Pistachios (unsalted),Nuts,Primary,S013,Maipo Nuts Ltd.,2023-09-16,25,kg,22450,24.01,561250,600.27,2024-04-13,Concrete,Spring
B02506,P066,Pistachios (unsalted),Nuts,Primary,S013,Maipo Nuts Ltd.,2023-10-06,6,kg,22450,24.01,134700,144.06,2024-05-03,Concrete,Spring
B02507,P066,Pistachios (unsalted),Nuts,Primary,S013,Maipo Nuts Ltd.,2023-10-28,8,kg,22450,24.01,179600,192.09,2024-05-25,Concrete,Spring
B02508,P066,Pistachios (unsalted),Nuts,Primary,S013,Maipo Nuts Ltd.,2023-11-17,6,kg,22450,24.01,134700,144.06,2024-06-14,Concrete,Spring
B02509,P066,Pistachios (unsalted),Nuts,Primary,S013,Maipo Nuts Ltd.,2023-12-08,10,kg,22450,24.01,224500,240.11,2024-07-05,Concrete,Summer
B02510,P066,Pistachios (unsalted),Nuts,Primary,S013,Maipo Nuts Ltd.,2023-12-29,9,kg,22450,24.01,202050,216.1,2024-07-26,Concrete,Summer
B02511,P066,Pistachios (unsalted),Nuts,Primary,S013,Maipo Nuts Ltd.,2024-01-16,7,kg,22450,24.01,157150,168.07,2024-08-13,Concrete,Summer
B02512,P066,Pistachios (unsalted),Nuts,Primary,S013,Maipo Nuts Ltd.,2024-02-02,7,kg,22450,24.01,157150,168.07,2024-08-30,Concrete,Summer
B02513,P066,Pistachios (unsalted),Nuts,Primary,S013,Maipo Nuts Ltd.,2024-03-01,7,kg,22450,24.01,157150,168.07,2024-09-27,Concrete,Autumn
B02514,P066,Pistachios (unsalted),Nuts,Primary,S013,Maipo Nuts Ltd.,2024-03-15,8,kg,22450,24.01,179600,192.09,2024-10-11,Concrete,Autumn
B02515,P066,Pistachios (unsalted),Nuts,Primary,S013,Maipo Nuts Ltd.,2024-04-04,18,kg,22450,24.01,404100,432.19,2024-10-31,Concrete,Autumn
B02516,P066,Pistachios (unsalted),Nuts,Primary,S013,Maipo Nuts Ltd.,2024-04-21,20,kg,22450,24.01,449000,480.21,2024-11-17,Concrete,Autumn
B02517,P066,Pistachios (unsalted),Nuts,Primary,S013,Maipo Nuts Ltd.,2024-05-10,19,kg,22450,24.01,426550,456.2,2024-12-06,Concrete,Autumn
B02518,P066,Pistachios (unsalted),Nuts,Primary,S013,Maipo Nuts Ltd.,2024-05-27,21,kg,22450,24.01,471450,504.22,2024-12-23,Concrete,Autumn
B02519,P066,Pistachios (unsalted),Nuts,Backup,S015,Nogal Dryfruits,2024-06-13,18,kg,24400,26.1,439200,469.73,2025-01-09,Concrete,Winter
B02520,P066,Pistachios (unsalted),Nuts,Primary,S013,Maipo Nuts Ltd.,2024-07-03,21,kg,22450,24.01,471450,504.22,2025-01-29,Concrete,Winter
B02521,P066,Pistachios (unsalted),Nuts,Primary,S013,Maipo Nuts Ltd.,2024-07-27,22,kg,22450,24.01,493900,528.24,2025-02-22,Concrete,Winter
B02522,P066,Pistachios (unsalted),Nuts,Backup,S015,Nogal Dryfruits,2024-08-15,22,kg,24400,26.1,536800,574.12,2025-03-13,Concrete,Winter
B02523,P066,Pistachios (unsalted),Nuts,Primary,S013,Maipo Nuts Ltd.,2024-09-09,26,kg,22450,24.01,583700,624.28,2025-04-07,Concrete,Spring
B02524,P066,Pistachios (unsalted),Nuts,Primary,S013,Maipo Nuts Ltd.,2024-09-30,27,kg,22450,24.01,606150,648.29,2025-04-28,Concrete,Spring
B02525,P066,Pistachios (unsalted),Nuts,Primary,S013,Maipo Nuts Ltd.,2024-10-18,6,kg,22450,24.01,134700,144.06,2025-05-16,Concrete,Spring
B02526,P066,Pistachios (unsalted),Nuts,Primary,S013,Maipo Nuts Ltd.,2024-11-06,7,kg,22450,24.01,157150,168.07,2025-06-04,Concrete,Spring
B02527,P066,Pistachios (unsalted),Nuts,Primary,S013,Maipo Nuts Ltd.,2024-11-27,8,kg,22450,24.01,179600,192.09,2025-06-25,Concrete,Spring
B02528,P066,Pistachios (unsalted),Nuts,Primary,S013,Maipo Nuts Ltd.,2024-12-13,10,kg,22450,24.01,224500,240.11,2025-07-11,Concrete,Summer
B02529,P066,Pistachios (unsalted),Nuts,Primary,S013,Maipo Nuts Ltd.,2025-01-05,7,kg,22450,24.01,157150,168.07,2025-08-03,Concrete,Summer
B02530,P066,Pistachios (unsalted),Nuts,Backup,S015,Nogal Dryfruits,2025-01-23,8,kg,24400,26.1,195200,208.77,2025-08-21,Concrete,Summer
B02531,P066,Pistachios (unsalted),Nuts,Primary,S013,Maipo Nuts Ltd.,2025-02-11,7,kg,22450,24.01,157150,168.07,2025-09-09,Concrete,Summer
B02532,P066,Pistachios (unsalted),Nuts,Primary,S013,Maipo Nuts Ltd.,2025-03-08,9,kg,22450,24.01,202050,216.1,2025-10-04,Concrete,Autumn
B02533,P066,Pistachios (unsalted),Nuts,Primary,S013,Maipo Nuts Ltd.,2025-03-28,9,kg,22450,24.01,202050,216.1,2025-10-24,Concrete,Autumn
B02534,P066,Pistachios (unsalted),Nuts,Primary,S013,Maipo Nuts Ltd.,2025-04-21,19,kg,22450,24.01,426550,456.2,2025-11-17,Concrete,Autumn
B02535,P066,Pistachios (unsalted),Nuts,Primary,S013,Maipo Nuts Ltd.,2025-05-10,20,kg,22450,24.01,449000,480.21,2025-12-06,Concrete,Autumn
B02536,P066,Pistachios (unsalted),Nuts,Primary,S013,Maipo Nuts Ltd.,2025-05-31,22,kg,22450,24.01,493900,528.24,2025-12-27,Concrete,Autumn
B02537,P066,Pistachios (unsalted),Nuts,Primary,S013,Maipo Nuts Ltd.,2025-06-17,20,kg,22450,24.01,449000,480.21,2026-01-13,Concrete,Winter
B02538,P067,Pecans (shelled),Nuts,Primary,S013,Maipo Nuts Ltd.,2023-07-06,17,kg,13000,13.9,221000,236.36,2024-02-01,Concrete,Winter
B02539,P067,Pecans (shelled),Nuts,Primary,S013,Maipo Nuts Ltd.,2023-07-18,19,kg,13000,13.9,247000,264.17,2024-02-13,Concrete,Winter
B02540,P067,Pecans (shelled),Nuts,Primary,S013,Maipo Nuts Ltd.,2023-08-07,19,kg,13000,13.9,247000,264.17,2024-03-04,Concrete,Winter
B02541,P067,Pecans (shelled),Nuts,Primary,S013,Maipo Nuts Ltd.,2023-08-31,18,kg,13000,13.9,234000,250.27,2024-03-28,Concrete,Winter
B02542,P067,Pecans (shelled),Nuts,Primary,S013,Maipo Nuts Ltd.,2023-09-20,26,kg,13000,13.9,338000,361.5,2024-04-17,Concrete,Spring
B02543,P067,Pecans (shelled),Nuts,Primary,S013,Maipo Nuts Ltd.,2023-10-10,7,kg,13000,13.9,91000,97.33,2024-05-07,Concrete,Spring
B02544,P067,Pecans (shelled),Nuts,Primary,S013,Maipo Nuts Ltd.,2023-10-26,8,kg,13000,13.9,104000,111.23,2024-05-23,Concrete,Spring
B02545,P067,Pecans (shelled),Nuts,Primary,S013,Maipo Nuts Ltd.,2023-11-17,7,kg,13000,13.9,91000,97.33,2024-06-14,Concrete,Spring
B02546,P067,Pecans (shelled),Nuts,Primary,S013,Maipo Nuts Ltd.,2023-11-30,7,kg,13000,13.9,91000,97.33,2024-06-27,Concrete,Spring
B02547,P067,Pecans (shelled),Nuts,Primary,S013,Maipo Nuts Ltd.,2023-12-17,10,kg,13000,13.9,130000,139.04,2024-07-14,Concrete,Summer
B02548,P067,Pecans (shelled),Nuts,Primary,S013,Maipo Nuts Ltd.,2024-01-08,8,kg,13000,13.9,104000,111.23,2024-08-05,Concrete,Summer
B02549,P067,Pecans (shelled),Nuts,Primary,S013,Maipo Nuts Ltd.,2024-01-26,7,kg,13000,13.9,91000,97.33,2024-08-23,Concrete,Summer
B02550,P067,Pecans (shelled),Nuts,Backup,S015,Nogal Dryfruits,2024-02-15,6,kg,14800,15.83,88800,94.97,2024-09-12,Concrete,Summer
B02551,P067,Pecans (shelled),Nuts,Primary,S013,Maipo Nuts Ltd.,2024-03-06,7,kg,13000,13.9,91000,97.33,2024-10-02,Concrete,Autumn
B02552,P067,Pecans (shelled),Nuts,Primary,S013,Maipo Nuts Ltd.,2024-03-23,8,kg,13000,13.9,104000,111.23,2024-10-19,Concrete,Autumn
B02553,P067,Pecans (shelled),Nuts,Primary,S013,Maipo Nuts Ltd.,2024-04-14,22,kg,13000,13.9,286000,305.88,2024-11-10,Concrete,Autumn
B02554,P067,Pecans (shelled),Nuts,Primary,S013,Maipo Nuts Ltd.,2024-05-07,18,kg,13000,13.9,234000,250.27,2024-12-03,Concrete,Autumn
B02555,P067,Pecans (shelled),Nuts,Primary,S013,Maipo Nuts Ltd.,2024-05-25,19,kg,13000,13.9,247000,264.17,2024-12-21,Concrete,Autumn
B02556,P067,Pecans (shelled),Nuts,Primary,S013,Maipo Nuts Ltd.,2024-06-14,21,kg,13000,13.9,273000,291.98,2025-01-10,Concrete,Winter
B02557,P067,Pecans (shelled),Nuts,Primary,S013,Maipo Nuts Ltd.,2024-07-01,16,kg,13000,13.9,208000,222.46,2025-01-27,Concrete,Winter
B02558,P067,Pecans (shelled),Nuts,Primary,S013,Maipo Nuts Ltd.,2024-07-17,19,kg,13000,13.9,247000,264.17,2025-02-12,Concrete,Winter
B02559,P067,Pecans (shelled),Nuts,Primary,S013,Maipo Nuts Ltd.,2024-08-07,22,kg,13000,13.9,286000,305.88,2025-03-05,Concrete,Winter
B02560,P067,Pecans (shelled),Nuts,Primary,S013,Maipo Nuts Ltd.,2024-08-28,17,kg,13000,13.9,221000,236.36,2025-03-26,Concrete,Winter
B02561,P067,Pecans (shelled),Nuts,Primary,S013,Maipo Nuts Ltd.,2024-09-12,25,kg,13000,13.9,325000,347.59,2025-04-10,Concrete,Spring
B02562,P067,Pecans (shelled),Nuts,Backup,S015,Nogal Dryfruits,2024-10-03,8,kg,14800,15.83,118400,126.63,2025-05-01,Concrete,Spring
B02563,P067,Pecans (shelled),Nuts,Primary,S013,Maipo Nuts Ltd.,2024-10-21,6,kg,13000,13.9,78000,83.42,2025-05-19,Concrete,Spring
B02564,P067,Pecans (shelled),Nuts,Primary,S013,Maipo Nuts Ltd.,2024-11-14,7,kg,13000,13.9,91000,97.33,2025-06-12,Concrete,Spring
B02565,P067,Pecans (shelled),Nuts,Primary,S013,Maipo Nuts Ltd.,2024-12-12,10,kg,13000,13.9,130000,139.04,2025-07-10,Concrete,Summer
B02566,P067,Pecans (shelled),Nuts,Backup,S015,Nogal Dryfruits,2024-12-31,10,kg,14800,15.83,148000,158.29,2025-07-29,Concrete,Summer
B02567,P067,Pecans (shelled),Nuts,Primary,S013,Maipo Nuts Ltd.,2025-01-22,8,kg,13000,13.9,104000,111.23,2025-08-20,Concrete,Summer
B02568,P067,Pecans (shelled),Nuts,Primary,S013,Maipo Nuts Ltd.,2025-02-09,8,kg,13000,13.9,104000,111.23,2025-09-07,Concrete,Summer
B02569,P067,Pecans (shelled),Nuts,Primary,S013,Maipo Nuts Ltd.,2025-02-28,9,kg,13000,13.9,117000,125.13,2025-09-26,Concrete,Summer
B02570,P067,Pecans (shelled),Nuts,Primary,S013,Maipo Nuts Ltd.,2025-03-28,8,kg,13000,13.9,104000,111.23,2025-10-24,Concrete,Autumn
B02571,P067,Pecans (shelled),Nuts,Primary,S013,Maipo Nuts Ltd.,2025-04-17,18,kg,13000,13.9,234000,250.27,2025-11-13,Concrete,Autumn
B02572,P067,Pecans (shelled),Nuts,Primary,S013,Maipo Nuts Ltd.,2025-05-10,18,kg,13000,13.9,234000,250.27,2025-12-06,Concrete,Autumn
B02573,P067,Pecans (shelled),Nuts,Primary,S013,Maipo Nuts Ltd.,2025-06-06,18,kg,13000,13.9,234000,250.27,2026-01-02,Concrete,Winter
B02574,P067,Pecans (shelled),Nuts,Primary,S013,Maipo Nuts Ltd.,2025-06-26,21,kg,13000,13.9,273000,291.98,2026-01-22,Concrete,Winter
B02575,P068,Brazil nuts,Nuts,Primary,S013,Maipo Nuts Ltd.,2023-07-09,21,kg,11600,12.41,243600,260.53,2024-02-04,Concrete,Winter
B02576,P068,Brazil nuts,Nuts,Primary,S013,Maipo Nuts Ltd.,2023-07-25,18,kg,11600,12.41,208800,223.32,2024-02-20,Concrete,Winter
B02577,P068,Brazil nuts,Nuts,Primary,S013,Maipo Nuts Ltd.,2023-08-16,21,kg,11600,12.41,243600,260.53,2024-03-13,Concrete,Winter
B02578,P068,Brazil nuts,Nuts,Backup,S015,Nogal Dryfruits,2023-09-10,25,kg,12100,12.94,302500,323.53,2024-04-07,Concrete,Spring
B02579,P068,Brazil nuts,Nuts,Primary,S013,Maipo Nuts Ltd.,2023-09-22,24,kg,11600,12.41,278400,297.75,2024-04-19,Concrete,Spring
B02580,P068,Brazil nuts,Nuts,Primary,S013,Maipo Nuts Ltd.,2023-10-16,6,kg,11600,12.41,69600,74.44,2024-05-13,Concrete,Spring
B02581,P068,Brazil nuts,Nuts,Primary,S013,Maipo Nuts Ltd.,2023-11-07,7,kg,11600,12.41,81200,86.84,2024-06-04,Concrete,Spring
B02582,P068,Brazil nuts,Nuts,Primary,S013,Maipo Nuts Ltd.,2023-11-26,7,kg,11600,12.41,81200,86.84,2024-06-23,Concrete,Spring
B02583,P068,Brazil nuts,Nuts,Primary,S013,Maipo Nuts Ltd.,2023-12-19,8,kg,11600,12.41,92800,99.25,2024-07-16,Concrete,Summer
B02584,P068,Brazil nuts,Nuts,Primary,S013,Maipo Nuts Ltd.,2024-01-14,8,kg,11600,12.41,92800,99.25,2024-08-11,Concrete,Summer
B02585,P068,Brazil nuts,Nuts,Primary,S013,Maipo Nuts Ltd.,2024-02-03,7,kg,11600,12.41,81200,86.84,2024-08-31,Concrete,Summer
B02586,P068,Brazil nuts,Nuts,Primary,S013,Maipo Nuts Ltd.,2024-02-27,7,kg,11600,12.41,81200,86.84,2024-09-24,Concrete,Summer
B02587,P068,Brazil nuts,Nuts,Primary,S013,Maipo Nuts Ltd.,2024-03-18,7,kg,11600,12.41,81200,86.84,2024-10-14,Concrete,Autumn
B02588,P068,Brazil nuts,Nuts,Primary,S013,Maipo Nuts Ltd.,2024-04-11,17,kg,11600,12.41,197200,210.91,2024-11-07,Concrete,Autumn
B02589,P068,Brazil nuts,Nuts,Primary,S013,Maipo Nuts Ltd.,2024-05-04,18,kg,11600,12.41,208800,223.32,2024-11-30,Concrete,Autumn
B02590,P068,Brazil nuts,Nuts,Backup,S015,Nogal Dryfruits,2024-05-25,21,kg,12100,12.94,254100,271.76,2024-12-21,Concrete,Autumn
B02591,P068,Brazil nuts,Nuts,Primary,S013,Maipo Nuts Ltd.,2024-06-20,22,kg,11600,12.41,255200,272.94,2025-01-16,Concrete,Winter
B02592,P068,Brazil nuts,Nuts,Backup,S015,Nogal Dryfruits,2024-07-14,20,kg,12100,12.94,242000,258.82,2025-02-09,Concrete,Winter
B02593,P068,Brazil nuts,Nuts,Primary,S013,Maipo Nuts Ltd.,2024-08-02,17,kg,11600,12.41,197200,210.91,2025-02-28,Concrete,Winter
B02594,P068,Brazil nuts,Nuts,Primary,S013,Maipo Nuts Ltd.,2024-08-24,19,kg,11600,12.41,220400,235.72,2025-03-22,Concrete,Winter
B02595,P068,Brazil nuts,Nuts,Primary,S013,Maipo Nuts Ltd.,2024-09-14,25,kg,11600,12.41,290000,310.16,2025-04-12,Concrete,Spring
B02596,P068,Brazil nuts,Nuts,Primary,S013,Maipo Nuts Ltd.,2024-10-04,7,kg,11600,12.41,81200,86.84,2025-05-02,Concrete,Spring
B02597,P068,Brazil nuts,Nuts,Primary,S013,Maipo Nuts Ltd.,2024-10-27,8,kg,11600,12.41,92800,99.25,2025-05-25,Concrete,Spring
B02598,P068,Brazil nuts,Nuts,Primary,S013,Maipo Nuts Ltd.,2024-11-12,8,kg,11600,12.41,92800,99.25,2025-06-10,Concrete,Spring
B02599,P068,Brazil nuts,Nuts,Primary,S013,Maipo Nuts Ltd.,2024-11-30,8,kg,11600,12.41,92800,99.25,2025-06-28,Concrete,Spring
B02600,P068,Brazil nuts,Nuts,Primary,S013,Maipo Nuts Ltd.,2024-12-22,8,kg,11600,12.41,92800,99.25,2025-07-20,Concrete,Summer
B02601,P068,Brazil nuts,Nuts,Primary,S013,Maipo Nuts Ltd.,2025-01-12,8,kg,11600,12.41,92800,99.25,2025-08-10,Concrete,Summer
B02602,P068,Brazil nuts,Nuts,Primary,S013,Maipo Nuts Ltd.,2025-01-30,8,kg,11600,12.41,92800,99.25,2025-08-28,Concrete,Summer
B02603,P068,Brazil nuts,Nuts,Primary,S013,Maipo Nuts Ltd.,2025-02-25,8,kg,11600,12.41,92800,99.25,2025-09-23,Concrete,Summer
B02604,P068,Brazil nuts,Nuts,Primary,S013,Maipo Nuts Ltd.,2025-03-13,7,kg,11600,12.41,81200,86.84,2025-10-09,Concrete,Autumn
B02605,P068,Brazil nuts,Nuts,Primary,S013,Maipo Nuts Ltd.,2025-04-06,19,kg,11600,12.41,220400,235.72,2025-11-02,Concrete,Autumn
B02606,P068,Brazil nuts,Nuts,Primary,S013,Maipo Nuts Ltd.,2025-04-24,23,kg,11600,12.41,266800,285.35,2025-11-20,Concrete,Autumn
B02607,P068,Brazil nuts,Nuts,Primary,S013,Maipo Nuts Ltd.,2025-05-14,22,kg,11600,12.41,255200,272.94,2025-12-10,Concrete,Autumn
B02608,P068,Brazil nuts,Nuts,Backup,S015,Nogal Dryfruits,2025-06-13,23,kg,12100,12.94,278300,297.65,2026-01-09,Concrete,Winter
B02609,P069,Macadamia nuts,Nuts,Primary,S013,Maipo Nuts Ltd.,2023-07-04,20,kg,17200,18.4,344000,367.91,2024-01-30,Concrete,Winter
B02610,P069,Macadamia nuts,Nuts,Primary,S013,Maipo Nuts Ltd.,2023-07-21,18,kg,17200,18.4,309600,331.12,2024-02-16,Concrete,Winter
B02611,P069,Macadamia nuts,Nuts,Primary,S013,Maipo Nuts Ltd.,2023-08-21,17,kg,17200,18.4,292400,312.73,2024-03-18,Concrete,Winter
B02612,P069,Macadamia nuts,Nuts,Primary,S013,Maipo Nuts Ltd.,2023-09-10,24,kg,17200,18.4,412800,441.5,2024-04-07,Concrete,Spring
B02613,P069,Macadamia nuts,Nuts,Backup,S015,Nogal Dryfruits,2023-09-30,26,kg,18600,19.89,483600,517.22,2024-04-27,Concrete,Spring
B02614,P069,Macadamia nuts,Nuts,Primary,S013,Maipo Nuts Ltd.,2023-10-18,6,kg,17200,18.4,103200,110.37,2024-05-15,Concrete,Spring
B02615,P069,Macadamia nuts,Nuts,Primary,S013,Maipo Nuts Ltd.,2023-11-08,7,kg,17200,18.4,120400,128.77,2024-06-05,Concrete,Spring
B02616,P069,Macadamia nuts,Nuts,Primary,S013,Maipo Nuts Ltd.,2023-11-29,7,kg,17200,18.4,120400,128.77,2024-06-26,Concrete,Spring
B02617,P069,Macadamia nuts,Nuts,Primary,S013,Maipo Nuts Ltd.,2023-12-16,8,kg,17200,18.4,137600,147.17,2024-07-13,Concrete,Summer
B02618,P069,Macadamia nuts,Nuts,Primary,S013,Maipo Nuts Ltd.,2024-01-05,7,kg,17200,18.4,120400,128.77,2024-08-02,Concrete,Summer
B02619,P069,Macadamia nuts,Nuts,Primary,S013,Maipo Nuts Ltd.,2024-01-25,6,kg,17200,18.4,103200,110.37,2024-08-22,Concrete,Summer
B02620,P069,Macadamia nuts,Nuts,Primary,S013,Maipo Nuts Ltd.,2024-02-22,7,kg,17200,18.4,120400,128.77,2024-09-19,Concrete,Summer
B02621,P069,Macadamia nuts,Nuts,Primary,S013,Maipo Nuts Ltd.,2024-03-12,7,kg,17200,18.4,120400,128.77,2024-10-08,Concrete,Autumn
B02622,P069,Macadamia nuts,Nuts,Primary,S013,Maipo Nuts Ltd.,2024-04-02,22,kg,17200,18.4,378400,404.71,2024-10-29,Concrete,Autumn
B02623,P069,Macadamia nuts,Nuts,Primary,S013,Maipo Nuts Ltd.,2024-04-22,18,kg,17200,18.4,309600,331.12,2024-11-18,Concrete,Autumn
B02624,P069,Macadamia nuts,Nuts,Primary,S013,Maipo Nuts Ltd.,2024-05-13,19,kg,17200,18.4,326800,349.52,2024-12-09,Concrete,Autumn
B02625,P069,Macadamia nuts,Nuts,Primary,S013,Maipo Nuts Ltd.,2024-06-01,21,kg,17200,18.4,361200,386.31,2024-12-28,Concrete,Winter
B02626,P069,Macadamia nuts,Nuts,Primary,S013,Maipo Nuts Ltd.,2024-06-25,18,kg,17200,18.4,309600,331.12,2025-01-21,Concrete,Winter
B02627,P069,Macadamia nuts,Nuts,Primary,S013,Maipo Nuts Ltd.,2024-07-10,17,kg,17200,18.4,292400,312.73,2025-02-05,Concrete,Winter
B02628,P069,Macadamia nuts,Nuts,Primary,S013,Maipo Nuts Ltd.,2024-08-02,17,kg,17200,18.4,292400,312.73,2025-02-28,Concrete,Winter
B02629,P069,Macadamia nuts,Nuts,Primary,S013,Maipo Nuts Ltd.,2024-08-24,18,kg,17200,18.4,309600,331.12,2025-03-22,Concrete,Winter
B02630,P069,Macadamia nuts,Nuts,Primary,S013,Maipo Nuts Ltd.,2024-09-19,23,kg,17200,18.4,395600,423.1,2025-04-17,Concrete,Spring
B02631,P069,Macadamia nuts,Nuts,Primary,S013,Maipo Nuts Ltd.,2024-10-07,6,kg,17200,18.4,103200,110.37,2025-05-05,Concrete,Spring
B02632,P069,Macadamia nuts,Nuts,Primary,S013,Maipo Nuts Ltd.,2024-10-26,7,kg,17200,18.4,120400,128.77,2025-05-24,Concrete,Spring
B02633,P069,Macadamia nuts,Nuts,Primary,S013,Maipo Nuts Ltd.,2024-11-19,8,kg,17200,18.4,137600,147.17,2025-06-17,Concrete,Spring
B02634,P069,Macadamia nuts,Nuts,Backup,S015,Nogal Dryfruits,2024-12-02,8,kg,18600,19.89,148800,159.14,2025-06-30,Concrete,Summer
B02635,P069,Macadamia nuts,Nuts,Primary,S013,Maipo Nuts Ltd.,2024-12-23,9,kg,17200,18.4,154800,165.56,2025-07-21,Concrete,Summer
B02636,P069,Macadamia nuts,Nuts,Primary,S013,Maipo Nuts Ltd.,2025-01-14,9,kg,17200,18.4,154800,165.56,2025-08-12,Concrete,Summer
B02637,P069,Macadamia nuts,Nuts,Backup,S015,Nogal Dryfruits,2025-02-05,7,kg,18600,19.89,130200,139.25,2025-09-03,Concrete,Summer
B02638,P069,Macadamia nuts,Nuts,Primary,S013,Maipo Nuts Ltd.,2025-02-24,8,kg,17200,18.4,137600,147.17,2025-09-22,Concrete,Summer
B02639,P069,Macadamia nuts,Nuts,Primary,S013,Maipo Nuts Ltd.,2025-03-14,7,kg,17200,18.4,120400,128.77,2025-10-10,Concrete,Autumn
B02640,P069,Macadamia nuts,Nuts,Primary,S013,Maipo Nuts Ltd.,2025-03-30,7,kg,17200,18.4,120400,128.77,2025-10-26,Concrete,Autumn
B02641,P069,Macadamia nuts,Nuts,Primary,S013,Maipo Nuts Ltd.,2025-04-13,18,kg,17200,18.4,309600,331.12,2025-11-09,Concrete,Autumn
B02642,P069,Macadamia nuts,Nuts,Primary,S013,Maipo Nuts Ltd.,2025-05-04,19,kg,17200,18.4,326800,349.52,2025-11-30,Concrete,Autumn
B02643,P069,Macadamia nuts,Nuts,Primary,S013,Maipo Nuts Ltd.,2025-05-22,18,kg,17200,18.4,309600,331.12,2025-12-18,Concrete,Autumn
B02644,P069,Macadamia nuts,Nuts,Primary,S013,Maipo Nuts Ltd.,2025-06-13,19,kg,17200,18.4,326800,349.52,2026-01-09,Concrete,Winter
B02645,P070,Sunflower seeds,Seeds,Primary,S013,Maipo Nuts Ltd.,2023-07-07,11,kg,2800,2.99,30800,32.94,2024-03-03,Concrete,Winter
B02646,P070,Sunflower seeds,Seeds,Primary,S013,Maipo Nuts Ltd.,2023-08-11,11,kg,2800,2.99,30800,32.94,2024-04-07,Concrete,Winter
B02647,P070,Sunflower seeds,Seeds,Primary,S013,Maipo Nuts Ltd.,2023-09-08,13,kg,2800,2.99,36400,38.93,2024-05-05,Concrete,Spring
B02648,P070,Sunflower seeds,Seeds,Backup,S016,Semillas del Campo,2023-10-07,9,kg,3050,3.26,27450,29.36,2024-06-03,Concrete,Spring
B02649,P070,Sunflower seeds,Seeds,Primary,S013,Maipo Nuts Ltd.,2023-11-08,11,kg,2800,2.99,30800,32.94,2024-07-05,Concrete,Spring
B02650,P070,Sunflower seeds,Seeds,Primary,S013,Maipo Nuts Ltd.,2023-12-10,14,kg,2800,2.99,39200,41.93,2024-08-06,Concrete,Summer
B02651,P070,Sunflower seeds,Seeds,Primary,S013,Maipo Nuts Ltd.,2024-01-01,10,kg,2800,2.99,28000,29.95,2024-08-28,Concrete,Summer
B02652,P070,Sunflower seeds,Seeds,Primary,S013,Maipo Nuts Ltd.,2024-02-11,9,kg,2800,2.99,25200,26.95,2024-10-08,Concrete,Summer
B02653,P070,Sunflower seeds,Seeds,Backup,S016,Semillas del Campo,2024-03-19,10,kg,3050,3.26,30500,32.62,2024-11-14,Concrete,Autumn
B02654,P070,Sunflower seeds,Seeds,Primary,S013,Maipo Nuts Ltd.,2024-04-22,9,kg,2800,2.99,25200,26.95,2024-12-18,Concrete,Autumn
B02655,P070,Sunflower seeds,Seeds,Primary,S013,Maipo Nuts Ltd.,2024-05-28,11,kg,2800,2.99,30800,32.94,2025-01-23,Concrete,Autumn
B02656,P070,Sunflower seeds,Seeds,Primary,S013,Maipo Nuts Ltd.,2024-07-03,9,kg,2800,2.99,25200,26.95,2025-02-28,Concrete,Winter
B02657,P070,Sunflower seeds,Seeds,Primary,S013,Maipo Nuts Ltd.,2024-08-02,11,kg,2800,2.99,30800,32.94,2025-03-30,Concrete,Winter
B02658,P070,Sunflower seeds,Seeds,Primary,S013,Maipo Nuts Ltd.,2024-09-06,12,kg,2800,2.99,33600,35.94,2025-05-04,Concrete,Spring
B02659,P070,Sunflower seeds,Seeds,Primary,S013,Maipo Nuts Ltd.,2024-10-12,10,kg,2800,2.99,28000,29.95,2025-06-09,Concrete,Spring
B02660,P070,Sunflower seeds,Seeds,Primary,S013,Maipo Nuts Ltd.,2024-11-19,9,kg,2800,2.99,25200,26.95,2025-07-17,Concrete,Spring
B02661,P070,Sunflower seeds,Seeds,Primary,S013,Maipo Nuts Ltd.,2024-12-22,13,kg,2800,2.99,36400,38.93,2025-08-19,Concrete,Summer
B02662,P070,Sunflower seeds,Seeds,Primary,S013,Maipo Nuts Ltd.,2025-01-22,10,kg,2800,2.99,28000,29.95,2025-09-19,Concrete,Summer
B02663,P070,Sunflower seeds,Seeds,Primary,S013,Maipo Nuts Ltd.,2025-02-25,10,kg,2800,2.99,28000,29.95,2025-10-23,Concrete,Summer
B02664,P070,Sunflower seeds,Seeds,Primary,S013,Maipo Nuts Ltd.,2025-04-04,10,kg,2800,2.99,28000,29.95,2025-11-30,Concrete,Autumn
B02665,P070,Sunflower seeds,Seeds,Primary,S013,Maipo Nuts Ltd.,2025-05-14,12,kg,2800,2.99,33600,35.94,2026-01-09,Concrete,Autumn
B02666,P070,Sunflower seeds,Seeds,Primary,S013,Maipo Nuts Ltd.,2025-06-16,11,kg,2800,2.99,30800,32.94,2026-02-11,Concrete,Winter
B02667,P071,Pumpkin seeds,Seeds,Primary,S013,Maipo Nuts Ltd.,2023-07-31,9,kg,4200,4.49,37800,40.43,2024-03-27,Concrete,Winter
B02668,P071,Pumpkin seeds,Seeds,Primary,S013,Maipo Nuts Ltd.,2023-08-26,9,kg,4200,4.49,37800,40.43,2024-04-22,Concrete,Winter
B02669,P071,Pumpkin seeds,Seeds,Primary,S013,Maipo Nuts Ltd.,2023-09-27,12,kg,4200,4.49,50400,53.9,2024-05-24,Concrete,Spring
B02670,P071,Pumpkin seeds,Seeds,Primary,S013,Maipo Nuts Ltd.,2023-11-05,10,kg,4200,4.49,42000,44.92,2024-07-02,Concrete,Spring
B02671,P071,Pumpkin seeds,Seeds,Primary,S013,Maipo Nuts Ltd.,2023-12-08,15,kg,4200,4.49,63000,67.38,2024-08-04,Concrete,Summer
B02672,P071,Pumpkin seeds,Seeds,Primary,S013,Maipo Nuts Ltd.,2024-01-02,10,kg,4200,4.49,42000,44.92,2024-08-29,Concrete,Summer
B02673,P071,Pumpkin seeds,Seeds,Primary,S013,Maipo Nuts Ltd.,2024-02-08,11,kg,4200,4.49,46200,49.41,2024-10-05,Concrete,Summer
B02674,P071,Pumpkin seeds,Seeds,Primary,S013,Maipo Nuts Ltd.,2024-03-18,9,kg,4200,4.49,37800,40.43,2024-11-13,Concrete,Autumn
B02675,P071,Pumpkin seeds,Seeds,Primary,S013,Maipo Nuts Ltd.,2024-04-17,11,kg,4200,4.49,46200,49.41,2024-12-13,Concrete,Autumn
B02676,P071,Pumpkin seeds,Seeds,Primary,S013,Maipo Nuts Ltd.,2024-05-20,11,kg,4200,4.49,46200,49.41,2025-01-15,Concrete,Autumn
B02677,P071,Pumpkin seeds,Seeds,Primary,S013,Maipo Nuts Ltd.,2024-06-20,11,kg,4200,4.49,46200,49.41,2025-02-15,Concrete,Winter
B02678,P071,Pumpkin seeds,Seeds,Primary,S013,Maipo Nuts Ltd.,2024-07-28,11,kg,4200,4.49,46200,49.41,2025-03-25,Concrete,Winter
B02679,P071,Pumpkin seeds,Seeds,Primary,S013,Maipo Nuts Ltd.,2024-08-24,10,kg,4200,4.49,42000,44.92,2025-04-21,Concrete,Winter
B02680,P071,Pumpkin seeds,Seeds,Primary,S013,Maipo Nuts Ltd.,2024-10-02,10,kg,4200,4.49,42000,44.92,2025-05-30,Concrete,Spring
B02681,P071,Pumpkin seeds,Seeds,Primary,S013,Maipo Nuts Ltd.,2024-11-09,9,kg,4200,4.49,37800,40.43,2025-07-07,Concrete,Spring
B02682,P071,Pumpkin seeds,Seeds,Primary,S013,Maipo Nuts Ltd.,2024-12-01,15,kg,4200,4.49,63000,67.38,2025-07-29,Concrete,Summer
B02683,P071,Pumpkin seeds,Seeds,Primary,S013,Maipo Nuts Ltd.,2024-12-29,12,kg,4200,4.49,50400,53.9,2025-08-26,Concrete,Summer
B02684,P071,Pumpkin seeds,Seeds,Primary,S013,Maipo Nuts Ltd.,2025-02-11,11,kg,4200,4.49,46200,49.41,2025-10-09,Concrete,Summer
B02685,P071,Pumpkin seeds,Seeds,Primary,S013,Maipo Nuts Ltd.,2025-03-09,12,kg,4200,4.49,50400,53.9,2025-11-04,Concrete,Autumn
B02686,P071,Pumpkin seeds,Seeds,Primary,S013,Maipo Nuts Ltd.,2025-04-12,11,kg,4200,4.49,46200,49.41,2025-12-08,Concrete,Autumn
B02687,P071,Pumpkin seeds,Seeds,Primary,S013,Maipo Nuts Ltd.,2025-05-19,10,kg,4200,4.49,42000,44.92,2026-01-14,Concrete,Autumn
B02688,P072,Chia seeds,Seeds,Primary,S013,Maipo Nuts Ltd.,2023-07-23,9,kg,3700,3.96,33300,35.61,2024-03-19,Concrete,Winter
B02689,P072,Chia seeds,Seeds,Primary,S013,Maipo Nuts Ltd.,2023-08-23,9,kg,3700,3.96,33300,35.61,2024-04-19,Concrete,Winter
B02690,P072,Chia seeds,Seeds,Primary,S013,Maipo Nuts Ltd.,2023-09-23,11,kg,3700,3.96,40700,43.53,2024-05-20,Concrete,Spring
B02691,P072,Chia seeds,Seeds,Primary,S013,Maipo Nuts Ltd.,2023-10-31,9,kg,3700,3.96,33300,35.61,2024-06-27,Concrete,Spring
B02692,P072,Chia seeds,Seeds,Primary,S013,Maipo Nuts Ltd.,2023-12-07,15,kg,3700,3.96,55500,59.36,2024-08-03,Concrete,Summer
B02693,P072,Chia seeds,Seeds,Primary,S013,Maipo Nuts Ltd.,2024-01-11,11,kg,3700,3.96,40700,43.53,2024-09-07,Concrete,Summer
B02694,P072,Chia seeds,Seeds,Primary,S013,Maipo Nuts Ltd.,2024-02-24,10,kg,3700,3.96,37000,39.57,2024-10-21,Concrete,Summer
B02695,P072,Chia seeds,Seeds,Primary,S013,Maipo Nuts Ltd.,2024-03-26,9,kg,3700,3.96,33300,35.61,2024-11-21,Concrete,Autumn
B02696,P072,Chia seeds,Seeds,Primary,S013,Maipo Nuts Ltd.,2024-05-05,9,kg,3700,3.96,33300,35.61,2024-12-31,Concrete,Autumn
B02697,P072,Chia seeds,Seeds,Primary,S013,Maipo Nuts Ltd.,2024-06-13,9,kg,3700,3.96,33300,35.61,2025-02-08,Concrete,Winter
B02698,P072,Chia seeds,Seeds,Primary,S013,Maipo Nuts Ltd.,2024-07-25,10,kg,3700,3.96,37000,39.57,2025-03-22,Concrete,Winter
B02699,P072,Chia seeds,Seeds,Primary,S013,Maipo Nuts Ltd.,2024-08-27,11,kg,3700,3.96,40700,43.53,2025-04-24,Concrete,Winter
B02700,P072,Chia seeds,Seeds,Primary,S013,Maipo Nuts Ltd.,2024-09-28,11,kg,3700,3.96,40700,43.53,2025-05-26,Concrete,Spring
B02701,P072,Chia seeds,Seeds,Primary,S013,Maipo Nuts Ltd.,2024-11-06,10,kg,3700,3.96,37000,39.57,2025-07-04,Concrete,Spring
B02702,P072,Chia seeds,Seeds,Primary,S013,Maipo Nuts Ltd.,2024-12-21,12,kg,3700,3.96,44400,47.49,2025-08-18,Concrete,Summer
B02703,P072,Chia seeds,Seeds,Primary,S013,Maipo Nuts Ltd.,2025-01-13,9,kg,3700,3.96,33300,35.61,2025-09-10,Concrete,Summer
B02704,P072,Chia seeds,Seeds,Primary,S013,Maipo Nuts Ltd.,2025-02-15,11,kg,3700,3.96,40700,43.53,2025-10-13,Concrete,Summer
B02705,P072,Chia seeds,Seeds,Primary,S013,Maipo Nuts Ltd.,2025-03-18,10,kg,3700,3.96,37000,39.57,2025-11-13,Concrete,Autumn
B02706,P072,Chia seeds,Seeds,Primary,S013,Maipo Nuts Ltd.,2025-04-27,11,kg,3700,3.96,40700,43.53,2025-12-23,Concrete,Autumn
B02707,P072,Chia seeds,Seeds,Primary,S013,Maipo Nuts Ltd.,2025-06-04,10,kg,3700,3.96,37000,39.57,2026-01-30,Concrete,Winter
B02708,P073,Flax seeds,Seeds,Primary,S013,Maipo Nuts Ltd.,2023-07-16,10,kg,2550,2.73,25500,27.27,2024-03-12,Concrete,Winter
B02709,P073,Flax seeds,Seeds,Primary,S013,Maipo Nuts Ltd.,2023-08-17,10,kg,2550,2.73,25500,27.27,2024-04-13,Concrete,Winter
B02710,P073,Flax seeds,Seeds,Primary,S013,Maipo Nuts Ltd.,2023-09-13,14,kg,2550,2.73,35700,38.18,2024-05-10,Concrete,Spring
B02711,P073,Flax seeds,Seeds,Primary,S013,Maipo Nuts Ltd.,2023-10-22,11,kg,2550,2.73,28050,30.0,2024-06-18,Concrete,Spring
B02712,P073,Flax seeds,Seeds,Primary,S013,Maipo Nuts Ltd.,2023-11-26,10,kg,2550,2.73,25500,27.27,2024-07-23,Concrete,Spring
B02713,P073,Flax seeds,Seeds,Backup,S016,Semillas del Campo,2024-01-05,10,kg,2550,2.73,25500,27.27,2024-09-01,Concrete,Summer
B02714,P073,Flax seeds,Seeds,Primary,S013,Maipo Nuts Ltd.,2024-02-21,9,kg,2550,2.73,22950,24.55,2024-10-18,Concrete,Summer
B02715,P073,Flax seeds,Seeds,Primary,S013,Maipo Nuts Ltd.,2024-03-21,10,kg,2550,2.73,25500,27.27,2024-11-16,Concrete,Autumn
B02716,P073,Flax seeds,Seeds,Primary,S013,Maipo Nuts Ltd.,2024-04-23,9,kg,2550,2.73,22950,24.55,2024-12-19,Concrete,Autumn
B02717,P073,Flax seeds,Seeds,Primary,S013,Maipo Nuts Ltd.,2024-05-24,11,kg,2550,2.73,28050,30.0,2025-01-19,Concrete,Autumn
B02718,P073,Flax seeds,Seeds,Primary,S013,Maipo Nuts Ltd.,2024-06-29,9,kg,2550,2.73,22950,24.55,2025-02-24,Concrete,Winter
B02719,P073,Flax seeds,Seeds,Primary,S013,Maipo Nuts Ltd.,2024-07-26,9,kg,2550,2.73,22950,24.55,2025-03-23,Concrete,Winter
B02720,P073,Flax seeds,Seeds,Primary,S013,Maipo Nuts Ltd.,2024-08-28,10,kg,2550,2.73,25500,27.27,2025-04-25,Concrete,Winter
B02721,P073,Flax seeds,Seeds,Primary,S013,Maipo Nuts Ltd.,2024-10-07,9,kg,2550,2.73,22950,24.55,2025-06-04,Concrete,Spring
B02722,P073,Flax seeds,Seeds,Backup,S016,Semillas del Campo,2024-11-19,11,kg,2550,2.73,28050,30.0,2025-07-17,Concrete,Spring
B02723,P073,Flax seeds,Seeds,Primary,S013,Maipo Nuts Ltd.,2024-12-26,12,kg,2550,2.73,30600,32.73,2025-08-23,Concrete,Summer
B02724,P073,Flax seeds,Seeds,Primary,S013,Maipo Nuts Ltd.,2025-01-31,10,kg,2550,2.73,25500,27.27,2025-09-28,Concrete,Summer
B02725,P073,Flax seeds,Seeds,Backup,S016,Semillas del Campo,2025-03-10,12,kg,2550,2.73,30600,32.73,2025-11-05,Concrete,Autumn
B02726,P073,Flax seeds,Seeds,Primary,S013,Maipo Nuts Ltd.,2025-04-12,11,kg,2550,2.73,28050,30.0,2025-12-08,Concrete,Autumn
B02727,P073,Flax seeds,Seeds,Primary,S013,Maipo Nuts Ltd.,2025-05-11,11,kg,2550,2.73,28050,30.0,2026-01-06,Concrete,Autumn
B02728,P073,Flax seeds,Seeds,Primary,S013,Maipo Nuts Ltd.,2025-06-18,12,kg,2550,2.73,30600,32.73,2026-02-13,Concrete,Winter
B02729,P074,Sesame seeds,Seeds,Primary,S013,Maipo Nuts Ltd.,2023-07-29,11,kg,3300,3.53,36300,38.82,2024-03-25,Concrete,Winter
B02730,P074,Sesame seeds,Seeds,Primary,S013,Maipo Nuts Ltd.,2023-09-03,13,kg,3300,3.53,42900,45.88,2024-04-30,Concrete,Spring
B02731,P074,Sesame seeds,Seeds,Primary,S013,Maipo Nuts Ltd.,2023-10-03,11,kg,3300,3.53,36300,38.82,2024-05-30,Concrete,Spring
B02732,P074,Sesame seeds,Seeds,Primary,S013,Maipo Nuts Ltd.,2023-11-08,10,kg,3300,3.53,33000,35.29,2024-07-05,Concrete,Spring
B02733,P074,Sesame seeds,Seeds,Primary,S013,Maipo Nuts Ltd.,2023-12-19,13,kg,3300,3.53,42900,45.88,2024-08-15,Concrete,Summer
B02734,P074,Sesame seeds,Seeds,Primary,S013,Maipo Nuts Ltd.,2024-01-17,11,kg,3300,3.53,36300,38.82,2024-09-13,Concrete,Summer
B02735,P074,Sesame seeds,Seeds,Primary,S013,Maipo Nuts Ltd.,2024-02-29,10,kg,3300,3.53,33000,35.29,2024-10-26,Concrete,Summer
B02736,P074,Sesame seeds,Seeds,Primary,S013,Maipo Nuts Ltd.,2024-03-25,11,kg,3300,3.53,36300,38.82,2024-11-20,Concrete,Autumn
B02737,P074,Sesame seeds,Seeds,Primary,S013,Maipo Nuts Ltd.,2024-05-04,11,kg,3300,3.53,36300,38.82,2024-12-30,Concrete,Autumn
B02738,P074,Sesame seeds,Seeds,Primary,S013,Maipo Nuts Ltd.,2024-06-13,9,kg,3300,3.53,29700,31.76,2025-02-08,Concrete,Winter
B02739,P074,Sesame seeds,Seeds,Primary,S013,Maipo Nuts Ltd.,2024-07-18,11,kg,3300,3.53,36300,38.82,2025-03-15,Concrete,Winter
B02740,P074,Sesame seeds,Seeds,Backup,S016,Semillas del Campo,2024-08-24,10,kg,3450,3.69,34500,36.9,2025-04-21,Concrete,Winter
B02741,P074,Sesame seeds,Seeds,Primary,S013,Maipo Nuts Ltd.,2024-09-22,14,kg,3300,3.53,46200,49.41,2025-05-20,Concrete,Spring
B02742,P074,Sesame seeds,Seeds,Primary,S013,Maipo Nuts Ltd.,2024-10-19,11,kg,3300,3.53,36300,38.82,2025-06-16,Concrete,Spring
B02743,P074,Sesame seeds,Seeds,Backup,S016,Semillas del Campo,2024-11-20,11,kg,3450,3.69,37950,40.59,2025-07-18,Concrete,Spring
B02744,P074,Sesame seeds,Seeds,Primary,S013,Maipo Nuts Ltd.,2024-12-22,14,kg,3300,3.53,46200,49.41,2025-08-19,Concrete,Summer
B02745,P074,Sesame seeds,Seeds,Primary,S013,Maipo Nuts Ltd.,2025-01-26,10,kg,3300,3.53,33000,35.29,2025-09-23,Concrete,Summer
B02746,P074,Sesame seeds,Seeds,Primary,S013,Maipo Nuts Ltd.,2025-02-16,10,kg,3300,3.53,33000,35.29,2025-10-14,Concrete,Summer
B02747,P074,Sesame seeds,Seeds,Primary,S013,Maipo Nuts Ltd.,2025-03-20,10,kg,3300,3.53,33000,35.29,2025-11-15,Concrete,Autumn
B02748,P074,Sesame seeds,Seeds,Primary,S013,Maipo Nuts Ltd.,2025-04-19,10,kg,3300,3.53,33000,35.29,2025-12-15,Concrete,Autumn
B02749,P074,Sesame seeds,Seeds,Primary,S013,Maipo Nuts Ltd.,2025-05-31,10,kg,3300,3.53,33000,35.29,2026-01-26,Concrete,Autumn
B02750,P074,Sesame seeds,Seeds,Primary,S013,Maipo Nuts Ltd.,2025-06-30,10,kg,3300,3.53,33000,35.29,2026-02-25,Concrete,Winter
B02751,P075,Artisanal alfajores,Candy,Primary,S017,Molina Artisan Sweets,2023-07-09,44,unit,700,0.75,30800,32.94,2024-05-04,Concrete,Winter
B02752,P075,Artisanal alfajores,Candy,Primary,S017,Molina Artisan Sweets,2023-08-11,37,unit,700,0.75,25900,27.7,2024-06-06,Concrete,Winter
B02753,P075,Artisanal alfajores,Candy,Primary,S017,Molina Artisan Sweets,2023-09-11,50,unit,700,0.75,35000,37.43,2024-07-07,Concrete,Spring
B02754,P075,Artisanal alfajores,Candy,Primary,S017,Molina Artisan Sweets,2023-10-10,36,unit,700,0.75,25200,26.95,2024-08-05,Concrete,Spring
B02755,P075,Artisanal alfajores,Candy,Backup,S018,Dulces La Estrella,2023-11-24,35,unit,700,0.75,24500,26.2,2024-09-19,Concrete,Spring
B02756,P075,Artisanal alfajores,Candy,Primary,S017,Molina Artisan Sweets,2023-12-29,48,unit,700,0.75,33600,35.94,2024-10-24,Concrete,Summer
B02757,P075,Artisanal alfajores,Candy,Primary,S017,Molina Artisan Sweets,2024-02-01,42,unit,700,0.75,29400,31.44,2024-11-27,Concrete,Summer
B02758,P075,Artisanal alfajores,Candy,Primary,S017,Molina Artisan Sweets,2024-03-13,44,unit,700,0.75,30800,32.94,2025-01-07,Concrete,Autumn
B02759,P075,Artisanal alfajores,Candy,Backup,S018,Dulces La Estrella,2024-04-16,34,unit,700,0.75,23800,25.45,2025-02-10,Concrete,Autumn
B02760,P075,Artisanal alfajores,Candy,Primary,S017,Molina Artisan Sweets,2024-05-24,41,unit,700,0.75,28700,30.7,2025-03-20,Concrete,Autumn
B02761,P075,Artisanal alfajores,Candy,Primary,S017,Molina Artisan Sweets,2024-07-01,36,unit,700,0.75,25200,26.95,2025-04-27,Concrete,Winter
B02762,P075,Artisanal alfajores,Candy,Backup,S018,Dulces La Estrella,2024-07-31,45,unit,700,0.75,31500,33.69,2025-05-27,Concrete,Winter
B02763,P075,Artisanal alfajores,Candy,Primary,S017,Molina Artisan Sweets,2024-09-15,45,unit,700,0.75,31500,33.69,2025-07-12,Concrete,Spring
B02764,P075,Artisanal alfajores,Candy,Primary,S017,Molina Artisan Sweets,2024-10-25,38,unit,700,0.75,26600,28.45,2025-08-21,Concrete,Spring
B02765,P075,Artisanal alfajores,Candy,Backup,S018,Dulces La Estrella,2024-11-30,40,unit,700,0.75,28000,29.95,2025-09-26,Concrete,Spring
B02766,P075,Artisanal alfajores,Candy,Backup,S018,Dulces La Estrella,2025-01-06,45,unit,700,0.75,31500,33.69,2025-11-02,Concrete,Summer
B02767,P075,Artisanal alfajores,Candy,Primary,S017,Molina Artisan Sweets,2025-02-02,42,unit,700,0.75,29400,31.44,2025-11-29,Concrete,Summer
B02768,P075,Artisanal alfajores,Candy,Primary,S017,Molina Artisan Sweets,2025-03-12,44,unit,700,0.75,30800,32.94,2026-01-06,Concrete,Autumn
B02769,P075,Artisanal alfajores,Candy,Backup,S018,Dulces La Estrella,2025-04-20,37,unit,700,0.75,25900,27.7,2026-02-14,Concrete,Autumn
B02770,P075,Artisanal alfajores,Candy,Primary,S017,Molina Artisan Sweets,2025-05-23,39,unit,700,0.75,27300,29.2,2026-03-19,Concrete,Autumn
B02771,P075,Artisanal alfajores,Candy,Primary,S017,Molina Artisan Sweets,2025-06-15,39,unit,700,0.75,27300,29.2,2026-04-11,Concrete,Winter
B02772,P076,Candied quince (membrillo),Candy,Primary,S017,Molina Artisan Sweets,2023-07-07,14,kg,2450,2.62,34300,36.68,2024-05-02,Concrete,Winter
B02773,P076,Candied quince (membrillo),Candy,Primary,S017,Molina Artisan Sweets,2023-08-13,14,kg,2450,2.62,34300,36.68,2024-06-08,Concrete,Winter
B02774,P076,Candied quince (membrillo),Candy,Primary,S017,Molina Artisan Sweets,2023-09-26,18,kg,2450,2.62,44100,47.17,2024-07-22,Concrete,Spring
B02775,P076,Candied quince (membrillo),Candy,Primary,S017,Molina Artisan Sweets,2023-10-22,5,kg,2450,2.62,12250,13.1,2024-08-17,Concrete,Spring
B02776,P076,Candied quince (membrillo),Candy,Primary,S017,Molina Artisan Sweets,2023-11-29,5,kg,2450,2.62,12250,13.1,2024-09-24,Concrete,Spring
B02777,P076,Candied quince (membrillo),Candy,Primary,S017,Molina Artisan Sweets,2024-01-01,5,kg,2450,2.62,12250,13.1,2024-10-27,Concrete,Summer
B02778,P076,Candied quince (membrillo),Candy,Backup,S018,Dulces La Estrella,2024-02-04,4,kg,2400,2.57,9600,10.27,2024-11-30,Concrete,Summer
B02779,P076,Candied quince (membrillo),Candy,Primary,S017,Molina Artisan Sweets,2024-03-14,5,kg,2450,2.62,12250,13.1,2025-01-08,Concrete,Autumn
B02780,P076,Candied quince (membrillo),Candy,Primary,S017,Molina Artisan Sweets,2024-04-21,13,kg,2450,2.62,31850,34.06,2025-02-15,Concrete,Autumn
B02781,P076,Candied quince (membrillo),Candy,Primary,S017,Molina Artisan Sweets,2024-05-29,12,kg,2450,2.62,29400,31.44,2025-03-25,Concrete,Autumn
B02782,P076,Candied quince (membrillo),Candy,Primary,S017,Molina Artisan Sweets,2024-07-02,12,kg,2450,2.62,29400,31.44,2025-04-28,Concrete,Winter
B02783,P076,Candied quince (membrillo),Candy,Backup,S018,Dulces La Estrella,2024-08-08,14,kg,2400,2.57,33600,35.94,2025-06-04,Concrete,Winter
B02784,P076,Candied quince (membrillo),Candy,Primary,S017,Molina Artisan Sweets,2024-09-13,16,kg,2450,2.62,39200,41.93,2025-07-10,Concrete,Spring
B02785,P076,Candied quince (membrillo),Candy,Primary,S017,Molina Artisan Sweets,2024-10-16,4,kg,2450,2.62,9800,10.48,2025-08-12,Concrete,Spring
B02786,P076,Candied quince (membrillo),Candy,Backup,S018,Dulces La Estrella,2024-11-25,4,kg,2400,2.57,9600,10.27,2025-09-21,Concrete,Spring
B02787,P076,Candied quince (membrillo),Candy,Primary,S017,Molina Artisan Sweets,2024-12-30,7,kg,2450,2.62,17150,18.34,2025-10-26,Concrete,Summer
B02788,P076,Candied quince (membrillo),Candy,Primary,S017,Molina Artisan Sweets,2025-02-03,5,kg,2450,2.62,12250,13.1,2025-11-30,Concrete,Summer
B02789,P076,Candied quince (membrillo),Candy,Primary,S017,Molina Artisan Sweets,2025-03-07,5,kg,2450,2.62,12250,13.1,2026-01-01,Concrete,Autumn
B02790,P076,Candied quince (membrillo),Candy,Primary,S017,Molina Artisan Sweets,2025-04-11,14,kg,2450,2.62,34300,36.68,2026-02-05,Concrete,Autumn
B02791,P076,Candied quince (membrillo),Candy,Primary,S017,Molina Artisan Sweets,2025-05-12,14,kg,2450,2.62,34300,36.68,2026-03-08,Concrete,Autumn
B02792,P076,Candied quince (membrillo),Candy,Backup,S018,Dulces La Estrella,2025-06-11,13,kg,2400,2.57,31200,33.37,2026-04-07,Concrete,Winter
B02793,P077,"Homemade jam, jar 350g",Candy,Primary,S017,Molina Artisan Sweets,2023-07-14,27,jar 350g,1350,1.44,36450,38.98,2024-05-09,Concrete,Winter
B02794,P077,"Homemade jam, jar 350g",Candy,Primary,S017,Molina Artisan Sweets,2023-08-16,21,jar 350g,1350,1.44,28350,30.32,2024-06-11,Concrete,Winter
B02795,P077,"Homemade jam, jar 350g",Candy,Primary,S017,Molina Artisan Sweets,2023-10-07,24,jar 350g,1350,1.44,32400,34.65,2024-08-02,Concrete,Spring
B02796,P077,"Homemade jam, jar 350g",Candy,Backup,S018,Dulces La Estrella,2023-11-11,24,jar 350g,1450,1.55,34800,37.22,2024-09-06,Concrete,Spring
B02797,P077,"Homemade jam, jar 350g",Candy,Primary,S017,Molina Artisan Sweets,2023-12-11,35,jar 350g,1350,1.44,47250,50.53,2024-10-06,Concrete,Summer
B02798,P077,"Homemade jam, jar 350g",Candy,Primary,S017,Molina Artisan Sweets,2024-01-17,26,jar 350g,1350,1.44,35100,37.54,2024-11-12,Concrete,Summer
B02799,P077,"Homemade jam, jar 350g",Candy,Primary,S017,Molina Artisan Sweets,2024-02-28,27,jar 350g,1350,1.44,36450,38.98,2024-12-24,Concrete,Summer
B02800,P077,"Homemade jam, jar 350g",Candy,Primary,S017,Molina Artisan Sweets,2024-04-09,25,jar 350g,1350,1.44,33750,36.1,2025-02-03,Concrete,Autumn
B02801,P077,"Homemade jam, jar 350g",Candy,Primary,S017,Molina Artisan Sweets,2024-05-09,23,jar 350g,1350,1.44,31050,33.21,2025-03-05,Concrete,Autumn
B02802,P077,"Homemade jam, jar 350g",Candy,Primary,S017,Molina Artisan Sweets,2024-06-16,22,jar 350g,1350,1.44,29700,31.76,2025-04-12,Concrete,Winter
B02803,P077,"Homemade jam, jar 350g",Candy,Primary,S017,Molina Artisan Sweets,2024-07-30,27,jar 350g,1350,1.44,36450,38.98,2025-05-26,Concrete,Winter
B02804,P077,"Homemade jam, jar 350g",Candy,Primary,S017,Molina Artisan Sweets,2024-08-30,26,jar 350g,1350,1.44,35100,37.54,2025-06-26,Concrete,Winter
B02805,P077,"Homemade jam, jar 350g",Candy,Backup,S018,Dulces La Estrella,2024-10-02,22,jar 350g,1450,1.55,31900,34.12,2025-07-29,Concrete,Spring
B02806,P077,"Homemade jam, jar 350g",Candy,Primary,S017,Molina Artisan Sweets,2024-11-04,21,jar 350g,1350,1.44,28350,30.32,2025-08-31,Concrete,Spring
B02807,P077,"Homemade jam, jar 350g",Candy,Primary,S017,Molina Artisan Sweets,2024-12-10,31,jar 350g,1350,1.44,41850,44.76,2025-10-06,Concrete,Summer
B02808,P077,"Homemade jam, jar 350g",Candy,Primary,S017,Molina Artisan Sweets,2025-01-08,27,jar 350g,1350,1.44,36450,38.98,2025-11-04,Concrete,Summer
B02809,P077,"Homemade jam, jar 350g",Candy,Primary,S017,Molina Artisan Sweets,2025-02-10,23,jar 350g,1350,1.44,31050,33.21,2025-12-07,Concrete,Summer
B02810,P077,"Homemade jam, jar 350g",Candy,Primary,S017,Molina Artisan Sweets,2025-03-20,28,jar 350g,1350,1.44,37800,40.43,2026-01-14,Concrete,Autumn
B02811,P077,"Homemade jam, jar 350g",Candy,Backup,S018,Dulces La Estrella,2025-04-18,23,jar 350g,1450,1.55,33350,35.67,2026-02-12,Concrete,Autumn
B02812,P077,"Homemade jam, jar 350g",Candy,Primary,S017,Molina Artisan Sweets,2025-05-23,26,jar 350g,1350,1.44,35100,37.54,2026-03-19,Concrete,Autumn
B02813,P077,"Homemade jam, jar 350g",Candy,Primary,S017,Molina Artisan Sweets,2025-06-25,22,jar 350g,1350,1.44,29700,31.76,2026-04-21,Concrete,Winter
B02814,P078,Artisanal nougat (turron),Candy,Primary,S017,Molina Artisan Sweets,2023-07-09,45,unit,700,0.75,31500,33.69,2024-05-04,Concrete,Winter
B02815,P078,Artisanal nougat (turron),Candy,Primary,S017,Molina Artisan Sweets,2023-08-09,45,unit,700,0.75,31500,33.69,2024-06-04,Concrete,Winter
B02816,P078,Artisanal nougat (turron),Candy,Primary,S017,Molina Artisan Sweets,2023-09-04,45,unit,700,0.75,31500,33.69,2024-06-30,Concrete,Spring
B02817,P078,Artisanal nougat (turron),Candy,Primary,S017,Molina Artisan Sweets,2023-10-09,41,unit,700,0.75,28700,30.7,2024-08-04,Concrete,Spring
B02818,P078,Artisanal nougat (turron),Candy,Primary,S017,Molina Artisan Sweets,2023-11-16,44,unit,700,0.75,30800,32.94,2024-09-11,Concrete,Spring
B02819,P078,Artisanal nougat (turron),Candy,Primary,S017,Molina Artisan Sweets,2023-12-20,47,unit,700,0.75,32900,35.19,2024-10-15,Concrete,Summer
B02820,P078,Artisanal nougat (turron),Candy,Primary,S017,Molina Artisan Sweets,2024-02-01,39,unit,700,0.75,27300,29.2,2024-11-27,Concrete,Summer
B02821,P078,Artisanal nougat (turron),Candy,Primary,S017,Molina Artisan Sweets,2024-03-09,45,unit,700,0.75,31500,33.69,2025-01-03,Concrete,Autumn
B02822,P078,Artisanal nougat (turron),Candy,Primary,S017,Molina Artisan Sweets,2024-04-15,39,unit,700,0.75,27300,29.2,2025-02-09,Concrete,Autumn
B02823,P078,Artisanal nougat (turron),Candy,Primary,S017,Molina Artisan Sweets,2024-05-14,44,unit,700,0.75,30800,32.94,2025-03-10,Concrete,Autumn
B02824,P078,Artisanal nougat (turron),Candy,Primary,S017,Molina Artisan Sweets,2024-06-23,41,unit,700,0.75,28700,30.7,2025-04-19,Concrete,Winter
B02825,P078,Artisanal nougat (turron),Candy,Primary,S017,Molina Artisan Sweets,2024-07-24,42,unit,700,0.75,29400,31.44,2025-05-20,Concrete,Winter
B02826,P078,Artisanal nougat (turron),Candy,Backup,S018,Dulces La Estrella,2024-08-27,43,unit,750,0.8,32250,34.49,2025-06-23,Concrete,Winter
B02827,P078,Artisanal nougat (turron),Candy,Primary,S017,Molina Artisan Sweets,2024-09-28,53,unit,700,0.75,37100,39.68,2025-07-25,Concrete,Spring
B02828,P078,Artisanal nougat (turron),Candy,Primary,S017,Molina Artisan Sweets,2024-10-28,37,unit,700,0.75,25900,27.7,2025-08-24,Concrete,Spring
B02829,P078,Artisanal nougat (turron),Candy,Primary,S017,Molina Artisan Sweets,2024-11-27,45,unit,700,0.75,31500,33.69,2025-09-23,Concrete,Spring
B02830,P078,Artisanal nougat (turron),Candy,Primary,S017,Molina Artisan Sweets,2025-01-12,39,unit,700,0.75,27300,29.2,2025-11-08,Concrete,Summer
B02831,P078,Artisanal nougat (turron),Candy,Primary,S017,Molina Artisan Sweets,2025-02-17,45,unit,700,0.75,31500,33.69,2025-12-14,Concrete,Summer
B02832,P078,Artisanal nougat (turron),Candy,Primary,S017,Molina Artisan Sweets,2025-03-26,45,unit,700,0.75,31500,33.69,2026-01-20,Concrete,Autumn
B02833,P078,Artisanal nougat (turron),Candy,Backup,S018,Dulces La Estrella,2025-05-10,49,unit,750,0.8,36750,39.3,2026-03-06,Concrete,Autumn
B02834,P078,Artisanal nougat (turron),Candy,Primary,S017,Molina Artisan Sweets,2025-06-07,45,unit,700,0.75,31500,33.69,2026-04-03,Concrete,Winter
B02835,P079,Raw cane sugar loaf (chancaca),Candy,Primary,S017,Molina Artisan Sweets,2023-07-31,71,unit,700,0.75,49700,53.16,2024-05-26,Concrete,Winter
B02836,P079,Raw cane sugar loaf (chancaca),Candy,Primary,S017,Molina Artisan Sweets,2023-08-30,64,unit,700,0.75,44800,47.91,2024-06-25,Concrete,Winter
B02837,P079,Raw cane sugar loaf (chancaca),Candy,Primary,S017,Molina Artisan Sweets,2023-10-02,23,unit,700,0.75,16100,17.22,2024-07-28,Concrete,Spring
B02838,P079,Raw cane sugar loaf (chancaca),Candy,Primary,S017,Molina Artisan Sweets,2023-11-02,25,unit,700,0.75,17500,18.72,2024-08-28,Concrete,Spring
B02839,P079,Raw cane sugar loaf (chancaca),Candy,Backup,S018,Dulces La Estrella,2023-11-30,25,unit,750,0.8,18750,20.05,2024-09-25,Concrete,Spring
B02840,P079,Raw cane sugar loaf (chancaca),Candy,Primary,S017,Molina Artisan Sweets,2024-01-01,24,unit,700,0.75,16800,17.97,2024-10-27,Concrete,Summer
B02841,P079,Raw cane sugar loaf (chancaca),Candy,Primary,S017,Molina Artisan Sweets,2024-02-11,27,unit,700,0.75,18900,20.21,2024-12-07,Concrete,Summer
B02842,P079,Raw cane sugar loaf (chancaca),Candy,Primary,S017,Molina Artisan Sweets,2024-03-13,23,unit,700,0.75,16100,17.22,2025-01-07,Concrete,Autumn
B02843,P079,Raw cane sugar loaf (chancaca),Candy,Primary,S017,Molina Artisan Sweets,2024-04-20,68,unit,700,0.75,47600,50.91,2025-02-14,Concrete,Autumn
B02844,P079,Raw cane sugar loaf (chancaca),Candy,Primary,S017,Molina Artisan Sweets,2024-05-13,73,unit,700,0.75,51100,54.65,2025-03-09,Concrete,Autumn
B02845,P079,Raw cane sugar loaf (chancaca),Candy,Backup,S018,Dulces La Estrella,2024-06-21,73,unit,750,0.8,54750,58.56,2025-04-17,Concrete,Winter
B02846,P079,Raw cane sugar loaf (chancaca),Candy,Primary,S017,Molina Artisan Sweets,2024-07-26,66,unit,700,0.75,46200,49.41,2025-05-22,Concrete,Winter
B02847,P079,Raw cane sugar loaf (chancaca),Candy,Primary,S017,Molina Artisan Sweets,2024-09-09,80,unit,700,0.75,56000,59.89,2025-07-06,Concrete,Spring
B02848,P079,Raw cane sugar loaf (chancaca),Candy,Primary,S017,Molina Artisan Sweets,2024-10-12,26,unit,700,0.75,18200,19.47,2025-08-08,Concrete,Spring
B02849,P079,Raw cane sugar loaf (chancaca),Candy,Primary,S017,Molina Artisan Sweets,2024-11-14,24,unit,700,0.75,16800,17.97,2025-09-10,Concrete,Spring
B02850,P079,Raw cane sugar loaf (chancaca),Candy,Primary,S017,Molina Artisan Sweets,2024-12-21,35,unit,700,0.75,24500,26.2,2025-10-17,Concrete,Summer
B02851,P079,Raw cane sugar loaf (chancaca),Candy,Primary,S017,Molina Artisan Sweets,2025-01-22,27,unit,700,0.75,18900,20.21,2025-11-18,Concrete,Summer
B02852,P079,Raw cane sugar loaf (chancaca),Candy,Primary,S017,Molina Artisan Sweets,2025-02-27,26,unit,700,0.75,18200,19.47,2025-12-24,Concrete,Summer
B02853,P079,Raw cane sugar loaf (chancaca),Candy,Backup,S018,Dulces La Estrella,2025-03-23,28,unit,750,0.8,21000,22.46,2026-01-17,Concrete,Autumn
B02854,P079,Raw cane sugar loaf (chancaca),Candy,Backup,S018,Dulces La Estrella,2025-04-27,70,unit,750,0.8,52500,56.15,2026-02-21,Concrete,Autumn
B02855,P079,Raw cane sugar loaf (chancaca),Candy,Primary,S017,Molina Artisan Sweets,2025-05-29,67,unit,700,0.75,46900,50.16,2026-03-25,Concrete,Autumn
B02856,P080,Gummy candy bag 100g,Candy,Primary,S017,Molina Artisan Sweets,2023-07-07,46,bag 100g,650,0.7,29900,31.98,2024-05-02,Concrete,Winter
B02857,P080,Gummy candy bag 100g,Candy,Primary,S017,Molina Artisan Sweets,2023-08-11,55,bag 100g,650,0.7,35750,38.24,2024-06-06,Concrete,Winter
B02858,P080,Gummy candy bag 100g,Candy,Primary,S017,Molina Artisan Sweets,2023-09-13,57,bag 100g,650,0.7,37050,39.63,2024-07-09,Concrete,Spring
B02859,P080,Gummy candy bag 100g,Candy,Primary,S017,Molina Artisan Sweets,2023-10-24,49,bag 100g,650,0.7,31850,34.06,2024-08-19,Concrete,Spring
B02860,P080,Gummy candy bag 100g,Candy,Primary,S017,Molina Artisan Sweets,2023-11-29,50,bag 100g,650,0.7,32500,34.76,2024-09-24,Concrete,Spring
B02861,P080,Gummy candy bag 100g,Candy,Backup,S018,Dulces La Estrella,2023-12-27,63,bag 100g,750,0.8,47250,50.53,2024-10-22,Concrete,Summer
B02862,P080,Gummy candy bag 100g,Candy,Primary,S017,Molina Artisan Sweets,2024-01-30,47,bag 100g,650,0.7,30550,32.67,2024-11-25,Concrete,Summer
B02863,P080,Gummy candy bag 100g,Candy,Primary,S017,Molina Artisan Sweets,2024-03-04,51,bag 100g,650,0.7,33150,35.45,2024-12-29,Concrete,Autumn
B02864,P080,Gummy candy bag 100g,Candy,Primary,S017,Molina Artisan Sweets,2024-04-11,53,bag 100g,650,0.7,34450,36.84,2025-02-05,Concrete,Autumn
B02865,P080,Gummy candy bag 100g,Candy,Backup,S018,Dulces La Estrella,2024-05-10,48,bag 100g,750,0.8,36000,38.5,2025-03-06,Concrete,Autumn
B02866,P080,Gummy candy bag 100g,Candy,Primary,S017,Molina Artisan Sweets,2024-06-02,55,bag 100g,650,0.7,35750,38.24,2025-03-29,Concrete,Winter
B02867,P080,Gummy candy bag 100g,Candy,Backup,S018,Dulces La Estrella,2024-07-08,56,bag 100g,750,0.8,42000,44.92,2025-05-04,Concrete,Winter
B02868,P080,Gummy candy bag 100g,Candy,Primary,S017,Molina Artisan Sweets,2024-08-13,53,bag 100g,650,0.7,34450,36.84,2025-06-09,Concrete,Winter
B02869,P080,Gummy candy bag 100g,Candy,Backup,S018,Dulces La Estrella,2024-09-17,61,bag 100g,750,0.8,45750,48.93,2025-07-14,Concrete,Spring
B02870,P080,Gummy candy bag 100g,Candy,Primary,S017,Molina Artisan Sweets,2024-10-17,54,bag 100g,650,0.7,35100,37.54,2025-08-13,Concrete,Spring
B02871,P080,Gummy candy bag 100g,Candy,Primary,S017,Molina Artisan Sweets,2024-11-18,57,bag 100g,650,0.7,37050,39.63,2025-09-14,Concrete,Spring
B02872,P080,Gummy candy bag 100g,Candy,Primary,S017,Molina Artisan Sweets,2024-12-25,65,bag 100g,650,0.7,42250,45.19,2025-10-21,Concrete,Summer
B02873,P080,Gummy candy bag 100g,Candy,Backup,S018,Dulces La Estrella,2025-01-29,50,bag 100g,750,0.8,37500,40.11,2025-11-25,Concrete,Summer
B02874,P080,Gummy candy bag 100g,Candy,Primary,S017,Molina Artisan Sweets,2025-03-02,48,bag 100g,650,0.7,31200,33.37,2025-12-27,Concrete,Autumn
B02875,P080,Gummy candy bag 100g,Candy,Primary,S017,Molina Artisan Sweets,2025-04-06,59,bag 100g,650,0.7,38350,41.02,2026-01-31,Concrete,Autumn
B02876,P080,Gummy candy bag 100g,Candy,Primary,S017,Molina Artisan Sweets,2025-05-01,54,bag 100g,650,0.7,35100,37.54,2026-02-25,Concrete,Autumn
B02877,P080,Gummy candy bag 100g,Candy,Primary,S017,Molina Artisan Sweets,2025-06-02,55,bag 100g,650,0.7,35750,38.24,2026-03-29,Concrete,Winter
B02878,P081,Gummy candy bag 50g,Candy,Primary,S017,Molina Artisan Sweets,2023-07-12,56,bag 50g,350,0.37,19600,20.96,2024-05-07,Concrete,Winter
B02879,P081,Gummy candy bag 50g,Candy,Backup,S018,Dulces La Estrella,2023-08-22,51,bag 50g,350,0.37,17850,19.09,2024-06-17,Concrete,Winter
B02880,P081,Gummy candy bag 50g,Candy,Primary,S017,Molina Artisan Sweets,2023-09-28,60,bag 50g,350,0.37,21000,22.46,2024-07-24,Concrete,Spring
B02881,P081,Gummy candy bag 50g,Candy,Primary,S017,Molina Artisan Sweets,2023-11-05,46,bag 50g,350,0.37,16100,17.22,2024-08-31,Concrete,Spring
B02882,P081,Gummy candy bag 50g,Candy,Primary,S017,Molina Artisan Sweets,2023-12-05,59,bag 50g,350,0.37,20650,22.09,2024-09-30,Concrete,Summer
B02883,P081,Gummy candy bag 50g,Candy,Backup,S018,Dulces La Estrella,2024-01-01,52,bag 50g,350,0.37,18200,19.47,2024-10-27,Concrete,Summer
B02884,P081,Gummy candy bag 50g,Candy,Primary,S017,Molina Artisan Sweets,2024-02-06,44,bag 50g,350,0.37,15400,16.47,2024-12-02,Concrete,Summer
B02885,P081,Gummy candy bag 50g,Candy,Primary,S017,Molina Artisan Sweets,2024-03-13,56,bag 50g,350,0.37,19600,20.96,2025-01-07,Concrete,Autumn
B02886,P081,Gummy candy bag 50g,Candy,Primary,S017,Molina Artisan Sweets,2024-04-21,49,bag 50g,350,0.37,17150,18.34,2025-02-15,Concrete,Autumn
B02887,P081,Gummy candy bag 50g,Candy,Primary,S017,Molina Artisan Sweets,2024-05-27,44,bag 50g,350,0.37,15400,16.47,2025-03-23,Concrete,Autumn
B02888,P081,Gummy candy bag 50g,Candy,Primary,S017,Molina Artisan Sweets,2024-06-25,46,bag 50g,350,0.37,16100,17.22,2025-04-21,Concrete,Winter
B02889,P081,Gummy candy bag 50g,Candy,Primary,S017,Molina Artisan Sweets,2024-07-27,46,bag 50g,350,0.37,16100,17.22,2025-05-23,Concrete,Winter
B02890,P081,Gummy candy bag 50g,Candy,Primary,S017,Molina Artisan Sweets,2024-08-26,50,bag 50g,350,0.37,17500,18.72,2025-06-22,Concrete,Winter
B02891,P081,Gummy candy bag 50g,Candy,Primary,S017,Molina Artisan Sweets,2024-09-17,69,bag 50g,350,0.37,24150,25.83,2025-07-14,Concrete,Spring
B02892,P081,Gummy candy bag 50g,Candy,Primary,S017,Molina Artisan Sweets,2024-10-12,48,bag 50g,350,0.37,16800,17.97,2025-08-08,Concrete,Spring
B02893,P081,Gummy candy bag 50g,Candy,Primary,S017,Molina Artisan Sweets,2024-11-12,57,bag 50g,350,0.37,19950,21.34,2025-09-08,Concrete,Spring
B02894,P081,Gummy candy bag 50g,Candy,Primary,S017,Molina Artisan Sweets,2024-12-19,68,bag 50g,350,0.37,23800,25.45,2025-10-15,Concrete,Summer
B02895,P081,Gummy candy bag 50g,Candy,Primary,S017,Molina Artisan Sweets,2025-01-19,47,bag 50g,350,0.37,16450,17.59,2025-11-15,Concrete,Summer
B02896,P081,Gummy candy bag 50g,Candy,Primary,S017,Molina Artisan Sweets,2025-02-28,59,bag 50g,350,0.37,20650,22.09,2025-12-25,Concrete,Summer
B02897,P081,Gummy candy bag 50g,Candy,Primary,S017,Molina Artisan Sweets,2025-04-03,58,bag 50g,350,0.37,20300,21.71,2026-01-28,Concrete,Autumn
B02898,P081,Gummy candy bag 50g,Candy,Primary,S017,Molina Artisan Sweets,2025-05-09,59,bag 50g,350,0.37,20650,22.09,2026-03-05,Concrete,Autumn
B02899,P081,Gummy candy bag 50g,Candy,Primary,S017,Molina Artisan Sweets,2025-06-23,61,bag 50g,350,0.37,21350,22.83,2026-04-19,Concrete,Winter
B02900,P082,Sour gummy bag 100g,Candy,Primary,S017,Molina Artisan Sweets,2023-07-28,46,bag 100g,700,0.75,32200,34.44,2024-05-23,Concrete,Winter
B02901,P082,Sour gummy bag 100g,Candy,Primary,S017,Molina Artisan Sweets,2023-09-03,61,bag 100g,700,0.75,42700,45.67,2024-06-29,Concrete,Spring
B02902,P082,Sour gummy bag 100g,Candy,Primary,S017,Molina Artisan Sweets,2023-10-03,51,bag 100g,700,0.75,35700,38.18,2024-07-29,Concrete,Spring
B02903,P082,Sour gummy bag 100g,Candy,Primary,S017,Molina Artisan Sweets,2023-10-29,43,bag 100g,700,0.75,30100,32.19,2024-08-24,Concrete,Spring
B02904,P082,Sour gummy bag 100g,Candy,Primary,S017,Molina Artisan Sweets,2023-11-29,55,bag 100g,700,0.75,38500,41.18,2024-09-24,Concrete,Spring
B02905,P082,Sour gummy bag 100g,Candy,Backup,S018,Dulces La Estrella,2024-01-07,48,bag 100g,700,0.75,33600,35.94,2024-11-02,Concrete,Summer
B02906,P082,Sour gummy bag 100g,Candy,Primary,S017,Molina Artisan Sweets,2024-02-06,46,bag 100g,700,0.75,32200,34.44,2024-12-02,Concrete,Summer
B02907,P082,Sour gummy bag 100g,Candy,Primary,S017,Molina Artisan Sweets,2024-03-10,47,bag 100g,700,0.75,32900,35.19,2025-01-04,Concrete,Autumn
B02908,P082,Sour gummy bag 100g,Candy,Primary,S017,Molina Artisan Sweets,2024-04-02,56,bag 100g,700,0.75,39200,41.93,2025-01-27,Concrete,Autumn
B02909,P082,Sour gummy bag 100g,Candy,Primary,S017,Molina Artisan Sweets,2024-05-13,45,bag 100g,700,0.75,31500,33.69,2025-03-09,Concrete,Autumn
B02910,P082,Sour gummy bag 100g,Candy,Primary,S017,Molina Artisan Sweets,2024-06-19,50,bag 100g,700,0.75,35000,37.43,2025-04-15,Concrete,Winter
B02911,P082,Sour gummy bag 100g,Candy,Primary,S017,Molina Artisan Sweets,2024-07-14,56,bag 100g,700,0.75,39200,41.93,2025-05-10,Concrete,Winter
B02912,P082,Sour gummy bag 100g,Candy,Primary,S017,Molina Artisan Sweets,2024-08-24,53,bag 100g,700,0.75,37100,39.68,2025-06-20,Concrete,Winter
B02913,P082,Sour gummy bag 100g,Candy,Primary,S017,Molina Artisan Sweets,2024-09-24,62,bag 100g,700,0.75,43400,46.42,2025-07-21,Concrete,Spring
B02914,P082,Sour gummy bag 100g,Candy,Primary,S017,Molina Artisan Sweets,2024-10-29,52,bag 100g,700,0.75,36400,38.93,2025-08-25,Concrete,Spring
B02915,P082,Sour gummy bag 100g,Candy,Primary,S017,Molina Artisan Sweets,2024-12-02,72,bag 100g,700,0.75,50400,53.9,2025-09-28,Concrete,Summer
B02916,P082,Sour gummy bag 100g,Candy,Primary,S017,Molina Artisan Sweets,2025-01-03,56,bag 100g,700,0.75,39200,41.93,2025-10-30,Concrete,Summer
B02917,P082,Sour gummy bag 100g,Candy,Primary,S017,Molina Artisan Sweets,2025-02-02,62,bag 100g,700,0.75,43400,46.42,2025-11-29,Concrete,Summer
B02918,P082,Sour gummy bag 100g,Candy,Primary,S017,Molina Artisan Sweets,2025-03-12,52,bag 100g,700,0.75,36400,38.93,2026-01-06,Concrete,Autumn
B02919,P082,Sour gummy bag 100g,Candy,Backup,S018,Dulces La Estrella,2025-04-25,46,bag 100g,700,0.75,32200,34.44,2026-02-19,Concrete,Autumn
B02920,P082,Sour gummy bag 100g,Candy,Primary,S017,Molina Artisan Sweets,2025-05-26,52,bag 100g,700,0.75,36400,38.93,2026-03-22,Concrete,Autumn
B02921,P083,Wine gums bag 50g,Candy,Primary,S017,Molina Artisan Sweets,2023-07-20,46,bag 50g,350,0.37,16100,17.22,2024-05-15,Concrete,Winter
B02922,P083,Wine gums bag 50g,Candy,Primary,S017,Molina Artisan Sweets,2023-08-21,56,bag 50g,350,0.37,19600,20.96,2024-06-16,Concrete,Winter
B02923,P083,Wine gums bag 50g,Candy,Primary,S017,Molina Artisan Sweets,2023-09-28,57,bag 50g,350,0.37,19950,21.34,2024-07-24,Concrete,Spring
B02924,P083,Wine gums bag 50g,Candy,Primary,S017,Molina Artisan Sweets,2023-10-22,55,bag 50g,350,0.37,19250,20.59,2024-08-17,Concrete,Spring
B02925,P083,Wine gums bag 50g,Candy,Primary,S017,Molina Artisan Sweets,2023-11-30,47,bag 50g,350,0.37,16450,17.59,2024-09-25,Concrete,Spring
B02926,P083,Wine gums bag 50g,Candy,Primary,S017,Molina Artisan Sweets,2024-01-08,55,bag 50g,350,0.37,19250,20.59,2024-11-03,Concrete,Summer
B02927,P083,Wine gums bag 50g,Candy,Primary,S017,Molina Artisan Sweets,2024-02-14,49,bag 50g,350,0.37,17150,18.34,2024-12-10,Concrete,Summer
B02928,P083,Wine gums bag 50g,Candy,Primary,S017,Molina Artisan Sweets,2024-03-29,53,bag 50g,350,0.37,18550,19.84,2025-01-23,Concrete,Autumn
B02929,P083,Wine gums bag 50g,Candy,Primary,S017,Molina Artisan Sweets,2024-04-24,46,bag 50g,350,0.37,16100,17.22,2025-02-18,Concrete,Autumn
B02930,P083,Wine gums bag 50g,Candy,Primary,S017,Molina Artisan Sweets,2024-06-04,51,bag 50g,350,0.37,17850,19.09,2025-03-31,Concrete,Winter
B02931,P083,Wine gums bag 50g,Candy,Primary,S017,Molina Artisan Sweets,2024-07-09,48,bag 50g,350,0.37,16800,17.97,2025-05-05,Concrete,Winter
B02932,P083,Wine gums bag 50g,Candy,Primary,S017,Molina Artisan Sweets,2024-08-06,57,bag 50g,350,0.37,19950,21.34,2025-06-02,Concrete,Winter
B02933,P083,Wine gums bag 50g,Candy,Primary,S017,Molina Artisan Sweets,2024-09-09,61,bag 50g,350,0.37,21350,22.83,2025-07-06,Concrete,Spring
B02934,P083,Wine gums bag 50g,Candy,Primary,S017,Molina Artisan Sweets,2024-10-10,49,bag 50g,350,0.37,17150,18.34,2025-08-06,Concrete,Spring
B02935,P083,Wine gums bag 50g,Candy,Primary,S017,Molina Artisan Sweets,2024-11-16,50,bag 50g,350,0.37,17500,18.72,2025-09-12,Concrete,Spring
B02936,P083,Wine gums bag 50g,Candy,Primary,S017,Molina Artisan Sweets,2025-01-06,47,bag 50g,350,0.37,16450,17.59,2025-11-02,Concrete,Summer
B02937,P083,Wine gums bag 50g,Candy,Primary,S017,Molina Artisan Sweets,2025-02-07,53,bag 50g,350,0.37,18550,19.84,2025-12-04,Concrete,Summer
B02938,P083,Wine gums bag 50g,Candy,Primary,S017,Molina Artisan Sweets,2025-03-17,51,bag 50g,350,0.37,17850,19.09,2026-01-11,Concrete,Autumn
B02939,P083,Wine gums bag 50g,Candy,Primary,S017,Molina Artisan Sweets,2025-04-16,62,bag 50g,350,0.37,21700,23.21,2026-02-10,Concrete,Autumn
B02940,P083,Wine gums bag 50g,Candy,Primary,S017,Molina Artisan Sweets,2025-05-19,48,bag 50g,350,0.37,16800,17.97,2026-03-15,Concrete,Autumn
B02941,P083,Wine gums bag 50g,Candy,Primary,S017,Molina Artisan Sweets,2025-06-16,59,bag 50g,350,0.37,20650,22.09,2026-04-12,Concrete,Winter
B02942,P084,Chocolate-coated raisins bag 100g,Candy,Primary,S017,Molina Artisan Sweets,2023-07-01,78,bag 100g,700,0.75,54600,58.4,2024-04-26,Concrete,Winter
B02943,P084,Chocolate-coated raisins bag 100g,Candy,Primary,S017,Molina Artisan Sweets,2023-07-29,73,bag 100g,700,0.75,51100,54.65,2024-05-24,Concrete,Winter
B02944,P084,Chocolate-coated raisins bag 100g,Candy,Backup,S018,Dulces La Estrella,2023-09-03,106,bag 100g,700,0.75,74200,79.36,2024-06-29,Concrete,Spring
B02945,P084,Chocolate-coated raisins bag 100g,Candy,Primary,S017,Molina Artisan Sweets,2023-10-02,32,bag 100g,700,0.75,22400,23.96,2024-07-28,Concrete,Spring
B02946,P084,Chocolate-coated raisins bag 100g,Candy,Primary,S017,Molina Artisan Sweets,2023-11-02,26,bag 100g,700,0.75,18200,19.47,2024-08-28,Concrete,Spring
B02947,P084,Chocolate-coated raisins bag 100g,Candy,Primary,S017,Molina Artisan Sweets,2023-12-06,33,bag 100g,700,0.75,23100,24.71,2024-10-01,Concrete,Summer
B02948,P084,Chocolate-coated raisins bag 100g,Candy,Primary,S017,Molina Artisan Sweets,2024-01-08,34,bag 100g,700,0.75,23800,25.45,2024-11-03,Concrete,Summer
B02949,P084,Chocolate-coated raisins bag 100g,Candy,Primary,S017,Molina Artisan Sweets,2024-02-21,26,bag 100g,700,0.75,18200,19.47,2024-12-17,Concrete,Summer
B02950,P084,Chocolate-coated raisins bag 100g,Candy,Primary,S017,Molina Artisan Sweets,2024-03-22,28,bag 100g,700,0.75,19600,20.96,2025-01-16,Concrete,Autumn
B02951,P084,Chocolate-coated raisins bag 100g,Candy,Primary,S017,Molina Artisan Sweets,2024-04-21,73,bag 100g,700,0.75,51100,54.65,2025-02-15,Concrete,Autumn
B02952,P084,Chocolate-coated raisins bag 100g,Candy,Primary,S017,Molina Artisan Sweets,2024-05-26,86,bag 100g,700,0.75,60200,64.39,2025-03-22,Concrete,Autumn
B02953,P084,Chocolate-coated raisins bag 100g,Candy,Primary,S017,Molina Artisan Sweets,2024-06-22,70,bag 100g,700,0.75,49000,52.41,2025-04-18,Concrete,Winter
B02954,P084,Chocolate-coated raisins bag 100g,Candy,Primary,S017,Molina Artisan Sweets,2024-07-31,70,bag 100g,700,0.75,49000,52.41,2025-05-27,Concrete,Winter
B02955,P084,Chocolate-coated raisins bag 100g,Candy,Primary,S017,Molina Artisan Sweets,2024-09-08,98,bag 100g,700,0.75,68600,73.37,2025-07-05,Concrete,Spring
B02956,P084,Chocolate-coated raisins bag 100g,Candy,Primary,S017,Molina Artisan Sweets,2024-10-13,33,bag 100g,700,0.75,23100,24.71,2025-08-09,Concrete,Spring
B02957,P084,Chocolate-coated raisins bag 100g,Candy,Backup,S018,Dulces La Estrella,2024-11-22,33,bag 100g,700,0.75,23100,24.71,2025-09-18,Concrete,Spring
B02958,P084,Chocolate-coated raisins bag 100g,Candy,Primary,S017,Molina Artisan Sweets,2024-12-20,44,bag 100g,700,0.75,30800,32.94,2025-10-16,Concrete,Summer
B02959,P084,Chocolate-coated raisins bag 100g,Candy,Primary,S017,Molina Artisan Sweets,2025-01-23,29,bag 100g,700,0.75,20300,21.71,2025-11-19,Concrete,Summer
B02960,P084,Chocolate-coated raisins bag 100g,Candy,Primary,S017,Molina Artisan Sweets,2025-02-21,32,bag 100g,700,0.75,22400,23.96,2025-12-18,Concrete,Summer
B02961,P084,Chocolate-coated raisins bag 100g,Candy,Primary,S017,Molina Artisan Sweets,2025-03-24,35,bag 100g,700,0.75,24500,26.2,2026-01-18,Concrete,Autumn
B02962,P084,Chocolate-coated raisins bag 100g,Candy,Primary,S017,Molina Artisan Sweets,2025-05-02,91,bag 100g,700,0.75,63700,68.13,2026-02-26,Concrete,Autumn
B02963,P084,Chocolate-coated raisins bag 100g,Candy,Primary,S017,Molina Artisan Sweets,2025-05-23,96,bag 100g,700,0.75,67200,71.87,2026-03-19,Concrete,Autumn
B02964,P085,Chocolate-coated peanuts bag 100g,Candy,Backup,S018,Dulces La Estrella,2023-07-08,81,bag 100g,700,0.75,56700,60.64,2024-05-03,Concrete,Winter
B02965,P085,Chocolate-coated peanuts bag 100g,Candy,Primary,S017,Molina Artisan Sweets,2023-08-14,83,bag 100g,700,0.75,58100,62.14,2024-06-09,Concrete,Winter
B02966,P085,Chocolate-coated peanuts bag 100g,Candy,Primary,S017,Molina Artisan Sweets,2023-09-24,88,bag 100g,700,0.75,61600,65.88,2024-07-20,Concrete,Spring
B02967,P085,Chocolate-coated peanuts bag 100g,Candy,Primary,S017,Molina Artisan Sweets,2023-10-31,31,bag 100g,700,0.75,21700,23.21,2024-08-26,Concrete,Spring
B02968,P085,Chocolate-coated peanuts bag 100g,Candy,Primary,S017,Molina Artisan Sweets,2023-11-30,32,bag 100g,700,0.75,22400,23.96,2024-09-25,Concrete,Spring
B02969,P085,Chocolate-coated peanuts bag 100g,Candy,Primary,S017,Molina Artisan Sweets,2024-01-04,31,bag 100g,700,0.75,21700,23.21,2024-10-30,Concrete,Summer
B02970,P085,Chocolate-coated peanuts bag 100g,Candy,Primary,S017,Molina Artisan Sweets,2024-02-05,28,bag 100g,700,0.75,19600,20.96,2024-12-01,Concrete,Summer
B02971,P085,Chocolate-coated peanuts bag 100g,Candy,Primary,S017,Molina Artisan Sweets,2024-03-10,26,bag 100g,700,0.75,18200,19.47,2025-01-04,Concrete,Autumn
B02972,P085,Chocolate-coated peanuts bag 100g,Candy,Primary,S017,Molina Artisan Sweets,2024-04-08,82,bag 100g,700,0.75,57400,61.39,2025-02-02,Concrete,Autumn
B02973,P085,Chocolate-coated peanuts bag 100g,Candy,Primary,S017,Molina Artisan Sweets,2024-05-13,82,bag 100g,700,0.75,57400,61.39,2025-03-09,Concrete,Autumn
B02974,P085,Chocolate-coated peanuts bag 100g,Candy,Primary,S017,Molina Artisan Sweets,2024-06-23,72,bag 100g,700,0.75,50400,53.9,2025-04-19,Concrete,Winter
B02975,P085,Chocolate-coated peanuts bag 100g,Candy,Primary,S017,Molina Artisan Sweets,2024-07-26,89,bag 100g,700,0.75,62300,66.63,2025-05-22,Concrete,Winter
B02976,P085,Chocolate-coated peanuts bag 100g,Candy,Primary,S017,Molina Artisan Sweets,2024-08-20,71,bag 100g,700,0.75,49700,53.16,2025-06-16,Concrete,Winter
B02977,P085,Chocolate-coated peanuts bag 100g,Candy,Primary,S017,Molina Artisan Sweets,2024-09-21,98,bag 100g,700,0.75,68600,73.37,2025-07-18,Concrete,Spring
B02978,P085,Chocolate-coated peanuts bag 100g,Candy,Primary,S017,Molina Artisan Sweets,2024-10-27,31,bag 100g,700,0.75,21700,23.21,2025-08-23,Concrete,Spring
B02979,P085,Chocolate-coated peanuts bag 100g,Candy,Primary,S017,Molina Artisan Sweets,2024-12-02,36,bag 100g,700,0.75,25200,26.95,2025-09-28,Concrete,Summer
B02980,P085,Chocolate-coated peanuts bag 100g,Candy,Primary,S017,Molina Artisan Sweets,2025-01-09,33,bag 100g,700,0.75,23100,24.71,2025-11-05,Concrete,Summer
B02981,P085,Chocolate-coated peanuts bag 100g,Candy,Primary,S017,Molina Artisan Sweets,2025-02-11,29,bag 100g,700,0.75,20300,21.71,2025-12-08,Concrete,Summer
B02982,P085,Chocolate-coated peanuts bag 100g,Candy,Primary,S017,Molina Artisan Sweets,2025-03-21,30,bag 100g,700,0.75,21000,22.46,2026-01-15,Concrete,Autumn
B02983,P085,Chocolate-coated peanuts bag 100g,Candy,Primary,S017,Molina Artisan Sweets,2025-04-17,75,bag 100g,700,0.75,52500,56.15,2026-02-11,Concrete,Autumn
B02984,P085,Chocolate-coated peanuts bag 100g,Candy,Primary,S017,Molina Artisan Sweets,2025-06-01,78,bag 100g,700,0.75,54600,58.4,2026-03-28,Concrete,Winter
B02985,P086,Toffee caramels bag 100g,Candy,Primary,S017,Molina Artisan Sweets,2023-07-18,53,bag 100g,650,0.7,34450,36.84,2024-05-13,Concrete,Winter
B02986,P086,Toffee caramels bag 100g,Candy,Primary,S017,Molina Artisan Sweets,2023-08-28,56,bag 100g,650,0.7,36400,38.93,2024-06-23,Concrete,Winter
B02987,P086,Toffee caramels bag 100g,Candy,Primary,S017,Molina Artisan Sweets,2023-10-07,45,bag 100g,650,0.7,29250,31.28,2024-08-02,Concrete,Spring
B02988,P086,Toffee caramels bag 100g,Candy,Primary,S017,Molina Artisan Sweets,2023-11-09,55,bag 100g,650,0.7,35750,38.24,2024-09-04,Concrete,Spring
B02989,P086,Toffee caramels bag 100g,Candy,Primary,S017,Molina Artisan Sweets,2023-12-09,59,bag 100g,650,0.7,38350,41.02,2024-10-04,Concrete,Summer
B02990,P086,Toffee caramels bag 100g,Candy,Primary,S017,Molina Artisan Sweets,2024-01-21,51,bag 100g,650,0.7,33150,35.45,2024-11-16,Concrete,Summer
B02991,P086,Toffee caramels bag 100g,Candy,Primary,S017,Molina Artisan Sweets,2024-02-28,54,bag 100g,650,0.7,35100,37.54,2024-12-24,Concrete,Summer
B02992,P086,Toffee caramels bag 100g,Candy,Backup,S018,Dulces La Estrella,2024-03-30,56,bag 100g,700,0.75,39200,41.93,2025-01-24,Concrete,Autumn
B02993,P086,Toffee caramels bag 100g,Candy,Primary,S017,Molina Artisan Sweets,2024-05-01,55,bag 100g,650,0.7,35750,38.24,2025-02-25,Concrete,Autumn
B02994,P086,Toffee caramels bag 100g,Candy,Backup,S018,Dulces La Estrella,2024-05-24,49,bag 100g,700,0.75,34300,36.68,2025-03-20,Concrete,Autumn
B02995,P086,Toffee caramels bag 100g,Candy,Primary,S017,Molina Artisan Sweets,2024-07-03,52,bag 100g,650,0.7,33800,36.15,2025-04-29,Concrete,Winter
B02996,P086,Toffee caramels bag 100g,Candy,Backup,S018,Dulces La Estrella,2024-08-12,49,bag 100g,700,0.75,34300,36.68,2025-06-08,Concrete,Winter
B02997,P086,Toffee caramels bag 100g,Candy,Primary,S017,Molina Artisan Sweets,2024-09-09,59,bag 100g,650,0.7,38350,41.02,2025-07-06,Concrete,Spring
B02998,P086,Toffee caramels bag 100g,Candy,Primary,S017,Molina Artisan Sweets,2024-10-15,48,bag 100g,650,0.7,31200,33.37,2025-08-11,Concrete,Spring
B02999,P086,Toffee caramels bag 100g,Candy,Primary,S017,Molina Artisan Sweets,2024-11-22,51,bag 100g,650,0.7,33150,35.45,2025-09-18,Concrete,Spring
B03000,P086,Toffee caramels bag 100g,Candy,Primary,S017,Molina Artisan Sweets,2024-12-24,57,bag 100g,650,0.7,37050,39.63,2025-10-20,Concrete,Summer
B03001,P086,Toffee caramels bag 100g,Candy,Primary,S017,Molina Artisan Sweets,2025-01-26,48,bag 100g,650,0.7,31200,33.37,2025-11-22,Concrete,Summer
B03002,P086,Toffee caramels bag 100g,Candy,Primary,S017,Molina Artisan Sweets,2025-03-13,47,bag 100g,650,0.7,30550,32.67,2026-01-07,Concrete,Autumn
B03003,P086,Toffee caramels bag 100g,Candy,Backup,S018,Dulces La Estrella,2025-04-17,54,bag 100g,700,0.75,37800,40.43,2026-02-11,Concrete,Autumn
B03004,P086,Toffee caramels bag 100g,Candy,Primary,S017,Molina Artisan Sweets,2025-05-20,48,bag 100g,650,0.7,31200,33.37,2026-03-16,Concrete,Autumn
B03005,P086,Toffee caramels bag 100g,Candy,Primary,S017,Molina Artisan Sweets,2025-06-22,61,bag 100g,650,0.7,39650,42.41,2026-04-18,Concrete,Winter
B03006,P087,Mint candy bag 50g,Candy,Primary,S017,Molina Artisan Sweets,2023-07-15,54,bag 50g,350,0.37,18900,20.21,2024-05-10,Concrete,Winter
B03007,P087,Mint candy bag 50g,Candy,Primary,S017,Molina Artisan Sweets,2023-08-24,53,bag 50g,350,0.37,18550,19.84,2024-06-19,Concrete,Winter
B03008,P087,Mint candy bag 50g,Candy,Primary,S017,Molina Artisan Sweets,2023-10-03,56,bag 50g,350,0.37,19600,20.96,2024-07-29,Concrete,Spring
B03009,P087,Mint candy bag 50g,Candy,Primary,S017,Molina Artisan Sweets,2023-11-03,49,bag 50g,350,0.37,17150,18.34,2024-08-29,Concrete,Spring
B03010,P087,Mint candy bag 50g,Candy,Primary,S017,Molina Artisan Sweets,2023-12-05,61,bag 50g,350,0.37,21350,22.83,2024-09-30,Concrete,Summer
B03011,P087,Mint candy bag 50g,Candy,Primary,S017,Molina Artisan Sweets,2024-01-02,45,bag 50g,350,0.37,15750,16.84,2024-10-28,Concrete,Summer
B03012,P087,Mint candy bag 50g,Candy,Primary,S017,Molina Artisan Sweets,2024-01-26,48,bag 50g,350,0.37,16800,17.97,2024-11-21,Concrete,Summer
B03013,P087,Mint candy bag 50g,Candy,Primary,S017,Molina Artisan Sweets,2024-03-05,52,bag 50g,350,0.37,18200,19.47,2024-12-30,Concrete,Autumn
B03014,P087,Mint candy bag 50g,Candy,Primary,S017,Molina Artisan Sweets,2024-04-08,45,bag 50g,350,0.37,15750,16.84,2025-02-02,Concrete,Autumn
B03015,P087,Mint candy bag 50g,Candy,Primary,S017,Molina Artisan Sweets,2024-05-11,49,bag 50g,350,0.37,17150,18.34,2025-03-07,Concrete,Autumn
B03016,P087,Mint candy bag 50g,Candy,Primary,S017,Molina Artisan Sweets,2024-06-24,57,bag 50g,350,0.37,19950,21.34,2025-04-20,Concrete,Winter
B03017,P087,Mint candy bag 50g,Candy,Primary,S017,Molina Artisan Sweets,2024-07-29,45,bag 50g,350,0.37,15750,16.84,2025-05-25,Concrete,Winter
B03018,P087,Mint candy bag 50g,Candy,Primary,S017,Molina Artisan Sweets,2024-09-13,68,bag 50g,350,0.37,23800,25.45,2025-07-10,Concrete,Spring
B03019,P087,Mint candy bag 50g,Candy,Backup,S018,Dulces La Estrella,2024-10-10,52,bag 50g,350,0.37,18200,19.47,2025-08-06,Concrete,Spring
B03020,P087,Mint candy bag 50g,Candy,Primary,S017,Molina Artisan Sweets,2024-11-08,50,bag 50g,350,0.37,17500,18.72,2025-09-04,Concrete,Spring
B03021,P087,Mint candy bag 50g,Candy,Primary,S017,Molina Artisan Sweets,2024-12-17,56,bag 50g,350,0.37,19600,20.96,2025-10-13,Concrete,Summer
B03022,P087,Mint candy bag 50g,Candy,Primary,S017,Molina Artisan Sweets,2025-01-14,50,bag 50g,350,0.37,17500,18.72,2025-11-10,Concrete,Summer
B03023,P087,Mint candy bag 50g,Candy,Primary,S017,Molina Artisan Sweets,2025-02-22,57,bag 50g,350,0.37,19950,21.34,2025-12-19,Concrete,Summer
B03024,P087,Mint candy bag 50g,Candy,Primary,S017,Molina Artisan Sweets,2025-04-03,58,bag 50g,350,0.37,20300,21.71,2026-01-28,Concrete,Autumn
B03025,P087,Mint candy bag 50g,Candy,Primary,S017,Molina Artisan Sweets,2025-05-04,53,bag 50g,350,0.37,18550,19.84,2026-02-28,Concrete,Autumn
B03026,P087,Mint candy bag 50g,Candy,Primary,S017,Molina Artisan Sweets,2025-06-02,55,bag 50g,350,0.37,19250,20.59,2026-03-29,Concrete,Winter
B03027,P088,Licorice bag 100g,Candy,Backup,S018,Dulces La Estrella,2023-07-11,54,bag 100g,750,0.8,40500,43.32,2024-05-06,Concrete,Winter
B03028,P088,Licorice bag 100g,Candy,Primary,S017,Molina Artisan Sweets,2023-08-14,44,bag 100g,650,0.7,28600,30.59,2024-06-09,Concrete,Winter
B03029,P088,Licorice bag 100g,Candy,Primary,S017,Molina Artisan Sweets,2023-09-19,53,bag 100g,650,0.7,34450,36.84,2024-07-15,Concrete,Spring
B03030,P088,Licorice bag 100g,Candy,Primary,S017,Molina Artisan Sweets,2023-10-28,54,bag 100g,650,0.7,35100,37.54,2024-08-23,Concrete,Spring
B03031,P088,Licorice bag 100g,Candy,Primary,S017,Molina Artisan Sweets,2023-11-27,52,bag 100g,650,0.7,33800,36.15,2024-09-22,Concrete,Spring
B03032,P088,Licorice bag 100g,Candy,Backup,S018,Dulces La Estrella,2024-01-02,55,bag 100g,750,0.8,41250,44.12,2024-10-28,Concrete,Summer
B03033,P088,Licorice bag 100g,Candy,Primary,S017,Molina Artisan Sweets,2024-02-08,48,bag 100g,650,0.7,31200,33.37,2024-12-04,Concrete,Summer
B03034,P088,Licorice bag 100g,Candy,Backup,S018,Dulces La Estrella,2024-03-09,54,bag 100g,750,0.8,40500,43.32,2025-01-03,Concrete,Autumn
B03035,P088,Licorice bag 100g,Candy,Primary,S017,Molina Artisan Sweets,2024-04-19,57,bag 100g,650,0.7,37050,39.63,2025-02-13,Concrete,Autumn
B03036,P088,Licorice bag 100g,Candy,Primary,S017,Molina Artisan Sweets,2024-05-16,52,bag 100g,650,0.7,33800,36.15,2025-03-12,Concrete,Autumn
B03037,P088,Licorice bag 100g,Candy,Primary,S017,Molina Artisan Sweets,2024-06-14,51,bag 100g,650,0.7,33150,35.45,2025-04-10,Concrete,Winter
B03038,P088,Licorice bag 100g,Candy,Primary,S017,Molina Artisan Sweets,2024-07-23,48,bag 100g,650,0.7,31200,33.37,2025-05-19,Concrete,Winter
B03039,P088,Licorice bag 100g,Candy,Primary,S017,Molina Artisan Sweets,2024-08-26,51,bag 100g,650,0.7,33150,35.45,2025-06-22,Concrete,Winter
B03040,P088,Licorice bag 100g,Candy,Primary,S017,Molina Artisan Sweets,2024-10-02,46,bag 100g,650,0.7,29900,31.98,2025-07-29,Concrete,Spring
B03041,P088,Licorice bag 100g,Candy,Primary,S017,Molina Artisan Sweets,2024-11-06,44,bag 100g,650,0.7,28600,30.59,2025-09-02,Concrete,Spring
B03042,P088,Licorice bag 100g,Candy,Primary,S017,Molina Artisan Sweets,2024-12-09,57,bag 100g,650,0.7,37050,39.63,2025-10-05,Concrete,Summer
B03043,P088,Licorice bag 100g,Candy,Primary,S017,Molina Artisan Sweets,2025-01-02,59,bag 100g,650,0.7,38350,41.02,2025-10-29,Concrete,Summer
B03044,P088,Licorice bag 100g,Candy,Primary,S017,Molina Artisan Sweets,2025-02-07,51,bag 100g,650,0.7,33150,35.45,2025-12-04,Concrete,Summer
B03045,P088,Licorice bag 100g,Candy,Primary,S017,Molina Artisan Sweets,2025-03-16,51,bag 100g,650,0.7,33150,35.45,2026-01-10,Concrete,Autumn
B03046,P088,Licorice bag 100g,Candy,Primary,S017,Molina Artisan Sweets,2025-04-23,51,bag 100g,650,0.7,33150,35.45,2026-02-17,Concrete,Autumn
B03047,P088,Licorice bag 100g,Candy,Primary,S017,Molina Artisan Sweets,2025-05-15,59,bag 100g,650,0.7,38350,41.02,2026-03-11,Concrete,Autumn
B03048,P088,Licorice bag 100g,Candy,Backup,S018,Dulces La Estrella,2025-06-17,61,bag 100g,750,0.8,45750,48.93,2026-04-13,Concrete,Winter
B03049,P089,Mixed hard candy bag 50g,Candy,Primary,S017,Molina Artisan Sweets,2023-07-21,51,bag 50g,350,0.37,17850,19.09,2024-05-16,Concrete,Winter
B03050,P089,Mixed hard candy bag 50g,Candy,Backup,S018,Dulces La Estrella,2023-08-26,45,bag 50g,350,0.37,15750,16.84,2024-06-21,Concrete,Winter
B03051,P089,Mixed hard candy bag 50g,Candy,Primary,S017,Molina Artisan Sweets,2023-09-28,54,bag 50g,350,0.37,18900,20.21,2024-07-24,Concrete,Spring
B03052,P089,Mixed hard candy bag 50g,Candy,Backup,S018,Dulces La Estrella,2023-11-05,43,bag 50g,350,0.37,15050,16.1,2024-08-31,Concrete,Spring
B03053,P089,Mixed hard candy bag 50g,Candy,Primary,S017,Molina Artisan Sweets,2023-12-14,58,bag 50g,350,0.37,20300,21.71,2024-10-09,Concrete,Summer
B03054,P089,Mixed hard candy bag 50g,Candy,Backup,S018,Dulces La Estrella,2024-01-14,44,bag 50g,350,0.37,15400,16.47,2024-11-09,Concrete,Summer
B03055,P089,Mixed hard candy bag 50g,Candy,Primary,S017,Molina Artisan Sweets,2024-02-18,43,bag 50g,350,0.37,15050,16.1,2024-12-14,Concrete,Summer
B03056,P089,Mixed hard candy bag 50g,Candy,Primary,S017,Molina Artisan Sweets,2024-03-17,46,bag 50g,350,0.37,16100,17.22,2025-01-11,Concrete,Autumn
B03057,P089,Mixed hard candy bag 50g,Candy,Primary,S017,Molina Artisan Sweets,2024-04-18,56,bag 50g,350,0.37,19600,20.96,2025-02-12,Concrete,Autumn
B03058,P089,Mixed hard candy bag 50g,Candy,Primary,S017,Molina Artisan Sweets,2024-05-25,55,bag 50g,350,0.37,19250,20.59,2025-03-21,Concrete,Autumn
B03059,P089,Mixed hard candy bag 50g,Candy,Primary,S017,Molina Artisan Sweets,2024-07-08,43,bag 50g,350,0.37,15050,16.1,2025-05-04,Concrete,Winter
B03060,P089,Mixed hard candy bag 50g,Candy,Backup,S018,Dulces La Estrella,2024-08-09,52,bag 50g,350,0.37,18200,19.47,2025-06-05,Concrete,Winter
B03061,P089,Mixed hard candy bag 50g,Candy,Primary,S017,Molina Artisan Sweets,2024-09-23,63,bag 50g,350,0.37,22050,23.58,2025-07-20,Concrete,Spring
B03062,P089,Mixed hard candy bag 50g,Candy,Primary,S017,Molina Artisan Sweets,2024-10-27,54,bag 50g,350,0.37,18900,20.21,2025-08-23,Concrete,Spring
B03063,P089,Mixed hard candy bag 50g,Candy,Primary,S017,Molina Artisan Sweets,2024-12-04,57,bag 50g,350,0.37,19950,21.34,2025-09-30,Concrete,Summer
B03064,P089,Mixed hard candy bag 50g,Candy,Primary,S017,Molina Artisan Sweets,2025-01-03,59,bag 50g,350,0.37,20650,22.09,2025-10-30,Concrete,Summer
B03065,P089,Mixed hard candy bag 50g,Candy,Primary,S017,Molina Artisan Sweets,2025-02-15,46,bag 50g,350,0.37,16100,17.22,2025-12-12,Concrete,Summer
B03066,P089,Mixed hard candy bag 50g,Candy,Primary,S017,Molina Artisan Sweets,2025-03-19,53,bag 50g,350,0.37,18550,19.84,2026-01-13,Concrete,Autumn
B03067,P089,Mixed hard candy bag 50g,Candy,Primary,S017,Molina Artisan Sweets,2025-04-27,57,bag 50g,350,0.37,19950,21.34,2026-02-21,Concrete,Autumn
B03068,P089,Mixed hard candy bag 50g,Candy,Primary,S017,Molina Artisan Sweets,2025-05-30,52,bag 50g,350,0.37,18200,19.47,2026-03-26,Concrete,Autumn
B03069,P090,Coconut candy bag 100g,Candy,Primary,S017,Molina Artisan Sweets,2023-07-02,56,bag 100g,650,0.7,36400,38.93,2024-04-27,Concrete,Winter
B03070,P090,Coconut candy bag 100g,Candy,Primary,S017,Molina Artisan Sweets,2023-08-10,53,bag 100g,650,0.7,34450,36.84,2024-06-05,Concrete,Winter
B03071,P090,Coconut candy bag 100g,Candy,Primary,S017,Molina Artisan Sweets,2023-09-23,55,bag 100g,650,0.7,35750,38.24,2024-07-19,Concrete,Spring
B03072,P090,Coconut candy bag 100g,Candy,Primary,S017,Molina Artisan Sweets,2023-10-21,52,bag 100g,650,0.7,33800,36.15,2024-08-16,Concrete,Spring
B03073,P090,Coconut candy bag 100g,Candy,Primary,S017,Molina Artisan Sweets,2023-11-22,54,bag 100g,650,0.7,35100,37.54,2024-09-17,Concrete,Spring
B03074,P090,Coconut candy bag 100g,Candy,Primary,S017,Molina Artisan Sweets,2023-12-26,57,bag 100g,650,0.7,37050,39.63,2024-10-21,Concrete,Summer
B03075,P090,Coconut candy bag 100g,Candy,Primary,S017,Molina Artisan Sweets,2024-02-02,57,bag 100g,650,0.7,37050,39.63,2024-11-28,Concrete,Summer
B03076,P090,Coconut candy bag 100g,Candy,Primary,S017,Molina Artisan Sweets,2024-03-10,53,bag 100g,650,0.7,34450,36.84,2025-01-04,Concrete,Autumn
B03077,P090,Coconut candy bag 100g,Candy,Primary,S017,Molina Artisan Sweets,2024-04-21,48,bag 100g,650,0.7,31200,33.37,2025-02-15,Concrete,Autumn
B03078,P090,Coconut candy bag 100g,Candy,Primary,S017,Molina Artisan Sweets,2024-05-20,51,bag 100g,650,0.7,33150,35.45,2025-03-16,Concrete,Autumn
B03079,P090,Coconut candy bag 100g,Candy,Primary,S017,Molina Artisan Sweets,2024-06-18,54,bag 100g,650,0.7,35100,37.54,2025-04-14,Concrete,Winter
B03080,P090,Coconut candy bag 100g,Candy,Primary,S017,Molina Artisan Sweets,2024-07-23,52,bag 100g,650,0.7,33800,36.15,2025-05-19,Concrete,Winter
B03081,P090,Coconut candy bag 100g,Candy,Primary,S017,Molina Artisan Sweets,2024-08-24,43,bag 100g,650,0.7,27950,29.89,2025-06-20,Concrete,Winter
B03082,P090,Coconut candy bag 100g,Candy,Primary,S017,Molina Artisan Sweets,2024-10-01,54,bag 100g,650,0.7,35100,37.54,2025-07-28,Concrete,Spring
B03083,P090,Coconut candy bag 100g,Candy,Primary,S017,Molina Artisan Sweets,2024-10-28,55,bag 100g,650,0.7,35750,38.24,2025-08-24,Concrete,Spring
B03084,P090,Coconut candy bag 100g,Candy,Primary,S017,Molina Artisan Sweets,2024-11-28,49,bag 100g,650,0.7,31850,34.06,2025-09-24,Concrete,Spring
B03085,P090,Coconut candy bag 100g,Candy,Primary,S017,Molina Artisan Sweets,2024-12-30,62,bag 100g,650,0.7,40300,43.1,2025-10-26,Concrete,Summer
B03086,P090,Coconut candy bag 100g,Candy,Backup,S018,Dulces La Estrella,2025-01-27,48,bag 100g,750,0.8,36000,38.5,2025-11-23,Concrete,Summer
B03087,P090,Coconut candy bag 100g,Candy,Primary,S017,Molina Artisan Sweets,2025-03-08,47,bag 100g,650,0.7,30550,32.67,2026-01-02,Concrete,Autumn
B03088,P090,Coconut candy bag 100g,Candy,Primary,S017,Molina Artisan Sweets,2025-04-16,62,bag 100g,650,0.7,40300,43.1,2026-02-10,Concrete,Autumn
B03089,P090,Coconut candy bag 100g,Candy,Primary,S017,Molina Artisan Sweets,2025-05-24,48,bag 100g,650,0.7,31200,33.37,2026-03-20,Concrete,Autumn
B03090,P091,Dulce de leche cookies bag 100g,Candy,Primary,S017,Molina Artisan Sweets,2023-07-04,49,bag 100g,700,0.75,34300,36.68,2024-04-29,Concrete,Winter
B03091,P091,Dulce de leche cookies bag 100g,Candy,Primary,S017,Molina Artisan Sweets,2023-08-09,54,bag 100g,700,0.75,37800,40.43,2024-06-04,Concrete,Winter
B03092,P091,Dulce de leche cookies bag 100g,Candy,Primary,S017,Molina Artisan Sweets,2023-09-09,59,bag 100g,700,0.75,41300,44.17,2024-07-05,Concrete,Spring
B03093,P091,Dulce de leche cookies bag 100g,Candy,Primary,S017,Molina Artisan Sweets,2023-10-11,46,bag 100g,700,0.75,32200,34.44,2024-08-06,Concrete,Spring
B03094,P091,Dulce de leche cookies bag 100g,Candy,Backup,S018,Dulces La Estrella,2023-11-12,53,bag 100g,700,0.75,37100,39.68,2024-09-07,Concrete,Spring
B03095,P091,Dulce de leche cookies bag 100g,Candy,Primary,S017,Molina Artisan Sweets,2023-12-10,68,bag 100g,700,0.75,47600,50.91,2024-10-05,Concrete,Summer
B03096,P091,Dulce de leche cookies bag 100g,Candy,Primary,S017,Molina Artisan Sweets,2024-01-15,49,bag 100g,700,0.75,34300,36.68,2024-11-10,Concrete,Summer
B03097,P091,Dulce de leche cookies bag 100g,Candy,Primary,S017,Molina Artisan Sweets,2024-03-01,53,bag 100g,700,0.75,37100,39.68,2024-12-26,Concrete,Autumn
B03098,P091,Dulce de leche cookies bag 100g,Candy,Primary,S017,Molina Artisan Sweets,2024-03-28,55,bag 100g,700,0.75,38500,41.18,2025-01-22,Concrete,Autumn
B03099,P091,Dulce de leche cookies bag 100g,Candy,Primary,S017,Molina Artisan Sweets,2024-05-05,52,bag 100g,700,0.75,36400,38.93,2025-03-01,Concrete,Autumn
B03100,P091,Dulce de leche cookies bag 100g,Candy,Primary,S017,Molina Artisan Sweets,2024-06-07,44,bag 100g,700,0.75,30800,32.94,2025-04-03,Concrete,Winter
B03101,P091,Dulce de leche cookies bag 100g,Candy,Primary,S017,Molina Artisan Sweets,2024-07-13,43,bag 100g,700,0.75,30100,32.19,2025-05-09,Concrete,Winter
B03102,P091,Dulce de leche cookies bag 100g,Candy,Primary,S017,Molina Artisan Sweets,2024-08-20,52,bag 100g,700,0.75,36400,38.93,2025-06-16,Concrete,Winter
B03103,P091,Dulce de leche cookies bag 100g,Candy,Primary,S017,Molina Artisan Sweets,2024-09-22,67,bag 100g,700,0.75,46900,50.16,2025-07-19,Concrete,Spring
B03104,P091,Dulce de leche cookies bag 100g,Candy,Primary,S017,Molina Artisan Sweets,2024-10-29,55,bag 100g,700,0.75,38500,41.18,2025-08-25,Concrete,Spring
B03105,P091,Dulce de leche cookies bag 100g,Candy,Primary,S017,Molina Artisan Sweets,2024-11-29,52,bag 100g,700,0.75,36400,38.93,2025-09-25,Concrete,Spring
B03106,P091,Dulce de leche cookies bag 100g,Candy,Primary,S017,Molina Artisan Sweets,2025-01-09,47,bag 100g,700,0.75,32900,35.19,2025-11-05,Concrete,Summer
B03107,P091,Dulce de leche cookies bag 100g,Candy,Primary,S017,Molina Artisan Sweets,2025-02-12,60,bag 100g,700,0.75,42000,44.92,2025-12-09,Concrete,Summer
B03108,P091,Dulce de leche cookies bag 100g,Candy,Primary,S017,Molina Artisan Sweets,2025-03-05,61,bag 100g,700,0.75,42700,45.67,2025-12-30,Concrete,Autumn
B03109,P091,Dulce de leche cookies bag 100g,Candy,Primary,S017,Molina Artisan Sweets,2025-04-14,48,bag 100g,700,0.75,33600,35.94,2026-02-08,Concrete,Autumn
B03110,P091,Dulce de leche cookies bag 100g,Candy,Primary,S017,Molina Artisan Sweets,2025-05-11,60,bag 100g,700,0.75,42000,44.92,2026-03-07,Concrete,Autumn
B03111,P091,Dulce de leche cookies bag 100g,Candy,Primary,S017,Molina Artisan Sweets,2025-06-07,62,bag 100g,700,0.75,43400,46.42,2026-04-03,Concrete,Winter
B03112,P092,Golden raisins,Raisins,Primary,S019,San Fernando Dried Goods,2023-07-13,25,kg,5350,5.72,133750,143.05,2024-05-08,Concrete,Winter
B03113,P092,Golden raisins,Raisins,Primary,S019,San Fernando Dried Goods,2023-08-12,24,kg,5350,5.72,128400,137.33,2024-06-07,Concrete,Winter
B03114,P092,Golden raisins,Raisins,Primary,S019,San Fernando Dried Goods,2023-09-22,29,kg,5350,5.72,155150,165.94,2024-07-18,Concrete,Spring
B03115,P092,Golden raisins,Raisins,Primary,S019,San Fernando Dried Goods,2023-10-23,9,kg,5350,5.72,48150,51.5,2024-08-18,Concrete,Spring
B03116,P092,Golden raisins,Raisins,Primary,S019,San Fernando Dried Goods,2023-11-25,9,kg,5350,5.72,48150,51.5,2024-09-20,Concrete,Spring
B03117,P092,Golden raisins,Raisins,Backup,S020,Deshidratados Elqui,2023-12-21,12,kg,5550,5.94,66600,71.23,2024-10-16,Concrete,Summer
B03118,P092,Golden raisins,Raisins,Backup,S020,Deshidratados Elqui,2024-02-02,9,kg,5550,5.94,49950,53.42,2024-11-28,Concrete,Summer
B03119,P092,Golden raisins,Raisins,Primary,S019,San Fernando Dried Goods,2024-03-04,9,kg,5350,5.72,48150,51.5,2024-12-29,Concrete,Autumn
B03120,P092,Golden raisins,Raisins,Primary,S019,San Fernando Dried Goods,2024-04-02,26,kg,5350,5.72,139100,148.77,2025-01-27,Concrete,Autumn
B03121,P092,Golden raisins,Raisins,Primary,S019,San Fernando Dried Goods,2024-05-09,27,kg,5350,5.72,144450,154.49,2025-03-05,Concrete,Autumn
B03122,P092,Golden raisins,Raisins,Primary,S019,San Fernando Dried Goods,2024-06-08,22,kg,5350,5.72,117700,125.88,2025-04-04,Concrete,Winter
B03123,P092,Golden raisins,Raisins,Primary,S019,San Fernando Dried Goods,2024-07-16,21,kg,5350,5.72,112350,120.16,2025-05-12,Concrete,Winter
B03124,P092,Golden raisins,Raisins,Primary,S019,San Fernando Dried Goods,2024-08-24,21,kg,5350,5.72,112350,120.16,2025-06-20,Concrete,Winter
B03125,P092,Golden raisins,Raisins,Primary,S019,San Fernando Dried Goods,2024-10-01,9,kg,5350,5.72,48150,51.5,2025-07-28,Concrete,Spring
B03126,P092,Golden raisins,Raisins,Backup,S020,Deshidratados Elqui,2024-10-28,9,kg,5550,5.94,49950,53.42,2025-08-24,Concrete,Spring
B03127,P092,Golden raisins,Raisins,Primary,S019,San Fernando Dried Goods,2024-12-07,12,kg,5350,5.72,64200,68.66,2025-10-03,Concrete,Summer
B03128,P092,Golden raisins,Raisins,Primary,S019,San Fernando Dried Goods,2025-01-14,10,kg,5350,5.72,53500,57.22,2025-11-10,Concrete,Summer
B03129,P092,Golden raisins,Raisins,Primary,S019,San Fernando Dried Goods,2025-02-20,9,kg,5350,5.72,48150,51.5,2025-12-17,Concrete,Summer
B03130,P092,Golden raisins,Raisins,Primary,S019,San Fernando Dried Goods,2025-03-21,9,kg,5350,5.72,48150,51.5,2026-01-15,Concrete,Autumn
B03131,P092,Golden raisins,Raisins,Primary,S019,San Fernando Dried Goods,2025-04-25,28,kg,5350,5.72,149800,160.21,2026-02-19,Concrete,Autumn
B03132,P092,Golden raisins,Raisins,Primary,S019,San Fernando Dried Goods,2025-05-25,30,kg,5350,5.72,160500,171.66,2026-03-21,Concrete,Autumn
B03133,P092,Golden raisins,Raisins,Primary,S019,San Fernando Dried Goods,2025-06-27,27,kg,5350,5.72,144450,154.49,2026-04-23,Concrete,Winter
B03134,P093,Brown raisins,Raisins,Primary,S019,San Fernando Dried Goods,2023-07-10,24,kg,5150,5.51,123600,132.19,2024-05-05,Concrete,Winter
B03135,P093,Brown raisins,Raisins,Primary,S019,San Fernando Dried Goods,2023-08-20,24,kg,5150,5.51,123600,132.19,2024-06-15,Concrete,Winter
B03136,P093,Brown raisins,Raisins,Primary,S019,San Fernando Dried Goods,2023-09-25,29,kg,5150,5.51,149350,159.73,2024-07-21,Concrete,Spring
B03137,P093,Brown raisins,Raisins,Primary,S019,San Fernando Dried Goods,2023-11-12,9,kg,5150,5.51,46350,49.57,2024-09-07,Concrete,Spring
B03138,P093,Brown raisins,Raisins,Primary,S019,San Fernando Dried Goods,2023-12-13,13,kg,5150,5.51,66950,71.6,2024-10-08,Concrete,Summer
B03139,P093,Brown raisins,Raisins,Primary,S019,San Fernando Dried Goods,2024-01-24,9,kg,5150,5.51,46350,49.57,2024-11-19,Concrete,Summer
B03140,P093,Brown raisins,Raisins,Primary,S019,San Fernando Dried Goods,2024-02-24,9,kg,5150,5.51,46350,49.57,2024-12-20,Concrete,Summer
B03141,P093,Brown raisins,Raisins,Backup,S020,Deshidratados Elqui,2024-03-23,8,kg,5100,5.45,40800,43.64,2025-01-17,Concrete,Autumn
B03142,P093,Brown raisins,Raisins,Backup,S020,Deshidratados Elqui,2024-04-25,23,kg,5100,5.45,117300,125.45,2025-02-19,Concrete,Autumn
B03143,P093,Brown raisins,Raisins,Backup,S020,Deshidratados Elqui,2024-05-30,22,kg,5100,5.45,112200,120.0,2025-03-26,Concrete,Autumn
B03144,P093,Brown raisins,Raisins,Backup,S020,Deshidratados Elqui,2024-07-11,24,kg,5100,5.45,122400,130.91,2025-05-07,Concrete,Winter
B03145,P093,Brown raisins,Raisins,Primary,S019,San Fernando Dried Goods,2024-08-11,26,kg,5150,5.51,133900,143.21,2025-06-07,Concrete,Winter
B03146,P093,Brown raisins,Raisins,Primary,S019,San Fernando Dried Goods,2024-09-16,30,kg,5150,5.51,154500,165.24,2025-07-13,Concrete,Spring
B03147,P093,Brown raisins,Raisins,Backup,S020,Deshidratados Elqui,2024-10-21,8,kg,5100,5.45,40800,43.64,2025-08-17,Concrete,Spring
B03148,P093,Brown raisins,Raisins,Primary,S019,San Fernando Dried Goods,2024-11-21,9,kg,5150,5.51,46350,49.57,2025-09-17,Concrete,Spring
B03149,P093,Brown raisins,Raisins,Primary,S019,San Fernando Dried Goods,2024-12-20,11,kg,5150,5.51,56650,60.59,2025-10-16,Concrete,Summer
B03150,P093,Brown raisins,Raisins,Primary,S019,San Fernando Dried Goods,2025-01-19,9,kg,5150,5.51,46350,49.57,2025-11-15,Concrete,Summer
B03151,P093,Brown raisins,Raisins,Primary,S019,San Fernando Dried Goods,2025-03-01,8,kg,5150,5.51,41200,44.06,2025-12-26,Concrete,Autumn
B03152,P093,Brown raisins,Raisins,Primary,S019,San Fernando Dried Goods,2025-04-05,27,kg,5150,5.51,139050,148.72,2026-01-30,Concrete,Autumn
B03153,P093,Brown raisins,Raisins,Primary,S019,San Fernando Dried Goods,2025-05-05,29,kg,5150,5.51,149350,159.73,2026-03-01,Concrete,Autumn
B03154,P093,Brown raisins,Raisins,Backup,S020,Deshidratados Elqui,2025-06-12,26,kg,5100,5.45,132600,141.82,2026-04-08,Concrete,Winter
B03155,P094,Jumbo raisins,Raisins,Backup,S020,Deshidratados Elqui,2023-07-19,26,kg,6000,6.42,156000,166.84,2024-05-14,Concrete,Winter
B03156,P094,Jumbo raisins,Raisins,Primary,S019,San Fernando Dried Goods,2023-08-26,26,kg,6000,6.42,156000,166.84,2024-06-21,Concrete,Winter
B03157,P094,Jumbo raisins,Raisins,Primary,S019,San Fernando Dried Goods,2023-09-25,31,kg,6000,6.42,186000,198.93,2024-07-21,Concrete,Spring
B03158,P094,Jumbo raisins,Raisins,Primary,S019,San Fernando Dried Goods,2023-10-22,9,kg,6000,6.42,54000,57.75,2024-08-17,Concrete,Spring
B03159,P094,Jumbo raisins,Raisins,Primary,S019,San Fernando Dried Goods,2023-11-26,10,kg,6000,6.42,60000,64.17,2024-09-21,Concrete,Spring
B03160,P094,Jumbo raisins,Raisins,Primary,S019,San Fernando Dried Goods,2023-12-26,13,kg,6000,6.42,78000,83.42,2024-10-21,Concrete,Summer
B03161,P094,Jumbo raisins,Raisins,Primary,S019,San Fernando Dried Goods,2024-01-27,9,kg,6000,6.42,54000,57.75,2024-11-22,Concrete,Summer
B03162,P094,Jumbo raisins,Raisins,Primary,S019,San Fernando Dried Goods,2024-02-29,9,kg,6000,6.42,54000,57.75,2024-12-25,Concrete,Summer
B03163,P094,Jumbo raisins,Raisins,Backup,S020,Deshidratados Elqui,2024-04-02,26,kg,6000,6.42,156000,166.84,2025-01-27,Concrete,Autumn
B03164,P094,Jumbo raisins,Raisins,Backup,S020,Deshidratados Elqui,2024-04-28,26,kg,6000,6.42,156000,166.84,2025-02-22,Concrete,Autumn
B03165,P094,Jumbo raisins,Raisins,Primary,S019,San Fernando Dried Goods,2024-05-27,23,kg,6000,6.42,138000,147.59,2025-03-23,Concrete,Autumn
B03166,P094,Jumbo raisins,Raisins,Primary,S019,San Fernando Dried Goods,2024-07-07,27,kg,6000,6.42,162000,173.26,2025-05-03,Concrete,Winter
B03167,P094,Jumbo raisins,Raisins,Primary,S019,San Fernando Dried Goods,2024-08-12,24,kg,6000,6.42,144000,154.01,2025-06-08,Concrete,Winter
B03168,P094,Jumbo raisins,Raisins,Primary,S019,San Fernando Dried Goods,2024-09-11,28,kg,6000,6.42,168000,179.68,2025-07-08,Concrete,Spring
B03169,P094,Jumbo raisins,Raisins,Primary,S019,San Fernando Dried Goods,2024-10-11,8,kg,6000,6.42,48000,51.34,2025-08-07,Concrete,Spring
B03170,P094,Jumbo raisins,Raisins,Primary,S019,San Fernando Dried Goods,2024-11-15,8,kg,6000,6.42,48000,51.34,2025-09-11,Concrete,Spring
B03171,P094,Jumbo raisins,Raisins,Primary,S019,San Fernando Dried Goods,2024-12-13,12,kg,6000,6.42,72000,77.01,2025-10-09,Concrete,Summer
B03172,P094,Jumbo raisins,Raisins,Primary,S019,San Fernando Dried Goods,2025-01-13,9,kg,6000,6.42,54000,57.75,2025-11-09,Concrete,Summer
B03173,P094,Jumbo raisins,Raisins,Primary,S019,San Fernando Dried Goods,2025-02-12,11,kg,6000,6.42,66000,70.59,2025-12-09,Concrete,Summer
B03174,P094,Jumbo raisins,Raisins,Primary,S019,San Fernando Dried Goods,2025-03-19,11,kg,6000,6.42,66000,70.59,2026-01-13,Concrete,Autumn
B03175,P094,Jumbo raisins,Raisins,Primary,S019,San Fernando Dried Goods,2025-04-28,27,kg,6000,6.42,162000,173.26,2026-02-22,Concrete,Autumn
B03176,P094,Jumbo raisins,Raisins,Primary,S019,San Fernando Dried Goods,2025-06-07,24,kg,6000,6.42,144000,154.01,2026-04-03,Concrete,Winter
B03177,P095,Dried prunes (with pit),Dried Fruit,Backup,S020,Deshidratados Elqui,2023-07-24,24,kg,3350,3.58,80400,85.99,2024-05-19,Concrete,Winter
B03178,P095,Dried prunes (with pit),Dried Fruit,Primary,S019,San Fernando Dried Goods,2023-08-31,22,kg,3400,3.64,74800,80.0,2024-06-26,Concrete,Winter
B03179,P095,Dried prunes (with pit),Dried Fruit,Primary,S019,San Fernando Dried Goods,2023-10-03,9,kg,3400,3.64,30600,32.73,2024-07-29,Concrete,Spring
B03180,P095,Dried prunes (with pit),Dried Fruit,Primary,S019,San Fernando Dried Goods,2023-11-09,9,kg,3400,3.64,30600,32.73,2024-09-04,Concrete,Spring
B03181,P095,Dried prunes (with pit),Dried Fruit,Primary,S019,San Fernando Dried Goods,2023-12-13,13,kg,3400,3.64,44200,47.27,2024-10-08,Concrete,Summer
B03182,P095,Dried prunes (with pit),Dried Fruit,Primary,S019,San Fernando Dried Goods,2024-01-21,9,kg,3400,3.64,30600,32.73,2024-11-16,Concrete,Summer
B03183,P095,Dried prunes (with pit),Dried Fruit,Primary,S019,San Fernando Dried Goods,2024-02-25,10,kg,3400,3.64,34000,36.36,2024-12-21,Concrete,Summer
B03184,P095,Dried prunes (with pit),Dried Fruit,Primary,S019,San Fernando Dried Goods,2024-04-03,25,kg,3400,3.64,85000,90.91,2025-01-28,Concrete,Autumn
B03185,P095,Dried prunes (with pit),Dried Fruit,Primary,S019,San Fernando Dried Goods,2024-05-11,21,kg,3400,3.64,71400,76.36,2025-03-07,Concrete,Autumn
B03186,P095,Dried prunes (with pit),Dried Fruit,Primary,S019,San Fernando Dried Goods,2024-06-20,23,kg,3400,3.64,78200,83.64,2025-04-16,Concrete,Winter
B03187,P095,Dried prunes (with pit),Dried Fruit,Primary,S019,San Fernando Dried Goods,2024-07-20,24,kg,3400,3.64,81600,87.27,2025-05-16,Concrete,Winter
B03188,P095,Dried prunes (with pit),Dried Fruit,Primary,S019,San Fernando Dried Goods,2024-08-25,24,kg,3400,3.64,81600,87.27,2025-06-21,Concrete,Winter
B03189,P095,Dried prunes (with pit),Dried Fruit,Primary,S019,San Fernando Dried Goods,2024-09-29,30,kg,3400,3.64,102000,109.09,2025-07-26,Concrete,Spring
B03190,P095,Dried prunes (with pit),Dried Fruit,Primary,S019,San Fernando Dried Goods,2024-11-02,10,kg,3400,3.64,34000,36.36,2025-08-29,Concrete,Spring
B03191,P095,Dried prunes (with pit),Dried Fruit,Primary,S019,San Fernando Dried Goods,2024-11-24,9,kg,3400,3.64,30600,32.73,2025-09-20,Concrete,Spring
B03192,P095,Dried prunes (with pit),Dried Fruit,Backup,S020,Deshidratados Elqui,2024-12-24,11,kg,3350,3.58,36850,39.41,2025-10-20,Concrete,Summer
B03193,P095,Dried prunes (with pit),Dried Fruit,Primary,S019,San Fernando Dried Goods,2025-01-29,10,kg,3400,3.64,34000,36.36,2025-11-25,Concrete,Summer
B03194,P095,Dried prunes (with pit),Dried Fruit,Primary,S019,San Fernando Dried Goods,2025-03-04,10,kg,3400,3.64,34000,36.36,2025-12-29,Concrete,Autumn
B03195,P095,Dried prunes (with pit),Dried Fruit,Primary,S019,San Fernando Dried Goods,2025-04-06,28,kg,3400,3.64,95200,101.82,2026-01-31,Concrete,Autumn
B03196,P095,Dried prunes (with pit),Dried Fruit,Primary,S019,San Fernando Dried Goods,2025-05-14,26,kg,3400,3.64,88400,94.55,2026-03-10,Concrete,Autumn
B03197,P095,Dried prunes (with pit),Dried Fruit,Primary,S019,San Fernando Dried Goods,2025-06-20,24,kg,3400,3.64,81600,87.27,2026-04-16,Concrete,Winter
B03198,P096,Pitted prunes,Dried Fruit,Primary,S019,San Fernando Dried Goods,2023-07-23,25,kg,4150,4.44,103750,110.96,2024-05-18,Concrete,Winter
B03199,P096,Pitted prunes,Dried Fruit,Primary,S019,San Fernando Dried Goods,2023-08-28,25,kg,4150,4.44,103750,110.96,2024-06-23,Concrete,Winter
B03200,P096,Pitted prunes,Dried Fruit,Primary,S019,San Fernando Dried Goods,2023-09-25,31,kg,4150,4.44,128650,137.59,2024-07-21,Concrete,Spring
B03201,P096,Pitted prunes,Dried Fruit,Primary,S019,San Fernando Dried Goods,2023-10-30,8,kg,4150,4.44,33200,35.51,2024-08-25,Concrete,Spring
B03202,P096,Pitted prunes,Dried Fruit,Primary,S019,San Fernando Dried Goods,2023-12-08,13,kg,4150,4.44,53950,57.7,2024-10-03,Concrete,Summer
B03203,P096,Pitted prunes,Dried Fruit,Primary,S019,San Fernando Dried Goods,2024-01-18,10,kg,4150,4.44,41500,44.39,2024-11-13,Concrete,Summer
B03204,P096,Pitted prunes,Dried Fruit,Primary,S019,San Fernando Dried Goods,2024-02-15,8,kg,4150,4.44,33200,35.51,2024-12-11,Concrete,Summer
B03205,P096,Pitted prunes,Dried Fruit,Backup,S020,Deshidratados Elqui,2024-03-16,8,kg,4250,4.55,34000,36.36,2025-01-10,Concrete,Autumn
B03206,P096,Pitted prunes,Dried Fruit,Primary,S019,San Fernando Dried Goods,2024-04-22,24,kg,4150,4.44,99600,106.52,2025-02-16,Concrete,Autumn
B03207,P096,Pitted prunes,Dried Fruit,Primary,S019,San Fernando Dried Goods,2024-05-24,23,kg,4150,4.44,95450,102.09,2025-03-20,Concrete,Autumn
B03208,P096,Pitted prunes,Dried Fruit,Backup,S020,Deshidratados Elqui,2024-06-19,24,kg,4250,4.55,102000,109.09,2025-04-15,Concrete,Winter
B03209,P096,Pitted prunes,Dried Fruit,Primary,S019,San Fernando Dried Goods,2024-07-10,23,kg,4150,4.44,95450,102.09,2025-05-06,Concrete,Winter
B03210,P096,Pitted prunes,Dried Fruit,Primary,S019,San Fernando Dried Goods,2024-08-13,25,kg,4150,4.44,103750,110.96,2025-06-09,Concrete,Winter
B03211,P096,Pitted prunes,Dried Fruit,Primary,S019,San Fernando Dried Goods,2024-09-17,30,kg,4150,4.44,124500,133.16,2025-07-14,Concrete,Spring
B03212,P096,Pitted prunes,Dried Fruit,Primary,S019,San Fernando Dried Goods,2024-10-19,8,kg,4150,4.44,33200,35.51,2025-08-15,Concrete,Spring
B03213,P096,Pitted prunes,Dried Fruit,Primary,S019,San Fernando Dried Goods,2024-11-28,10,kg,4150,4.44,41500,44.39,2025-09-24,Concrete,Spring
B03214,P096,Pitted prunes,Dried Fruit,Primary,S019,San Fernando Dried Goods,2024-12-29,12,kg,4150,4.44,49800,53.26,2025-10-25,Concrete,Summer
B03215,P096,Pitted prunes,Dried Fruit,Primary,S019,San Fernando Dried Goods,2025-02-04,9,kg,4150,4.44,37350,39.95,2025-12-01,Concrete,Summer
B03216,P096,Pitted prunes,Dried Fruit,Primary,S019,San Fernando Dried Goods,2025-03-20,10,kg,4150,4.44,41500,44.39,2026-01-14,Concrete,Autumn
B03217,P096,Pitted prunes,Dried Fruit,Primary,S019,San Fernando Dried Goods,2025-04-12,25,kg,4150,4.44,103750,110.96,2026-02-06,Concrete,Autumn
B03218,P096,Pitted prunes,Dried Fruit,Primary,S019,San Fernando Dried Goods,2025-05-19,22,kg,4150,4.44,91300,97.65,2026-03-15,Concrete,Autumn
B03219,P096,Pitted prunes,Dried Fruit,Primary,S019,San Fernando Dried Goods,2025-06-17,28,kg,4150,4.44,116200,124.28,2026-04-13,Concrete,Winter
B03220,P097,"Dried peaches (huesillos), large",Dried Fruit,Primary,S019,San Fernando Dried Goods,2023-07-19,25,kg,4200,4.49,105000,112.3,2024-05-14,Concrete,Winter
B03221,P097,"Dried peaches (huesillos), large",Dried Fruit,Primary,S019,San Fernando Dried Goods,2023-08-17,23,kg,4200,4.49,96600,103.32,2024-06-12,Concrete,Winter
B03222,P097,"Dried peaches (huesillos), large",Dried Fruit,Backup,S020,Deshidratados Elqui,2023-09-26,33,kg,4600,4.92,151800,162.35,2024-07-22,Concrete,Spring
B03223,P097,"Dried peaches (huesillos), large",Dried Fruit,Primary,S019,San Fernando Dried Goods,2023-10-28,9,kg,4200,4.49,37800,40.43,2024-08-23,Concrete,Spring
B03224,P097,"Dried peaches (huesillos), large",Dried Fruit,Primary,S019,San Fernando Dried Goods,2023-12-02,11,kg,4200,4.49,46200,49.41,2024-09-27,Concrete,Summer
B03225,P097,"Dried peaches (huesillos), large",Dried Fruit,Primary,S019,San Fernando Dried Goods,2024-01-12,9,kg,4200,4.49,37800,40.43,2024-11-07,Concrete,Summer
B03226,P097,"Dried peaches (huesillos), large",Dried Fruit,Primary,S019,San Fernando Dried Goods,2024-02-12,8,kg,4200,4.49,33600,35.94,2024-12-08,Concrete,Summer
B03227,P097,"Dried peaches (huesillos), large",Dried Fruit,Primary,S019,San Fernando Dried Goods,2024-03-22,8,kg,4200,4.49,33600,35.94,2025-01-16,Concrete,Autumn
B03228,P097,"Dried peaches (huesillos), large",Dried Fruit,Primary,S019,San Fernando Dried Goods,2024-04-26,24,kg,4200,4.49,100800,107.81,2025-02-20,Concrete,Autumn
B03229,P097,"Dried peaches (huesillos), large",Dried Fruit,Primary,S019,San Fernando Dried Goods,2024-05-28,22,kg,4200,4.49,92400,98.82,2025-03-24,Concrete,Autumn
B03230,P097,"Dried peaches (huesillos), large",Dried Fruit,Primary,S019,San Fernando Dried Goods,2024-06-29,27,kg,4200,4.49,113400,121.28,2025-04-25,Concrete,Winter
B03231,P097,"Dried peaches (huesillos), large",Dried Fruit,Primary,S019,San Fernando Dried Goods,2024-07-30,24,kg,4200,4.49,100800,107.81,2025-05-26,Concrete,Winter
B03232,P097,"Dried peaches (huesillos), large",Dried Fruit,Primary,S019,San Fernando Dried Goods,2024-09-01,33,kg,4200,4.49,138600,148.24,2025-06-28,Concrete,Spring
B03233,P097,"Dried peaches (huesillos), large",Dried Fruit,Primary,S019,San Fernando Dried Goods,2024-10-06,9,kg,4200,4.49,37800,40.43,2025-08-02,Concrete,Spring
B03234,P097,"Dried peaches (huesillos), large",Dried Fruit,Backup,S020,Deshidratados Elqui,2024-11-08,9,kg,4600,4.92,41400,44.28,2025-09-04,Concrete,Spring
B03235,P097,"Dried peaches (huesillos), large",Dried Fruit,Primary,S019,San Fernando Dried Goods,2024-12-23,12,kg,4200,4.49,50400,53.9,2025-10-19,Concrete,Summer
B03236,P097,"Dried peaches (huesillos), large",Dried Fruit,Backup,S020,Deshidratados Elqui,2025-01-29,9,kg,4600,4.92,41400,44.28,2025-11-25,Concrete,Summer
B03237,P097,"Dried peaches (huesillos), large",Dried Fruit,Primary,S019,San Fernando Dried Goods,2025-03-05,9,kg,4200,4.49,37800,40.43,2025-12-30,Concrete,Autumn
B03238,P097,"Dried peaches (huesillos), large",Dried Fruit,Primary,S019,San Fernando Dried Goods,2025-04-05,26,kg,4200,4.49,109200,116.79,2026-01-30,Concrete,Autumn
B03239,P097,"Dried peaches (huesillos), large",Dried Fruit,Primary,S019,San Fernando Dried Goods,2025-05-19,24,kg,4200,4.49,100800,107.81,2026-03-15,Concrete,Autumn
B03240,P097,"Dried peaches (huesillos), large",Dried Fruit,Primary,S019,San Fernando Dried Goods,2025-06-19,25,kg,4200,4.49,105000,112.3,2026-04-15,Concrete,Winter
B03241,P098,"Dried peaches (huesillos), medium",Dried Fruit,Backup,S020,Deshidratados Elqui,2023-07-07,24,kg,3750,4.01,90000,96.26,2024-05-02,Concrete,Winter
B03242,P098,"Dried peaches (huesillos), medium",Dried Fruit,Backup,S020,Deshidratados Elqui,2023-08-20,22,kg,3750,4.01,82500,88.24,2024-06-15,Concrete,Winter
B03243,P098,"Dried peaches (huesillos), medium",Dried Fruit,Backup,S020,Deshidratados Elqui,2023-09-16,30,kg,3750,4.01,112500,120.32,2024-07-12,Concrete,Spring
B03244,P098,"Dried peaches (huesillos), medium",Dried Fruit,Primary,S019,San Fernando Dried Goods,2023-10-27,10,kg,3600,3.85,36000,38.5,2024-08-22,Concrete,Spring
B03245,P098,"Dried peaches (huesillos), medium",Dried Fruit,Backup,S020,Deshidratados Elqui,2023-12-02,10,kg,3750,4.01,37500,40.11,2024-09-27,Concrete,Summer
B03246,P098,"Dried peaches (huesillos), medium",Dried Fruit,Primary,S019,San Fernando Dried Goods,2024-01-10,8,kg,3600,3.85,28800,30.8,2024-11-05,Concrete,Summer
B03247,P098,"Dried peaches (huesillos), medium",Dried Fruit,Primary,S019,San Fernando Dried Goods,2024-02-19,10,kg,3600,3.85,36000,38.5,2024-12-15,Concrete,Summer
B03248,P098,"Dried peaches (huesillos), medium",Dried Fruit,Primary,S019,San Fernando Dried Goods,2024-03-24,10,kg,3600,3.85,36000,38.5,2025-01-18,Concrete,Autumn
B03249,P098,"Dried peaches (huesillos), medium",Dried Fruit,Primary,S019,San Fernando Dried Goods,2024-04-22,27,kg,3600,3.85,97200,103.96,2025-02-16,Concrete,Autumn
B03250,P098,"Dried peaches (huesillos), medium",Dried Fruit,Primary,S019,San Fernando Dried Goods,2024-05-29,21,kg,3600,3.85,75600,80.86,2025-03-25,Concrete,Autumn
B03251,P098,"Dried peaches (huesillos), medium",Dried Fruit,Backup,S020,Deshidratados Elqui,2024-07-10,27,kg,3750,4.01,101250,108.29,2025-05-06,Concrete,Winter
B03252,P098,"Dried peaches (huesillos), medium",Dried Fruit,Primary,S019,San Fernando Dried Goods,2024-08-10,21,kg,3600,3.85,75600,80.86,2025-06-06,Concrete,Winter
B03253,P098,"Dried peaches (huesillos), medium",Dried Fruit,Primary,S019,San Fernando Dried Goods,2024-09-08,30,kg,3600,3.85,108000,115.51,2025-07-05,Concrete,Spring
B03254,P098,"Dried peaches (huesillos), medium",Dried Fruit,Primary,S019,San Fernando Dried Goods,2024-10-10,8,kg,3600,3.85,28800,30.8,2025-08-06,Concrete,Spring
B03255,P098,"Dried peaches (huesillos), medium",Dried Fruit,Primary,S019,San Fernando Dried Goods,2024-11-25,9,kg,3600,3.85,32400,34.65,2025-09-21,Concrete,Spring
B03256,P098,"Dried peaches (huesillos), medium",Dried Fruit,Primary,S019,San Fernando Dried Goods,2024-12-28,11,kg,3600,3.85,39600,42.35,2025-10-24,Concrete,Summer
B03257,P098,"Dried peaches (huesillos), medium",Dried Fruit,Primary,S019,San Fernando Dried Goods,2025-01-29,9,kg,3600,3.85,32400,34.65,2025-11-25,Concrete,Summer
B03258,P098,"Dried peaches (huesillos), medium",Dried Fruit,Primary,S019,San Fernando Dried Goods,2025-03-08,9,kg,3600,3.85,32400,34.65,2026-01-02,Concrete,Autumn
B03259,P098,"Dried peaches (huesillos), medium",Dried Fruit,Backup,S020,Deshidratados Elqui,2025-04-20,26,kg,3750,4.01,97500,104.28,2026-02-14,Concrete,Autumn
B03260,P098,"Dried peaches (huesillos), medium",Dried Fruit,Primary,S019,San Fernando Dried Goods,2025-05-24,27,kg,3600,3.85,97200,103.96,2026-03-20,Concrete,Autumn
B03261,P098,"Dried peaches (huesillos), medium",Dried Fruit,Primary,S019,San Fernando Dried Goods,2025-06-29,28,kg,3600,3.85,100800,107.81,2026-04-25,Concrete,Winter
B03262,P099,Dried apricots,Dried Fruit,Primary,S019,San Fernando Dried Goods,2023-07-02,23,kg,5000,5.35,115000,122.99,2024-04-27,Concrete,Winter
B03263,P099,Dried apricots,Dried Fruit,Primary,S019,San Fernando Dried Goods,2023-08-03,24,kg,5000,5.35,120000,128.34,2024-05-29,Concrete,Winter
B03264,P099,Dried apricots,Dried Fruit,Primary,S019,San Fernando Dried Goods,2023-09-13,34,kg,5000,5.35,170000,181.82,2024-07-09,Concrete,Spring
B03265,P099,Dried apricots,Dried Fruit,Primary,S019,San Fernando Dried Goods,2023-10-19,9,kg,5000,5.35,45000,48.13,2024-08-14,Concrete,Spring
B03266,P099,Dried apricots,Dried Fruit,Primary,S019,San Fernando Dried Goods,2023-11-24,8,kg,5000,5.35,40000,42.78,2024-09-19,Concrete,Spring
B03267,P099,Dried apricots,Dried Fruit,Primary,S019,San Fernando Dried Goods,2023-12-26,10,kg,5000,5.35,50000,53.48,2024-10-21,Concrete,Summer
B03268,P099,Dried apricots,Dried Fruit,Primary,S019,San Fernando Dried Goods,2024-01-20,9,kg,5000,5.35,45000,48.13,2024-11-15,Concrete,Summer
B03269,P099,Dried apricots,Dried Fruit,Primary,S019,San Fernando Dried Goods,2024-02-29,8,kg,5000,5.35,40000,42.78,2024-12-25,Concrete,Summer
B03270,P099,Dried apricots,Dried Fruit,Primary,S019,San Fernando Dried Goods,2024-04-08,21,kg,5000,5.35,105000,112.3,2025-02-02,Concrete,Autumn
B03271,P099,Dried apricots,Dried Fruit,Primary,S019,San Fernando Dried Goods,2024-05-14,25,kg,5000,5.35,125000,133.69,2025-03-10,Concrete,Autumn
B03272,P099,Dried apricots,Dried Fruit,Primary,S019,San Fernando Dried Goods,2024-06-17,27,kg,5000,5.35,135000,144.39,2025-04-13,Concrete,Winter
B03273,P099,Dried apricots,Dried Fruit,Primary,S019,San Fernando Dried Goods,2024-07-23,23,kg,5000,5.35,115000,122.99,2025-05-19,Concrete,Winter
B03274,P099,Dried apricots,Dried Fruit,Backup,S020,Deshidratados Elqui,2024-08-24,25,kg,5050,5.4,126250,135.03,2025-06-20,Concrete,Winter
B03275,P099,Dried apricots,Dried Fruit,Primary,S019,San Fernando Dried Goods,2024-09-30,31,kg,5000,5.35,155000,165.78,2025-07-27,Concrete,Spring
B03276,P099,Dried apricots,Dried Fruit,Primary,S019,San Fernando Dried Goods,2024-11-07,9,kg,5000,5.35,45000,48.13,2025-09-03,Concrete,Spring
B03277,P099,Dried apricots,Dried Fruit,Primary,S019,San Fernando Dried Goods,2024-12-06,12,kg,5000,5.35,60000,64.17,2025-10-02,Concrete,Summer
B03278,P099,Dried apricots,Dried Fruit,Primary,S019,San Fernando Dried Goods,2025-01-06,8,kg,5000,5.35,40000,42.78,2025-11-02,Concrete,Summer
B03279,P099,Dried apricots,Dried Fruit,Primary,S019,San Fernando Dried Goods,2025-02-09,10,kg,5000,5.35,50000,53.48,2025-12-06,Concrete,Summer
B03280,P099,Dried apricots,Dried Fruit,Primary,S019,San Fernando Dried Goods,2025-03-22,9,kg,5000,5.35,45000,48.13,2026-01-16,Concrete,Autumn
B03281,P099,Dried apricots,Dried Fruit,Primary,S019,San Fernando Dried Goods,2025-04-28,28,kg,5000,5.35,140000,149.73,2026-02-22,Concrete,Autumn
B03282,P099,Dried apricots,Dried Fruit,Primary,S019,San Fernando Dried Goods,2025-05-30,23,kg,5000,5.35,115000,122.99,2026-03-26,Concrete,Autumn
B03283,P099,Dried apricots,Dried Fruit,Primary,S019,San Fernando Dried Goods,2025-06-27,23,kg,5000,5.35,115000,122.99,2026-04-23,Concrete,Winter
B03284,P100,Dried figs,Dried Fruit,Primary,S019,San Fernando Dried Goods,2023-07-14,24,kg,4500,4.81,108000,115.51,2024-05-09,Concrete,Winter
B03285,P100,Dried figs,Dried Fruit,Primary,S019,San Fernando Dried Goods,2023-08-13,26,kg,4500,4.81,117000,125.13,2024-06-08,Concrete,Winter
B03286,P100,Dried figs,Dried Fruit,Primary,S019,San Fernando Dried Goods,2023-09-20,33,kg,4500,4.81,148500,158.82,2024-07-16,Concrete,Spring
B03287,P100,Dried figs,Dried Fruit,Primary,S019,San Fernando Dried Goods,2023-10-29,9,kg,4500,4.81,40500,43.32,2024-08-24,Concrete,Spring
B03288,P100,Dried figs,Dried Fruit,Primary,S019,San Fernando Dried Goods,2023-12-05,11,kg,4500,4.81,49500,52.94,2024-09-30,Concrete,Summer
B03289,P100,Dried figs,Dried Fruit,Primary,S019,San Fernando Dried Goods,2024-01-16,10,kg,4500,4.81,45000,48.13,2024-11-11,Concrete,Summer
B03290,P100,Dried figs,Dried Fruit,Primary,S019,San Fernando Dried Goods,2024-02-18,8,kg,4500,4.81,36000,38.5,2024-12-14,Concrete,Summer
B03291,P100,Dried figs,Dried Fruit,Primary,S019,San Fernando Dried Goods,2024-03-18,9,kg,4500,4.81,40500,43.32,2025-01-12,Concrete,Autumn
B03292,P100,Dried figs,Dried Fruit,Backup,S020,Deshidratados Elqui,2024-04-12,24,kg,4950,5.29,118800,127.06,2025-02-06,Concrete,Autumn
B03293,P100,Dried figs,Dried Fruit,Primary,S019,San Fernando Dried Goods,2024-05-22,21,kg,4500,4.81,94500,101.07,2025-03-18,Concrete,Autumn
B03294,P100,Dried figs,Dried Fruit,Primary,S019,San Fernando Dried Goods,2024-06-29,27,kg,4500,4.81,121500,129.95,2025-04-25,Concrete,Winter
B03295,P100,Dried figs,Dried Fruit,Primary,S019,San Fernando Dried Goods,2024-07-25,27,kg,4500,4.81,121500,129.95,2025-05-21,Concrete,Winter
B03296,P100,Dried figs,Dried Fruit,Primary,S019,San Fernando Dried Goods,2024-08-22,22,kg,4500,4.81,99000,105.88,2025-06-18,Concrete,Winter
B03297,P100,Dried figs,Dried Fruit,Backup,S020,Deshidratados Elqui,2024-09-23,33,kg,4950,5.29,163350,174.71,2025-07-20,Concrete,Spring
B03298,P100,Dried figs,Dried Fruit,Primary,S019,San Fernando Dried Goods,2024-10-30,10,kg,4500,4.81,45000,48.13,2025-08-26,Concrete,Spring
B03299,P100,Dried figs,Dried Fruit,Primary,S019,San Fernando Dried Goods,2024-12-02,12,kg,4500,4.81,54000,57.75,2025-09-28,Concrete,Summer
B03300,P100,Dried figs,Dried Fruit,Primary,S019,San Fernando Dried Goods,2025-01-04,10,kg,4500,4.81,45000,48.13,2025-10-31,Concrete,Summer
B03301,P100,Dried figs,Dried Fruit,Backup,S020,Deshidratados Elqui,2025-02-05,10,kg,4950,5.29,49500,52.94,2025-12-02,Concrete,Summer
B03302,P100,Dried figs,Dried Fruit,Backup,S020,Deshidratados Elqui,2025-03-20,10,kg,4950,5.29,49500,52.94,2026-01-14,Concrete,Autumn
B03303,P100,Dried figs,Dried Fruit,Primary,S019,San Fernando Dried Goods,2025-04-22,26,kg,4500,4.81,117000,125.13,2026-02-16,Concrete,Autumn
B03304,P100,Dried figs,Dried Fruit,Primary,S019,San Fernando Dried Goods,2025-05-28,28,kg,4500,4.81,126000,134.76,2026-03-24,Concrete,Autumn
B03305,P101,Dried apple rings,Dried Fruit,Backup,S020,Deshidratados Elqui,2023-07-03,23,kg,4200,4.49,96600,103.32,2024-04-28,Concrete,Winter
B03306,P101,Dried apple rings,Dried Fruit,Primary,S019,San Fernando Dried Goods,2023-08-12,22,kg,3850,4.12,84700,90.59,2024-06-07,Concrete,Winter
B03307,P101,Dried apple rings,Dried Fruit,Primary,S019,San Fernando Dried Goods,2023-09-18,32,kg,3850,4.12,123200,131.76,2024-07-14,Concrete,Spring
B03308,P101,Dried apple rings,Dried Fruit,Primary,S019,San Fernando Dried Goods,2023-10-30,10,kg,3850,4.12,38500,41.18,2024-08-25,Concrete,Spring
B03309,P101,Dried apple rings,Dried Fruit,Primary,S019,San Fernando Dried Goods,2023-11-29,8,kg,3850,4.12,30800,32.94,2024-09-24,Concrete,Spring
B03310,P101,Dried apple rings,Dried Fruit,Primary,S019,San Fernando Dried Goods,2024-01-04,9,kg,3850,4.12,34650,37.06,2024-10-30,Concrete,Summer
B03311,P101,Dried apple rings,Dried Fruit,Primary,S019,San Fernando Dried Goods,2024-02-19,10,kg,3850,4.12,38500,41.18,2024-12-15,Concrete,Summer
B03312,P101,Dried apple rings,Dried Fruit,Primary,S019,San Fernando Dried Goods,2024-03-15,10,kg,3850,4.12,38500,41.18,2025-01-09,Concrete,Autumn
B03313,P101,Dried apple rings,Dried Fruit,Primary,S019,San Fernando Dried Goods,2024-04-23,25,kg,3850,4.12,96250,102.94,2025-02-17,Concrete,Autumn
B03314,P101,Dried apple rings,Dried Fruit,Primary,S019,San Fernando Dried Goods,2024-05-25,25,kg,3850,4.12,96250,102.94,2025-03-21,Concrete,Autumn
B03315,P101,Dried apple rings,Dried Fruit,Primary,S019,San Fernando Dried Goods,2024-06-17,27,kg,3850,4.12,103950,111.18,2025-04-13,Concrete,Winter
B03316,P101,Dried apple rings,Dried Fruit,Primary,S019,San Fernando Dried Goods,2024-07-27,27,kg,3850,4.12,103950,111.18,2025-05-23,Concrete,Winter
B03317,P101,Dried apple rings,Dried Fruit,Primary,S019,San Fernando Dried Goods,2024-09-08,29,kg,3850,4.12,111650,119.41,2025-07-05,Concrete,Spring
B03318,P101,Dried apple rings,Dried Fruit,Primary,S019,San Fernando Dried Goods,2024-10-12,9,kg,3850,4.12,34650,37.06,2025-08-08,Concrete,Spring
B03319,P101,Dried apple rings,Dried Fruit,Primary,S019,San Fernando Dried Goods,2024-11-20,9,kg,3850,4.12,34650,37.06,2025-09-16,Concrete,Spring
B03320,P101,Dried apple rings,Dried Fruit,Backup,S020,Deshidratados Elqui,2024-12-30,13,kg,4200,4.49,54600,58.4,2025-10-26,Concrete,Summer
B03321,P101,Dried apple rings,Dried Fruit,Primary,S019,San Fernando Dried Goods,2025-02-01,11,kg,3850,4.12,42350,45.29,2025-11-28,Concrete,Summer
B03322,P101,Dried apple rings,Dried Fruit,Primary,S019,San Fernando Dried Goods,2025-03-03,9,kg,3850,4.12,34650,37.06,2025-12-28,Concrete,Autumn
B03323,P101,Dried apple rings,Dried Fruit,Primary,S019,San Fernando Dried Goods,2025-04-11,27,kg,3850,4.12,103950,111.18,2026-02-05,Concrete,Autumn
B03324,P101,Dried apple rings,Dried Fruit,Backup,S020,Deshidratados Elqui,2025-05-06,28,kg,4200,4.49,117600,125.78,2026-03-02,Concrete,Autumn
B03325,P101,Dried apple rings,Dried Fruit,Backup,S020,Deshidratados Elqui,2025-06-07,25,kg,4200,4.49,105000,112.3,2026-04-03,Concrete,Winter
B03326,P102,Dried pear halves,Dried Fruit,Primary,S019,San Fernando Dried Goods,2023-07-06,26,kg,4550,4.87,118300,126.52,2024-05-01,Concrete,Winter
B03327,P102,Dried pear halves,Dried Fruit,Primary,S019,San Fernando Dried Goods,2023-08-03,25,kg,4550,4.87,113750,121.66,2024-05-29,Concrete,Winter
B03328,P102,Dried pear halves,Dried Fruit,Primary,S019,San Fernando Dried Goods,2023-09-04,31,kg,4550,4.87,141050,150.86,2024-06-30,Concrete,Spring
B03329,P102,Dried pear halves,Dried Fruit,Primary,S019,San Fernando Dried Goods,2023-10-05,9,kg,4550,4.87,40950,43.8,2024-07-31,Concrete,Spring
B03330,P102,Dried pear halves,Dried Fruit,Primary,S019,San Fernando Dried Goods,2023-11-09,10,kg,4550,4.87,45500,48.66,2024-09-04,Concrete,Spring
B03331,P102,Dried pear halves,Dried Fruit,Backup,S020,Deshidratados Elqui,2023-12-08,10,kg,4950,5.29,49500,52.94,2024-10-03,Concrete,Summer
B03332,P102,Dried pear halves,Dried Fruit,Primary,S019,San Fernando Dried Goods,2024-01-01,8,kg,4550,4.87,36400,38.93,2024-10-27,Concrete,Summer
B03333,P102,Dried pear halves,Dried Fruit,Primary,S019,San Fernando Dried Goods,2024-02-08,8,kg,4550,4.87,36400,38.93,2024-12-04,Concrete,Summer
B03334,P102,Dried pear halves,Dried Fruit,Primary,S019,San Fernando Dried Goods,2024-03-09,10,kg,4550,4.87,45500,48.66,2025-01-03,Concrete,Autumn
B03335,P102,Dried pear halves,Dried Fruit,Primary,S019,San Fernando Dried Goods,2024-04-15,27,kg,4550,4.87,122850,131.39,2025-02-09,Concrete,Autumn
B03336,P102,Dried pear halves,Dried Fruit,Primary,S019,San Fernando Dried Goods,2024-05-25,27,kg,4550,4.87,122850,131.39,2025-03-21,Concrete,Autumn
B03337,P102,Dried pear halves,Dried Fruit,Primary,S019,San Fernando Dried Goods,2024-07-03,24,kg,4550,4.87,109200,116.79,2025-04-29,Concrete,Winter
B03338,P102,Dried pear halves,Dried Fruit,Primary,S019,San Fernando Dried Goods,2024-08-09,22,kg,4550,4.87,100100,107.06,2025-06-05,Concrete,Winter
B03339,P102,Dried pear halves,Dried Fruit,Backup,S020,Deshidratados Elqui,2024-09-07,26,kg,4950,5.29,128700,137.65,2025-07-04,Concrete,Spring
B03340,P102,Dried pear halves,Dried Fruit,Primary,S019,San Fernando Dried Goods,2024-10-10,9,kg,4550,4.87,40950,43.8,2025-08-06,Concrete,Spring
B03341,P102,Dried pear halves,Dried Fruit,Primary,S019,San Fernando Dried Goods,2024-11-21,10,kg,4550,4.87,45500,48.66,2025-09-17,Concrete,Spring
B03342,P102,Dried pear halves,Dried Fruit,Primary,S019,San Fernando Dried Goods,2024-12-21,12,kg,4550,4.87,54600,58.4,2025-10-17,Concrete,Summer
B03343,P102,Dried pear halves,Dried Fruit,Primary,S019,San Fernando Dried Goods,2025-01-27,10,kg,4550,4.87,45500,48.66,2025-11-23,Concrete,Summer
B03344,P102,Dried pear halves,Dried Fruit,Primary,S019,San Fernando Dried Goods,2025-02-23,9,kg,4550,4.87,40950,43.8,2025-12-20,Concrete,Summer
B03345,P102,Dried pear halves,Dried Fruit,Backup,S020,Deshidratados Elqui,2025-03-22,10,kg,4950,5.29,49500,52.94,2026-01-16,Concrete,Autumn
B03346,P102,Dried pear halves,Dried Fruit,Primary,S019,San Fernando Dried Goods,2025-04-20,22,kg,4550,4.87,100100,107.06,2026-02-14,Concrete,Autumn
B03347,P102,Dried pear halves,Dried Fruit,Primary,S019,San Fernando Dried Goods,2025-05-15,27,kg,4550,4.87,122850,131.39,2026-03-11,Concrete,Autumn
B03348,P102,Dried pear halves,Dried Fruit,Primary,S019,San Fernando Dried Goods,2025-06-11,29,kg,4550,4.87,131950,141.12,2026-04-07,Concrete,Winter
B03349,P103,Cranberries (dried),Dried Fruit,Primary,S019,San Fernando Dried Goods,2023-07-07,21,kg,6400,6.84,134400,143.74,2024-05-02,Concrete,Winter
B03350,P103,Cranberries (dried),Dried Fruit,Primary,S019,San Fernando Dried Goods,2023-08-12,27,kg,6400,6.84,172800,184.81,2024-06-07,Concrete,Winter
B03351,P103,Cranberries (dried),Dried Fruit,Primary,S019,San Fernando Dried Goods,2023-09-13,32,kg,6400,6.84,204800,219.04,2024-07-09,Concrete,Spring
B03352,P103,Cranberries (dried),Dried Fruit,Backup,S020,Deshidratados Elqui,2023-10-14,10,kg,6600,7.06,66000,70.59,2024-08-09,Concrete,Spring
B03353,P103,Cranberries (dried),Dried Fruit,Primary,S019,San Fernando Dried Goods,2023-11-15,10,kg,6400,6.84,64000,68.45,2024-09-10,Concrete,Spring
B03354,P103,Cranberries (dried),Dried Fruit,Primary,S019,San Fernando Dried Goods,2023-12-21,11,kg,6400,6.84,70400,75.29,2024-10-16,Concrete,Summer
B03355,P103,Cranberries (dried),Dried Fruit,Primary,S019,San Fernando Dried Goods,2024-01-15,10,kg,6400,6.84,64000,68.45,2024-11-10,Concrete,Summer
B03356,P103,Cranberries (dried),Dried Fruit,Primary,S019,San Fernando Dried Goods,2024-02-16,9,kg,6400,6.84,57600,61.6,2024-12-12,Concrete,Summer
B03357,P103,Cranberries (dried),Dried Fruit,Backup,S020,Deshidratados Elqui,2024-03-19,9,kg,6600,7.06,59400,63.53,2025-01-13,Concrete,Autumn
B03358,P103,Cranberries (dried),Dried Fruit,Primary,S019,San Fernando Dried Goods,2024-04-19,22,kg,6400,6.84,140800,150.59,2025-02-13,Concrete,Autumn
B03359,P103,Cranberries (dried),Dried Fruit,Primary,S019,San Fernando Dried Goods,2024-05-22,27,kg,6400,6.84,172800,184.81,2025-03-18,Concrete,Autumn
B03360,P103,Cranberries (dried),Dried Fruit,Primary,S019,San Fernando Dried Goods,2024-06-20,22,kg,6400,6.84,140800,150.59,2025-04-16,Concrete,Winter
B03361,P103,Cranberries (dried),Dried Fruit,Primary,S019,San Fernando Dried Goods,2024-07-22,23,kg,6400,6.84,147200,157.43,2025-05-18,Concrete,Winter
B03362,P103,Cranberries (dried),Dried Fruit,Primary,S019,San Fernando Dried Goods,2024-08-27,27,kg,6400,6.84,172800,184.81,2025-06-23,Concrete,Winter
B03363,P103,Cranberries (dried),Dried Fruit,Primary,S019,San Fernando Dried Goods,2024-09-28,34,kg,6400,6.84,217600,232.73,2025-07-25,Concrete,Spring
B03364,P103,Cranberries (dried),Dried Fruit,Primary,S019,San Fernando Dried Goods,2024-11-02,8,kg,6400,6.84,51200,54.76,2025-08-29,Concrete,Spring
B03365,P103,Cranberries (dried),Dried Fruit,Primary,S019,San Fernando Dried Goods,2024-12-04,12,kg,6400,6.84,76800,82.14,2025-09-30,Concrete,Summer
B03366,P103,Cranberries (dried),Dried Fruit,Primary,S019,San Fernando Dried Goods,2025-01-16,8,kg,6400,6.84,51200,54.76,2025-11-12,Concrete,Summer
B03367,P103,Cranberries (dried),Dried Fruit,Primary,S019,San Fernando Dried Goods,2025-02-19,10,kg,6400,6.84,64000,68.45,2025-12-16,Concrete,Summer
B03368,P103,Cranberries (dried),Dried Fruit,Primary,S019,San Fernando Dried Goods,2025-04-04,23,kg,6400,6.84,147200,157.43,2026-01-29,Concrete,Autumn
B03369,P103,Cranberries (dried),Dried Fruit,Primary,S019,San Fernando Dried Goods,2025-05-10,23,kg,6400,6.84,147200,157.43,2026-03-06,Concrete,Autumn
B03370,P103,Cranberries (dried),Dried Fruit,Primary,S019,San Fernando Dried Goods,2025-06-10,28,kg,6400,6.84,179200,191.66,2026-04-06,Concrete,Winter
B03371,P104,Dried dates,Dried Fruit,Primary,S019,San Fernando Dried Goods,2023-07-23,27,kg,5400,5.78,145800,155.94,2024-05-18,Concrete,Winter
B03372,P104,Dried dates,Dried Fruit,Primary,S019,San Fernando Dried Goods,2023-08-26,22,kg,5400,5.78,118800,127.06,2024-06-21,Concrete,Winter
B03373,P104,Dried dates,Dried Fruit,Primary,S019,San Fernando Dried Goods,2023-09-29,31,kg,5400,5.78,167400,179.04,2024-07-25,Concrete,Spring
B03374,P104,Dried dates,Dried Fruit,Primary,S019,San Fernando Dried Goods,2023-11-08,10,kg,5400,5.78,54000,57.75,2024-09-03,Concrete,Spring
B03375,P104,Dried dates,Dried Fruit,Primary,S019,San Fernando Dried Goods,2023-12-13,11,kg,5400,5.78,59400,63.53,2024-10-08,Concrete,Summer
B03376,P104,Dried dates,Dried Fruit,Primary,S019,San Fernando Dried Goods,2024-01-19,9,kg,5400,5.78,48600,51.98,2024-11-14,Concrete,Summer
B03377,P104,Dried dates,Dried Fruit,Primary,S019,San Fernando Dried Goods,2024-02-27,10,kg,5400,5.78,54000,57.75,2024-12-23,Concrete,Summer
B03378,P104,Dried dates,Dried Fruit,Primary,S019,San Fernando Dried Goods,2024-03-31,9,kg,5400,5.78,48600,51.98,2025-01-25,Concrete,Autumn
B03379,P104,Dried dates,Dried Fruit,Primary,S019,San Fernando Dried Goods,2024-05-10,22,kg,5400,5.78,118800,127.06,2025-03-06,Concrete,Autumn
B03380,P104,Dried dates,Dried Fruit,Primary,S019,San Fernando Dried Goods,2024-06-16,25,kg,5400,5.78,135000,144.39,2025-04-12,Concrete,Winter
B03381,P104,Dried dates,Dried Fruit,Primary,S019,San Fernando Dried Goods,2024-07-10,22,kg,5400,5.78,118800,127.06,2025-05-06,Concrete,Winter
B03382,P104,Dried dates,Dried Fruit,Primary,S019,San Fernando Dried Goods,2024-08-07,25,kg,5400,5.78,135000,144.39,2025-06-03,Concrete,Winter
B03383,P104,Dried dates,Dried Fruit,Primary,S019,San Fernando Dried Goods,2024-08-31,25,kg,5400,5.78,135000,144.39,2025-06-27,Concrete,Winter
B03384,P104,Dried dates,Dried Fruit,Primary,S019,San Fernando Dried Goods,2024-09-21,27,kg,5400,5.78,145800,155.94,2025-07-18,Concrete,Spring
B03385,P104,Dried dates,Dried Fruit,Primary,S019,San Fernando Dried Goods,2024-10-19,8,kg,5400,5.78,43200,46.2,2025-08-15,Concrete,Spring
B03386,P104,Dried dates,Dried Fruit,Primary,S019,San Fernando Dried Goods,2024-11-19,9,kg,5400,5.78,48600,51.98,2025-09-15,Concrete,Spring
B03387,P104,Dried dates,Dried Fruit,Primary,S019,San Fernando Dried Goods,2024-12-28,11,kg,5400,5.78,59400,63.53,2025-10-24,Concrete,Summer
B03388,P104,Dried dates,Dried Fruit,Primary,S019,San Fernando Dried Goods,2025-02-01,9,kg,5400,5.78,48600,51.98,2025-11-28,Concrete,Summer
B03389,P104,Dried dates,Dried Fruit,Primary,S019,San Fernando Dried Goods,2025-03-07,10,kg,5400,5.78,54000,57.75,2026-01-01,Concrete,Autumn
B03390,P104,Dried dates,Dried Fruit,Primary,S019,San Fernando Dried Goods,2025-04-12,22,kg,5400,5.78,118800,127.06,2026-02-06,Concrete,Autumn
B03391,P104,Dried dates,Dried Fruit,Primary,S019,San Fernando Dried Goods,2025-05-19,29,kg,5400,5.78,156600,167.49,2026-03-15,Concrete,Autumn
B03392,P104,Dried dates,Dried Fruit,Primary,S019,San Fernando Dried Goods,2025-06-21,26,kg,5400,5.78,140400,150.16,2026-04-17,Concrete,Winter
B03393,P105,Banana chips,Dried Fruit,Primary,S019,San Fernando Dried Goods,2023-07-09,17,kg,4300,4.6,73100,78.18,2024-05-04,Concrete,Winter
B03394,P105,Banana chips,Dried Fruit,Primary,S019,San Fernando Dried Goods,2023-08-16,13,kg,4300,4.6,55900,59.79,2024-06-11,Concrete,Winter
B03395,P105,Banana chips,Dried Fruit,Primary,S019,San Fernando Dried Goods,2023-09-14,20,kg,4300,4.6,86000,91.98,2024-07-10,Concrete,Spring
B03396,P105,Banana chips,Dried Fruit,Primary,S019,San Fernando Dried Goods,2023-10-14,14,kg,4300,4.6,60200,64.39,2024-08-09,Concrete,Spring
B03397,P105,Banana chips,Dried Fruit,Primary,S019,San Fernando Dried Goods,2023-11-12,13,kg,4300,4.6,55900,59.79,2024-09-07,Concrete,Spring
B03398,P105,Banana chips,Dried Fruit,Primary,S019,San Fernando Dried Goods,2023-12-20,18,kg,4300,4.6,77400,82.78,2024-10-15,Concrete,Summer
B03399,P105,Banana chips,Dried Fruit,Backup,S020,Deshidratados Elqui,2024-02-02,14,kg,4850,5.19,67900,72.62,2024-11-28,Concrete,Summer
B03400,P105,Banana chips,Dried Fruit,Primary,S019,San Fernando Dried Goods,2024-03-02,13,kg,4300,4.6,55900,59.79,2024-12-27,Concrete,Autumn
B03401,P105,Banana chips,Dried Fruit,Primary,S019,San Fernando Dried Goods,2024-04-02,15,kg,4300,4.6,64500,68.98,2025-01-27,Concrete,Autumn
B03402,P105,Banana chips,Dried Fruit,Primary,S019,San Fernando Dried Goods,2024-05-06,14,kg,4300,4.6,60200,64.39,2025-03-02,Concrete,Autumn
B03403,P105,Banana chips,Dried Fruit,Primary,S019,San Fernando Dried Goods,2024-06-10,16,kg,4300,4.6,68800,73.58,2025-04-06,Concrete,Winter
B03404,P105,Banana chips,Dried Fruit,Primary,S019,San Fernando Dried Goods,2024-07-09,14,kg,4300,4.6,60200,64.39,2025-05-05,Concrete,Winter
B03405,P105,Banana chips,Dried Fruit,Backup,S020,Deshidratados Elqui,2024-08-11,13,kg,4850,5.19,63050,67.43,2025-06-07,Concrete,Winter
B03406,P105,Banana chips,Dried Fruit,Primary,S019,San Fernando Dried Goods,2024-09-15,19,kg,4300,4.6,81700,87.38,2025-07-12,Concrete,Spring
B03407,P105,Banana chips,Dried Fruit,Primary,S019,San Fernando Dried Goods,2024-10-18,14,kg,4300,4.6,60200,64.39,2025-08-14,Concrete,Spring
B03408,P105,Banana chips,Dried Fruit,Primary,S019,San Fernando Dried Goods,2024-11-21,17,kg,4300,4.6,73100,78.18,2025-09-17,Concrete,Spring
B03409,P105,Banana chips,Dried Fruit,Primary,S019,San Fernando Dried Goods,2024-12-28,22,kg,4300,4.6,94600,101.18,2025-10-24,Concrete,Summer
B03410,P105,Banana chips,Dried Fruit,Primary,S019,San Fernando Dried Goods,2025-01-26,16,kg,4300,4.6,68800,73.58,2025-11-22,Concrete,Summer
B03411,P105,Banana chips,Dried Fruit,Primary,S019,San Fernando Dried Goods,2025-02-22,19,kg,4300,4.6,81700,87.38,2025-12-19,Concrete,Summer
B03412,P105,Banana chips,Dried Fruit,Primary,S019,San Fernando Dried Goods,2025-04-03,17,kg,4300,4.6,73100,78.18,2026-01-28,Concrete,Autumn
B03413,P105,Banana chips,Dried Fruit,Backup,S020,Deshidratados Elqui,2025-05-07,18,kg,4850,5.19,87300,93.37,2026-03-03,Concrete,Autumn
B03414,P105,Banana chips,Dried Fruit,Primary,S019,San Fernando Dried Goods,2025-06-07,15,kg,4300,4.6,64500,68.98,2026-04-03,Concrete,Winter
B03415,P106,Dried mango,Dried Fruit,Primary,S019,San Fernando Dried Goods,2023-07-31,17,kg,6500,6.95,110500,118.18,2024-05-26,Concrete,Winter
B03416,P106,Dried mango,Dried Fruit,Backup,S020,Deshidratados Elqui,2023-09-15,20,kg,6800,7.27,136000,145.45,2024-07-11,Concrete,Spring
B03417,P106,Dried mango,Dried Fruit,Primary,S019,San Fernando Dried Goods,2023-10-31,15,kg,6500,6.95,97500,104.28,2024-08-26,Concrete,Spring
B03418,P106,Dried mango,Dried Fruit,Backup,S020,Deshidratados Elqui,2023-12-07,21,kg,6800,7.27,142800,152.73,2024-10-02,Concrete,Summer
B03419,P106,Dried mango,Dried Fruit,Primary,S019,San Fernando Dried Goods,2024-01-05,16,kg,6500,6.95,104000,111.23,2024-10-31,Concrete,Summer
B03420,P106,Dried mango,Dried Fruit,Primary,S019,San Fernando Dried Goods,2024-02-08,16,kg,6500,6.95,104000,111.23,2024-12-04,Concrete,Summer
B03421,P106,Dried mango,Dried Fruit,Primary,S019,San Fernando Dried Goods,2024-03-17,14,kg,6500,6.95,91000,97.33,2025-01-11,Concrete,Autumn
B03422,P106,Dried mango,Dried Fruit,Primary,S019,San Fernando Dried Goods,2024-04-15,14,kg,6500,6.95,91000,97.33,2025-02-09,Concrete,Autumn
B03423,P106,Dried mango,Dried Fruit,Primary,S019,San Fernando Dried Goods,2024-05-11,15,kg,6500,6.95,97500,104.28,2025-03-07,Concrete,Autumn
B03424,P106,Dried mango,Dried Fruit,Primary,S019,San Fernando Dried Goods,2024-06-10,16,kg,6500,6.95,104000,111.23,2025-04-06,Concrete,Winter
B03425,P106,Dried mango,Dried Fruit,Backup,S020,Deshidratados Elqui,2024-07-17,17,kg,6800,7.27,115600,123.64,2025-05-13,Concrete,Winter
B03426,P106,Dried mango,Dried Fruit,Primary,S019,San Fernando Dried Goods,2024-08-22,13,kg,6500,6.95,84500,90.37,2025-06-18,Concrete,Winter
B03427,P106,Dried mango,Dried Fruit,Backup,S020,Deshidratados Elqui,2024-09-17,20,kg,6800,7.27,136000,145.45,2025-07-14,Concrete,Spring
B03428,P106,Dried mango,Dried Fruit,Primary,S019,San Fernando Dried Goods,2024-10-18,17,kg,6500,6.95,110500,118.18,2025-08-14,Concrete,Spring
B03429,P106,Dried mango,Dried Fruit,Primary,S019,San Fernando Dried Goods,2024-12-01,19,kg,6500,6.95,123500,132.09,2025-09-27,Concrete,Summer
B03430,P106,Dried mango,Dried Fruit,Primary,S019,San Fernando Dried Goods,2025-01-04,16,kg,6500,6.95,104000,111.23,2025-10-31,Concrete,Summer
B03431,P106,Dried mango,Dried Fruit,Primary,S019,San Fernando Dried Goods,2025-02-02,14,kg,6500,6.95,91000,97.33,2025-11-29,Concrete,Summer
B03432,P106,Dried mango,Dried Fruit,Primary,S019,San Fernando Dried Goods,2025-03-18,16,kg,6500,6.95,104000,111.23,2026-01-12,Concrete,Autumn
B03433,P106,Dried mango,Dried Fruit,Primary,S019,San Fernando Dried Goods,2025-04-24,18,kg,6500,6.95,117000,125.13,2026-02-18,Concrete,Autumn
B03434,P106,Dried mango,Dried Fruit,Primary,S019,San Fernando Dried Goods,2025-05-28,14,kg,6500,6.95,91000,97.33,2026-03-24,Concrete,Autumn
B03435,P107,Classic trail mix (nuts & raisins),Trail Mix,Primary,S013,Maipo Nuts Ltd.,2023-07-12,9,kg,5850,6.26,52650,56.31,2024-01-08,Concrete,Winter
B03436,P107,Classic trail mix (nuts & raisins),Trail Mix,Primary,S013,Maipo Nuts Ltd.,2023-07-29,9,kg,5850,6.26,52650,56.31,2024-01-25,Concrete,Winter
B03437,P107,Classic trail mix (nuts & raisins),Trail Mix,Primary,S013,Maipo Nuts Ltd.,2023-08-22,9,kg,5850,6.26,52650,56.31,2024-02-18,Concrete,Winter
B03438,P107,Classic trail mix (nuts & raisins),Trail Mix,Primary,S013,Maipo Nuts Ltd.,2023-09-09,13,kg,5850,6.26,76050,81.34,2024-03-07,Concrete,Spring
B03439,P107,Classic trail mix (nuts & raisins),Trail Mix,Backup,S019,San Fernando Dried Goods,2023-09-29,14,kg,6300,6.74,88200,94.33,2024-03-27,Concrete,Spring
B03440,P107,Classic trail mix (nuts & raisins),Trail Mix,Primary,S013,Maipo Nuts Ltd.,2023-10-21,10,kg,5850,6.26,58500,62.57,2024-04-18,Concrete,Spring
B03441,P107,Classic trail mix (nuts & raisins),Trail Mix,Primary,S013,Maipo Nuts Ltd.,2023-11-09,11,kg,5850,6.26,64350,68.82,2024-05-07,Concrete,Spring
B03442,P107,Classic trail mix (nuts & raisins),Trail Mix,Primary,S013,Maipo Nuts Ltd.,2023-11-27,10,kg,5850,6.26,58500,62.57,2024-05-25,Concrete,Spring
B03443,P107,Classic trail mix (nuts & raisins),Trail Mix,Primary,S013,Maipo Nuts Ltd.,2023-12-19,12,kg,5850,6.26,70200,75.08,2024-06-16,Concrete,Summer
B03444,P107,Classic trail mix (nuts & raisins),Trail Mix,Primary,S013,Maipo Nuts Ltd.,2024-01-09,9,kg,5850,6.26,52650,56.31,2024-07-07,Concrete,Summer
B03445,P107,Classic trail mix (nuts & raisins),Trail Mix,Primary,S013,Maipo Nuts Ltd.,2024-01-30,11,kg,5850,6.26,64350,68.82,2024-07-28,Concrete,Summer
B03446,P107,Classic trail mix (nuts & raisins),Trail Mix,Primary,S013,Maipo Nuts Ltd.,2024-02-17,10,kg,5850,6.26,58500,62.57,2024-08-15,Concrete,Summer
B03447,P107,Classic trail mix (nuts & raisins),Trail Mix,Backup,S019,San Fernando Dried Goods,2024-03-07,9,kg,6300,6.74,56700,60.64,2024-09-03,Concrete,Autumn
B03448,P107,Classic trail mix (nuts & raisins),Trail Mix,Primary,S013,Maipo Nuts Ltd.,2024-03-27,11,kg,5850,6.26,64350,68.82,2024-09-23,Concrete,Autumn
B03449,P107,Classic trail mix (nuts & raisins),Trail Mix,Primary,S013,Maipo Nuts Ltd.,2024-04-18,11,kg,5850,6.26,64350,68.82,2024-10-15,Concrete,Autumn
B03450,P107,Classic trail mix (nuts & raisins),Trail Mix,Primary,S013,Maipo Nuts Ltd.,2024-05-09,10,kg,5850,6.26,58500,62.57,2024-11-05,Concrete,Autumn
B03451,P107,Classic trail mix (nuts & raisins),Trail Mix,Primary,S013,Maipo Nuts Ltd.,2024-06-01,11,kg,5850,6.26,64350,68.82,2024-11-28,Concrete,Winter
B03452,P107,Classic trail mix (nuts & raisins),Trail Mix,Primary,S013,Maipo Nuts Ltd.,2024-06-21,11,kg,5850,6.26,64350,68.82,2024-12-18,Concrete,Winter
B03453,P107,Classic trail mix (nuts & raisins),Trail Mix,Primary,S013,Maipo Nuts Ltd.,2024-07-12,10,kg,5850,6.26,58500,62.57,2025-01-08,Concrete,Winter
B03454,P107,Classic trail mix (nuts & raisins),Trail Mix,Primary,S013,Maipo Nuts Ltd.,2024-08-02,10,kg,5850,6.26,58500,62.57,2025-01-29,Concrete,Winter
B03455,P107,Classic trail mix (nuts & raisins),Trail Mix,Primary,S013,Maipo Nuts Ltd.,2024-08-24,9,kg,5850,6.26,52650,56.31,2025-02-20,Concrete,Winter
B03456,P107,Classic trail mix (nuts & raisins),Trail Mix,Primary,S013,Maipo Nuts Ltd.,2024-09-08,13,kg,5850,6.26,76050,81.34,2025-03-07,Concrete,Spring
B03457,P107,Classic trail mix (nuts & raisins),Trail Mix,Primary,S013,Maipo Nuts Ltd.,2024-09-29,13,kg,5850,6.26,76050,81.34,2025-03-28,Concrete,Spring
B03458,P107,Classic trail mix (nuts & raisins),Trail Mix,Primary,S013,Maipo Nuts Ltd.,2024-10-24,11,kg,5850,6.26,64350,68.82,2025-04-22,Concrete,Spring
B03459,P107,Classic trail mix (nuts & raisins),Trail Mix,Primary,S013,Maipo Nuts Ltd.,2024-11-15,10,kg,5850,6.26,58500,62.57,2025-05-14,Concrete,Spring
B03460,P107,Classic trail mix (nuts & raisins),Trail Mix,Backup,S019,San Fernando Dried Goods,2024-12-08,14,kg,6300,6.74,88200,94.33,2025-06-06,Concrete,Summer
B03461,P107,Classic trail mix (nuts & raisins),Trail Mix,Primary,S013,Maipo Nuts Ltd.,2024-12-29,14,kg,5850,6.26,81900,87.59,2025-06-27,Concrete,Summer
B03462,P107,Classic trail mix (nuts & raisins),Trail Mix,Primary,S013,Maipo Nuts Ltd.,2025-01-24,12,kg,5850,6.26,70200,75.08,2025-07-23,Concrete,Summer
B03463,P107,Classic trail mix (nuts & raisins),Trail Mix,Primary,S013,Maipo Nuts Ltd.,2025-02-10,11,kg,5850,6.26,64350,68.82,2025-08-09,Concrete,Summer
B03464,P107,Classic trail mix (nuts & raisins),Trail Mix,Primary,S013,Maipo Nuts Ltd.,2025-03-07,11,kg,5850,6.26,64350,68.82,2025-09-03,Concrete,Autumn
B03465,P107,Classic trail mix (nuts & raisins),Trail Mix,Primary,S013,Maipo Nuts Ltd.,2025-03-31,11,kg,5850,6.26,64350,68.82,2025-09-27,Concrete,Autumn
B03466,P107,Classic trail mix (nuts & raisins),Trail Mix,Primary,S013,Maipo Nuts Ltd.,2025-04-19,10,kg,5850,6.26,58500,62.57,2025-10-16,Concrete,Autumn
B03467,P107,Classic trail mix (nuts & raisins),Trail Mix,Backup,S019,San Fernando Dried Goods,2025-05-07,10,kg,6300,6.74,63000,67.38,2025-11-03,Concrete,Autumn
B03468,P107,Classic trail mix (nuts & raisins),Trail Mix,Primary,S013,Maipo Nuts Ltd.,2025-05-28,10,kg,5850,6.26,58500,62.57,2025-11-24,Concrete,Autumn
B03469,P107,Classic trail mix (nuts & raisins),Trail Mix,Primary,S013,Maipo Nuts Ltd.,2025-06-14,11,kg,5850,6.26,64350,68.82,2025-12-11,Concrete,Winter
B03470,P108,Tropical trail mix,Trail Mix,Primary,S013,Maipo Nuts Ltd.,2023-07-12,11,kg,6500,6.95,71500,76.47,2024-01-08,Concrete,Winter
B03471,P108,Tropical trail mix,Trail Mix,Primary,S013,Maipo Nuts Ltd.,2023-08-01,9,kg,6500,6.95,58500,62.57,2024-01-28,Concrete,Winter
B03472,P108,Tropical trail mix,Trail Mix,Primary,S013,Maipo Nuts Ltd.,2023-08-17,11,kg,6500,6.95,71500,76.47,2024-02-13,Concrete,Winter
B03473,P108,Tropical trail mix,Trail Mix,Primary,S013,Maipo Nuts Ltd.,2023-09-05,13,kg,6500,6.95,84500,90.37,2024-03-03,Concrete,Spring
B03474,P108,Tropical trail mix,Trail Mix,Primary,S013,Maipo Nuts Ltd.,2023-10-01,10,kg,6500,6.95,65000,69.52,2024-03-29,Concrete,Spring
B03475,P108,Tropical trail mix,Trail Mix,Primary,S013,Maipo Nuts Ltd.,2023-10-23,10,kg,6500,6.95,65000,69.52,2024-04-20,Concrete,Spring
B03476,P108,Tropical trail mix,Trail Mix,Primary,S013,Maipo Nuts Ltd.,2023-11-14,9,kg,6500,6.95,58500,62.57,2024-05-12,Concrete,Spring
B03477,P108,Tropical trail mix,Trail Mix,Primary,S013,Maipo Nuts Ltd.,2023-12-02,12,kg,6500,6.95,78000,83.42,2024-05-30,Concrete,Summer
B03478,P108,Tropical trail mix,Trail Mix,Primary,S013,Maipo Nuts Ltd.,2023-12-27,14,kg,6500,6.95,91000,97.33,2024-06-24,Concrete,Summer
B03479,P108,Tropical trail mix,Trail Mix,Primary,S013,Maipo Nuts Ltd.,2024-01-19,11,kg,6500,6.95,71500,76.47,2024-07-17,Concrete,Summer
B03480,P108,Tropical trail mix,Trail Mix,Primary,S013,Maipo Nuts Ltd.,2024-02-09,10,kg,6500,6.95,65000,69.52,2024-08-07,Concrete,Summer
B03481,P108,Tropical trail mix,Trail Mix,Primary,S013,Maipo Nuts Ltd.,2024-03-03,9,kg,6500,6.95,58500,62.57,2024-08-30,Concrete,Autumn
B03482,P108,Tropical trail mix,Trail Mix,Primary,S013,Maipo Nuts Ltd.,2024-03-26,11,kg,6500,6.95,71500,76.47,2024-09-22,Concrete,Autumn
B03483,P108,Tropical trail mix,Trail Mix,Primary,S013,Maipo Nuts Ltd.,2024-04-22,11,kg,6500,6.95,71500,76.47,2024-10-19,Concrete,Autumn
B03484,P108,Tropical trail mix,Trail Mix,Primary,S013,Maipo Nuts Ltd.,2024-05-15,9,kg,6500,6.95,58500,62.57,2024-11-11,Concrete,Autumn
B03485,P108,Tropical trail mix,Trail Mix,Primary,S013,Maipo Nuts Ltd.,2024-06-05,11,kg,6500,6.95,71500,76.47,2024-12-02,Concrete,Winter
B03486,P108,Tropical trail mix,Trail Mix,Primary,S013,Maipo Nuts Ltd.,2024-06-27,9,kg,6500,6.95,58500,62.57,2024-12-24,Concrete,Winter
B03487,P108,Tropical trail mix,Trail Mix,Primary,S013,Maipo Nuts Ltd.,2024-07-20,9,kg,6500,6.95,58500,62.57,2025-01-16,Concrete,Winter
B03488,P108,Tropical trail mix,Trail Mix,Primary,S013,Maipo Nuts Ltd.,2024-08-06,11,kg,6500,6.95,71500,76.47,2025-02-02,Concrete,Winter
B03489,P108,Tropical trail mix,Trail Mix,Primary,S013,Maipo Nuts Ltd.,2024-08-25,11,kg,6500,6.95,71500,76.47,2025-02-21,Concrete,Winter
B03490,P108,Tropical trail mix,Trail Mix,Primary,S013,Maipo Nuts Ltd.,2024-09-13,11,kg,6500,6.95,71500,76.47,2025-03-12,Concrete,Spring
B03491,P108,Tropical trail mix,Trail Mix,Primary,S013,Maipo Nuts Ltd.,2024-10-06,9,kg,6500,6.95,58500,62.57,2025-04-04,Concrete,Spring
B03492,P108,Tropical trail mix,Trail Mix,Primary,S013,Maipo Nuts Ltd.,2024-10-29,9,kg,6500,6.95,58500,62.57,2025-04-27,Concrete,Spring
B03493,P108,Tropical trail mix,Trail Mix,Primary,S013,Maipo Nuts Ltd.,2024-11-16,9,kg,6500,6.95,58500,62.57,2025-05-15,Concrete,Spring
B03494,P108,Tropical trail mix,Trail Mix,Primary,S013,Maipo Nuts Ltd.,2024-12-05,15,kg,6500,6.95,97500,104.28,2025-06-03,Concrete,Summer
B03495,P108,Tropical trail mix,Trail Mix,Primary,S013,Maipo Nuts Ltd.,2024-12-28,13,kg,6500,6.95,84500,90.37,2025-06-26,Concrete,Summer
B03496,P108,Tropical trail mix,Trail Mix,Primary,S013,Maipo Nuts Ltd.,2025-01-25,12,kg,6500,6.95,78000,83.42,2025-07-24,Concrete,Summer
B03497,P108,Tropical trail mix,Trail Mix,Primary,S013,Maipo Nuts Ltd.,2025-02-13,12,kg,6500,6.95,78000,83.42,2025-08-12,Concrete,Summer
B03498,P108,Tropical trail mix,Trail Mix,Primary,S013,Maipo Nuts Ltd.,2025-02-27,11,kg,6500,6.95,71500,76.47,2025-08-26,Concrete,Summer
B03499,P108,Tropical trail mix,Trail Mix,Primary,S013,Maipo Nuts Ltd.,2025-03-17,12,kg,6500,6.95,78000,83.42,2025-09-13,Concrete,Autumn
B03500,P108,Tropical trail mix,Trail Mix,Primary,S013,Maipo Nuts Ltd.,2025-04-01,10,kg,6500,6.95,65000,69.52,2025-09-28,Concrete,Autumn
B03501,P108,Tropical trail mix,Trail Mix,Primary,S013,Maipo Nuts Ltd.,2025-04-25,12,kg,6500,6.95,78000,83.42,2025-10-22,Concrete,Autumn
B03502,P108,Tropical trail mix,Trail Mix,Primary,S013,Maipo Nuts Ltd.,2025-05-16,9,kg,6500,6.95,58500,62.57,2025-11-12,Concrete,Autumn
B03503,P108,Tropical trail mix,Trail Mix,Primary,S013,Maipo Nuts Ltd.,2025-06-08,11,kg,6500,6.95,71500,76.47,2025-12-05,Concrete,Winter
B03504,P109,Energy mix (seeds & fruit),Trail Mix,Primary,S013,Maipo Nuts Ltd.,2023-07-15,11,kg,5400,5.78,59400,63.53,2024-01-11,Concrete,Winter
B03505,P109,Energy mix (seeds & fruit),Trail Mix,Primary,S013,Maipo Nuts Ltd.,2023-08-07,10,kg,5400,5.78,54000,57.75,2024-02-03,Concrete,Winter
B03506,P109,Energy mix (seeds & fruit),Trail Mix,Primary,S013,Maipo Nuts Ltd.,2023-09-01,11,kg,5400,5.78,59400,63.53,2024-02-28,Concrete,Spring
B03507,P109,Energy mix (seeds & fruit),Trail Mix,Primary,S013,Maipo Nuts Ltd.,2023-09-23,11,kg,5400,5.78,59400,63.53,2024-03-21,Concrete,Spring
B03508,P109,Energy mix (seeds & fruit),Trail Mix,Primary,S013,Maipo Nuts Ltd.,2023-10-10,10,kg,5400,5.78,54000,57.75,2024-04-07,Concrete,Spring
B03509,P109,Energy mix (seeds & fruit),Trail Mix,Primary,S013,Maipo Nuts Ltd.,2023-11-02,9,kg,5400,5.78,48600,51.98,2024-04-30,Concrete,Spring
B03510,P109,Energy mix (seeds & fruit),Trail Mix,Primary,S013,Maipo Nuts Ltd.,2023-11-26,10,kg,5400,5.78,54000,57.75,2024-05-24,Concrete,Spring
B03511,P109,Energy mix (seeds & fruit),Trail Mix,Backup,S019,San Fernando Dried Goods,2023-12-18,13,kg,5450,5.83,70850,75.78,2024-06-15,Concrete,Summer
B03512,P109,Energy mix (seeds & fruit),Trail Mix,Primary,S013,Maipo Nuts Ltd.,2024-01-06,11,kg,5400,5.78,59400,63.53,2024-07-04,Concrete,Summer
B03513,P109,Energy mix (seeds & fruit),Trail Mix,Primary,S013,Maipo Nuts Ltd.,2024-01-30,9,kg,5400,5.78,48600,51.98,2024-07-28,Concrete,Summer
B03514,P109,Energy mix (seeds & fruit),Trail Mix,Primary,S013,Maipo Nuts Ltd.,2024-02-16,9,kg,5400,5.78,48600,51.98,2024-08-14,Concrete,Summer
B03515,P109,Energy mix (seeds & fruit),Trail Mix,Primary,S013,Maipo Nuts Ltd.,2024-03-08,11,kg,5400,5.78,59400,63.53,2024-09-04,Concrete,Autumn
B03516,P109,Energy mix (seeds & fruit),Trail Mix,Primary,S013,Maipo Nuts Ltd.,2024-03-24,10,kg,5400,5.78,54000,57.75,2024-09-20,Concrete,Autumn
B03517,P109,Energy mix (seeds & fruit),Trail Mix,Primary,S013,Maipo Nuts Ltd.,2024-04-05,9,kg,5400,5.78,48600,51.98,2024-10-02,Concrete,Autumn
B03518,P109,Energy mix (seeds & fruit),Trail Mix,Primary,S013,Maipo Nuts Ltd.,2024-04-19,10,kg,5400,5.78,54000,57.75,2024-10-16,Concrete,Autumn
B03519,P109,Energy mix (seeds & fruit),Trail Mix,Primary,S013,Maipo Nuts Ltd.,2024-05-08,11,kg,5400,5.78,59400,63.53,2024-11-04,Concrete,Autumn
B03520,P109,Energy mix (seeds & fruit),Trail Mix,Primary,S013,Maipo Nuts Ltd.,2024-05-30,9,kg,5400,5.78,48600,51.98,2024-11-26,Concrete,Autumn
B03521,P109,Energy mix (seeds & fruit),Trail Mix,Primary,S013,Maipo Nuts Ltd.,2024-06-15,9,kg,5400,5.78,48600,51.98,2024-12-12,Concrete,Winter
B03522,P109,Energy mix (seeds & fruit),Trail Mix,Primary,S013,Maipo Nuts Ltd.,2024-07-05,9,kg,5400,5.78,48600,51.98,2025-01-01,Concrete,Winter
B03523,P109,Energy mix (seeds & fruit),Trail Mix,Primary,S013,Maipo Nuts Ltd.,2024-07-23,10,kg,5400,5.78,54000,57.75,2025-01-19,Concrete,Winter
B03524,P109,Energy mix (seeds & fruit),Trail Mix,Primary,S013,Maipo Nuts Ltd.,2024-08-15,10,kg,5400,5.78,54000,57.75,2025-02-11,Concrete,Winter
B03525,P109,Energy mix (seeds & fruit),Trail Mix,Primary,S013,Maipo Nuts Ltd.,2024-09-02,13,kg,5400,5.78,70200,75.08,2025-03-01,Concrete,Spring
B03526,P109,Energy mix (seeds & fruit),Trail Mix,Primary,S013,Maipo Nuts Ltd.,2024-09-25,11,kg,5400,5.78,59400,63.53,2025-03-24,Concrete,Spring
B03527,P109,Energy mix (seeds & fruit),Trail Mix,Primary,S013,Maipo Nuts Ltd.,2024-10-16,10,kg,5400,5.78,54000,57.75,2025-04-14,Concrete,Spring
B03528,P109,Energy mix (seeds & fruit),Trail Mix,Primary,S013,Maipo Nuts Ltd.,2024-10-31,11,kg,5400,5.78,59400,63.53,2025-04-29,Concrete,Spring
B03529,P109,Energy mix (seeds & fruit),Trail Mix,Primary,S013,Maipo Nuts Ltd.,2024-11-17,11,kg,5400,5.78,59400,63.53,2025-05-16,Concrete,Spring
B03530,P109,Energy mix (seeds & fruit),Trail Mix,Primary,S013,Maipo Nuts Ltd.,2024-12-04,13,kg,5400,5.78,70200,75.08,2025-06-02,Concrete,Summer
B03531,P109,Energy mix (seeds & fruit),Trail Mix,Primary,S013,Maipo Nuts Ltd.,2024-12-23,14,kg,5400,5.78,75600,80.86,2025-06-21,Concrete,Summer
B03532,P109,Energy mix (seeds & fruit),Trail Mix,Primary,S013,Maipo Nuts Ltd.,2025-01-08,11,kg,5400,5.78,59400,63.53,2025-07-07,Concrete,Summer
B03533,P109,Energy mix (seeds & fruit),Trail Mix,Primary,S013,Maipo Nuts Ltd.,2025-01-31,12,kg,5400,5.78,64800,69.3,2025-07-30,Concrete,Summer
B03534,P109,Energy mix (seeds & fruit),Trail Mix,Primary,S013,Maipo Nuts Ltd.,2025-02-14,10,kg,5400,5.78,54000,57.75,2025-08-13,Concrete,Summer
B03535,P109,Energy mix (seeds & fruit),Trail Mix,Primary,S013,Maipo Nuts Ltd.,2025-03-10,9,kg,5400,5.78,48600,51.98,2025-09-06,Concrete,Autumn
B03536,P109,Energy mix (seeds & fruit),Trail Mix,Primary,S013,Maipo Nuts Ltd.,2025-03-31,11,kg,5400,5.78,59400,63.53,2025-09-27,Concrete,Autumn
B03537,P109,Energy mix (seeds & fruit),Trail Mix,Primary,S013,Maipo Nuts Ltd.,2025-04-20,10,kg,5400,5.78,54000,57.75,2025-10-17,Concrete,Autumn
B03538,P109,Energy mix (seeds & fruit),Trail Mix,Primary,S013,Maipo Nuts Ltd.,2025-05-11,12,kg,5400,5.78,64800,69.3,2025-11-07,Concrete,Autumn
B03539,P109,Energy mix (seeds & fruit),Trail Mix,Primary,S013,Maipo Nuts Ltd.,2025-05-30,12,kg,5400,5.78,64800,69.3,2025-11-26,Concrete,Autumn
B03540,P109,Energy mix (seeds & fruit),Trail Mix,Primary,S013,Maipo Nuts Ltd.,2025-06-18,10,kg,5400,5.78,54000,57.75,2025-12-15,Concrete,Winter
B03541,P110,Premium nut mix,Trail Mix,Primary,S013,Maipo Nuts Ltd.,2023-07-19,15,kg,9950,10.64,149250,159.63,2024-01-15,Concrete,Winter
B03542,P110,Premium nut mix,Trail Mix,Primary,S013,Maipo Nuts Ltd.,2023-08-03,14,kg,9950,10.64,139300,148.98,2024-01-30,Concrete,Winter
B03543,P110,Premium nut mix,Trail Mix,Primary,S013,Maipo Nuts Ltd.,2023-08-28,16,kg,9950,10.64,159200,170.27,2024-02-24,Concrete,Winter
B03544,P110,Premium nut mix,Trail Mix,Primary,S013,Maipo Nuts Ltd.,2023-09-18,20,kg,9950,10.64,199000,212.83,2024-03-16,Concrete,Spring
B03545,P110,Premium nut mix,Trail Mix,Primary,S013,Maipo Nuts Ltd.,2023-10-09,6,kg,9950,10.64,59700,63.85,2024-04-06,Concrete,Spring
B03546,P110,Premium nut mix,Trail Mix,Primary,S013,Maipo Nuts Ltd.,2023-10-28,6,kg,9950,10.64,59700,63.85,2024-04-25,Concrete,Spring
B03547,P110,Premium nut mix,Trail Mix,Primary,S013,Maipo Nuts Ltd.,2023-11-19,7,kg,9950,10.64,69650,74.49,2024-05-17,Concrete,Spring
B03548,P110,Premium nut mix,Trail Mix,Primary,S013,Maipo Nuts Ltd.,2023-12-07,9,kg,9950,10.64,89550,95.78,2024-06-04,Concrete,Summer
B03549,P110,Premium nut mix,Trail Mix,Primary,S013,Maipo Nuts Ltd.,2023-12-23,7,kg,9950,10.64,69650,74.49,2024-06-20,Concrete,Summer
B03550,P110,Premium nut mix,Trail Mix,Primary,S013,Maipo Nuts Ltd.,2024-01-19,6,kg,9950,10.64,59700,63.85,2024-07-17,Concrete,Summer
B03551,P110,Premium nut mix,Trail Mix,Primary,S013,Maipo Nuts Ltd.,2024-02-12,6,kg,9950,10.64,59700,63.85,2024-08-10,Concrete,Summer
B03552,P110,Premium nut mix,Trail Mix,Primary,S013,Maipo Nuts Ltd.,2024-02-29,6,kg,9950,10.64,59700,63.85,2024-08-27,Concrete,Summer
B03553,P110,Premium nut mix,Trail Mix,Primary,S013,Maipo Nuts Ltd.,2024-03-23,5,kg,9950,10.64,49750,53.21,2024-09-19,Concrete,Autumn
B03554,P110,Premium nut mix,Trail Mix,Backup,S019,San Fernando Dried Goods,2024-04-14,16,kg,11300,12.09,180800,193.37,2024-10-11,Concrete,Autumn
B03555,P110,Premium nut mix,Trail Mix,Backup,S019,San Fernando Dried Goods,2024-05-04,16,kg,11300,12.09,180800,193.37,2024-10-31,Concrete,Autumn
B03556,P110,Premium nut mix,Trail Mix,Primary,S013,Maipo Nuts Ltd.,2024-05-21,15,kg,9950,10.64,149250,159.63,2024-11-17,Concrete,Autumn
B03557,P110,Premium nut mix,Trail Mix,Primary,S013,Maipo Nuts Ltd.,2024-06-19,18,kg,9950,10.64,179100,191.55,2024-12-16,Concrete,Winter
B03558,P110,Premium nut mix,Trail Mix,Primary,S013,Maipo Nuts Ltd.,2024-07-08,18,kg,9950,10.64,179100,191.55,2025-01-04,Concrete,Winter
B03559,P110,Premium nut mix,Trail Mix,Backup,S019,San Fernando Dried Goods,2024-07-29,15,kg,11300,12.09,169500,181.28,2025-01-25,Concrete,Winter
B03560,P110,Premium nut mix,Trail Mix,Primary,S013,Maipo Nuts Ltd.,2024-08-20,14,kg,9950,10.64,139300,148.98,2025-02-16,Concrete,Winter
B03561,P110,Premium nut mix,Trail Mix,Primary,S013,Maipo Nuts Ltd.,2024-09-10,17,kg,9950,10.64,169150,180.91,2025-03-09,Concrete,Spring
B03562,P110,Premium nut mix,Trail Mix,Primary,S013,Maipo Nuts Ltd.,2024-10-03,6,kg,9950,10.64,59700,63.85,2025-04-01,Concrete,Spring
B03563,P110,Premium nut mix,Trail Mix,Primary,S013,Maipo Nuts Ltd.,2024-10-20,5,kg,9950,10.64,49750,53.21,2025-04-18,Concrete,Spring
B03564,P110,Premium nut mix,Trail Mix,Primary,S013,Maipo Nuts Ltd.,2024-11-11,6,kg,9950,10.64,59700,63.85,2025-05-10,Concrete,Spring
B03565,P110,Premium nut mix,Trail Mix,Primary,S013,Maipo Nuts Ltd.,2024-12-04,7,kg,9950,10.64,69650,74.49,2025-06-02,Concrete,Summer
B03566,P110,Premium nut mix,Trail Mix,Backup,S019,San Fernando Dried Goods,2024-12-22,7,kg,11300,12.09,79100,84.6,2025-06-20,Concrete,Summer
B03567,P110,Premium nut mix,Trail Mix,Primary,S013,Maipo Nuts Ltd.,2025-01-07,7,kg,9950,10.64,69650,74.49,2025-07-06,Concrete,Summer
B03568,P110,Premium nut mix,Trail Mix,Primary,S013,Maipo Nuts Ltd.,2025-01-28,6,kg,9950,10.64,59700,63.85,2025-07-27,Concrete,Summer
B03569,P110,Premium nut mix,Trail Mix,Primary,S013,Maipo Nuts Ltd.,2025-02-18,7,kg,9950,10.64,69650,74.49,2025-08-17,Concrete,Summer
B03570,P110,Premium nut mix,Trail Mix,Primary,S013,Maipo Nuts Ltd.,2025-03-08,7,kg,9950,10.64,69650,74.49,2025-09-04,Concrete,Autumn
B03571,P110,Premium nut mix,Trail Mix,Backup,S019,San Fernando Dried Goods,2025-03-31,6,kg,11300,12.09,67800,72.51,2025-09-27,Concrete,Autumn
B03572,P110,Premium nut mix,Trail Mix,Primary,S013,Maipo Nuts Ltd.,2025-04-17,15,kg,9950,10.64,149250,159.63,2025-10-14,Concrete,Autumn
B03573,P110,Premium nut mix,Trail Mix,Primary,S013,Maipo Nuts Ltd.,2025-05-07,20,kg,9950,10.64,199000,212.83,2025-11-03,Concrete,Autumn
B03574,P110,Premium nut mix,Trail Mix,Primary,S013,Maipo Nuts Ltd.,2025-05-30,16,kg,9950,10.64,159200,170.27,2025-11-26,Concrete,Autumn
B03575,P110,Premium nut mix,Trail Mix,Primary,S013,Maipo Nuts Ltd.,2025-06-21,18,kg,9950,10.64,179100,191.55,2025-12-18,Concrete,Winter
B03576,P111,"Student mix (peanut, raisin, choc)",Trail Mix,Primary,S013,Maipo Nuts Ltd.,2023-07-20,10,kg,4950,5.29,49500,52.94,2024-01-16,Concrete,Winter
B03577,P111,"Student mix (peanut, raisin, choc)",Trail Mix,Primary,S013,Maipo Nuts Ltd.,2023-08-07,10,kg,4950,5.29,49500,52.94,2024-02-03,Concrete,Winter
B03578,P111,"Student mix (peanut, raisin, choc)",Trail Mix,Primary,S013,Maipo Nuts Ltd.,2023-08-26,10,kg,4950,5.29,49500,52.94,2024-02-22,Concrete,Winter
B03579,P111,"Student mix (peanut, raisin, choc)",Trail Mix,Primary,S013,Maipo Nuts Ltd.,2023-09-15,14,kg,4950,5.29,69300,74.12,2024-03-13,Concrete,Spring
B03580,P111,"Student mix (peanut, raisin, choc)",Trail Mix,Primary,S013,Maipo Nuts Ltd.,2023-10-09,11,kg,4950,5.29,54450,58.24,2024-04-06,Concrete,Spring
B03581,P111,"Student mix (peanut, raisin, choc)",Trail Mix,Primary,S013,Maipo Nuts Ltd.,2023-10-30,10,kg,4950,5.29,49500,52.94,2024-04-27,Concrete,Spring
B03582,P111,"Student mix (peanut, raisin, choc)",Trail Mix,Backup,S019,San Fernando Dried Goods,2023-11-20,9,kg,5050,5.4,45450,48.61,2024-05-18,Concrete,Spring
B03583,P111,"Student mix (peanut, raisin, choc)",Trail Mix,Primary,S013,Maipo Nuts Ltd.,2023-12-12,12,kg,4950,5.29,59400,63.53,2024-06-09,Concrete,Summer
B03584,P111,"Student mix (peanut, raisin, choc)",Trail Mix,Primary,S013,Maipo Nuts Ltd.,2024-01-02,11,kg,4950,5.29,54450,58.24,2024-06-30,Concrete,Summer
B03585,P111,"Student mix (peanut, raisin, choc)",Trail Mix,Primary,S013,Maipo Nuts Ltd.,2024-01-25,9,kg,4950,5.29,44550,47.65,2024-07-23,Concrete,Summer
B03586,P111,"Student mix (peanut, raisin, choc)",Trail Mix,Primary,S013,Maipo Nuts Ltd.,2024-02-12,9,kg,4950,5.29,44550,47.65,2024-08-10,Concrete,Summer
B03587,P111,"Student mix (peanut, raisin, choc)",Trail Mix,Primary,S013,Maipo Nuts Ltd.,2024-02-29,11,kg,4950,5.29,54450,58.24,2024-08-27,Concrete,Summer
B03588,P111,"Student mix (peanut, raisin, choc)",Trail Mix,Primary,S013,Maipo Nuts Ltd.,2024-03-20,10,kg,4950,5.29,49500,52.94,2024-09-16,Concrete,Autumn
B03589,P111,"Student mix (peanut, raisin, choc)",Trail Mix,Primary,S013,Maipo Nuts Ltd.,2024-04-09,9,kg,4950,5.29,44550,47.65,2024-10-06,Concrete,Autumn
B03590,P111,"Student mix (peanut, raisin, choc)",Trail Mix,Primary,S013,Maipo Nuts Ltd.,2024-04-28,10,kg,4950,5.29,49500,52.94,2024-10-25,Concrete,Autumn
B03591,P111,"Student mix (peanut, raisin, choc)",Trail Mix,Primary,S013,Maipo Nuts Ltd.,2024-05-19,11,kg,4950,5.29,54450,58.24,2024-11-15,Concrete,Autumn
B03592,P111,"Student mix (peanut, raisin, choc)",Trail Mix,Primary,S013,Maipo Nuts Ltd.,2024-06-07,10,kg,4950,5.29,49500,52.94,2024-12-04,Concrete,Winter
B03593,P111,"Student mix (peanut, raisin, choc)",Trail Mix,Primary,S013,Maipo Nuts Ltd.,2024-06-27,11,kg,4950,5.29,54450,58.24,2024-12-24,Concrete,Winter
B03594,P111,"Student mix (peanut, raisin, choc)",Trail Mix,Primary,S013,Maipo Nuts Ltd.,2024-07-12,9,kg,4950,5.29,44550,47.65,2025-01-08,Concrete,Winter
B03595,P111,"Student mix (peanut, raisin, choc)",Trail Mix,Primary,S013,Maipo Nuts Ltd.,2024-08-01,11,kg,4950,5.29,54450,58.24,2025-01-28,Concrete,Winter
B03596,P111,"Student mix (peanut, raisin, choc)",Trail Mix,Primary,S013,Maipo Nuts Ltd.,2024-08-21,11,kg,4950,5.29,54450,58.24,2025-02-17,Concrete,Winter
B03597,P111,"Student mix (peanut, raisin, choc)",Trail Mix,Primary,S013,Maipo Nuts Ltd.,2024-09-14,13,kg,4950,5.29,64350,68.82,2025-03-13,Concrete,Spring
B03598,P111,"Student mix (peanut, raisin, choc)",Trail Mix,Primary,S013,Maipo Nuts Ltd.,2024-10-11,11,kg,4950,5.29,54450,58.24,2025-04-09,Concrete,Spring
B03599,P111,"Student mix (peanut, raisin, choc)",Trail Mix,Primary,S013,Maipo Nuts Ltd.,2024-11-06,11,kg,4950,5.29,54450,58.24,2025-05-05,Concrete,Spring
B03600,P111,"Student mix (peanut, raisin, choc)",Trail Mix,Primary,S013,Maipo Nuts Ltd.,2024-11-26,11,kg,4950,5.29,54450,58.24,2025-05-25,Concrete,Spring
B03601,P111,"Student mix (peanut, raisin, choc)",Trail Mix,Primary,S013,Maipo Nuts Ltd.,2024-12-17,12,kg,4950,5.29,59400,63.53,2025-06-15,Concrete,Summer
B03602,P111,"Student mix (peanut, raisin, choc)",Trail Mix,Backup,S019,San Fernando Dried Goods,2025-01-05,12,kg,5050,5.4,60600,64.81,2025-07-04,Concrete,Summer
B03603,P111,"Student mix (peanut, raisin, choc)",Trail Mix,Primary,S013,Maipo Nuts Ltd.,2025-01-29,12,kg,4950,5.29,59400,63.53,2025-07-28,Concrete,Summer
B03604,P111,"Student mix (peanut, raisin, choc)",Trail Mix,Primary,S013,Maipo Nuts Ltd.,2025-02-19,12,kg,4950,5.29,59400,63.53,2025-08-18,Concrete,Summer
B03605,P111,"Student mix (peanut, raisin, choc)",Trail Mix,Primary,S013,Maipo Nuts Ltd.,2025-03-11,11,kg,4950,5.29,54450,58.24,2025-09-07,Concrete,Autumn
B03606,P111,"Student mix (peanut, raisin, choc)",Trail Mix,Primary,S013,Maipo Nuts Ltd.,2025-03-27,10,kg,4950,5.29,49500,52.94,2025-09-23,Concrete,Autumn
B03607,P111,"Student mix (peanut, raisin, choc)",Trail Mix,Primary,S013,Maipo Nuts Ltd.,2025-04-19,10,kg,4950,5.29,49500,52.94,2025-10-16,Concrete,Autumn
B03608,P111,"Student mix (peanut, raisin, choc)",Trail Mix,Primary,S013,Maipo Nuts Ltd.,2025-05-14,11,kg,4950,5.29,54450,58.24,2025-11-10,Concrete,Autumn
B03609,P111,"Student mix (peanut, raisin, choc)",Trail Mix,Primary,S013,Maipo Nuts Ltd.,2025-06-10,9,kg,4950,5.29,44550,47.65,2025-12-07,Concrete,Winter
B03610,P112,Empty PET bottle 200ml (pack of 10),Packaging,Primary,S021,PackChile Wholesale,2023-08-15,23,pack 10,1000,1.07,23000,24.6,2033-08-12,Concrete,Winter
B03611,P112,Empty PET bottle 200ml (pack of 10),Packaging,Primary,S021,PackChile Wholesale,2023-10-28,19,pack 10,1000,1.07,19000,20.32,2033-10-25,Concrete,Spring
B03612,P112,Empty PET bottle 200ml (pack of 10),Packaging,Primary,S021,PackChile Wholesale,2024-01-11,20,pack 10,1000,1.07,20000,21.39,2034-01-08,Concrete,Summer
B03613,P112,Empty PET bottle 200ml (pack of 10),Packaging,Primary,S021,PackChile Wholesale,2024-03-12,18,pack 10,1000,1.07,18000,19.25,2034-03-10,Concrete,Autumn
B03614,P112,Empty PET bottle 200ml (pack of 10),Packaging,Primary,S021,PackChile Wholesale,2024-04-22,20,pack 10,1000,1.07,20000,21.39,2034-04-20,Concrete,Autumn
B03615,P112,Empty PET bottle 200ml (pack of 10),Packaging,Backup,S022,Envases del Pacifico,2024-06-15,17,pack 10,1050,1.12,17850,19.09,2034-06-13,Concrete,Winter
B03616,P112,Empty PET bottle 200ml (pack of 10),Packaging,Primary,S021,PackChile Wholesale,2024-08-17,19,pack 10,1000,1.07,19000,20.32,2034-08-15,Concrete,Winter
B03617,P112,Empty PET bottle 200ml (pack of 10),Packaging,Primary,S021,PackChile Wholesale,2024-10-16,23,pack 10,1000,1.07,23000,24.6,2034-10-14,Concrete,Spring
B03618,P112,Empty PET bottle 200ml (pack of 10),Packaging,Primary,S021,PackChile Wholesale,2024-12-18,28,pack 10,1000,1.07,28000,29.95,2034-12-16,Concrete,Summer
B03619,P112,Empty PET bottle 200ml (pack of 10),Packaging,Primary,S021,PackChile Wholesale,2025-02-28,20,pack 10,1000,1.07,20000,21.39,2035-02-26,Concrete,Summer
B03620,P112,Empty PET bottle 200ml (pack of 10),Packaging,Primary,S021,PackChile Wholesale,2025-04-20,19,pack 10,1000,1.07,19000,20.32,2035-04-18,Concrete,Autumn
B03621,P112,Empty PET bottle 200ml (pack of 10),Packaging,Primary,S021,PackChile Wholesale,2025-06-16,20,pack 10,1000,1.07,20000,21.39,2035-06-14,Concrete,Winter
B03622,P113,Empty PET bottle 350ml (pack of 10),Packaging,Backup,S022,Envases del Pacifico,2023-08-17,18,pack 10,1400,1.5,25200,26.95,2033-08-14,Concrete,Winter
B03623,P113,Empty PET bottle 350ml (pack of 10),Packaging,Primary,S021,PackChile Wholesale,2023-10-16,23,pack 10,1350,1.44,31050,33.21,2033-10-13,Concrete,Spring
B03624,P113,Empty PET bottle 350ml (pack of 10),Packaging,Primary,S021,PackChile Wholesale,2023-12-11,23,pack 10,1350,1.44,31050,33.21,2033-12-08,Concrete,Summer
B03625,P113,Empty PET bottle 350ml (pack of 10),Packaging,Primary,S021,PackChile Wholesale,2024-02-08,19,pack 10,1350,1.44,25650,27.43,2034-02-05,Concrete,Summer
B03626,P113,Empty PET bottle 350ml (pack of 10),Packaging,Primary,S021,PackChile Wholesale,2024-04-21,21,pack 10,1350,1.44,28350,30.32,2034-04-19,Concrete,Autumn
B03627,P113,Empty PET bottle 350ml (pack of 10),Packaging,Primary,S021,PackChile Wholesale,2024-06-25,19,pack 10,1350,1.44,25650,27.43,2034-06-23,Concrete,Winter
B03628,P113,Empty PET bottle 350ml (pack of 10),Packaging,Primary,S021,PackChile Wholesale,2024-08-23,22,pack 10,1350,1.44,29700,31.76,2034-08-21,Concrete,Winter
B03629,P113,Empty PET bottle 350ml (pack of 10),Packaging,Primary,S021,PackChile Wholesale,2024-10-08,21,pack 10,1350,1.44,28350,30.32,2034-10-06,Concrete,Spring
B03630,P113,Empty PET bottle 350ml (pack of 10),Packaging,Primary,S021,PackChile Wholesale,2024-12-04,23,pack 10,1350,1.44,31050,33.21,2034-12-02,Concrete,Summer
B03631,P113,Empty PET bottle 350ml (pack of 10),Packaging,Primary,S021,PackChile Wholesale,2025-02-17,21,pack 10,1350,1.44,28350,30.32,2035-02-15,Concrete,Summer
B03632,P113,Empty PET bottle 350ml (pack of 10),Packaging,Backup,S022,Envases del Pacifico,2025-04-29,20,pack 10,1400,1.5,28000,29.95,2035-04-27,Concrete,Autumn
B03633,P113,Empty PET bottle 350ml (pack of 10),Packaging,Backup,S022,Envases del Pacifico,2025-06-21,20,pack 10,1400,1.5,28000,29.95,2035-06-19,Concrete,Winter
B03634,P114,Empty PET bottle 500ml (pack of 10),Packaging,Primary,S021,PackChile Wholesale,2023-07-14,19,pack 10,1650,1.76,31350,33.53,2033-07-11,Concrete,Winter
B03635,P114,Empty PET bottle 500ml (pack of 10),Packaging,Primary,S021,PackChile Wholesale,2023-09-06,27,pack 10,1650,1.76,44550,47.65,2033-09-03,Concrete,Spring
B03636,P114,Empty PET bottle 500ml (pack of 10),Packaging,Backup,S022,Envases del Pacifico,2023-11-17,19,pack 10,1800,1.93,34200,36.58,2033-11-14,Concrete,Spring
B03637,P114,Empty PET bottle 500ml (pack of 10),Packaging,Primary,S021,PackChile Wholesale,2023-12-23,24,pack 10,1650,1.76,39600,42.35,2033-12-20,Concrete,Summer
B03638,P114,Empty PET bottle 500ml (pack of 10),Packaging,Primary,S021,PackChile Wholesale,2024-02-24,22,pack 10,1650,1.76,36300,38.82,2034-02-21,Concrete,Summer
B03639,P114,Empty PET bottle 500ml (pack of 10),Packaging,Primary,S021,PackChile Wholesale,2024-05-04,23,pack 10,1650,1.76,37950,40.59,2034-05-02,Concrete,Autumn
B03640,P114,Empty PET bottle 500ml (pack of 10),Packaging,Primary,S021,PackChile Wholesale,2024-07-06,21,pack 10,1650,1.76,34650,37.06,2034-07-04,Concrete,Winter
B03641,P114,Empty PET bottle 500ml (pack of 10),Packaging,Backup,S022,Envases del Pacifico,2024-09-10,23,pack 10,1800,1.93,41400,44.28,2034-09-08,Concrete,Spring
B03642,P114,Empty PET bottle 500ml (pack of 10),Packaging,Primary,S021,PackChile Wholesale,2024-11-17,20,pack 10,1650,1.76,33000,35.29,2034-11-15,Concrete,Spring
B03643,P114,Empty PET bottle 500ml (pack of 10),Packaging,Backup,S022,Envases del Pacifico,2025-01-19,24,pack 10,1800,1.93,43200,46.2,2035-01-17,Concrete,Summer
B03644,P114,Empty PET bottle 500ml (pack of 10),Packaging,Primary,S021,PackChile Wholesale,2025-03-15,20,pack 10,1650,1.76,33000,35.29,2035-03-13,Concrete,Autumn
B03645,P114,Empty PET bottle 500ml (pack of 10),Packaging,Primary,S021,PackChile Wholesale,2025-05-15,24,pack 10,1650,1.76,39600,42.35,2035-05-13,Concrete,Autumn
B03646,P115,Empty PET bottle 750ml (pack of 10),Packaging,Primary,S021,PackChile Wholesale,2023-08-25,20,pack 10,2050,2.19,41000,43.85,2033-08-22,Concrete,Winter
B03647,P115,Empty PET bottle 750ml (pack of 10),Packaging,Primary,S021,PackChile Wholesale,2023-10-03,22,pack 10,2050,2.19,45100,48.24,2033-09-30,Concrete,Spring
B03648,P115,Empty PET bottle 750ml (pack of 10),Packaging,Primary,S021,PackChile Wholesale,2023-12-07,23,pack 10,2050,2.19,47150,50.43,2033-12-04,Concrete,Summer
B03649,P115,Empty PET bottle 750ml (pack of 10),Packaging,Primary,S021,PackChile Wholesale,2024-01-28,19,pack 10,2050,2.19,38950,41.66,2034-01-25,Concrete,Summer
B03650,P115,Empty PET bottle 750ml (pack of 10),Packaging,Primary,S021,PackChile Wholesale,2024-03-23,23,pack 10,2050,2.19,47150,50.43,2034-03-21,Concrete,Autumn
B03651,P115,Empty PET bottle 750ml (pack of 10),Packaging,Primary,S021,PackChile Wholesale,2024-05-13,20,pack 10,2050,2.19,41000,43.85,2034-05-11,Concrete,Autumn
B03652,P115,Empty PET bottle 750ml (pack of 10),Packaging,Primary,S021,PackChile Wholesale,2024-07-11,18,pack 10,2050,2.19,36900,39.47,2034-07-09,Concrete,Winter
B03653,P115,Empty PET bottle 750ml (pack of 10),Packaging,Primary,S021,PackChile Wholesale,2024-09-16,28,pack 10,2050,2.19,57400,61.39,2034-09-14,Concrete,Spring
B03654,P115,Empty PET bottle 750ml (pack of 10),Packaging,Primary,S021,PackChile Wholesale,2024-11-19,18,pack 10,2050,2.19,36900,39.47,2034-11-17,Concrete,Spring
B03655,P115,Empty PET bottle 750ml (pack of 10),Packaging,Primary,S021,PackChile Wholesale,2025-01-21,19,pack 10,2050,2.19,38950,41.66,2035-01-19,Concrete,Summer
B03656,P115,Empty PET bottle 750ml (pack of 10),Packaging,Primary,S021,PackChile Wholesale,2025-03-19,23,pack 10,2050,2.19,47150,50.43,2035-03-17,Concrete,Autumn
B03657,P115,Empty PET bottle 750ml (pack of 10),Packaging,Primary,S021,PackChile Wholesale,2025-05-20,25,pack 10,2050,2.19,51250,54.81,2035-05-18,Concrete,Autumn
B03658,P116,Empty PET bottle 1L (pack of 10),Packaging,Primary,S021,PackChile Wholesale,2023-08-13,21,pack 10,2350,2.51,49350,52.78,2033-08-10,Concrete,Winter
B03659,P116,Empty PET bottle 1L (pack of 10),Packaging,Primary,S021,PackChile Wholesale,2023-10-03,19,pack 10,2350,2.51,44650,47.75,2033-09-30,Concrete,Spring
B03660,P116,Empty PET bottle 1L (pack of 10),Packaging,Primary,S021,PackChile Wholesale,2023-11-16,18,pack 10,2350,2.51,42300,45.24,2033-11-13,Concrete,Spring
B03661,P116,Empty PET bottle 1L (pack of 10),Packaging,Primary,S021,PackChile Wholesale,2024-01-18,19,pack 10,2350,2.51,44650,47.75,2034-01-15,Concrete,Summer
B03662,P116,Empty PET bottle 1L (pack of 10),Packaging,Backup,S022,Envases del Pacifico,2024-03-23,21,pack 10,2400,2.57,50400,53.9,2034-03-21,Concrete,Autumn
B03663,P116,Empty PET bottle 1L (pack of 10),Packaging,Primary,S021,PackChile Wholesale,2024-05-08,21,pack 10,2350,2.51,49350,52.78,2034-05-06,Concrete,Autumn
B03664,P116,Empty PET bottle 1L (pack of 10),Packaging,Primary,S021,PackChile Wholesale,2024-06-22,19,pack 10,2350,2.51,44650,47.75,2034-06-20,Concrete,Winter
B03665,P116,Empty PET bottle 1L (pack of 10),Packaging,Primary,S021,PackChile Wholesale,2024-08-17,21,pack 10,2350,2.51,49350,52.78,2034-08-15,Concrete,Winter
B03666,P116,Empty PET bottle 1L (pack of 10),Packaging,Primary,S021,PackChile Wholesale,2024-10-18,23,pack 10,2350,2.51,54050,57.81,2034-10-16,Concrete,Spring
B03667,P116,Empty PET bottle 1L (pack of 10),Packaging,Primary,S021,PackChile Wholesale,2024-11-23,21,pack 10,2350,2.51,49350,52.78,2034-11-21,Concrete,Spring
B03668,P116,Empty PET bottle 1L (pack of 10),Packaging,Primary,S021,PackChile Wholesale,2025-01-06,21,pack 10,2350,2.51,49350,52.78,2035-01-04,Concrete,Summer
B03669,P116,Empty PET bottle 1L (pack of 10),Packaging,Primary,S021,PackChile Wholesale,2025-03-05,23,pack 10,2350,2.51,54050,57.81,2035-03-03,Concrete,Autumn
B03670,P116,Empty PET bottle 1L (pack of 10),Packaging,Primary,S021,PackChile Wholesale,2025-04-22,24,pack 10,2350,2.51,56400,60.32,2035-04-20,Concrete,Autumn
B03671,P116,Empty PET bottle 1L (pack of 10),Packaging,Primary,S021,PackChile Wholesale,2025-06-28,20,pack 10,2350,2.51,47000,50.27,2035-06-26,Concrete,Winter
B03672,P117,Empty PET bottle 1.5L (pack of 10),Packaging,Primary,S021,PackChile Wholesale,2023-07-05,18,pack 10,3100,3.32,55800,59.68,2033-07-02,Concrete,Winter
B03673,P117,Empty PET bottle 1.5L (pack of 10),Packaging,Primary,S021,PackChile Wholesale,2023-09-05,29,pack 10,3100,3.32,89900,96.15,2033-09-02,Concrete,Spring
B03674,P117,Empty PET bottle 1.5L (pack of 10),Packaging,Primary,S021,PackChile Wholesale,2023-10-30,20,pack 10,3100,3.32,62000,66.31,2033-10-27,Concrete,Spring
B03675,P117,Empty PET bottle 1.5L (pack of 10),Packaging,Primary,S021,PackChile Wholesale,2023-12-07,28,pack 10,3100,3.32,86800,92.83,2033-12-04,Concrete,Summer
B03676,P117,Empty PET bottle 1.5L (pack of 10),Packaging,Primary,S021,PackChile Wholesale,2024-02-06,23,pack 10,3100,3.32,71300,76.26,2034-02-03,Concrete,Summer
B03677,P117,Empty PET bottle 1.5L (pack of 10),Packaging,Primary,S021,PackChile Wholesale,2024-04-08,19,pack 10,3100,3.32,58900,62.99,2034-04-06,Concrete,Autumn
B03678,P117,Empty PET bottle 1.5L (pack of 10),Packaging,Primary,S021,PackChile Wholesale,2024-06-19,18,pack 10,3100,3.32,55800,59.68,2034-06-17,Concrete,Winter
B03679,P117,Empty PET bottle 1.5L (pack of 10),Packaging,Primary,S021,PackChile Wholesale,2024-08-18,22,pack 10,3100,3.32,68200,72.94,2034-08-16,Concrete,Winter
B03680,P117,Empty PET bottle 1.5L (pack of 10),Packaging,Primary,S021,PackChile Wholesale,2024-10-05,22,pack 10,3100,3.32,68200,72.94,2034-10-03,Concrete,Spring
B03681,P117,Empty PET bottle 1.5L (pack of 10),Packaging,Primary,S021,PackChile Wholesale,2024-11-27,17,pack 10,3100,3.32,52700,56.36,2034-11-25,Concrete,Spring
B03682,P117,Empty PET bottle 1.5L (pack of 10),Packaging,Primary,S021,PackChile Wholesale,2025-01-19,19,pack 10,3100,3.32,58900,62.99,2035-01-17,Concrete,Summer
B03683,P117,Empty PET bottle 1.5L (pack of 10),Packaging,Primary,S021,PackChile Wholesale,2025-03-17,20,pack 10,3100,3.32,62000,66.31,2035-03-15,Concrete,Autumn
B03684,P117,Empty PET bottle 1.5L (pack of 10),Packaging,Primary,S021,PackChile Wholesale,2025-05-26,25,pack 10,3100,3.32,77500,82.89,2035-05-24,Concrete,Autumn
B03685,P118,Empty PET bottle 2L (pack of 10),Packaging,Primary,S021,PackChile Wholesale,2023-08-02,20,pack 10,3600,3.85,72000,77.01,2033-07-30,Concrete,Winter
B03686,P118,Empty PET bottle 2L (pack of 10),Packaging,Primary,S021,PackChile Wholesale,2023-09-25,27,pack 10,3600,3.85,97200,103.96,2033-09-22,Concrete,Spring
B03687,P118,Empty PET bottle 2L (pack of 10),Packaging,Backup,S022,Envases del Pacifico,2023-11-24,21,pack 10,3700,3.96,77700,83.1,2033-11-21,Concrete,Spring
B03688,P118,Empty PET bottle 2L (pack of 10),Packaging,Primary,S021,PackChile Wholesale,2024-01-20,21,pack 10,3600,3.85,75600,80.86,2034-01-17,Concrete,Summer
B03689,P118,Empty PET bottle 2L (pack of 10),Packaging,Primary,S021,PackChile Wholesale,2024-03-20,18,pack 10,3600,3.85,64800,69.3,2034-03-18,Concrete,Autumn
B03690,P118,Empty PET bottle 2L (pack of 10),Packaging,Primary,S021,PackChile Wholesale,2024-05-24,22,pack 10,3600,3.85,79200,84.71,2034-05-22,Concrete,Autumn
B03691,P118,Empty PET bottle 2L (pack of 10),Packaging,Primary,S021,PackChile Wholesale,2024-07-26,17,pack 10,3600,3.85,61200,65.45,2034-07-24,Concrete,Winter
B03692,P118,Empty PET bottle 2L (pack of 10),Packaging,Primary,S021,PackChile Wholesale,2024-09-21,22,pack 10,3600,3.85,79200,84.71,2034-09-19,Concrete,Spring
B03693,P118,Empty PET bottle 2L (pack of 10),Packaging,Backup,S022,Envases del Pacifico,2024-11-24,19,pack 10,3700,3.96,70300,75.19,2034-11-22,Concrete,Spring
B03694,P118,Empty PET bottle 2L (pack of 10),Packaging,Primary,S021,PackChile Wholesale,2025-01-21,21,pack 10,3600,3.85,75600,80.86,2035-01-19,Concrete,Summer
B03695,P118,Empty PET bottle 2L (pack of 10),Packaging,Primary,S021,PackChile Wholesale,2025-04-04,25,pack 10,3600,3.85,90000,96.26,2035-04-02,Concrete,Autumn
B03696,P118,Empty PET bottle 2L (pack of 10),Packaging,Primary,S021,PackChile Wholesale,2025-06-12,22,pack 10,3600,3.85,79200,84.71,2035-06-10,Concrete,Winter
B03697,P119,Poly bag 10x15cm (pack of 100),Packaging,Primary,S021,PackChile Wholesale,2023-07-14,21,pack 100,650,0.7,13650,14.6,2033-07-11,Concrete,Winter
B03698,P119,Poly bag 10x15cm (pack of 100),Packaging,Primary,S021,PackChile Wholesale,2023-09-13,25,pack 100,650,0.7,16250,17.38,2033-09-10,Concrete,Spring
B03699,P119,Poly bag 10x15cm (pack of 100),Packaging,Primary,S021,PackChile Wholesale,2023-11-10,22,pack 100,650,0.7,14300,15.29,2033-11-07,Concrete,Spring
B03700,P119,Poly bag 10x15cm (pack of 100),Packaging,Primary,S021,PackChile Wholesale,2024-01-13,17,pack 100,650,0.7,11050,11.82,2034-01-10,Concrete,Summer
B03701,P119,Poly bag 10x15cm (pack of 100),Packaging,Primary,S021,PackChile Wholesale,2024-02-28,22,pack 100,650,0.7,14300,15.29,2034-02-25,Concrete,Summer
B03702,P119,Poly bag 10x15cm (pack of 100),Packaging,Primary,S021,PackChile Wholesale,2024-04-22,21,pack 100,650,0.7,13650,14.6,2034-04-20,Concrete,Autumn
B03703,P119,Poly bag 10x15cm (pack of 100),Packaging,Backup,S022,Envases del Pacifico,2024-06-24,18,pack 100,700,0.75,12600,13.48,2034-06-22,Concrete,Winter
B03704,P119,Poly bag 10x15cm (pack of 100),Packaging,Primary,S021,PackChile Wholesale,2024-09-02,26,pack 100,650,0.7,16900,18.07,2034-08-31,Concrete,Spring
B03705,P119,Poly bag 10x15cm (pack of 100),Packaging,Primary,S021,PackChile Wholesale,2024-10-27,21,pack 100,650,0.7,13650,14.6,2034-10-25,Concrete,Spring
B03706,P119,Poly bag 10x15cm (pack of 100),Packaging,Primary,S021,PackChile Wholesale,2024-12-23,28,pack 100,650,0.7,18200,19.47,2034-12-21,Concrete,Summer
B03707,P119,Poly bag 10x15cm (pack of 100),Packaging,Primary,S021,PackChile Wholesale,2025-02-26,23,pack 100,650,0.7,14950,15.99,2035-02-24,Concrete,Summer
B03708,P119,Poly bag 10x15cm (pack of 100),Packaging,Backup,S022,Envases del Pacifico,2025-04-17,24,pack 100,700,0.75,16800,17.97,2035-04-15,Concrete,Autumn
B03709,P119,Poly bag 10x15cm (pack of 100),Packaging,Primary,S021,PackChile Wholesale,2025-06-08,25,pack 100,650,0.7,16250,17.38,2035-06-06,Concrete,Winter
B03710,P120,Poly bag 12x20cm (pack of 100),Packaging,Primary,S021,PackChile Wholesale,2023-07-01,19,pack 100,950,1.02,18050,19.3,2033-06-28,Concrete,Winter
B03711,P120,Poly bag 12x20cm (pack of 100),Packaging,Backup,S022,Envases del Pacifico,2023-08-26,17,pack 100,1100,1.18,18700,20.0,2033-08-23,Concrete,Winter
B03712,P120,Poly bag 12x20cm (pack of 100),Packaging,Primary,S021,PackChile Wholesale,2023-10-23,22,pack 100,950,1.02,20900,22.35,2033-10-20,Concrete,Spring
B03713,P120,Poly bag 12x20cm (pack of 100),Packaging,Primary,S021,PackChile Wholesale,2023-12-28,29,pack 100,950,1.02,27550,29.47,2033-12-25,Concrete,Summer
B03714,P120,Poly bag 12x20cm (pack of 100),Packaging,Primary,S021,PackChile Wholesale,2024-02-19,22,pack 100,950,1.02,20900,22.35,2034-02-16,Concrete,Summer
B03715,P120,Poly bag 12x20cm (pack of 100),Packaging,Backup,S022,Envases del Pacifico,2024-04-13,23,pack 100,1100,1.18,25300,27.06,2034-04-11,Concrete,Autumn
B03716,P120,Poly bag 12x20cm (pack of 100),Packaging,Primary,S021,PackChile Wholesale,2024-06-19,19,pack 100,950,1.02,18050,19.3,2034-06-17,Concrete,Winter
B03717,P120,Poly bag 12x20cm (pack of 100),Packaging,Primary,S021,PackChile Wholesale,2024-08-19,18,pack 100,950,1.02,17100,18.29,2034-08-17,Concrete,Winter
B03718,P120,Poly bag 12x20cm (pack of 100),Packaging,Primary,S021,PackChile Wholesale,2024-10-27,20,pack 100,950,1.02,19000,20.32,2034-10-25,Concrete,Spring
B03719,P120,Poly bag 12x20cm (pack of 100),Packaging,Primary,S021,PackChile Wholesale,2024-12-20,28,pack 100,950,1.02,26600,28.45,2034-12-18,Concrete,Summer
B03720,P120,Poly bag 12x20cm (pack of 100),Packaging,Backup,S022,Envases del Pacifico,2025-02-25,21,pack 100,1100,1.18,23100,24.71,2035-02-23,Concrete,Summer
B03721,P120,Poly bag 12x20cm (pack of 100),Packaging,Primary,S021,PackChile Wholesale,2025-04-12,20,pack 100,950,1.02,19000,20.32,2035-04-10,Concrete,Autumn
B03722,P120,Poly bag 12x20cm (pack of 100),Packaging,Primary,S021,PackChile Wholesale,2025-06-09,19,pack 100,950,1.02,18050,19.3,2035-06-07,Concrete,Winter
B03723,P121,Poly bag 15x25cm (pack of 100),Packaging,Primary,S021,PackChile Wholesale,2023-07-22,19,pack 100,1300,1.39,24700,26.42,2033-07-19,Concrete,Winter
B03724,P121,Poly bag 15x25cm (pack of 100),Packaging,Primary,S021,PackChile Wholesale,2023-09-15,24,pack 100,1300,1.39,31200,33.37,2033-09-12,Concrete,Spring
B03725,P121,Poly bag 15x25cm (pack of 100),Packaging,Primary,S021,PackChile Wholesale,2023-10-27,21,pack 100,1300,1.39,27300,29.2,2033-10-24,Concrete,Spring
B03726,P121,Poly bag 15x25cm (pack of 100),Packaging,Primary,S021,PackChile Wholesale,2024-01-04,22,pack 100,1300,1.39,28600,30.59,2034-01-01,Concrete,Summer
B03727,P121,Poly bag 15x25cm (pack of 100),Packaging,Primary,S021,PackChile Wholesale,2024-03-08,23,pack 100,1300,1.39,29900,31.98,2034-03-06,Concrete,Autumn
B03728,P121,Poly bag 15x25cm (pack of 100),Packaging,Backup,S022,Envases del Pacifico,2024-05-21,22,pack 100,1400,1.5,30800,32.94,2034-05-19,Concrete,Autumn
B03729,P121,Poly bag 15x25cm (pack of 100),Packaging,Primary,S021,PackChile Wholesale,2024-07-16,18,pack 100,1300,1.39,23400,25.03,2034-07-14,Concrete,Winter
B03730,P121,Poly bag 15x25cm (pack of 100),Packaging,Primary,S021,PackChile Wholesale,2024-08-28,21,pack 100,1300,1.39,27300,29.2,2034-08-26,Concrete,Winter
B03731,P121,Poly bag 15x25cm (pack of 100),Packaging,Primary,S021,PackChile Wholesale,2024-10-15,23,pack 100,1300,1.39,29900,31.98,2034-10-13,Concrete,Spring
B03732,P121,Poly bag 15x25cm (pack of 100),Packaging,Primary,S021,PackChile Wholesale,2024-12-17,24,pack 100,1300,1.39,31200,33.37,2034-12-15,Concrete,Summer
B03733,P121,Poly bag 15x25cm (pack of 100),Packaging,Backup,S022,Envases del Pacifico,2025-02-04,19,pack 100,1400,1.5,26600,28.45,2035-02-02,Concrete,Summer
B03734,P121,Poly bag 15x25cm (pack of 100),Packaging,Backup,S022,Envases del Pacifico,2025-04-04,23,pack 100,1400,1.5,32200,34.44,2035-04-02,Concrete,Autumn
B03735,P121,Poly bag 15x25cm (pack of 100),Packaging,Primary,S021,PackChile Wholesale,2025-05-26,22,pack 100,1300,1.39,28600,30.59,2035-05-24,Concrete,Autumn
B03736,P122,Poly bag 20x30cm (pack of 100),Packaging,Primary,S021,PackChile Wholesale,2023-07-03,22,pack 100,1750,1.87,38500,41.18,2033-06-30,Concrete,Winter
B03737,P122,Poly bag 20x30cm (pack of 100),Packaging,Primary,S021,PackChile Wholesale,2023-08-24,22,pack 100,1750,1.87,38500,41.18,2033-08-21,Concrete,Winter
B03738,P122,Poly bag 20x30cm (pack of 100),Packaging,Primary,S021,PackChile Wholesale,2023-11-05,22,pack 100,1750,1.87,38500,41.18,2033-11-02,Concrete,Spring
B03739,P122,Poly bag 20x30cm (pack of 100),Packaging,Primary,S021,PackChile Wholesale,2023-12-26,26,pack 100,1750,1.87,45500,48.66,2033-12-23,Concrete,Summer
B03740,P122,Poly bag 20x30cm (pack of 100),Packaging,Primary,S021,PackChile Wholesale,2024-02-06,18,pack 100,1750,1.87,31500,33.69,2034-02-03,Concrete,Summer
B03741,P122,Poly bag 20x30cm (pack of 100),Packaging,Primary,S021,PackChile Wholesale,2024-04-04,21,pack 100,1750,1.87,36750,39.3,2034-04-02,Concrete,Autumn
B03742,P122,Poly bag 20x30cm (pack of 100),Packaging,Backup,S022,Envases del Pacifico,2024-06-07,18,pack 100,1700,1.82,30600,32.73,2034-06-05,Concrete,Winter
B03743,P122,Poly bag 20x30cm (pack of 100),Packaging,Primary,S021,PackChile Wholesale,2024-07-13,19,pack 100,1750,1.87,33250,35.56,2034-07-11,Concrete,Winter
B03744,P122,Poly bag 20x30cm (pack of 100),Packaging,Primary,S021,PackChile Wholesale,2024-09-23,23,pack 100,1750,1.87,40250,43.05,2034-09-21,Concrete,Spring
B03745,P122,Poly bag 20x30cm (pack of 100),Packaging,Backup,S022,Envases del Pacifico,2024-11-29,19,pack 100,1700,1.82,32300,34.55,2034-11-27,Concrete,Spring
B03746,P122,Poly bag 20x30cm (pack of 100),Packaging,Primary,S021,PackChile Wholesale,2025-01-12,21,pack 100,1750,1.87,36750,39.3,2035-01-10,Concrete,Summer
B03747,P122,Poly bag 20x30cm (pack of 100),Packaging,Primary,S021,PackChile Wholesale,2025-03-02,22,pack 100,1750,1.87,38500,41.18,2035-02-28,Concrete,Autumn
B03748,P122,Poly bag 20x30cm (pack of 100),Packaging,Primary,S021,PackChile Wholesale,2025-05-11,23,pack 100,1750,1.87,40250,43.05,2035-05-09,Concrete,Autumn
B03749,P122,Poly bag 20x30cm (pack of 100),Packaging,Primary,S021,PackChile Wholesale,2025-06-28,21,pack 100,1750,1.87,36750,39.3,2035-06-26,Concrete,Winter
B03750,P123,Poly bag 25x35cm (pack of 100),Packaging,Primary,S021,PackChile Wholesale,2023-08-02,19,pack 100,1950,2.09,37050,39.63,2033-07-30,Concrete,Winter
B03751,P123,Poly bag 25x35cm (pack of 100),Packaging,Primary,S021,PackChile Wholesale,2023-09-28,28,pack 100,1950,2.09,54600,58.4,2033-09-25,Concrete,Spring
B03752,P123,Poly bag 25x35cm (pack of 100),Packaging,Primary,S021,PackChile Wholesale,2023-11-20,23,pack 100,1950,2.09,44850,47.97,2033-11-17,Concrete,Spring
B03753,P123,Poly bag 25x35cm (pack of 100),Packaging,Primary,S021,PackChile Wholesale,2024-01-09,18,pack 100,1950,2.09,35100,37.54,2034-01-06,Concrete,Summer
B03754,P123,Poly bag 25x35cm (pack of 100),Packaging,Primary,S021,PackChile Wholesale,2024-03-17,18,pack 100,1950,2.09,35100,37.54,2034-03-15,Concrete,Autumn
B03755,P123,Poly bag 25x35cm (pack of 100),Packaging,Backup,S022,Envases del Pacifico,2024-05-07,18,pack 100,2200,2.35,39600,42.35,2034-05-05,Concrete,Autumn
B03756,P123,Poly bag 25x35cm (pack of 100),Packaging,Primary,S021,PackChile Wholesale,2024-07-02,23,pack 100,1950,2.09,44850,47.97,2034-06-30,Concrete,Winter
B03757,P123,Poly bag 25x35cm (pack of 100),Packaging,Primary,S021,PackChile Wholesale,2024-08-29,23,pack 100,1950,2.09,44850,47.97,2034-08-27,Concrete,Winter
B03758,P123,Poly bag 25x35cm (pack of 100),Packaging,Backup,S022,Envases del Pacifico,2024-10-28,21,pack 100,2200,2.35,46200,49.41,2034-10-26,Concrete,Spring
B03759,P123,Poly bag 25x35cm (pack of 100),Packaging,Primary,S021,PackChile Wholesale,2024-12-20,22,pack 100,1950,2.09,42900,45.88,2034-12-18,Concrete,Summer
B03760,P123,Poly bag 25x35cm (pack of 100),Packaging,Primary,S021,PackChile Wholesale,2025-02-19,24,pack 100,1950,2.09,46800,50.05,2035-02-17,Concrete,Summer
B03761,P123,Poly bag 25x35cm (pack of 100),Packaging,Primary,S021,PackChile Wholesale,2025-04-19,24,pack 100,1950,2.09,46800,50.05,2035-04-17,Concrete,Autumn
B03762,P123,Poly bag 25x35cm (pack of 100),Packaging,Primary,S021,PackChile Wholesale,2025-06-04,20,pack 100,1950,2.09,39000,41.71,2035-06-02,Concrete,Winter
B03763,P124,Poly bag 30x40cm (pack of 100),Packaging,Primary,S021,PackChile Wholesale,2023-07-08,19,pack 100,2550,2.73,48450,51.82,2033-07-05,Concrete,Winter
B03764,P124,Poly bag 30x40cm (pack of 100),Packaging,Primary,S021,PackChile Wholesale,2023-09-11,23,pack 100,2550,2.73,58650,62.73,2033-09-08,Concrete,Spring
B03765,P124,Poly bag 30x40cm (pack of 100),Packaging,Primary,S021,PackChile Wholesale,2023-11-09,19,pack 100,2550,2.73,48450,51.82,2033-11-06,Concrete,Spring
B03766,P124,Poly bag 30x40cm (pack of 100),Packaging,Primary,S021,PackChile Wholesale,2024-01-04,20,pack 100,2550,2.73,51000,54.55,2034-01-01,Concrete,Summer
B03767,P124,Poly bag 30x40cm (pack of 100),Packaging,Primary,S021,PackChile Wholesale,2024-02-09,23,pack 100,2550,2.73,58650,62.73,2034-02-06,Concrete,Summer
B03768,P124,Poly bag 30x40cm (pack of 100),Packaging,Primary,S021,PackChile Wholesale,2024-03-26,23,pack 100,2550,2.73,58650,62.73,2034-03-24,Concrete,Autumn
B03769,P124,Poly bag 30x40cm (pack of 100),Packaging,Primary,S021,PackChile Wholesale,2024-05-26,23,pack 100,2550,2.73,58650,62.73,2034-05-24,Concrete,Autumn
B03770,P124,Poly bag 30x40cm (pack of 100),Packaging,Primary,S021,PackChile Wholesale,2024-07-29,20,pack 100,2550,2.73,51000,54.55,2034-07-27,Concrete,Winter
B03771,P124,Poly bag 30x40cm (pack of 100),Packaging,Primary,S021,PackChile Wholesale,2024-10-06,21,pack 100,2550,2.73,53550,57.27,2034-10-04,Concrete,Spring
B03772,P124,Poly bag 30x40cm (pack of 100),Packaging,Primary,S021,PackChile Wholesale,2024-11-16,19,pack 100,2550,2.73,48450,51.82,2034-11-14,Concrete,Spring
B03773,P124,Poly bag 30x40cm (pack of 100),Packaging,Primary,S021,PackChile Wholesale,2025-01-10,19,pack 100,2550,2.73,48450,51.82,2035-01-08,Concrete,Summer
B03774,P124,Poly bag 30x40cm (pack of 100),Packaging,Primary,S021,PackChile Wholesale,2025-02-26,22,pack 100,2550,2.73,56100,60.0,2035-02-24,Concrete,Summer
B03775,P124,Poly bag 30x40cm (pack of 100),Packaging,Backup,S022,Envases del Pacifico,2025-04-27,23,pack 100,2650,2.83,60950,65.19,2035-04-25,Concrete,Autumn
B03776,P124,Poly bag 30x40cm (pack of 100),Packaging,Primary,S021,PackChile Wholesale,2025-06-22,21,pack 100,2550,2.73,53550,57.27,2035-06-20,Concrete,Winter
B03777,P125,Poly bag 35x50cm (pack of 100),Packaging,Primary,S021,PackChile Wholesale,2023-08-18,21,pack 100,3300,3.53,69300,74.12,2033-08-15,Concrete,Winter
B03778,P125,Poly bag 35x50cm (pack of 100),Packaging,Primary,S021,PackChile Wholesale,2023-10-20,20,pack 100,3300,3.53,66000,70.59,2033-10-17,Concrete,Spring
B03779,P125,Poly bag 35x50cm (pack of 100),Packaging,Primary,S021,PackChile Wholesale,2023-12-29,25,pack 100,3300,3.53,82500,88.24,2033-12-26,Concrete,Summer
B03780,P125,Poly bag 35x50cm (pack of 100),Packaging,Primary,S021,PackChile Wholesale,2024-03-04,19,pack 100,3300,3.53,62700,67.06,2034-03-02,Concrete,Autumn
B03781,P125,Poly bag 35x50cm (pack of 100),Packaging,Primary,S021,PackChile Wholesale,2024-05-09,18,pack 100,3300,3.53,59400,63.53,2034-05-07,Concrete,Autumn
B03782,P125,Poly bag 35x50cm (pack of 100),Packaging,Primary,S021,PackChile Wholesale,2024-07-06,18,pack 100,3300,3.53,59400,63.53,2034-07-04,Concrete,Winter
B03783,P125,Poly bag 35x50cm (pack of 100),Packaging,Primary,S021,PackChile Wholesale,2024-08-14,19,pack 100,3300,3.53,62700,67.06,2034-08-12,Concrete,Winter
B03784,P125,Poly bag 35x50cm (pack of 100),Packaging,Primary,S021,PackChile Wholesale,2024-10-07,23,pack 100,3300,3.53,75900,81.18,2034-10-05,Concrete,Spring
B03785,P125,Poly bag 35x50cm (pack of 100),Packaging,Primary,S021,PackChile Wholesale,2024-11-18,22,pack 100,3300,3.53,72600,77.65,2034-11-16,Concrete,Spring
B03786,P125,Poly bag 35x50cm (pack of 100),Packaging,Primary,S021,PackChile Wholesale,2025-01-27,21,pack 100,3300,3.53,69300,74.12,2035-01-25,Concrete,Summer
B03787,P125,Poly bag 35x50cm (pack of 100),Packaging,Primary,S021,PackChile Wholesale,2025-04-02,22,pack 100,3300,3.53,72600,77.65,2035-03-31,Concrete,Autumn
B03788,P125,Poly bag 35x50cm (pack of 100),Packaging,Primary,S021,PackChile Wholesale,2025-06-02,19,pack 100,3300,3.53,62700,67.06,2035-05-31,Concrete,Winter
B03789,P126,Zipper bag 12x18cm (pack of 50),Packaging,Primary,S021,PackChile Wholesale,2023-08-12,18,pack 50,1700,1.82,30600,32.73,2033-08-09,Concrete,Winter
B03790,P126,Zipper bag 12x18cm (pack of 50),Packaging,Primary,S021,PackChile Wholesale,2023-10-04,23,pack 50,1700,1.82,39100,41.82,2033-10-01,Concrete,Spring
B03791,P126,Zipper bag 12x18cm (pack of 50),Packaging,Primary,S021,PackChile Wholesale,2023-11-21,22,pack 50,1700,1.82,37400,40.0,2033-11-18,Concrete,Spring
B03792,P126,Zipper bag 12x18cm (pack of 50),Packaging,Primary,S021,PackChile Wholesale,2024-01-29,22,pack 50,1700,1.82,37400,40.0,2034-01-26,Concrete,Summer
B03793,P126,Zipper bag 12x18cm (pack of 50),Packaging,Primary,S021,PackChile Wholesale,2024-04-01,22,pack 50,1700,1.82,37400,40.0,2034-03-30,Concrete,Autumn
B03794,P126,Zipper bag 12x18cm (pack of 50),Packaging,Primary,S021,PackChile Wholesale,2024-05-26,22,pack 50,1700,1.82,37400,40.0,2034-05-24,Concrete,Autumn
B03795,P126,Zipper bag 12x18cm (pack of 50),Packaging,Primary,S021,PackChile Wholesale,2024-07-09,21,pack 50,1700,1.82,35700,38.18,2034-07-07,Concrete,Winter
B03796,P126,Zipper bag 12x18cm (pack of 50),Packaging,Primary,S021,PackChile Wholesale,2024-09-11,22,pack 50,1700,1.82,37400,40.0,2034-09-09,Concrete,Spring
B03797,P126,Zipper bag 12x18cm (pack of 50),Packaging,Primary,S021,PackChile Wholesale,2024-11-15,18,pack 50,1700,1.82,30600,32.73,2034-11-13,Concrete,Spring
B03798,P126,Zipper bag 12x18cm (pack of 50),Packaging,Primary,S021,PackChile Wholesale,2025-01-09,25,pack 50,1700,1.82,42500,45.45,2035-01-07,Concrete,Summer
B03799,P126,Zipper bag 12x18cm (pack of 50),Packaging,Primary,S021,PackChile Wholesale,2025-03-01,21,pack 50,1700,1.82,35700,38.18,2035-02-27,Concrete,Autumn
B03800,P126,Zipper bag 12x18cm (pack of 50),Packaging,Backup,S022,Envases del Pacifico,2025-05-05,24,pack 50,1800,1.93,43200,46.2,2035-05-03,Concrete,Autumn
B03801,P126,Zipper bag 12x18cm (pack of 50),Packaging,Primary,S021,PackChile Wholesale,2025-06-30,24,pack 50,1700,1.82,40800,43.64,2035-06-28,Concrete,Winter
B03802,P127,Zipper bag 18x25cm (pack of 50),Packaging,Primary,S021,PackChile Wholesale,2023-07-25,18,pack 50,2400,2.57,43200,46.2,2033-07-22,Concrete,Winter
B03803,P127,Zipper bag 18x25cm (pack of 50),Packaging,Primary,S021,PackChile Wholesale,2023-09-26,28,pack 50,2400,2.57,67200,71.87,2033-09-23,Concrete,Spring
B03804,P127,Zipper bag 18x25cm (pack of 50),Packaging,Primary,S021,PackChile Wholesale,2023-11-22,17,pack 50,2400,2.57,40800,43.64,2033-11-19,Concrete,Spring
B03805,P127,Zipper bag 18x25cm (pack of 50),Packaging,Primary,S021,PackChile Wholesale,2024-01-22,21,pack 50,2400,2.57,50400,53.9,2034-01-19,Concrete,Summer
B03806,P127,Zipper bag 18x25cm (pack of 50),Packaging,Primary,S021,PackChile Wholesale,2024-03-28,21,pack 50,2400,2.57,50400,53.9,2034-03-26,Concrete,Autumn
B03807,P127,Zipper bag 18x25cm (pack of 50),Packaging,Primary,S021,PackChile Wholesale,2024-05-29,20,pack 50,2400,2.57,48000,51.34,2034-05-27,Concrete,Autumn
B03808,P127,Zipper bag 18x25cm (pack of 50),Packaging,Primary,S021,PackChile Wholesale,2024-07-15,23,pack 50,2400,2.57,55200,59.04,2034-07-13,Concrete,Winter
B03809,P127,Zipper bag 18x25cm (pack of 50),Packaging,Primary,S021,PackChile Wholesale,2024-09-25,27,pack 50,2400,2.57,64800,69.3,2034-09-23,Concrete,Spring
B03810,P127,Zipper bag 18x25cm (pack of 50),Packaging,Backup,S022,Envases del Pacifico,2024-11-19,21,pack 50,2400,2.57,50400,53.9,2034-11-17,Concrete,Spring
B03811,P127,Zipper bag 18x25cm (pack of 50),Packaging,Primary,S021,PackChile Wholesale,2025-01-08,21,pack 50,2400,2.57,50400,53.9,2035-01-06,Concrete,Summer
B03812,P127,Zipper bag 18x25cm (pack of 50),Packaging,Primary,S021,PackChile Wholesale,2025-03-22,21,pack 50,2400,2.57,50400,53.9,2035-03-20,Concrete,Autumn
B03813,P127,Zipper bag 18x25cm (pack of 50),Packaging,Primary,S021,PackChile Wholesale,2025-05-29,23,pack 50,2400,2.57,55200,59.04,2035-05-27,Concrete,Autumn
B03814,P128,Vacuum bag 20x30cm (pack of 50),Packaging,Primary,S021,PackChile Wholesale,2023-07-30,17,pack 50,3050,3.26,51850,55.45,2033-07-27,Concrete,Winter
B03815,P128,Vacuum bag 20x30cm (pack of 50),Packaging,Primary,S021,PackChile Wholesale,2023-10-03,20,pack 50,3050,3.26,61000,65.24,2033-09-30,Concrete,Spring
B03816,P128,Vacuum bag 20x30cm (pack of 50),Packaging,Primary,S021,PackChile Wholesale,2023-11-22,20,pack 50,3050,3.26,61000,65.24,2033-11-19,Concrete,Spring
B03817,P128,Vacuum bag 20x30cm (pack of 50),Packaging,Primary,S021,PackChile Wholesale,2024-01-10,18,pack 50,3050,3.26,54900,58.72,2034-01-07,Concrete,Summer
B03818,P128,Vacuum bag 20x30cm (pack of 50),Packaging,Primary,S021,PackChile Wholesale,2024-03-19,17,pack 50,3050,3.26,51850,55.45,2034-03-17,Concrete,Autumn
B03819,P128,Vacuum bag 20x30cm (pack of 50),Packaging,Primary,S021,PackChile Wholesale,2024-05-17,19,pack 50,3050,3.26,57950,61.98,2034-05-15,Concrete,Autumn
B03820,P128,Vacuum bag 20x30cm (pack of 50),Packaging,Primary,S021,PackChile Wholesale,2024-07-17,23,pack 50,3050,3.26,70150,75.03,2034-07-15,Concrete,Winter
B03821,P128,Vacuum bag 20x30cm (pack of 50),Packaging,Primary,S021,PackChile Wholesale,2024-09-15,23,pack 50,3050,3.26,70150,75.03,2034-09-13,Concrete,Spring
B03822,P128,Vacuum bag 20x30cm (pack of 50),Packaging,Primary,S021,PackChile Wholesale,2024-11-12,17,pack 50,3050,3.26,51850,55.45,2034-11-10,Concrete,Spring
B03823,P128,Vacuum bag 20x30cm (pack of 50),Packaging,Backup,S022,Envases del Pacifico,2025-01-11,19,pack 50,3200,3.42,60800,65.03,2035-01-09,Concrete,Summer
B03824,P128,Vacuum bag 20x30cm (pack of 50),Packaging,Primary,S021,PackChile Wholesale,2025-03-01,23,pack 50,3050,3.26,70150,75.03,2035-02-27,Concrete,Autumn
B03825,P128,Vacuum bag 20x30cm (pack of 50),Packaging,Primary,S021,PackChile Wholesale,2025-05-10,21,pack 50,3050,3.26,64050,68.5,2035-05-08,Concrete,Autumn
