BatchID,ProductID,Product,Category,SupplierRole,SupplierName,PurchaseDate,ExpiryDate,Quantity,Unit,Status,QtySold,QtyWasted,WastedPct,Revenue_CLP,Revenue_USD,GrossProfit_CLP,GrossProfit_USD,Season,SeasonSH,YearMonth
B00001,P001,"Olives 120/140 (extra large), brined",Olives,Primary,El Olivar Olives Ltd.,2023-07-09,2023-08-23,16,kg,Partial Loss,11.78,4.22,26.4,47120,50.4,-80,-0.09,Winter,Winter,2023-07
B00002,P001,"Olives 120/140 (extra large), brined",Olives,Primary,El Olivar Olives Ltd.,2023-07-20,2023-09-03,13,kg,Partial Loss,11.63,1.36,10.5,46520,49.75,8170,8.74,Winter,Winter,2023-07
B00003,P001,"Olives 120/140 (extra large), brined",Olives,Primary,El Olivar Olives Ltd.,2023-07-29,2023-09-12,13,kg,Partial Loss,11.63,1.36,10.5,46520,49.75,8170,8.74,Winter,Winter,2023-07
B00004,P001,"Olives 120/140 (extra large), brined",Olives,Primary,El Olivar Olives Ltd.,2023-08-05,2023-09-19,16,kg,Sold Out,16.0,0.0,0.0,64000,68.45,16800,17.97,Winter,Winter,2023-08
B00005,P001,"Olives 120/140 (extra large), brined",Olives,Primary,El Olivar Olives Ltd.,2023-08-13,2023-09-27,15,kg,Partial Loss,10.52,4.48,29.9,42080,45.01,-2170,-2.32,Winter,Winter,2023-08
B00006,P001,"Olives 120/140 (extra large), brined",Olives,Primary,El Olivar Olives Ltd.,2023-08-21,2023-10-05,16,kg,Partial Loss,13.58,2.42,15.1,54320,58.1,7120,7.61,Winter,Winter,2023-08
B00007,P001,"Olives 120/140 (extra large), brined",Olives,Primary,El Olivar Olives Ltd.,2023-08-28,2023-10-12,17,kg,Sold Out,17.0,0.0,0.0,68000,72.73,17850,19.09,Winter,Winter,2023-08
B00008,P001,"Olives 120/140 (extra large), brined",Olives,Backup,Aceitunera Central SpA,2023-09-06,2023-10-21,19,kg,Partial Loss,16.72,2.28,12.0,66880,71.53,9880,10.57,Spring,Spring,2023-09
B00009,P001,"Olives 120/140 (extra large), brined",Olives,Primary,El Olivar Olives Ltd.,2023-09-16,2023-10-31,18,kg,Partial Loss,14.89,3.11,17.3,59560,63.7,6460,6.91,Spring,Spring,2023-09
B00010,P001,"Olives 120/140 (extra large), brined",Olives,Primary,El Olivar Olives Ltd.,2023-09-25,2023-11-09,20,kg,Partial Loss,16.44,3.56,17.8,65760,70.33,6760,7.23,Spring,Spring,2023-09
B00011,P001,"Olives 120/140 (extra large), brined",Olives,Primary,El Olivar Olives Ltd.,2023-10-04,2023-11-18,35,kg,Sold Out,35.0,0.0,0.0,140000,149.73,36750,39.3,Spring,Spring,2023-10
B00012,P001,"Olives 120/140 (extra large), brined",Olives,Primary,El Olivar Olives Ltd.,2023-10-12,2023-11-26,34,kg,Sold Out,34.0,0.0,0.0,136000,145.45,35700,38.18,Spring,Spring,2023-10
B00013,P001,"Olives 120/140 (extra large), brined",Olives,Primary,El Olivar Olives Ltd.,2023-10-20,2023-12-04,34,kg,Sold Out,34.0,0.0,0.0,136000,145.45,35700,38.18,Spring,Spring,2023-10
B00014,P001,"Olives 120/140 (extra large), brined",Olives,Primary,El Olivar Olives Ltd.,2023-10-30,2023-12-14,34,kg,Partial Loss,29.89,4.11,12.1,119560,127.87,19260,20.6,Spring,Spring,2023-10
B00015,P001,"Olives 120/140 (extra large), brined",Olives,Primary,El Olivar Olives Ltd.,2023-11-09,2023-12-24,39,kg,Sold Out,39.0,0.0,0.0,156000,166.84,40950,43.8,Spring,Spring,2023-11
B00016,P001,"Olives 120/140 (extra large), brined",Olives,Primary,El Olivar Olives Ltd.,2023-11-18,2024-01-02,35,kg,Partial Loss,30.84,4.17,11.9,123360,131.94,20110,21.51,Spring,Spring,2023-11
B00017,P001,"Olives 120/140 (extra large), brined",Olives,Primary,El Olivar Olives Ltd.,2023-11-27,2024-01-11,37,kg,Sold Out,37.0,0.0,0.0,148000,158.29,38850,41.55,Spring,Spring,2023-11
B00018,P001,"Olives 120/140 (extra large), brined",Olives,Primary,El Olivar Olives Ltd.,2023-12-09,2024-01-23,48,kg,Sold Out,48.0,0.0,0.0,192000,205.35,50400,53.9,Summer,Summer,2023-12
B00019,P001,"Olives 120/140 (extra large), brined",Olives,Backup,Aceitunera Central SpA,2023-12-18,2024-02-01,47,kg,Sold Out,47.0,0.0,0.0,188000,201.07,47000,50.27,Summer,Summer,2023-12
B00020,P001,"Olives 120/140 (extra large), brined",Olives,Primary,El Olivar Olives Ltd.,2023-12-27,2024-02-10,53,kg,Sold Out,53.0,0.0,0.0,212000,226.74,55650,59.52,Summer,Summer,2023-12
B00021,P001,"Olives 120/140 (extra large), brined",Olives,Primary,El Olivar Olives Ltd.,2024-01-05,2024-02-19,40,kg,Sold Out,40.0,0.0,0.0,160000,171.12,42000,44.92,Summer,Summer,2024-01
B00022,P001,"Olives 120/140 (extra large), brined",Olives,Backup,Aceitunera Central SpA,2024-01-15,2024-02-29,41,kg,Partial Loss,33.33,7.67,18.7,133320,142.59,10320,11.04,Summer,Summer,2024-01
B00023,P001,"Olives 120/140 (extra large), brined",Olives,Primary,El Olivar Olives Ltd.,2024-01-24,2024-03-09,35,kg,Partial Loss,25.97,9.03,25.8,103880,111.1,630,0.67,Summer,Summer,2024-01
B00024,P001,"Olives 120/140 (extra large), brined",Olives,Primary,El Olivar Olives Ltd.,2024-02-01,2024-03-17,35,kg,Sold Out,35.0,0.0,0.0,140000,149.73,36750,39.3,Summer,Summer,2024-02
B00025,P001,"Olives 120/140 (extra large), brined",Olives,Primary,El Olivar Olives Ltd.,2024-02-11,2024-03-27,40,kg,Sold Out,40.0,0.0,0.0,160000,171.12,42000,44.92,Summer,Summer,2024-02
B00026,P001,"Olives 120/140 (extra large), brined",Olives,Backup,Aceitunera Central SpA,2024-02-20,2024-04-05,45,kg,Partial Loss,36.85,8.14,18.1,147400,157.65,12400,13.26,Summer,Summer,2024-02
B00027,P001,"Olives 120/140 (extra large), brined",Olives,Primary,El Olivar Olives Ltd.,2024-02-29,2024-04-14,45,kg,Partial Loss,29.57,15.44,34.3,118280,126.5,-14470,-15.48,Summer,Summer,2024-02
B00028,P001,"Olives 120/140 (extra large), brined",Olives,Primary,El Olivar Olives Ltd.,2024-03-10,2024-04-24,46,kg,Sold Out,46.0,0.0,0.0,184000,196.79,48300,51.66,Autumn,Autumn,2024-03
B00029,P001,"Olives 120/140 (extra large), brined",Olives,Primary,El Olivar Olives Ltd.,2024-03-21,2024-05-05,35,kg,Partial Loss,33.88,1.12,3.2,135520,144.94,32270,34.51,Autumn,Autumn,2024-03
B00030,P001,"Olives 120/140 (extra large), brined",Olives,Primary,El Olivar Olives Ltd.,2024-03-31,2024-05-15,34,kg,Partial Loss,30.36,3.64,10.7,121440,129.88,21140,22.61,Autumn,Autumn,2024-03
B00031,P001,"Olives 120/140 (extra large), brined",Olives,Primary,El Olivar Olives Ltd.,2024-04-09,2024-05-24,13,kg,Partial Loss,10.59,2.4,18.5,42360,45.3,4010,4.29,Autumn,Autumn,2024-04
B00032,P001,"Olives 120/140 (extra large), brined",Olives,Backup,Aceitunera Central SpA,2024-04-20,2024-06-04,14,kg,Sold Out,14.0,0.0,0.0,56000,59.89,14000,14.97,Autumn,Autumn,2024-04
B00033,P001,"Olives 120/140 (extra large), brined",Olives,Primary,El Olivar Olives Ltd.,2024-04-29,2024-06-13,16,kg,Partial Loss,14.1,1.9,11.9,56400,60.32,9200,9.84,Autumn,Autumn,2024-04
B00034,P001,"Olives 120/140 (extra large), brined",Olives,Primary,El Olivar Olives Ltd.,2024-05-09,2024-06-23,15,kg,Sold Out,15.0,0.0,0.0,60000,64.17,15750,16.84,Autumn,Autumn,2024-05
B00035,P001,"Olives 120/140 (extra large), brined",Olives,Backup,Aceitunera Central SpA,2024-05-18,2024-07-02,13,kg,Sold Out,13.0,0.0,0.0,52000,55.61,13000,13.9,Autumn,Autumn,2024-05
B00036,P001,"Olives 120/140 (extra large), brined",Olives,Primary,El Olivar Olives Ltd.,2024-05-27,2024-07-11,15,kg,Partial Loss,11.51,3.5,23.3,46040,49.24,1790,1.91,Autumn,Autumn,2024-05
B00037,P001,"Olives 120/140 (extra large), brined",Olives,Primary,El Olivar Olives Ltd.,2024-06-04,2024-07-19,15,kg,Partial Loss,11.27,3.73,24.9,45080,48.21,830,0.89,Winter,Winter,2024-06
B00038,P001,"Olives 120/140 (extra large), brined",Olives,Primary,El Olivar Olives Ltd.,2024-06-14,2024-07-29,15,kg,Partial Loss,11.8,3.19,21.3,47200,50.48,2950,3.16,Winter,Winter,2024-06
B00039,P001,"Olives 120/140 (extra large), brined",Olives,Primary,El Olivar Olives Ltd.,2024-06-21,2024-08-05,13,kg,Sold Out,13.0,0.0,0.0,52000,55.61,13650,14.6,Winter,Winter,2024-06
B00040,P001,"Olives 120/140 (extra large), brined",Olives,Primary,El Olivar Olives Ltd.,2024-06-30,2024-08-14,15,kg,Partial Loss,12.25,2.75,18.3,49000,52.41,4750,5.08,Winter,Winter,2024-06
B00041,P001,"Olives 120/140 (extra large), brined",Olives,Primary,El Olivar Olives Ltd.,2024-07-11,2024-08-25,15,kg,Partial Loss,13.38,1.62,10.8,53520,57.24,9270,9.91,Winter,Winter,2024-07
B00042,P001,"Olives 120/140 (extra large), brined",Olives,Primary,El Olivar Olives Ltd.,2024-07-21,2024-09-04,15,kg,Sold Out,15.0,0.0,0.0,60000,64.17,15750,16.84,Winter,Winter,2024-07
B00043,P001,"Olives 120/140 (extra large), brined",Olives,Primary,El Olivar Olives Ltd.,2024-07-31,2024-09-14,14,kg,Partial Loss,12.66,1.34,9.6,50640,54.16,9340,9.99,Winter,Winter,2024-07
B00044,P001,"Olives 120/140 (extra large), brined",Olives,Primary,El Olivar Olives Ltd.,2024-08-11,2024-09-25,16,kg,Partial Loss,13.04,2.96,18.5,52160,55.79,4960,5.3,Winter,Winter,2024-08
B00045,P001,"Olives 120/140 (extra large), brined",Olives,Primary,El Olivar Olives Ltd.,2024-08-22,2024-10-06,14,kg,Sold Out,14.0,0.0,0.0,56000,59.89,14700,15.72,Winter,Winter,2024-08
B00046,P001,"Olives 120/140 (extra large), brined",Olives,Primary,El Olivar Olives Ltd.,2024-09-02,2024-10-17,21,kg,Partial Loss,19.38,1.62,7.7,77520,82.91,15570,16.65,Spring,Spring,2024-09
B00047,P001,"Olives 120/140 (extra large), brined",Olives,Backup,Aceitunera Central SpA,2024-09-11,2024-10-26,19,kg,Partial Loss,18.13,0.87,4.6,72520,77.56,15520,16.6,Spring,Spring,2024-09
B00048,P001,"Olives 120/140 (extra large), brined",Olives,Backup,Aceitunera Central SpA,2024-09-20,2024-11-04,19,kg,Partial Loss,14.31,4.69,24.7,57240,61.22,240,0.26,Spring,Spring,2024-09
B00049,P001,"Olives 120/140 (extra large), brined",Olives,Primary,El Olivar Olives Ltd.,2024-10-01,2024-11-15,36,kg,Sold Out,36.0,0.0,0.0,144000,154.01,37800,40.43,Spring,Spring,2024-10
B00050,P001,"Olives 120/140 (extra large), brined",Olives,Backup,Aceitunera Central SpA,2024-10-10,2024-11-24,36,kg,Partial Loss,31.75,4.25,11.8,127000,135.83,19000,20.32,Spring,Spring,2024-10
B00051,P001,"Olives 120/140 (extra large), brined",Olives,Primary,El Olivar Olives Ltd.,2024-10-17,2024-12-01,39,kg,Sold Out,39.0,0.0,0.0,156000,166.84,40950,43.8,Spring,Spring,2024-10
B00052,P001,"Olives 120/140 (extra large), brined",Olives,Primary,El Olivar Olives Ltd.,2024-10-27,2024-12-11,43,kg,Sold Out,43.0,0.0,0.0,172000,183.96,45150,48.29,Spring,Spring,2024-10
B00053,P001,"Olives 120/140 (extra large), brined",Olives,Primary,El Olivar Olives Ltd.,2024-11-04,2024-12-19,41,kg,Sold Out,41.0,0.0,0.0,164000,175.4,43050,46.04,Spring,Spring,2024-11
B00054,P001,"Olives 120/140 (extra large), brined",Olives,Primary,El Olivar Olives Ltd.,2024-11-14,2024-12-29,38,kg,Partial Loss,30.13,7.87,20.7,120520,128.9,8420,9.01,Spring,Spring,2024-11
B00055,P001,"Olives 120/140 (extra large), brined",Olives,Primary,El Olivar Olives Ltd.,2024-11-27,2025-01-11,46,kg,Sold Out,46.0,0.0,0.0,184000,196.79,48300,51.66,Spring,Spring,2024-11
B00056,P001,"Olives 120/140 (extra large), brined",Olives,Primary,El Olivar Olives Ltd.,2024-12-05,2025-01-19,59,kg,Sold Out,59.0,0.0,0.0,236000,252.41,61950,66.26,Summer,Summer,2024-12
B00057,P001,"Olives 120/140 (extra large), brined",Olives,Primary,El Olivar Olives Ltd.,2024-12-13,2025-01-27,53,kg,Sold Out,53.0,0.0,0.0,212000,226.74,55650,59.52,Summer,Summer,2024-12
B00058,P001,"Olives 120/140 (extra large), brined",Olives,Primary,El Olivar Olives Ltd.,2024-12-22,2025-02-05,52,kg,Sold Out,52.0,0.0,0.0,208000,222.46,54600,58.4,Summer,Summer,2024-12
B00059,P001,"Olives 120/140 (extra large), brined",Olives,Primary,El Olivar Olives Ltd.,2025-01-01,2025-02-15,41,kg,Sold Out,41.0,0.0,0.0,164000,175.4,43050,46.04,Summer,Summer,2025-01
B00060,P001,"Olives 120/140 (extra large), brined",Olives,Primary,El Olivar Olives Ltd.,2025-01-11,2025-02-25,43,kg,Sold Out,43.0,0.0,0.0,172000,183.96,45150,48.29,Summer,Summer,2025-01
B00061,P001,"Olives 120/140 (extra large), brined",Olives,Primary,El Olivar Olives Ltd.,2025-01-22,2025-03-08,44,kg,Sold Out,44.0,0.0,0.0,176000,188.24,46200,49.41,Summer,Summer,2025-01
B00062,P001,"Olives 120/140 (extra large), brined",Olives,Primary,El Olivar Olives Ltd.,2025-01-28,2025-03-14,39,kg,Partial Loss,33.03,5.97,15.3,132120,141.3,17070,18.26,Summer,Summer,2025-01
B00063,P001,"Olives 120/140 (extra large), brined",Olives,Primary,El Olivar Olives Ltd.,2025-02-09,2025-03-26,49,kg,Sold Out,49.0,0.0,0.0,196000,209.63,51450,55.03,Summer,Summer,2025-02
B00064,P001,"Olives 120/140 (extra large), brined",Olives,Primary,El Olivar Olives Ltd.,2025-02-20,2025-04-06,37,kg,Sold Out,37.0,0.0,0.0,148000,158.29,38850,41.55,Summer,Summer,2025-02
B00065,P001,"Olives 120/140 (extra large), brined",Olives,Primary,El Olivar Olives Ltd.,2025-03-01,2025-04-15,37,kg,Partial Loss,31.49,5.51,14.9,125960,134.72,16810,17.98,Autumn,Autumn,2025-03
B00066,P001,"Olives 120/140 (extra large), brined",Olives,Primary,El Olivar Olives Ltd.,2025-03-10,2025-04-24,41,kg,Sold Out,41.0,0.0,0.0,164000,175.4,43050,46.04,Autumn,Autumn,2025-03
B00067,P001,"Olives 120/140 (extra large), brined",Olives,Primary,El Olivar Olives Ltd.,2025-03-19,2025-05-03,50,kg,Sold Out,50.0,0.0,0.0,200000,213.9,52500,56.15,Autumn,Autumn,2025-03
B00068,P001,"Olives 120/140 (extra large), brined",Olives,Primary,El Olivar Olives Ltd.,2025-03-26,2025-05-10,47,kg,Partial Loss,39.29,7.71,16.4,157160,168.09,18510,19.8,Autumn,Autumn,2025-03
B00069,P001,"Olives 120/140 (extra large), brined",Olives,Primary,El Olivar Olives Ltd.,2025-04-06,2025-05-21,15,kg,Partial Loss,11.51,3.5,23.3,46040,49.24,1790,1.91,Autumn,Autumn,2025-04
B00070,P001,"Olives 120/140 (extra large), brined",Olives,Primary,El Olivar Olives Ltd.,2025-04-14,2025-05-29,16,kg,Sold Out,16.0,0.0,0.0,64000,68.45,16800,17.97,Autumn,Autumn,2025-04
B00071,P001,"Olives 120/140 (extra large), brined",Olives,Primary,El Olivar Olives Ltd.,2025-04-24,2025-06-08,16,kg,Partial Loss,13.04,2.96,18.5,52160,55.79,4960,5.3,Autumn,Autumn,2025-04
B00072,P001,"Olives 120/140 (extra large), brined",Olives,Primary,El Olivar Olives Ltd.,2025-05-02,2025-06-16,18,kg,Partial Loss,14.72,3.28,18.2,58880,62.97,5780,6.18,Autumn,Autumn,2025-05
B00073,P001,"Olives 120/140 (extra large), brined",Olives,Primary,El Olivar Olives Ltd.,2025-05-13,2025-06-27,18,kg,Partial Loss,13.99,4.01,22.3,55960,59.85,2860,3.06,Autumn,Autumn,2025-05
B00074,P001,"Olives 120/140 (extra large), brined",Olives,Primary,El Olivar Olives Ltd.,2025-05-21,2025-07-05,18,kg,Partial Loss,14.22,3.78,21.0,56880,60.83,3780,4.04,Autumn,Autumn,2025-05
B00075,P001,"Olives 120/140 (extra large), brined",Olives,Primary,El Olivar Olives Ltd.,2025-05-31,2025-07-15,15,kg,Partial Loss,11.13,3.87,25.8,44520,47.61,270,0.29,Autumn,Autumn,2025-05
B00076,P001,"Olives 120/140 (extra large), brined",Olives,Primary,El Olivar Olives Ltd.,2025-06-12,2025-07-27,15,kg,Partial Loss,13.08,1.92,12.8,52320,55.96,8070,8.63,Winter,Winter,2025-06
B00077,P001,"Olives 120/140 (extra large), brined",Olives,Primary,El Olivar Olives Ltd.,2025-06-21,2025-08-05,15,kg,Sold Out,15.0,0.0,0.0,60000,64.17,15750,16.84,Winter,Winter,2025-06
B00078,P001,"Olives 120/140 (extra large), brined",Olives,Primary,El Olivar Olives Ltd.,2025-06-29,2025-08-13,16,kg,Sold Out,16.0,0.0,0.0,64000,68.45,16800,17.97,Winter,Winter,2025-06
B00079,P002,"Olives 140/160 (large), brined",Olives,Primary,El Olivar Olives Ltd.,2023-07-10,2023-08-24,15,kg,Partial Loss,12.78,2.22,14.8,44730,47.84,7230,7.73,Winter,Winter,2023-07
B00080,P002,"Olives 140/160 (large), brined",Olives,Backup,Aceitunera Central SpA,2023-07-17,2023-08-31,15,kg,Sold Out,15.0,0.0,0.0,52500,56.15,12000,12.83,Winter,Winter,2023-07
B00081,P002,"Olives 140/160 (large), brined",Olives,Primary,El Olivar Olives Ltd.,2023-07-27,2023-09-10,15,kg,Partial Loss,12.48,2.52,16.8,43680,46.72,6180,6.61,Winter,Winter,2023-07
B00082,P002,"Olives 140/160 (large), brined",Olives,Primary,El Olivar Olives Ltd.,2023-08-03,2023-09-17,15,kg,Partial Loss,10.58,4.42,29.5,37030,39.6,-470,-0.5,Winter,Winter,2023-08
B00083,P002,"Olives 140/160 (large), brined",Olives,Primary,El Olivar Olives Ltd.,2023-08-12,2023-09-26,17,kg,Sold Out,17.0,0.0,0.0,59500,63.64,17000,18.18,Winter,Winter,2023-08
B00084,P002,"Olives 140/160 (large), brined",Olives,Primary,El Olivar Olives Ltd.,2023-08-25,2023-10-09,17,kg,Partial Loss,15.08,1.92,11.3,52780,56.45,10280,10.99,Winter,Winter,2023-08
B00085,P002,"Olives 140/160 (large), brined",Olives,Primary,El Olivar Olives Ltd.,2023-09-04,2023-10-19,19,kg,Sold Out,19.0,0.0,0.0,66500,71.12,19000,20.32,Spring,Spring,2023-09
B00086,P002,"Olives 140/160 (large), brined",Olives,Primary,El Olivar Olives Ltd.,2023-09-17,2023-11-01,19,kg,Sold Out,19.0,0.0,0.0,66500,71.12,19000,20.32,Spring,Spring,2023-09
B00087,P002,"Olives 140/160 (large), brined",Olives,Primary,El Olivar Olives Ltd.,2023-09-29,2023-11-13,18,kg,Partial Loss,15.16,2.84,15.8,53060,56.75,8060,8.62,Spring,Spring,2023-09
B00088,P002,"Olives 140/160 (large), brined",Olives,Backup,Aceitunera Central SpA,2023-10-10,2023-11-24,35,kg,Sold Out,35.0,0.0,0.0,122500,131.02,28000,29.95,Spring,Spring,2023-10
B00089,P002,"Olives 140/160 (large), brined",Olives,Primary,El Olivar Olives Ltd.,2023-10-18,2023-12-02,45,kg,Sold Out,45.0,0.0,0.0,157500,168.45,45000,48.13,Spring,Spring,2023-10
B00090,P002,"Olives 140/160 (large), brined",Olives,Primary,El Olivar Olives Ltd.,2023-10-27,2023-12-11,36,kg,Sold Out,36.0,0.0,0.0,126000,134.76,36000,38.5,Spring,Spring,2023-10
B00091,P002,"Olives 140/160 (large), brined",Olives,Primary,El Olivar Olives Ltd.,2023-11-07,2023-12-22,37,kg,Sold Out,37.0,0.0,0.0,129500,138.5,37000,39.57,Spring,Spring,2023-11
B00092,P002,"Olives 140/160 (large), brined",Olives,Primary,El Olivar Olives Ltd.,2023-11-18,2024-01-02,42,kg,Partial Loss,37.21,4.79,11.4,130235,139.29,25235,26.99,Spring,Spring,2023-11
B00093,P002,"Olives 140/160 (large), brined",Olives,Primary,El Olivar Olives Ltd.,2023-11-29,2024-01-13,42,kg,Sold Out,42.0,0.0,0.0,147000,157.22,42000,44.92,Spring,Spring,2023-11
B00094,P002,"Olives 140/160 (large), brined",Olives,Primary,El Olivar Olives Ltd.,2023-12-09,2024-01-23,49,kg,Sold Out,49.0,0.0,0.0,171500,183.42,49000,52.41,Summer,Summer,2023-12
B00095,P002,"Olives 140/160 (large), brined",Olives,Primary,El Olivar Olives Ltd.,2023-12-17,2024-01-31,54,kg,Sold Out,54.0,0.0,0.0,189000,202.14,54000,57.75,Summer,Summer,2023-12
B00096,P002,"Olives 140/160 (large), brined",Olives,Primary,El Olivar Olives Ltd.,2023-12-29,2024-02-12,59,kg,Sold Out,59.0,0.0,0.0,206500,220.86,59000,63.1,Summer,Summer,2023-12
B00097,P002,"Olives 140/160 (large), brined",Olives,Primary,El Olivar Olives Ltd.,2024-01-06,2024-02-20,37,kg,Sold Out,37.0,0.0,0.0,129500,138.5,37000,39.57,Summer,Summer,2024-01
B00098,P002,"Olives 140/160 (large), brined",Olives,Primary,El Olivar Olives Ltd.,2024-01-17,2024-03-02,36,kg,Sold Out,36.0,0.0,0.0,126000,134.76,36000,38.5,Summer,Summer,2024-01
B00099,P002,"Olives 140/160 (large), brined",Olives,Primary,El Olivar Olives Ltd.,2024-01-28,2024-03-13,39,kg,Sold Out,39.0,0.0,0.0,136500,145.99,39000,41.71,Summer,Summer,2024-01
B00100,P002,"Olives 140/160 (large), brined",Olives,Primary,El Olivar Olives Ltd.,2024-02-09,2024-03-25,37,kg,Sold Out,37.0,0.0,0.0,129500,138.5,37000,39.57,Summer,Summer,2024-02
B00101,P002,"Olives 140/160 (large), brined",Olives,Backup,Aceitunera Central SpA,2024-02-17,2024-04-02,37,kg,Partial Loss,31.45,5.55,15.0,110075,117.73,10175,10.88,Summer,Summer,2024-02
B00102,P002,"Olives 140/160 (large), brined",Olives,Primary,El Olivar Olives Ltd.,2024-02-27,2024-04-12,40,kg,Partial Loss,33.48,6.52,16.3,117180,125.33,17180,18.37,Summer,Summer,2024-02
B00103,P002,"Olives 140/160 (large), brined",Olives,Primary,El Olivar Olives Ltd.,2024-03-09,2024-04-23,38,kg,Partial Loss,33.02,4.98,13.1,115570,123.6,20570,22.0,Autumn,Autumn,2024-03
B00104,P002,"Olives 140/160 (large), brined",Olives,Primary,El Olivar Olives Ltd.,2024-03-17,2024-05-01,43,kg,Sold Out,43.0,0.0,0.0,150500,160.96,43000,45.99,Autumn,Autumn,2024-03
B00105,P002,"Olives 140/160 (large), brined",Olives,Primary,El Olivar Olives Ltd.,2024-03-27,2024-05-11,35,kg,Sold Out,35.0,0.0,0.0,122500,131.02,35000,37.43,Autumn,Autumn,2024-03
B00106,P002,"Olives 140/160 (large), brined",Olives,Primary,El Olivar Olives Ltd.,2024-04-06,2024-05-21,17,kg,Partial Loss,12.31,4.69,27.6,43085,46.08,585,0.63,Autumn,Autumn,2024-04
B00107,P002,"Olives 140/160 (large), brined",Olives,Primary,El Olivar Olives Ltd.,2024-04-13,2024-05-28,16,kg,Partial Loss,13.14,2.86,17.9,45990,49.19,5990,6.41,Autumn,Autumn,2024-04
B00108,P002,"Olives 140/160 (large), brined",Olives,Primary,El Olivar Olives Ltd.,2024-04-21,2024-06-05,13,kg,Partial Loss,11.88,1.12,8.6,41580,44.47,9080,9.71,Autumn,Autumn,2024-04
B00109,P002,"Olives 140/160 (large), brined",Olives,Primary,El Olivar Olives Ltd.,2024-04-30,2024-06-14,15,kg,Partial Loss,10.25,4.75,31.7,35875,38.37,-1625,-1.74,Autumn,Autumn,2024-04
B00110,P002,"Olives 140/160 (large), brined",Olives,Primary,El Olivar Olives Ltd.,2024-05-07,2024-06-21,17,kg,Partial Loss,13.7,3.3,19.4,47950,51.28,5450,5.83,Autumn,Autumn,2024-05
B00111,P002,"Olives 140/160 (large), brined",Olives,Primary,El Olivar Olives Ltd.,2024-05-17,2024-07-01,14,kg,Partial Loss,10.19,3.81,27.2,35665,38.14,665,0.71,Autumn,Autumn,2024-05
B00112,P002,"Olives 140/160 (large), brined",Olives,Primary,El Olivar Olives Ltd.,2024-05-27,2024-07-11,14,kg,Partial Loss,9.83,4.17,29.8,34405,36.8,-595,-0.64,Autumn,Autumn,2024-05
B00113,P002,"Olives 140/160 (large), brined",Olives,Primary,El Olivar Olives Ltd.,2024-06-04,2024-07-19,16,kg,Sold Out,16.0,0.0,0.0,56000,59.89,16000,17.11,Winter,Winter,2024-06
B00114,P002,"Olives 140/160 (large), brined",Olives,Primary,El Olivar Olives Ltd.,2024-06-10,2024-07-25,17,kg,Sold Out,17.0,0.0,0.0,59500,63.64,17000,18.18,Winter,Winter,2024-06
B00115,P002,"Olives 140/160 (large), brined",Olives,Primary,El Olivar Olives Ltd.,2024-06-20,2024-08-04,14,kg,Sold Out,14.0,0.0,0.0,49000,52.41,14000,14.97,Winter,Winter,2024-06
B00116,P002,"Olives 140/160 (large), brined",Olives,Primary,El Olivar Olives Ltd.,2024-07-01,2024-08-15,16,kg,Sold Out,16.0,0.0,0.0,56000,59.89,16000,17.11,Winter,Winter,2024-07
B00117,P002,"Olives 140/160 (large), brined",Olives,Primary,El Olivar Olives Ltd.,2024-07-11,2024-08-25,13,kg,Partial Loss,10.79,2.21,17.0,37765,40.39,5265,5.63,Winter,Winter,2024-07
B00118,P002,"Olives 140/160 (large), brined",Olives,Primary,El Olivar Olives Ltd.,2024-07-20,2024-09-03,16,kg,Sold Out,16.0,0.0,0.0,56000,59.89,16000,17.11,Winter,Winter,2024-07
B00119,P002,"Olives 140/160 (large), brined",Olives,Primary,El Olivar Olives Ltd.,2024-08-01,2024-09-15,16,kg,Partial Loss,13.89,2.11,13.2,48615,51.99,8615,9.21,Winter,Winter,2024-08
B00120,P002,"Olives 140/160 (large), brined",Olives,Primary,El Olivar Olives Ltd.,2024-08-11,2024-09-25,13,kg,Partial Loss,10.44,2.56,19.7,36540,39.08,4040,4.32,Winter,Winter,2024-08
B00121,P002,"Olives 140/160 (large), brined",Olives,Primary,El Olivar Olives Ltd.,2024-08-21,2024-10-05,15,kg,Partial Loss,10.94,4.07,27.1,38290,40.95,790,0.84,Winter,Winter,2024-08
B00122,P002,"Olives 140/160 (large), brined",Olives,Primary,El Olivar Olives Ltd.,2024-08-31,2024-10-15,14,kg,Partial Loss,10.35,3.65,26.1,36225,38.74,1225,1.31,Winter,Winter,2024-08
B00123,P002,"Olives 140/160 (large), brined",Olives,Primary,El Olivar Olives Ltd.,2024-09-10,2024-10-25,18,kg,Sold Out,18.0,0.0,0.0,63000,67.38,18000,19.25,Spring,Spring,2024-09
B00124,P002,"Olives 140/160 (large), brined",Olives,Backup,Aceitunera Central SpA,2024-09-18,2024-11-02,19,kg,Partial Loss,14.54,4.46,23.5,50890,54.43,-410,-0.44,Spring,Spring,2024-09
B00125,P002,"Olives 140/160 (large), brined",Olives,Primary,El Olivar Olives Ltd.,2024-09-27,2024-11-11,19,kg,Sold Out,19.0,0.0,0.0,66500,71.12,19000,20.32,Spring,Spring,2024-09
B00126,P002,"Olives 140/160 (large), brined",Olives,Primary,El Olivar Olives Ltd.,2024-10-04,2024-11-18,36,kg,Sold Out,36.0,0.0,0.0,126000,134.76,36000,38.5,Spring,Spring,2024-10
B00127,P002,"Olives 140/160 (large), brined",Olives,Primary,El Olivar Olives Ltd.,2024-10-12,2024-11-26,40,kg,Sold Out,40.0,0.0,0.0,140000,149.73,40000,42.78,Spring,Spring,2024-10
B00128,P002,"Olives 140/160 (large), brined",Olives,Primary,El Olivar Olives Ltd.,2024-10-22,2024-12-06,35,kg,Sold Out,35.0,0.0,0.0,122500,131.02,35000,37.43,Spring,Spring,2024-10
B00129,P002,"Olives 140/160 (large), brined",Olives,Primary,El Olivar Olives Ltd.,2024-11-01,2024-12-16,46,kg,Sold Out,46.0,0.0,0.0,161000,172.19,46000,49.2,Spring,Spring,2024-11
B00130,P002,"Olives 140/160 (large), brined",Olives,Primary,El Olivar Olives Ltd.,2024-11-10,2024-12-25,37,kg,Sold Out,37.0,0.0,0.0,129500,138.5,37000,39.57,Spring,Spring,2024-11
B00131,P002,"Olives 140/160 (large), brined",Olives,Primary,El Olivar Olives Ltd.,2024-11-20,2025-01-04,45,kg,Sold Out,45.0,0.0,0.0,157500,168.45,45000,48.13,Spring,Spring,2024-11
B00132,P002,"Olives 140/160 (large), brined",Olives,Backup,Aceitunera Central SpA,2024-11-30,2025-01-14,44,kg,Sold Out,44.0,0.0,0.0,154000,164.71,35200,37.65,Spring,Spring,2024-11
B00133,P002,"Olives 140/160 (large), brined",Olives,Primary,El Olivar Olives Ltd.,2024-12-08,2025-01-22,54,kg,Sold Out,54.0,0.0,0.0,189000,202.14,54000,57.75,Summer,Summer,2024-12
B00134,P002,"Olives 140/160 (large), brined",Olives,Primary,El Olivar Olives Ltd.,2024-12-16,2025-01-30,57,kg,Sold Out,57.0,0.0,0.0,199500,213.37,57000,60.96,Summer,Summer,2024-12
B00135,P002,"Olives 140/160 (large), brined",Olives,Primary,El Olivar Olives Ltd.,2024-12-25,2025-02-08,55,kg,Sold Out,55.0,0.0,0.0,192500,205.88,55000,58.82,Summer,Summer,2024-12
B00136,P002,"Olives 140/160 (large), brined",Olives,Primary,El Olivar Olives Ltd.,2025-01-02,2025-02-16,40,kg,Sold Out,40.0,0.0,0.0,140000,149.73,40000,42.78,Summer,Summer,2025-01
B00137,P002,"Olives 140/160 (large), brined",Olives,Primary,El Olivar Olives Ltd.,2025-01-11,2025-02-25,39,kg,Sold Out,39.0,0.0,0.0,136500,145.99,39000,41.71,Summer,Summer,2025-01
B00138,P002,"Olives 140/160 (large), brined",Olives,Primary,El Olivar Olives Ltd.,2025-01-20,2025-03-06,39,kg,Sold Out,39.0,0.0,0.0,136500,145.99,39000,41.71,Summer,Summer,2025-01
B00139,P002,"Olives 140/160 (large), brined",Olives,Primary,El Olivar Olives Ltd.,2025-01-31,2025-03-17,46,kg,Sold Out,46.0,0.0,0.0,161000,172.19,46000,49.2,Summer,Summer,2025-01
B00140,P002,"Olives 140/160 (large), brined",Olives,Primary,El Olivar Olives Ltd.,2025-02-11,2025-03-28,49,kg,Sold Out,49.0,0.0,0.0,171500,183.42,49000,52.41,Summer,Summer,2025-02
B00141,P002,"Olives 140/160 (large), brined",Olives,Primary,El Olivar Olives Ltd.,2025-02-22,2025-04-08,40,kg,Sold Out,40.0,0.0,0.0,140000,149.73,40000,42.78,Summer,Summer,2025-02
B00142,P002,"Olives 140/160 (large), brined",Olives,Primary,El Olivar Olives Ltd.,2025-03-06,2025-04-20,43,kg,Sold Out,43.0,0.0,0.0,150500,160.96,43000,45.99,Autumn,Autumn,2025-03
B00143,P002,"Olives 140/160 (large), brined",Olives,Primary,El Olivar Olives Ltd.,2025-03-16,2025-04-30,38,kg,Sold Out,38.0,0.0,0.0,133000,142.25,38000,40.64,Autumn,Autumn,2025-03
B00144,P002,"Olives 140/160 (large), brined",Olives,Primary,El Olivar Olives Ltd.,2025-03-25,2025-05-09,43,kg,Partial Loss,37.15,5.85,13.6,130025,139.06,22525,24.09,Autumn,Autumn,2025-03
B00145,P002,"Olives 140/160 (large), brined",Olives,Primary,El Olivar Olives Ltd.,2025-04-04,2025-05-19,16,kg,Partial Loss,12.11,3.89,24.3,42385,45.33,2385,2.55,Autumn,Autumn,2025-04
B00146,P002,"Olives 140/160 (large), brined",Olives,Backup,Aceitunera Central SpA,2025-04-11,2025-05-26,14,kg,Sold Out,14.0,0.0,0.0,49000,52.41,11200,11.98,Autumn,Autumn,2025-04
B00147,P002,"Olives 140/160 (large), brined",Olives,Primary,El Olivar Olives Ltd.,2025-04-18,2025-06-02,16,kg,Sold Out,16.0,0.0,0.0,56000,59.89,16000,17.11,Autumn,Autumn,2025-04
B00148,P002,"Olives 140/160 (large), brined",Olives,Primary,El Olivar Olives Ltd.,2025-04-30,2025-06-14,17,kg,Sold Out,17.0,0.0,0.0,59500,63.64,17000,18.18,Autumn,Autumn,2025-04
B00149,P002,"Olives 140/160 (large), brined",Olives,Backup,Aceitunera Central SpA,2025-05-12,2025-06-26,15,kg,Sold Out,15.0,0.0,0.0,52500,56.15,12000,12.83,Autumn,Autumn,2025-05
B00150,P002,"Olives 140/160 (large), brined",Olives,Primary,El Olivar Olives Ltd.,2025-05-22,2025-07-06,19,kg,Sold Out,19.0,0.0,0.0,66500,71.12,19000,20.32,Autumn,Autumn,2025-05
B00151,P002,"Olives 140/160 (large), brined",Olives,Backup,Aceitunera Central SpA,2025-06-01,2025-07-16,18,kg,Partial Loss,14.24,3.76,20.9,49840,53.3,1240,1.33,Winter,Winter,2025-06
B00152,P002,"Olives 140/160 (large), brined",Olives,Primary,El Olivar Olives Ltd.,2025-06-11,2025-07-26,18,kg,Sold Out,18.0,0.0,0.0,63000,67.38,18000,19.25,Winter,Winter,2025-06
B00153,P002,"Olives 140/160 (large), brined",Olives,Primary,El Olivar Olives Ltd.,2025-06-20,2025-08-04,18,kg,Partial Loss,13.64,4.36,24.2,47740,51.06,2740,2.93,Winter,Winter,2025-06
B00154,P002,"Olives 140/160 (large), brined",Olives,Primary,El Olivar Olives Ltd.,2025-06-29,2025-08-13,15,kg,Sold Out,15.0,0.0,0.0,52500,56.15,15000,16.04,Winter,Winter,2025-06
B00155,P003,"Olives 160/180, brined",Olives,Primary,El Olivar Olives Ltd.,2023-07-02,2023-08-16,17,kg,Sold Out,17.0,0.0,0.0,59500,63.64,17850,19.09,Winter,Winter,2023-07
B00156,P003,"Olives 160/180, brined",Olives,Primary,El Olivar Olives Ltd.,2023-07-12,2023-08-26,15,kg,Partial Loss,11.66,3.35,22.3,40810,43.65,4060,4.34,Winter,Winter,2023-07
B00157,P003,"Olives 160/180, brined",Olives,Primary,El Olivar Olives Ltd.,2023-07-20,2023-09-03,15,kg,Partial Loss,12.67,2.33,15.5,44345,47.43,7595,8.12,Winter,Winter,2023-07
B00158,P003,"Olives 160/180, brined",Olives,Primary,El Olivar Olives Ltd.,2023-07-29,2023-09-12,13,kg,Sold Out,13.0,0.0,0.0,45500,48.66,13650,14.6,Winter,Winter,2023-07
B00159,P003,"Olives 160/180, brined",Olives,Primary,El Olivar Olives Ltd.,2023-08-07,2023-09-21,15,kg,Partial Loss,12.42,2.58,17.2,43470,46.49,6720,7.19,Winter,Winter,2023-08
B00160,P003,"Olives 160/180, brined",Olives,Primary,El Olivar Olives Ltd.,2023-08-15,2023-09-29,16,kg,Partial Loss,13.26,2.74,17.1,46410,49.64,7210,7.71,Winter,Winter,2023-08
B00161,P003,"Olives 160/180, brined",Olives,Primary,El Olivar Olives Ltd.,2023-08-24,2023-10-08,15,kg,Sold Out,15.0,0.0,0.0,52500,56.15,15750,16.84,Winter,Winter,2023-08
B00162,P003,"Olives 160/180, brined",Olives,Primary,El Olivar Olives Ltd.,2023-09-02,2023-10-17,17,kg,Sold Out,17.0,0.0,0.0,59500,63.64,17850,19.09,Spring,Spring,2023-09
B00163,P003,"Olives 160/180, brined",Olives,Primary,El Olivar Olives Ltd.,2023-09-12,2023-10-27,18,kg,Partial Loss,15.21,2.79,15.5,53235,56.94,9135,9.77,Spring,Spring,2023-09
B00164,P003,"Olives 160/180, brined",Olives,Primary,El Olivar Olives Ltd.,2023-09-22,2023-11-06,17,kg,Partial Loss,13.89,3.11,18.3,48615,51.99,6965,7.45,Spring,Spring,2023-09
B00165,P003,"Olives 160/180, brined",Olives,Primary,El Olivar Olives Ltd.,2023-10-03,2023-11-17,36,kg,Sold Out,36.0,0.0,0.0,126000,134.76,37800,40.43,Spring,Spring,2023-10
B00166,P003,"Olives 160/180, brined",Olives,Primary,El Olivar Olives Ltd.,2023-10-12,2023-11-26,43,kg,Partial Loss,37.71,5.29,12.3,131985,141.16,26635,28.49,Spring,Spring,2023-10
B00167,P003,"Olives 160/180, brined",Olives,Primary,El Olivar Olives Ltd.,2023-10-23,2023-12-07,40,kg,Partial Loss,36.48,3.52,8.8,127680,136.56,29680,31.74,Spring,Spring,2023-10
B00168,P003,"Olives 160/180, brined",Olives,Primary,El Olivar Olives Ltd.,2023-11-02,2023-12-17,45,kg,Sold Out,45.0,0.0,0.0,157500,168.45,47250,50.53,Spring,Spring,2023-11
B00169,P003,"Olives 160/180, brined",Olives,Primary,El Olivar Olives Ltd.,2023-11-11,2023-12-26,45,kg,Sold Out,45.0,0.0,0.0,157500,168.45,47250,50.53,Spring,Spring,2023-11
B00170,P003,"Olives 160/180, brined",Olives,Primary,El Olivar Olives Ltd.,2023-11-21,2024-01-05,38,kg,Partial Loss,30.74,7.26,19.1,107590,115.07,14490,15.5,Spring,Spring,2023-11
B00171,P003,"Olives 160/180, brined",Olives,Primary,El Olivar Olives Ltd.,2023-12-01,2024-01-15,55,kg,Sold Out,55.0,0.0,0.0,192500,205.88,57750,61.76,Summer,Summer,2023-12
B00172,P003,"Olives 160/180, brined",Olives,Primary,El Olivar Olives Ltd.,2023-12-11,2024-01-25,51,kg,Sold Out,51.0,0.0,0.0,178500,190.91,53550,57.27,Summer,Summer,2023-12
B00173,P003,"Olives 160/180, brined",Olives,Primary,El Olivar Olives Ltd.,2023-12-23,2024-02-06,44,kg,Sold Out,44.0,0.0,0.0,154000,164.71,46200,49.41,Summer,Summer,2023-12
B00174,P003,"Olives 160/180, brined",Olives,Primary,El Olivar Olives Ltd.,2024-01-01,2024-02-15,44,kg,Sold Out,44.0,0.0,0.0,154000,164.71,46200,49.41,Summer,Summer,2024-01
B00175,P003,"Olives 160/180, brined",Olives,Primary,El Olivar Olives Ltd.,2024-01-10,2024-02-24,43,kg,Sold Out,43.0,0.0,0.0,150500,160.96,45150,48.29,Summer,Summer,2024-01
B00176,P003,"Olives 160/180, brined",Olives,Primary,El Olivar Olives Ltd.,2024-01-21,2024-03-06,37,kg,Sold Out,37.0,0.0,0.0,129500,138.5,38850,41.55,Summer,Summer,2024-01
B00177,P003,"Olives 160/180, brined",Olives,Primary,El Olivar Olives Ltd.,2024-01-27,2024-03-12,42,kg,Sold Out,42.0,0.0,0.0,147000,157.22,44100,47.17,Summer,Summer,2024-01
B00178,P003,"Olives 160/180, brined",Olives,Primary,El Olivar Olives Ltd.,2024-02-06,2024-03-22,44,kg,Sold Out,44.0,0.0,0.0,154000,164.71,46200,49.41,Summer,Summer,2024-02
B00179,P003,"Olives 160/180, brined",Olives,Primary,El Olivar Olives Ltd.,2024-02-17,2024-04-02,34,kg,Sold Out,34.0,0.0,0.0,119000,127.27,35700,38.18,Summer,Summer,2024-02
B00180,P003,"Olives 160/180, brined",Olives,Backup,Aceitunera Central SpA,2024-02-24,2024-04-09,45,kg,Sold Out,45.0,0.0,0.0,157500,168.45,40500,43.32,Summer,Summer,2024-02
B00181,P003,"Olives 160/180, brined",Olives,Primary,El Olivar Olives Ltd.,2024-03-05,2024-04-19,40,kg,Sold Out,40.0,0.0,0.0,140000,149.73,42000,44.92,Autumn,Autumn,2024-03
B00182,P003,"Olives 160/180, brined",Olives,Primary,El Olivar Olives Ltd.,2024-03-13,2024-04-27,43,kg,Partial Loss,40.29,2.71,6.3,141015,150.82,35665,38.14,Autumn,Autumn,2024-03
B00183,P003,"Olives 160/180, brined",Olives,Primary,El Olivar Olives Ltd.,2024-03-23,2024-05-07,42,kg,Sold Out,42.0,0.0,0.0,147000,157.22,44100,47.17,Autumn,Autumn,2024-03
B00184,P003,"Olives 160/180, brined",Olives,Primary,El Olivar Olives Ltd.,2024-04-01,2024-05-16,15,kg,Partial Loss,10.96,4.04,26.9,38360,41.03,1610,1.72,Autumn,Autumn,2024-04
B00185,P003,"Olives 160/180, brined",Olives,Primary,El Olivar Olives Ltd.,2024-04-10,2024-05-25,17,kg,Partial Loss,13.58,3.42,20.1,47530,50.83,5880,6.29,Autumn,Autumn,2024-04
B00186,P003,"Olives 160/180, brined",Olives,Primary,El Olivar Olives Ltd.,2024-04-18,2024-06-02,13,kg,Partial Loss,9.78,3.22,24.8,34230,36.61,2380,2.55,Autumn,Autumn,2024-04
B00187,P003,"Olives 160/180, brined",Olives,Primary,El Olivar Olives Ltd.,2024-04-26,2024-06-10,13,kg,Sold Out,13.0,0.0,0.0,45500,48.66,13650,14.6,Autumn,Autumn,2024-04
B00188,P003,"Olives 160/180, brined",Olives,Primary,El Olivar Olives Ltd.,2024-05-03,2024-06-17,16,kg,Partial Loss,11.54,4.46,27.9,40390,43.2,1190,1.27,Autumn,Autumn,2024-05
B00189,P003,"Olives 160/180, brined",Olives,Primary,El Olivar Olives Ltd.,2024-05-15,2024-06-29,14,kg,Sold Out,14.0,0.0,0.0,49000,52.41,14700,15.72,Autumn,Autumn,2024-05
B00190,P003,"Olives 160/180, brined",Olives,Primary,El Olivar Olives Ltd.,2024-05-28,2024-07-12,17,kg,Partial Loss,14.52,2.48,14.6,50820,54.35,9170,9.81,Autumn,Autumn,2024-05
B00191,P003,"Olives 160/180, brined",Olives,Primary,El Olivar Olives Ltd.,2024-06-10,2024-07-25,16,kg,Sold Out,16.0,0.0,0.0,56000,59.89,16800,17.97,Winter,Winter,2024-06
B00192,P003,"Olives 160/180, brined",Olives,Primary,El Olivar Olives Ltd.,2024-06-16,2024-07-31,17,kg,Sold Out,17.0,0.0,0.0,59500,63.64,17850,19.09,Winter,Winter,2024-06
B00193,P003,"Olives 160/180, brined",Olives,Primary,El Olivar Olives Ltd.,2024-06-24,2024-08-08,15,kg,Sold Out,15.0,0.0,0.0,52500,56.15,15750,16.84,Winter,Winter,2024-06
B00194,P003,"Olives 160/180, brined",Olives,Primary,El Olivar Olives Ltd.,2024-07-04,2024-08-18,13,kg,Partial Loss,9.62,3.38,26.0,33670,36.01,1820,1.95,Winter,Winter,2024-07
B00195,P003,"Olives 160/180, brined",Olives,Primary,El Olivar Olives Ltd.,2024-07-10,2024-08-24,14,kg,Sold Out,14.0,0.0,0.0,49000,52.41,14700,15.72,Winter,Winter,2024-07
B00196,P003,"Olives 160/180, brined",Olives,Primary,El Olivar Olives Ltd.,2024-07-21,2024-09-04,17,kg,Partial Loss,13.28,3.72,21.9,46480,49.71,4830,5.17,Winter,Winter,2024-07
B00197,P003,"Olives 160/180, brined",Olives,Primary,El Olivar Olives Ltd.,2024-07-31,2024-09-14,14,kg,Partial Loss,10.32,3.68,26.3,36120,38.63,1820,1.95,Winter,Winter,2024-07
B00198,P003,"Olives 160/180, brined",Olives,Primary,El Olivar Olives Ltd.,2024-08-12,2024-09-26,14,kg,Partial Loss,10.53,3.47,24.8,36855,39.42,2555,2.73,Winter,Winter,2024-08
B00199,P003,"Olives 160/180, brined",Olives,Primary,El Olivar Olives Ltd.,2024-08-22,2024-10-06,14,kg,Sold Out,14.0,0.0,0.0,49000,52.41,14700,15.72,Winter,Winter,2024-08
B00200,P003,"Olives 160/180, brined",Olives,Primary,El Olivar Olives Ltd.,2024-08-31,2024-10-15,17,kg,Partial Loss,12.87,4.13,24.3,45045,48.18,3395,3.63,Winter,Winter,2024-08
B00201,P003,"Olives 160/180, brined",Olives,Primary,El Olivar Olives Ltd.,2024-09-10,2024-10-25,22,kg,Sold Out,22.0,0.0,0.0,77000,82.35,23100,24.71,Spring,Spring,2024-09
B00202,P003,"Olives 160/180, brined",Olives,Primary,El Olivar Olives Ltd.,2024-09-20,2024-11-04,16,kg,Sold Out,16.0,0.0,0.0,56000,59.89,16800,17.97,Spring,Spring,2024-09
B00203,P003,"Olives 160/180, brined",Olives,Primary,El Olivar Olives Ltd.,2024-09-30,2024-11-14,20,kg,Partial Loss,18.34,1.66,8.3,64190,68.65,15190,16.25,Spring,Spring,2024-09
B00204,P003,"Olives 160/180, brined",Olives,Backup,Aceitunera Central SpA,2024-10-09,2024-11-23,38,kg,Partial Loss,30.36,7.64,20.1,106260,113.65,7460,7.98,Spring,Spring,2024-10
B00205,P003,"Olives 160/180, brined",Olives,Primary,El Olivar Olives Ltd.,2024-10-19,2024-12-03,40,kg,Sold Out,40.0,0.0,0.0,140000,149.73,42000,44.92,Spring,Spring,2024-10
B00206,P003,"Olives 160/180, brined",Olives,Primary,El Olivar Olives Ltd.,2024-10-28,2024-12-12,36,kg,Sold Out,36.0,0.0,0.0,126000,134.76,37800,40.43,Spring,Spring,2024-10
B00207,P003,"Olives 160/180, brined",Olives,Primary,El Olivar Olives Ltd.,2024-11-05,2024-12-20,38,kg,Sold Out,38.0,0.0,0.0,133000,142.25,39900,42.67,Spring,Spring,2024-11
B00208,P003,"Olives 160/180, brined",Olives,Primary,El Olivar Olives Ltd.,2024-11-14,2024-12-29,42,kg,Sold Out,42.0,0.0,0.0,147000,157.22,44100,47.17,Spring,Spring,2024-11
B00209,P003,"Olives 160/180, brined",Olives,Primary,El Olivar Olives Ltd.,2024-11-26,2025-01-10,35,kg,Sold Out,35.0,0.0,0.0,122500,131.02,36750,39.3,Spring,Spring,2024-11
B00210,P003,"Olives 160/180, brined",Olives,Primary,El Olivar Olives Ltd.,2024-12-07,2025-01-21,48,kg,Sold Out,48.0,0.0,0.0,168000,179.68,50400,53.9,Summer,Summer,2024-12
B00211,P003,"Olives 160/180, brined",Olives,Primary,El Olivar Olives Ltd.,2024-12-17,2025-01-31,53,kg,Partial Loss,41.45,11.55,21.8,145075,155.16,15225,16.28,Summer,Summer,2024-12
B00212,P003,"Olives 160/180, brined",Olives,Primary,El Olivar Olives Ltd.,2024-12-29,2025-02-12,58,kg,Sold Out,58.0,0.0,0.0,203000,217.11,60900,65.13,Summer,Summer,2024-12
B00213,P003,"Olives 160/180, brined",Olives,Primary,El Olivar Olives Ltd.,2025-01-05,2025-02-19,48,kg,Sold Out,48.0,0.0,0.0,168000,179.68,50400,53.9,Summer,Summer,2025-01
B00214,P003,"Olives 160/180, brined",Olives,Primary,El Olivar Olives Ltd.,2025-01-15,2025-03-01,48,kg,Sold Out,48.0,0.0,0.0,168000,179.68,50400,53.9,Summer,Summer,2025-01
B00215,P003,"Olives 160/180, brined",Olives,Primary,El Olivar Olives Ltd.,2025-01-23,2025-03-09,41,kg,Partial Loss,27.51,13.49,32.9,96285,102.98,-4165,-4.45,Summer,Summer,2025-01
B00216,P003,"Olives 160/180, brined",Olives,Primary,El Olivar Olives Ltd.,2025-02-02,2025-03-19,37,kg,Sold Out,37.0,0.0,0.0,129500,138.5,38850,41.55,Summer,Summer,2025-02
B00217,P003,"Olives 160/180, brined",Olives,Primary,El Olivar Olives Ltd.,2025-02-13,2025-03-30,43,kg,Partial Loss,37.84,5.16,12.0,132440,141.65,27090,28.97,Summer,Summer,2025-02
B00218,P003,"Olives 160/180, brined",Olives,Primary,El Olivar Olives Ltd.,2025-02-21,2025-04-07,42,kg,Sold Out,42.0,0.0,0.0,147000,157.22,44100,47.17,Summer,Summer,2025-02
B00219,P003,"Olives 160/180, brined",Olives,Primary,El Olivar Olives Ltd.,2025-03-03,2025-04-17,43,kg,Sold Out,43.0,0.0,0.0,150500,160.96,45150,48.29,Autumn,Autumn,2025-03
B00220,P003,"Olives 160/180, brined",Olives,Primary,El Olivar Olives Ltd.,2025-03-11,2025-04-25,37,kg,Sold Out,37.0,0.0,0.0,129500,138.5,38850,41.55,Autumn,Autumn,2025-03
B00221,P003,"Olives 160/180, brined",Olives,Primary,El Olivar Olives Ltd.,2025-03-20,2025-05-04,42,kg,Sold Out,42.0,0.0,0.0,147000,157.22,44100,47.17,Autumn,Autumn,2025-03
B00222,P003,"Olives 160/180, brined",Olives,Primary,El Olivar Olives Ltd.,2025-03-30,2025-05-14,44,kg,Sold Out,44.0,0.0,0.0,154000,164.71,46200,49.41,Autumn,Autumn,2025-03
B00223,P003,"Olives 160/180, brined",Olives,Primary,El Olivar Olives Ltd.,2025-04-09,2025-05-24,15,kg,Partial Loss,11.78,3.23,21.5,41230,44.1,4480,4.79,Autumn,Autumn,2025-04
B00224,P003,"Olives 160/180, brined",Olives,Backup,Aceitunera Central SpA,2025-04-20,2025-06-04,18,kg,Partial Loss,15.68,2.32,12.9,54880,58.7,8080,8.64,Autumn,Autumn,2025-04
B00225,P003,"Olives 160/180, brined",Olives,Primary,El Olivar Olives Ltd.,2025-04-28,2025-06-12,18,kg,Partial Loss,15.77,2.23,12.4,55195,59.03,11095,11.87,Autumn,Autumn,2025-04
B00226,P003,"Olives 160/180, brined",Olives,Primary,El Olivar Olives Ltd.,2025-05-08,2025-06-22,15,kg,Partial Loss,12.15,2.85,19.0,42525,45.48,5775,6.18,Autumn,Autumn,2025-05
B00227,P003,"Olives 160/180, brined",Olives,Primary,El Olivar Olives Ltd.,2025-05-18,2025-07-02,17,kg,Partial Loss,15.15,1.85,10.9,53025,56.71,11375,12.17,Autumn,Autumn,2025-05
B00228,P003,"Olives 160/180, brined",Olives,Primary,El Olivar Olives Ltd.,2025-05-29,2025-07-13,15,kg,Partial Loss,12.64,2.35,15.7,44240,47.32,7490,8.01,Autumn,Autumn,2025-05
B00229,P003,"Olives 160/180, brined",Olives,Primary,El Olivar Olives Ltd.,2025-06-06,2025-07-21,18,kg,Partial Loss,15.48,2.52,14.0,54180,57.95,10080,10.78,Winter,Winter,2025-06
B00230,P003,"Olives 160/180, brined",Olives,Primary,El Olivar Olives Ltd.,2025-06-13,2025-07-28,17,kg,Sold Out,17.0,0.0,0.0,59500,63.64,17850,19.09,Winter,Winter,2025-06
B00231,P003,"Olives 160/180, brined",Olives,Backup,Aceitunera Central SpA,2025-06-21,2025-08-05,15,kg,Partial Loss,11.13,3.87,25.8,38955,41.66,-45,-0.05,Winter,Winter,2025-06
B00232,P003,"Olives 160/180, brined",Olives,Primary,El Olivar Olives Ltd.,2025-06-30,2025-08-14,17,kg,Sold Out,17.0,0.0,0.0,59500,63.64,17850,19.09,Winter,Winter,2025-06
B00233,P004,"Olives 180/200, brined",Olives,Primary,El Olivar Olives Ltd.,2023-07-10,2023-08-24,13,kg,Partial Loss,9.46,3.54,27.2,28380,30.35,1730,1.85,Winter,Winter,2023-07
B00234,P004,"Olives 180/200, brined",Olives,Backup,Aceitunera Central SpA,2023-07-20,2023-09-03,14,kg,Partial Loss,11.52,2.48,17.7,34560,36.96,2360,2.52,Winter,Winter,2023-07
B00235,P004,"Olives 180/200, brined",Olives,Primary,El Olivar Olives Ltd.,2023-07-27,2023-09-10,15,kg,Sold Out,15.0,0.0,0.0,45000,48.13,14250,15.24,Winter,Winter,2023-07
B00236,P004,"Olives 180/200, brined",Olives,Primary,El Olivar Olives Ltd.,2023-08-05,2023-09-19,17,kg,Sold Out,17.0,0.0,0.0,51000,54.55,16150,17.27,Winter,Winter,2023-08
B00237,P004,"Olives 180/200, brined",Olives,Primary,El Olivar Olives Ltd.,2023-08-15,2023-09-29,15,kg,Partial Loss,10.96,4.04,26.9,32880,35.17,2130,2.28,Winter,Winter,2023-08
B00238,P004,"Olives 180/200, brined",Olives,Primary,El Olivar Olives Ltd.,2023-08-25,2023-10-09,15,kg,Sold Out,15.0,0.0,0.0,45000,48.13,14250,15.24,Winter,Winter,2023-08
B00239,P004,"Olives 180/200, brined",Olives,Primary,El Olivar Olives Ltd.,2023-09-04,2023-10-19,19,kg,Partial Loss,13.4,5.6,29.5,40200,42.99,1250,1.34,Spring,Spring,2023-09
B00240,P004,"Olives 180/200, brined",Olives,Primary,El Olivar Olives Ltd.,2023-09-12,2023-10-27,19,kg,Partial Loss,15.71,3.29,17.3,47130,50.41,8180,8.75,Spring,Spring,2023-09
B00241,P004,"Olives 180/200, brined",Olives,Primary,El Olivar Olives Ltd.,2023-09-21,2023-11-05,19,kg,Sold Out,19.0,0.0,0.0,57000,60.96,18050,19.3,Spring,Spring,2023-09
B00242,P004,"Olives 180/200, brined",Olives,Backup,Aceitunera Central SpA,2023-10-01,2023-11-15,35,kg,Sold Out,35.0,0.0,0.0,105000,112.3,24500,26.2,Spring,Spring,2023-10
B00243,P004,"Olives 180/200, brined",Olives,Primary,El Olivar Olives Ltd.,2023-10-11,2023-11-25,43,kg,Sold Out,43.0,0.0,0.0,129000,137.97,40850,43.69,Spring,Spring,2023-10
B00244,P004,"Olives 180/200, brined",Olives,Primary,El Olivar Olives Ltd.,2023-10-19,2023-12-03,44,kg,Sold Out,44.0,0.0,0.0,132000,141.18,41800,44.71,Spring,Spring,2023-10
B00245,P004,"Olives 180/200, brined",Olives,Primary,El Olivar Olives Ltd.,2023-10-28,2023-12-12,44,kg,Partial Loss,36.39,7.61,17.3,109170,116.76,18970,20.29,Spring,Spring,2023-10
B00246,P004,"Olives 180/200, brined",Olives,Primary,El Olivar Olives Ltd.,2023-11-04,2023-12-19,36,kg,Sold Out,36.0,0.0,0.0,108000,115.51,34200,36.58,Spring,Spring,2023-11
B00247,P004,"Olives 180/200, brined",Olives,Primary,El Olivar Olives Ltd.,2023-11-13,2023-12-28,41,kg,Sold Out,41.0,0.0,0.0,123000,131.55,38950,41.66,Spring,Spring,2023-11
B00248,P004,"Olives 180/200, brined",Olives,Primary,El Olivar Olives Ltd.,2023-11-19,2024-01-03,42,kg,Sold Out,42.0,0.0,0.0,126000,134.76,39900,42.67,Spring,Spring,2023-11
B00249,P004,"Olives 180/200, brined",Olives,Primary,El Olivar Olives Ltd.,2023-11-27,2024-01-11,46,kg,Sold Out,46.0,0.0,0.0,138000,147.59,43700,46.74,Spring,Spring,2023-11
B00250,P004,"Olives 180/200, brined",Olives,Primary,El Olivar Olives Ltd.,2023-12-09,2024-01-23,59,kg,Sold Out,59.0,0.0,0.0,177000,189.3,56050,59.95,Summer,Summer,2023-12
B00251,P004,"Olives 180/200, brined",Olives,Backup,Aceitunera Central SpA,2023-12-19,2024-02-02,59,kg,Sold Out,59.0,0.0,0.0,177000,189.3,41300,44.17,Summer,Summer,2023-12
B00252,P004,"Olives 180/200, brined",Olives,Primary,El Olivar Olives Ltd.,2023-12-27,2024-02-10,56,kg,Sold Out,56.0,0.0,0.0,168000,179.68,53200,56.9,Summer,Summer,2023-12
B00253,P004,"Olives 180/200, brined",Olives,Backup,Aceitunera Central SpA,2024-01-08,2024-02-22,43,kg,Sold Out,43.0,0.0,0.0,129000,137.97,30100,32.19,Summer,Summer,2024-01
B00254,P004,"Olives 180/200, brined",Olives,Primary,El Olivar Olives Ltd.,2024-01-19,2024-03-04,46,kg,Sold Out,46.0,0.0,0.0,138000,147.59,43700,46.74,Summer,Summer,2024-01
B00255,P004,"Olives 180/200, brined",Olives,Primary,El Olivar Olives Ltd.,2024-01-29,2024-03-14,36,kg,Sold Out,36.0,0.0,0.0,108000,115.51,34200,36.58,Summer,Summer,2024-01
B00256,P004,"Olives 180/200, brined",Olives,Primary,El Olivar Olives Ltd.,2024-02-06,2024-03-22,38,kg,Sold Out,38.0,0.0,0.0,114000,121.93,36100,38.61,Summer,Summer,2024-02
B00257,P004,"Olives 180/200, brined",Olives,Primary,El Olivar Olives Ltd.,2024-02-13,2024-03-29,40,kg,Partial Loss,30.0,10.0,25.0,90000,96.26,8000,8.56,Summer,Summer,2024-02
B00258,P004,"Olives 180/200, brined",Olives,Primary,El Olivar Olives Ltd.,2024-02-23,2024-04-08,35,kg,Sold Out,35.0,0.0,0.0,105000,112.3,33250,35.56,Summer,Summer,2024-02
B00259,P004,"Olives 180/200, brined",Olives,Backup,Aceitunera Central SpA,2024-03-03,2024-04-17,37,kg,Sold Out,37.0,0.0,0.0,111000,118.72,25900,27.7,Autumn,Autumn,2024-03
B00260,P004,"Olives 180/200, brined",Olives,Primary,El Olivar Olives Ltd.,2024-03-11,2024-04-25,34,kg,Sold Out,34.0,0.0,0.0,102000,109.09,32300,34.55,Autumn,Autumn,2024-03
B00261,P004,"Olives 180/200, brined",Olives,Primary,El Olivar Olives Ltd.,2024-03-20,2024-05-04,39,kg,Sold Out,39.0,0.0,0.0,117000,125.13,37050,39.63,Autumn,Autumn,2024-03
B00262,P004,"Olives 180/200, brined",Olives,Primary,El Olivar Olives Ltd.,2024-03-31,2024-05-15,40,kg,Sold Out,40.0,0.0,0.0,120000,128.34,38000,40.64,Autumn,Autumn,2024-03
B00263,P004,"Olives 180/200, brined",Olives,Primary,El Olivar Olives Ltd.,2024-04-08,2024-05-23,15,kg,Partial Loss,12.27,2.73,18.2,36810,39.37,6060,6.48,Autumn,Autumn,2024-04
B00264,P004,"Olives 180/200, brined",Olives,Primary,El Olivar Olives Ltd.,2024-04-18,2024-06-02,14,kg,Partial Loss,12.43,1.57,11.2,37290,39.88,8590,9.19,Autumn,Autumn,2024-04
B00265,P004,"Olives 180/200, brined",Olives,Primary,El Olivar Olives Ltd.,2024-04-27,2024-06-11,13,kg,Sold Out,13.0,0.0,0.0,39000,41.71,12350,13.21,Autumn,Autumn,2024-04
B00266,P004,"Olives 180/200, brined",Olives,Primary,El Olivar Olives Ltd.,2024-05-07,2024-06-21,16,kg,Partial Loss,13.57,2.43,15.2,40710,43.54,7910,8.46,Autumn,Autumn,2024-05
B00267,P004,"Olives 180/200, brined",Olives,Backup,Aceitunera Central SpA,2024-05-15,2024-06-29,17,kg,Partial Loss,13.09,3.91,23.0,39270,42.0,170,0.18,Autumn,Autumn,2024-05
B00268,P004,"Olives 180/200, brined",Olives,Primary,El Olivar Olives Ltd.,2024-05-23,2024-07-07,16,kg,Sold Out,16.0,0.0,0.0,48000,51.34,15200,16.26,Autumn,Autumn,2024-05
B00269,P004,"Olives 180/200, brined",Olives,Primary,El Olivar Olives Ltd.,2024-06-01,2024-07-16,15,kg,Sold Out,15.0,0.0,0.0,45000,48.13,14250,15.24,Winter,Winter,2024-06
B00270,P004,"Olives 180/200, brined",Olives,Primary,El Olivar Olives Ltd.,2024-06-10,2024-07-25,15,kg,Sold Out,15.0,0.0,0.0,45000,48.13,14250,15.24,Winter,Winter,2024-06
B00271,P004,"Olives 180/200, brined",Olives,Primary,El Olivar Olives Ltd.,2024-06-21,2024-08-05,16,kg,Sold Out,16.0,0.0,0.0,48000,51.34,15200,16.26,Winter,Winter,2024-06
B00272,P004,"Olives 180/200, brined",Olives,Primary,El Olivar Olives Ltd.,2024-07-03,2024-08-17,15,kg,Partial Loss,10.56,4.44,29.6,31680,33.88,930,0.99,Winter,Winter,2024-07
B00273,P004,"Olives 180/200, brined",Olives,Primary,El Olivar Olives Ltd.,2024-07-12,2024-08-26,16,kg,Sold Out,16.0,0.0,0.0,48000,51.34,15200,16.26,Winter,Winter,2024-07
B00274,P004,"Olives 180/200, brined",Olives,Primary,El Olivar Olives Ltd.,2024-07-24,2024-09-07,17,kg,Sold Out,17.0,0.0,0.0,51000,54.55,16150,17.27,Winter,Winter,2024-07
B00275,P004,"Olives 180/200, brined",Olives,Primary,El Olivar Olives Ltd.,2024-08-03,2024-09-17,14,kg,Sold Out,14.0,0.0,0.0,42000,44.92,13300,14.22,Winter,Winter,2024-08
B00276,P004,"Olives 180/200, brined",Olives,Primary,El Olivar Olives Ltd.,2024-08-11,2024-09-25,13,kg,Sold Out,13.0,0.0,0.0,39000,41.71,12350,13.21,Winter,Winter,2024-08
B00277,P004,"Olives 180/200, brined",Olives,Primary,El Olivar Olives Ltd.,2024-08-21,2024-10-05,16,kg,Partial Loss,13.18,2.82,17.6,39540,42.29,6740,7.21,Winter,Winter,2024-08
B00278,P004,"Olives 180/200, brined",Olives,Primary,El Olivar Olives Ltd.,2024-08-29,2024-10-13,14,kg,Partial Loss,10.75,3.25,23.2,32250,34.49,3550,3.8,Winter,Winter,2024-08
B00279,P004,"Olives 180/200, brined",Olives,Primary,El Olivar Olives Ltd.,2024-09-07,2024-10-22,17,kg,Partial Loss,13.85,3.15,18.5,41550,44.44,6700,7.17,Spring,Spring,2024-09
B00280,P004,"Olives 180/200, brined",Olives,Primary,El Olivar Olives Ltd.,2024-09-18,2024-11-02,18,kg,Sold Out,18.0,0.0,0.0,54000,57.75,17100,18.29,Spring,Spring,2024-09
B00281,P004,"Olives 180/200, brined",Olives,Primary,El Olivar Olives Ltd.,2024-09-26,2024-11-10,19,kg,Sold Out,19.0,0.0,0.0,57000,60.96,18050,19.3,Spring,Spring,2024-09
B00282,P004,"Olives 180/200, brined",Olives,Primary,El Olivar Olives Ltd.,2024-10-04,2024-11-18,39,kg,Partial Loss,33.58,5.42,13.9,100740,107.74,20790,22.24,Spring,Spring,2024-10
B00283,P004,"Olives 180/200, brined",Olives,Primary,El Olivar Olives Ltd.,2024-10-13,2024-11-27,40,kg,Sold Out,40.0,0.0,0.0,120000,128.34,38000,40.64,Spring,Spring,2024-10
B00284,P004,"Olives 180/200, brined",Olives,Primary,El Olivar Olives Ltd.,2024-10-24,2024-12-08,43,kg,Sold Out,43.0,0.0,0.0,129000,137.97,40850,43.69,Spring,Spring,2024-10
B00285,P004,"Olives 180/200, brined",Olives,Primary,El Olivar Olives Ltd.,2024-11-04,2024-12-19,36,kg,Sold Out,36.0,0.0,0.0,108000,115.51,34200,36.58,Spring,Spring,2024-11
B00286,P004,"Olives 180/200, brined",Olives,Primary,El Olivar Olives Ltd.,2024-11-14,2024-12-29,45,kg,Sold Out,45.0,0.0,0.0,135000,144.39,42750,45.72,Spring,Spring,2024-11
B00287,P004,"Olives 180/200, brined",Olives,Primary,El Olivar Olives Ltd.,2024-11-24,2025-01-08,40,kg,Sold Out,40.0,0.0,0.0,120000,128.34,38000,40.64,Spring,Spring,2024-11
B00288,P004,"Olives 180/200, brined",Olives,Primary,El Olivar Olives Ltd.,2024-12-06,2025-01-20,47,kg,Partial Loss,32.38,14.62,31.1,97140,103.89,790,0.84,Summer,Summer,2024-12
B00289,P004,"Olives 180/200, brined",Olives,Primary,El Olivar Olives Ltd.,2024-12-17,2025-01-31,45,kg,Sold Out,45.0,0.0,0.0,135000,144.39,42750,45.72,Summer,Summer,2024-12
B00290,P004,"Olives 180/200, brined",Olives,Primary,El Olivar Olives Ltd.,2024-12-26,2025-02-09,58,kg,Sold Out,58.0,0.0,0.0,174000,186.1,55100,58.93,Summer,Summer,2024-12
B00291,P004,"Olives 180/200, brined",Olives,Primary,El Olivar Olives Ltd.,2025-01-07,2025-02-21,49,kg,Sold Out,49.0,0.0,0.0,147000,157.22,46550,49.79,Summer,Summer,2025-01
B00292,P004,"Olives 180/200, brined",Olives,Primary,El Olivar Olives Ltd.,2025-01-18,2025-03-04,43,kg,Partial Loss,32.77,10.23,23.8,98310,105.14,10160,10.87,Summer,Summer,2025-01
B00293,P004,"Olives 180/200, brined",Olives,Primary,El Olivar Olives Ltd.,2025-01-29,2025-03-15,49,kg,Sold Out,49.0,0.0,0.0,147000,157.22,46550,49.79,Summer,Summer,2025-01
B00294,P004,"Olives 180/200, brined",Olives,Primary,El Olivar Olives Ltd.,2025-02-06,2025-03-23,39,kg,Sold Out,39.0,0.0,0.0,117000,125.13,37050,39.63,Summer,Summer,2025-02
B00295,P004,"Olives 180/200, brined",Olives,Primary,El Olivar Olives Ltd.,2025-02-14,2025-03-31,48,kg,Sold Out,48.0,0.0,0.0,144000,154.01,45600,48.77,Summer,Summer,2025-02
B00296,P004,"Olives 180/200, brined",Olives,Backup,Aceitunera Central SpA,2025-02-23,2025-04-09,40,kg,Sold Out,40.0,0.0,0.0,120000,128.34,28000,29.95,Summer,Summer,2025-02
B00297,P004,"Olives 180/200, brined",Olives,Backup,Aceitunera Central SpA,2025-03-03,2025-04-17,42,kg,Sold Out,42.0,0.0,0.0,126000,134.76,29400,31.44,Autumn,Autumn,2025-03
B00298,P004,"Olives 180/200, brined",Olives,Primary,El Olivar Olives Ltd.,2025-03-11,2025-04-25,44,kg,Sold Out,44.0,0.0,0.0,132000,141.18,41800,44.71,Autumn,Autumn,2025-03
B00299,P004,"Olives 180/200, brined",Olives,Primary,El Olivar Olives Ltd.,2025-03-21,2025-05-05,44,kg,Sold Out,44.0,0.0,0.0,132000,141.18,41800,44.71,Autumn,Autumn,2025-03
B00300,P004,"Olives 180/200, brined",Olives,Backup,Aceitunera Central SpA,2025-03-28,2025-05-12,48,kg,Partial Loss,40.61,7.39,15.4,121830,130.3,11430,12.22,Autumn,Autumn,2025-03
B00301,P004,"Olives 180/200, brined",Olives,Primary,El Olivar Olives Ltd.,2025-04-06,2025-05-21,18,kg,Sold Out,18.0,0.0,0.0,54000,57.75,17100,18.29,Autumn,Autumn,2025-04
B00302,P004,"Olives 180/200, brined",Olives,Primary,El Olivar Olives Ltd.,2025-04-14,2025-05-29,17,kg,Sold Out,17.0,0.0,0.0,51000,54.55,16150,17.27,Autumn,Autumn,2025-04
B00303,P004,"Olives 180/200, brined",Olives,Primary,El Olivar Olives Ltd.,2025-04-23,2025-06-07,15,kg,Partial Loss,11.84,3.17,21.1,35520,37.99,4770,5.1,Autumn,Autumn,2025-04
B00304,P004,"Olives 180/200, brined",Olives,Primary,El Olivar Olives Ltd.,2025-05-02,2025-06-16,16,kg,Partial Loss,13.74,2.26,14.1,41220,44.09,8420,9.01,Autumn,Autumn,2025-05
B00305,P004,"Olives 180/200, brined",Olives,Primary,El Olivar Olives Ltd.,2025-05-13,2025-06-27,16,kg,Sold Out,16.0,0.0,0.0,48000,51.34,15200,16.26,Autumn,Autumn,2025-05
B00306,P004,"Olives 180/200, brined",Olives,Primary,El Olivar Olives Ltd.,2025-05-22,2025-07-06,18,kg,Sold Out,18.0,0.0,0.0,54000,57.75,17100,18.29,Autumn,Autumn,2025-05
B00307,P004,"Olives 180/200, brined",Olives,Primary,El Olivar Olives Ltd.,2025-05-31,2025-07-15,18,kg,Partial Loss,14.94,3.06,17.0,44820,47.94,7920,8.47,Autumn,Autumn,2025-05
B00308,P004,"Olives 180/200, brined",Olives,Primary,El Olivar Olives Ltd.,2025-06-10,2025-07-25,15,kg,Partial Loss,12.04,2.96,19.7,36120,38.63,5370,5.74,Winter,Winter,2025-06
B00309,P004,"Olives 180/200, brined",Olives,Primary,El Olivar Olives Ltd.,2025-06-19,2025-08-03,17,kg,Sold Out,17.0,0.0,0.0,51000,54.55,16150,17.27,Winter,Winter,2025-06
B00310,P004,"Olives 180/200, brined",Olives,Primary,El Olivar Olives Ltd.,2025-06-29,2025-08-13,18,kg,Partial Loss,14.02,3.98,22.1,42060,44.98,5160,5.52,Winter,Winter,2025-06
B00311,P005,"Olives 200/220, brined",Olives,Primary,El Olivar Olives Ltd.,2023-07-02,2023-08-16,13,kg,Partial Loss,12.1,0.9,6.9,36300,38.82,9000,9.63,Winter,Winter,2023-07
B00312,P005,"Olives 200/220, brined",Olives,Primary,El Olivar Olives Ltd.,2023-07-11,2023-08-25,14,kg,Partial Loss,10.7,3.3,23.6,32100,34.33,2700,2.89,Winter,Winter,2023-07
B00313,P005,"Olives 200/220, brined",Olives,Primary,El Olivar Olives Ltd.,2023-07-23,2023-09-06,15,kg,Sold Out,15.0,0.0,0.0,45000,48.13,13500,14.44,Winter,Winter,2023-07
B00314,P005,"Olives 200/220, brined",Olives,Primary,El Olivar Olives Ltd.,2023-08-02,2023-09-16,14,kg,Partial Loss,10.23,3.77,26.9,30690,32.82,1290,1.38,Winter,Winter,2023-08
B00315,P005,"Olives 200/220, brined",Olives,Primary,El Olivar Olives Ltd.,2023-08-08,2023-09-22,15,kg,Partial Loss,13.54,1.46,9.7,40620,43.44,9120,9.75,Winter,Winter,2023-08
B00316,P005,"Olives 200/220, brined",Olives,Primary,El Olivar Olives Ltd.,2023-08-17,2023-10-01,16,kg,Sold Out,16.0,0.0,0.0,48000,51.34,14400,15.4,Winter,Winter,2023-08
B00317,P005,"Olives 200/220, brined",Olives,Backup,Aceitunera Central SpA,2023-08-25,2023-10-09,14,kg,Sold Out,14.0,0.0,0.0,42000,44.92,9800,10.48,Winter,Winter,2023-08
B00318,P005,"Olives 200/220, brined",Olives,Primary,El Olivar Olives Ltd.,2023-09-04,2023-10-19,16,kg,Partial Loss,12.78,3.22,20.1,38340,41.01,4740,5.07,Spring,Spring,2023-09
B00319,P005,"Olives 200/220, brined",Olives,Primary,El Olivar Olives Ltd.,2023-09-15,2023-10-30,21,kg,Sold Out,21.0,0.0,0.0,63000,67.38,18900,20.21,Spring,Spring,2023-09
B00320,P005,"Olives 200/220, brined",Olives,Primary,El Olivar Olives Ltd.,2023-09-25,2023-11-09,19,kg,Partial Loss,16.09,2.91,15.3,48270,51.63,8370,8.95,Spring,Spring,2023-09
B00321,P005,"Olives 200/220, brined",Olives,Primary,El Olivar Olives Ltd.,2023-10-04,2023-11-18,35,kg,Sold Out,35.0,0.0,0.0,105000,112.3,31500,33.69,Spring,Spring,2023-10
B00322,P005,"Olives 200/220, brined",Olives,Primary,El Olivar Olives Ltd.,2023-10-14,2023-11-28,40,kg,Sold Out,40.0,0.0,0.0,120000,128.34,36000,38.5,Spring,Spring,2023-10
B00323,P005,"Olives 200/220, brined",Olives,Primary,El Olivar Olives Ltd.,2023-10-24,2023-12-08,39,kg,Sold Out,39.0,0.0,0.0,117000,125.13,35100,37.54,Spring,Spring,2023-10
B00324,P005,"Olives 200/220, brined",Olives,Primary,El Olivar Olives Ltd.,2023-11-03,2023-12-18,40,kg,Sold Out,40.0,0.0,0.0,120000,128.34,36000,38.5,Spring,Spring,2023-11
B00325,P005,"Olives 200/220, brined",Olives,Primary,El Olivar Olives Ltd.,2023-11-11,2023-12-26,39,kg,Sold Out,39.0,0.0,0.0,117000,125.13,35100,37.54,Spring,Spring,2023-11
B00326,P005,"Olives 200/220, brined",Olives,Primary,El Olivar Olives Ltd.,2023-11-23,2024-01-07,46,kg,Partial Loss,36.43,9.57,20.8,109290,116.89,12690,13.57,Spring,Spring,2023-11
B00327,P005,"Olives 200/220, brined",Olives,Primary,El Olivar Olives Ltd.,2023-12-05,2024-01-19,52,kg,Sold Out,52.0,0.0,0.0,156000,166.84,46800,50.05,Summer,Summer,2023-12
B00328,P005,"Olives 200/220, brined",Olives,Primary,El Olivar Olives Ltd.,2023-12-17,2024-01-31,48,kg,Partial Loss,37.39,10.61,22.1,112170,119.97,11370,12.16,Summer,Summer,2023-12
B00329,P005,"Olives 200/220, brined",Olives,Primary,El Olivar Olives Ltd.,2023-12-24,2024-02-07,57,kg,Sold Out,57.0,0.0,0.0,171000,182.89,51300,54.87,Summer,Summer,2023-12
B00330,P005,"Olives 200/220, brined",Olives,Primary,El Olivar Olives Ltd.,2024-01-03,2024-02-17,42,kg,Sold Out,42.0,0.0,0.0,126000,134.76,37800,40.43,Summer,Summer,2024-01
B00331,P005,"Olives 200/220, brined",Olives,Primary,El Olivar Olives Ltd.,2024-01-14,2024-02-28,43,kg,Sold Out,43.0,0.0,0.0,129000,137.97,38700,41.39,Summer,Summer,2024-01
B00332,P005,"Olives 200/220, brined",Olives,Primary,El Olivar Olives Ltd.,2024-01-23,2024-03-08,34,kg,Sold Out,34.0,0.0,0.0,102000,109.09,30600,32.73,Summer,Summer,2024-01
B00333,P005,"Olives 200/220, brined",Olives,Primary,El Olivar Olives Ltd.,2024-02-02,2024-03-18,36,kg,Sold Out,36.0,0.0,0.0,108000,115.51,32400,34.65,Summer,Summer,2024-02
B00334,P005,"Olives 200/220, brined",Olives,Primary,El Olivar Olives Ltd.,2024-02-13,2024-03-29,45,kg,Sold Out,45.0,0.0,0.0,135000,144.39,40500,43.32,Summer,Summer,2024-02
B00335,P005,"Olives 200/220, brined",Olives,Primary,El Olivar Olives Ltd.,2024-02-24,2024-04-09,36,kg,Partial Loss,28.62,7.38,20.5,85860,91.83,10260,10.97,Summer,Summer,2024-02
B00336,P005,"Olives 200/220, brined",Olives,Primary,El Olivar Olives Ltd.,2024-03-03,2024-04-17,34,kg,Sold Out,34.0,0.0,0.0,102000,109.09,30600,32.73,Autumn,Autumn,2024-03
B00337,P005,"Olives 200/220, brined",Olives,Primary,El Olivar Olives Ltd.,2024-03-11,2024-04-25,41,kg,Sold Out,41.0,0.0,0.0,123000,131.55,36900,39.47,Autumn,Autumn,2024-03
B00338,P005,"Olives 200/220, brined",Olives,Primary,El Olivar Olives Ltd.,2024-03-23,2024-05-07,39,kg,Partial Loss,33.5,5.5,14.1,100500,107.49,18600,19.89,Autumn,Autumn,2024-03
B00339,P005,"Olives 200/220, brined",Olives,Primary,El Olivar Olives Ltd.,2024-04-05,2024-05-20,16,kg,Sold Out,16.0,0.0,0.0,48000,51.34,14400,15.4,Autumn,Autumn,2024-04
B00340,P005,"Olives 200/220, brined",Olives,Primary,El Olivar Olives Ltd.,2024-04-13,2024-05-28,15,kg,Sold Out,15.0,0.0,0.0,45000,48.13,13500,14.44,Autumn,Autumn,2024-04
B00341,P005,"Olives 200/220, brined",Olives,Primary,El Olivar Olives Ltd.,2024-04-22,2024-06-06,16,kg,Sold Out,16.0,0.0,0.0,48000,51.34,14400,15.4,Autumn,Autumn,2024-04
B00342,P005,"Olives 200/220, brined",Olives,Primary,El Olivar Olives Ltd.,2024-05-02,2024-06-16,14,kg,Partial Loss,11.2,2.8,20.0,33600,35.94,4200,4.49,Autumn,Autumn,2024-05
B00343,P005,"Olives 200/220, brined",Olives,Primary,El Olivar Olives Ltd.,2024-05-11,2024-06-25,15,kg,Partial Loss,14.52,0.48,3.2,43560,46.59,12060,12.9,Autumn,Autumn,2024-05
B00344,P005,"Olives 200/220, brined",Olives,Backup,Aceitunera Central SpA,2024-05-20,2024-07-04,15,kg,Partial Loss,11.93,3.07,20.5,35790,38.28,1290,1.38,Autumn,Autumn,2024-05
B00345,P005,"Olives 200/220, brined",Olives,Primary,El Olivar Olives Ltd.,2024-05-29,2024-07-13,16,kg,Partial Loss,12.85,3.15,19.7,38550,41.23,4950,5.29,Autumn,Autumn,2024-05
B00346,P005,"Olives 200/220, brined",Olives,Primary,El Olivar Olives Ltd.,2024-06-07,2024-07-22,15,kg,Partial Loss,11.04,3.96,26.4,33120,35.42,1620,1.73,Winter,Winter,2024-06
B00347,P005,"Olives 200/220, brined",Olives,Primary,El Olivar Olives Ltd.,2024-06-14,2024-07-29,16,kg,Partial Loss,12.56,3.44,21.5,37680,40.3,4080,4.36,Winter,Winter,2024-06
B00348,P005,"Olives 200/220, brined",Olives,Primary,El Olivar Olives Ltd.,2024-06-21,2024-08-05,14,kg,Sold Out,14.0,0.0,0.0,42000,44.92,12600,13.48,Winter,Winter,2024-06
B00349,P005,"Olives 200/220, brined",Olives,Primary,El Olivar Olives Ltd.,2024-07-01,2024-08-15,13,kg,Sold Out,13.0,0.0,0.0,39000,41.71,11700,12.51,Winter,Winter,2024-07
B00350,P005,"Olives 200/220, brined",Olives,Primary,El Olivar Olives Ltd.,2024-07-12,2024-08-26,16,kg,Partial Loss,15.07,0.93,5.8,45210,48.35,11610,12.42,Winter,Winter,2024-07
B00351,P005,"Olives 200/220, brined",Olives,Primary,El Olivar Olives Ltd.,2024-07-22,2024-09-05,13,kg,Partial Loss,9.18,3.82,29.4,27540,29.45,240,0.26,Winter,Winter,2024-07
B00352,P005,"Olives 200/220, brined",Olives,Primary,El Olivar Olives Ltd.,2024-08-01,2024-09-15,14,kg,Partial Loss,11.9,2.1,15.0,35700,38.18,6300,6.74,Winter,Winter,2024-08
B00353,P005,"Olives 200/220, brined",Olives,Primary,El Olivar Olives Ltd.,2024-08-09,2024-09-23,16,kg,Partial Loss,14.03,1.97,12.3,42090,45.02,8490,9.08,Winter,Winter,2024-08
B00354,P005,"Olives 200/220, brined",Olives,Primary,El Olivar Olives Ltd.,2024-08-19,2024-10-03,15,kg,Sold Out,15.0,0.0,0.0,45000,48.13,13500,14.44,Winter,Winter,2024-08
B00355,P005,"Olives 200/220, brined",Olives,Primary,El Olivar Olives Ltd.,2024-08-31,2024-10-15,13,kg,Partial Loss,10.46,2.54,19.5,31380,33.56,4080,4.36,Winter,Winter,2024-08
B00356,P005,"Olives 200/220, brined",Olives,Primary,El Olivar Olives Ltd.,2024-09-09,2024-10-24,20,kg,Partial Loss,16.82,3.18,15.9,50460,53.97,8460,9.05,Spring,Spring,2024-09
B00357,P005,"Olives 200/220, brined",Olives,Primary,El Olivar Olives Ltd.,2024-09-17,2024-11-01,21,kg,Sold Out,21.0,0.0,0.0,63000,67.38,18900,20.21,Spring,Spring,2024-09
B00358,P005,"Olives 200/220, brined",Olives,Primary,El Olivar Olives Ltd.,2024-09-29,2024-11-13,16,kg,Partial Loss,14.64,1.36,8.5,43920,46.97,10320,11.04,Spring,Spring,2024-09
B00359,P005,"Olives 200/220, brined",Olives,Primary,El Olivar Olives Ltd.,2024-10-12,2024-11-26,38,kg,Sold Out,38.0,0.0,0.0,114000,121.93,34200,36.58,Spring,Spring,2024-10
B00360,P005,"Olives 200/220, brined",Olives,Primary,El Olivar Olives Ltd.,2024-10-22,2024-12-06,43,kg,Sold Out,43.0,0.0,0.0,129000,137.97,38700,41.39,Spring,Spring,2024-10
B00361,P005,"Olives 200/220, brined",Olives,Primary,El Olivar Olives Ltd.,2024-11-01,2024-12-16,41,kg,Sold Out,41.0,0.0,0.0,123000,131.55,36900,39.47,Spring,Spring,2024-11
B00362,P005,"Olives 200/220, brined",Olives,Primary,El Olivar Olives Ltd.,2024-11-08,2024-12-23,40,kg,Sold Out,40.0,0.0,0.0,120000,128.34,36000,38.5,Spring,Spring,2024-11
B00363,P005,"Olives 200/220, brined",Olives,Primary,El Olivar Olives Ltd.,2024-11-17,2025-01-01,37,kg,Sold Out,37.0,0.0,0.0,111000,118.72,33300,35.61,Spring,Spring,2024-11
B00364,P005,"Olives 200/220, brined",Olives,Primary,El Olivar Olives Ltd.,2024-11-26,2025-01-10,35,kg,Sold Out,35.0,0.0,0.0,105000,112.3,31500,33.69,Spring,Spring,2024-11
B00365,P005,"Olives 200/220, brined",Olives,Primary,El Olivar Olives Ltd.,2024-12-06,2025-01-20,55,kg,Sold Out,55.0,0.0,0.0,165000,176.47,49500,52.94,Summer,Summer,2024-12
B00366,P005,"Olives 200/220, brined",Olives,Primary,El Olivar Olives Ltd.,2024-12-17,2025-01-31,52,kg,Partial Loss,35.88,16.12,31.0,107640,115.12,-1560,-1.67,Summer,Summer,2024-12
B00367,P005,"Olives 200/220, brined",Olives,Primary,El Olivar Olives Ltd.,2024-12-28,2025-02-11,50,kg,Sold Out,50.0,0.0,0.0,150000,160.43,45000,48.13,Summer,Summer,2024-12
B00368,P005,"Olives 200/220, brined",Olives,Backup,Aceitunera Central SpA,2025-01-10,2025-02-24,40,kg,Sold Out,40.0,0.0,0.0,120000,128.34,28000,29.95,Summer,Summer,2025-01
B00369,P005,"Olives 200/220, brined",Olives,Primary,El Olivar Olives Ltd.,2025-01-20,2025-03-06,48,kg,Sold Out,48.0,0.0,0.0,144000,154.01,43200,46.2,Summer,Summer,2025-01
B00370,P005,"Olives 200/220, brined",Olives,Primary,El Olivar Olives Ltd.,2025-01-27,2025-03-13,41,kg,Sold Out,41.0,0.0,0.0,123000,131.55,36900,39.47,Summer,Summer,2025-01
B00371,P005,"Olives 200/220, brined",Olives,Primary,El Olivar Olives Ltd.,2025-02-07,2025-03-24,49,kg,Sold Out,49.0,0.0,0.0,147000,157.22,44100,47.17,Summer,Summer,2025-02
B00372,P005,"Olives 200/220, brined",Olives,Primary,El Olivar Olives Ltd.,2025-02-17,2025-04-03,37,kg,Sold Out,37.0,0.0,0.0,111000,118.72,33300,35.61,Summer,Summer,2025-02
B00373,P005,"Olives 200/220, brined",Olives,Primary,El Olivar Olives Ltd.,2025-02-24,2025-04-10,38,kg,Sold Out,38.0,0.0,0.0,114000,121.93,34200,36.58,Summer,Summer,2025-02
B00374,P005,"Olives 200/220, brined",Olives,Primary,El Olivar Olives Ltd.,2025-03-06,2025-04-20,48,kg,Sold Out,48.0,0.0,0.0,144000,154.01,43200,46.2,Autumn,Autumn,2025-03
B00375,P005,"Olives 200/220, brined",Olives,Primary,El Olivar Olives Ltd.,2025-03-16,2025-04-30,49,kg,Sold Out,49.0,0.0,0.0,147000,157.22,44100,47.17,Autumn,Autumn,2025-03
B00376,P005,"Olives 200/220, brined",Olives,Primary,El Olivar Olives Ltd.,2025-03-24,2025-05-08,38,kg,Sold Out,38.0,0.0,0.0,114000,121.93,34200,36.58,Autumn,Autumn,2025-03
B00377,P005,"Olives 200/220, brined",Olives,Backup,Aceitunera Central SpA,2025-04-02,2025-05-17,16,kg,Sold Out,16.0,0.0,0.0,48000,51.34,11200,11.98,Autumn,Autumn,2025-04
B00378,P005,"Olives 200/220, brined",Olives,Primary,El Olivar Olives Ltd.,2025-04-09,2025-05-24,14,kg,Partial Loss,10.54,3.46,24.7,31620,33.82,2220,2.37,Autumn,Autumn,2025-04
B00379,P005,"Olives 200/220, brined",Olives,Backup,Aceitunera Central SpA,2025-04-19,2025-06-03,17,kg,Sold Out,17.0,0.0,0.0,51000,54.55,11900,12.73,Autumn,Autumn,2025-04
B00380,P005,"Olives 200/220, brined",Olives,Backup,Aceitunera Central SpA,2025-04-30,2025-06-14,14,kg,Sold Out,14.0,0.0,0.0,42000,44.92,9800,10.48,Autumn,Autumn,2025-04
B00381,P005,"Olives 200/220, brined",Olives,Primary,El Olivar Olives Ltd.,2025-05-10,2025-06-24,16,kg,Partial Loss,13.41,2.59,16.2,40230,43.03,6630,7.09,Autumn,Autumn,2025-05
B00382,P005,"Olives 200/220, brined",Olives,Primary,El Olivar Olives Ltd.,2025-05-19,2025-07-03,17,kg,Partial Loss,14.38,2.62,15.4,43140,46.14,7440,7.96,Autumn,Autumn,2025-05
B00383,P005,"Olives 200/220, brined",Olives,Primary,El Olivar Olives Ltd.,2025-05-28,2025-07-12,15,kg,Partial Loss,11.56,3.44,22.9,34680,37.09,3180,3.4,Autumn,Autumn,2025-05
B00384,P005,"Olives 200/220, brined",Olives,Primary,El Olivar Olives Ltd.,2025-06-08,2025-07-23,19,kg,Sold Out,19.0,0.0,0.0,57000,60.96,17100,18.29,Winter,Winter,2025-06
B00385,P005,"Olives 200/220, brined",Olives,Primary,El Olivar Olives Ltd.,2025-06-21,2025-08-05,18,kg,Sold Out,18.0,0.0,0.0,54000,57.75,16200,17.33,Winter,Winter,2025-06
B00386,P006,"Olives 220/240, brined",Olives,Primary,El Olivar Olives Ltd.,2023-07-01,2023-08-15,15,kg,Sold Out,15.0,0.0,0.0,45000,48.13,12000,12.83,Winter,Winter,2023-07
B00387,P006,"Olives 220/240, brined",Olives,Primary,El Olivar Olives Ltd.,2023-07-09,2023-08-23,15,kg,Partial Loss,10.38,4.62,30.8,31140,33.3,-1860,-1.99,Winter,Winter,2023-07
B00388,P006,"Olives 220/240, brined",Olives,Primary,El Olivar Olives Ltd.,2023-07-20,2023-09-03,17,kg,Sold Out,17.0,0.0,0.0,51000,54.55,13600,14.55,Winter,Winter,2023-07
B00389,P006,"Olives 220/240, brined",Olives,Primary,El Olivar Olives Ltd.,2023-07-31,2023-09-14,16,kg,Partial Loss,13.41,2.59,16.2,40230,43.03,5030,5.38,Winter,Winter,2023-07
B00390,P006,"Olives 220/240, brined",Olives,Primary,El Olivar Olives Ltd.,2023-08-07,2023-09-21,15,kg,Sold Out,15.0,0.0,0.0,45000,48.13,12000,12.83,Winter,Winter,2023-08
B00391,P006,"Olives 220/240, brined",Olives,Primary,El Olivar Olives Ltd.,2023-08-18,2023-10-02,16,kg,Sold Out,16.0,0.0,0.0,48000,51.34,12800,13.69,Winter,Winter,2023-08
B00392,P006,"Olives 220/240, brined",Olives,Primary,El Olivar Olives Ltd.,2023-08-28,2023-10-12,16,kg,Sold Out,16.0,0.0,0.0,48000,51.34,12800,13.69,Winter,Winter,2023-08
B00393,P006,"Olives 220/240, brined",Olives,Primary,El Olivar Olives Ltd.,2023-09-07,2023-10-22,20,kg,Partial Loss,16.56,3.44,17.2,49680,53.13,5680,6.07,Spring,Spring,2023-09
B00394,P006,"Olives 220/240, brined",Olives,Primary,El Olivar Olives Ltd.,2023-09-17,2023-11-01,18,kg,Partial Loss,14.42,3.58,19.9,43260,46.27,3660,3.91,Spring,Spring,2023-09
B00395,P006,"Olives 220/240, brined",Olives,Primary,El Olivar Olives Ltd.,2023-09-27,2023-11-11,18,kg,Partial Loss,13.86,4.14,23.0,41580,44.47,1980,2.12,Spring,Spring,2023-09
B00396,P006,"Olives 220/240, brined",Olives,Primary,El Olivar Olives Ltd.,2023-10-04,2023-11-18,46,kg,Sold Out,46.0,0.0,0.0,138000,147.59,36800,39.36,Spring,Spring,2023-10
B00397,P006,"Olives 220/240, brined",Olives,Primary,El Olivar Olives Ltd.,2023-10-14,2023-11-28,45,kg,Partial Loss,39.73,5.27,11.7,119190,127.48,20190,21.59,Spring,Spring,2023-10
B00398,P006,"Olives 220/240, brined",Olives,Primary,El Olivar Olives Ltd.,2023-10-21,2023-12-05,44,kg,Sold Out,44.0,0.0,0.0,132000,141.18,35200,37.65,Spring,Spring,2023-10
B00399,P006,"Olives 220/240, brined",Olives,Primary,El Olivar Olives Ltd.,2023-10-30,2023-12-14,46,kg,Sold Out,46.0,0.0,0.0,138000,147.59,36800,39.36,Spring,Spring,2023-10
B00400,P006,"Olives 220/240, brined",Olives,Backup,Aceitunera Central SpA,2023-11-08,2023-12-23,36,kg,Sold Out,36.0,0.0,0.0,108000,115.51,28800,30.8,Spring,Spring,2023-11
B00401,P006,"Olives 220/240, brined",Olives,Primary,El Olivar Olives Ltd.,2023-11-18,2024-01-02,46,kg,Partial Loss,35.47,10.53,22.9,106410,113.81,5210,5.57,Spring,Spring,2023-11
B00402,P006,"Olives 220/240, brined",Olives,Primary,El Olivar Olives Ltd.,2023-11-26,2024-01-10,38,kg,Sold Out,38.0,0.0,0.0,114000,121.93,30400,32.51,Spring,Spring,2023-11
B00403,P006,"Olives 220/240, brined",Olives,Primary,El Olivar Olives Ltd.,2023-12-05,2024-01-19,55,kg,Sold Out,55.0,0.0,0.0,165000,176.47,44000,47.06,Summer,Summer,2023-12
B00404,P006,"Olives 220/240, brined",Olives,Primary,El Olivar Olives Ltd.,2023-12-15,2024-01-29,45,kg,Sold Out,45.0,0.0,0.0,135000,144.39,36000,38.5,Summer,Summer,2023-12
B00405,P006,"Olives 220/240, brined",Olives,Backup,Aceitunera Central SpA,2023-12-24,2024-02-07,52,kg,Sold Out,52.0,0.0,0.0,156000,166.84,41600,44.49,Summer,Summer,2023-12
B00406,P006,"Olives 220/240, brined",Olives,Primary,El Olivar Olives Ltd.,2024-01-03,2024-02-17,38,kg,Sold Out,38.0,0.0,0.0,114000,121.93,30400,32.51,Summer,Summer,2024-01
B00407,P006,"Olives 220/240, brined",Olives,Primary,El Olivar Olives Ltd.,2024-01-12,2024-02-26,39,kg,Partial Loss,28.24,10.76,27.6,84720,90.61,-1080,-1.16,Summer,Summer,2024-01
B00408,P006,"Olives 220/240, brined",Olives,Primary,El Olivar Olives Ltd.,2024-01-20,2024-03-05,40,kg,Sold Out,40.0,0.0,0.0,120000,128.34,32000,34.22,Summer,Summer,2024-01
B00409,P006,"Olives 220/240, brined",Olives,Primary,El Olivar Olives Ltd.,2024-01-30,2024-03-15,39,kg,Sold Out,39.0,0.0,0.0,117000,125.13,31200,33.37,Summer,Summer,2024-01
B00410,P006,"Olives 220/240, brined",Olives,Primary,El Olivar Olives Ltd.,2024-02-09,2024-03-25,42,kg,Partial Loss,30.74,11.26,26.8,92220,98.63,-180,-0.19,Summer,Summer,2024-02
B00411,P006,"Olives 220/240, brined",Olives,Primary,El Olivar Olives Ltd.,2024-02-18,2024-04-03,36,kg,Sold Out,36.0,0.0,0.0,108000,115.51,28800,30.8,Summer,Summer,2024-02
B00412,P006,"Olives 220/240, brined",Olives,Primary,El Olivar Olives Ltd.,2024-02-28,2024-04-13,34,kg,Partial Loss,25.64,8.36,24.6,76920,82.27,2120,2.27,Summer,Summer,2024-02
B00413,P006,"Olives 220/240, brined",Olives,Primary,El Olivar Olives Ltd.,2024-03-06,2024-04-20,44,kg,Sold Out,44.0,0.0,0.0,132000,141.18,35200,37.65,Autumn,Autumn,2024-03
B00414,P006,"Olives 220/240, brined",Olives,Primary,El Olivar Olives Ltd.,2024-03-16,2024-04-30,37,kg,Sold Out,37.0,0.0,0.0,111000,118.72,29600,31.66,Autumn,Autumn,2024-03
B00415,P006,"Olives 220/240, brined",Olives,Primary,El Olivar Olives Ltd.,2024-03-24,2024-05-08,38,kg,Sold Out,38.0,0.0,0.0,114000,121.93,30400,32.51,Autumn,Autumn,2024-03
B00416,P006,"Olives 220/240, brined",Olives,Primary,El Olivar Olives Ltd.,2024-04-05,2024-05-20,14,kg,Partial Loss,11.27,2.73,19.5,33810,36.16,3010,3.22,Autumn,Autumn,2024-04
B00417,P006,"Olives 220/240, brined",Olives,Primary,El Olivar Olives Ltd.,2024-04-12,2024-05-27,13,kg,Partial Loss,10.0,3.0,23.1,30000,32.09,1400,1.5,Autumn,Autumn,2024-04
B00418,P006,"Olives 220/240, brined",Olives,Primary,El Olivar Olives Ltd.,2024-04-23,2024-06-07,16,kg,Sold Out,16.0,0.0,0.0,48000,51.34,12800,13.69,Autumn,Autumn,2024-04
B00419,P006,"Olives 220/240, brined",Olives,Primary,El Olivar Olives Ltd.,2024-05-01,2024-06-15,16,kg,Sold Out,16.0,0.0,0.0,48000,51.34,12800,13.69,Autumn,Autumn,2024-05
B00420,P006,"Olives 220/240, brined",Olives,Primary,El Olivar Olives Ltd.,2024-05-08,2024-06-22,14,kg,Partial Loss,11.66,2.34,16.7,34980,37.41,4180,4.47,Autumn,Autumn,2024-05
B00421,P006,"Olives 220/240, brined",Olives,Primary,El Olivar Olives Ltd.,2024-05-15,2024-06-29,17,kg,Partial Loss,12.48,4.52,26.6,37440,40.04,40,0.04,Autumn,Autumn,2024-05
B00422,P006,"Olives 220/240, brined",Olives,Backup,Aceitunera Central SpA,2024-05-26,2024-07-10,16,kg,Sold Out,16.0,0.0,0.0,48000,51.34,12800,13.69,Autumn,Autumn,2024-05
B00423,P006,"Olives 220/240, brined",Olives,Primary,El Olivar Olives Ltd.,2024-06-02,2024-07-17,13,kg,Sold Out,13.0,0.0,0.0,39000,41.71,10400,11.12,Winter,Winter,2024-06
B00424,P006,"Olives 220/240, brined",Olives,Backup,Aceitunera Central SpA,2024-06-11,2024-07-26,13,kg,Sold Out,13.0,0.0,0.0,39000,41.71,10400,11.12,Winter,Winter,2024-06
B00425,P006,"Olives 220/240, brined",Olives,Backup,Aceitunera Central SpA,2024-06-21,2024-08-05,15,kg,Partial Loss,10.61,4.39,29.3,31830,34.04,-1170,-1.25,Winter,Winter,2024-06
B00426,P006,"Olives 220/240, brined",Olives,Primary,El Olivar Olives Ltd.,2024-07-01,2024-08-15,16,kg,Partial Loss,11.39,4.61,28.8,34170,36.55,-1030,-1.1,Winter,Winter,2024-07
B00427,P006,"Olives 220/240, brined",Olives,Primary,El Olivar Olives Ltd.,2024-07-09,2024-08-23,14,kg,Partial Loss,10.44,3.56,25.4,31320,33.5,520,0.56,Winter,Winter,2024-07
B00428,P006,"Olives 220/240, brined",Olives,Primary,El Olivar Olives Ltd.,2024-07-15,2024-08-29,15,kg,Sold Out,15.0,0.0,0.0,45000,48.13,12000,12.83,Winter,Winter,2024-07
B00429,P006,"Olives 220/240, brined",Olives,Primary,El Olivar Olives Ltd.,2024-07-26,2024-09-09,13,kg,Partial Loss,10.21,2.79,21.5,30630,32.76,2030,2.17,Winter,Winter,2024-07
B00430,P006,"Olives 220/240, brined",Olives,Backup,Aceitunera Central SpA,2024-08-06,2024-09-20,15,kg,Sold Out,15.0,0.0,0.0,45000,48.13,12000,12.83,Winter,Winter,2024-08
B00431,P006,"Olives 220/240, brined",Olives,Primary,El Olivar Olives Ltd.,2024-08-17,2024-10-01,17,kg,Sold Out,17.0,0.0,0.0,51000,54.55,13600,14.55,Winter,Winter,2024-08
B00432,P006,"Olives 220/240, brined",Olives,Primary,El Olivar Olives Ltd.,2024-08-25,2024-10-09,16,kg,Sold Out,16.0,0.0,0.0,48000,51.34,12800,13.69,Winter,Winter,2024-08
B00433,P006,"Olives 220/240, brined",Olives,Primary,El Olivar Olives Ltd.,2024-09-03,2024-10-18,19,kg,Sold Out,19.0,0.0,0.0,57000,60.96,15200,16.26,Spring,Spring,2024-09
B00434,P006,"Olives 220/240, brined",Olives,Primary,El Olivar Olives Ltd.,2024-09-13,2024-10-28,18,kg,Partial Loss,14.11,3.89,21.6,42330,45.27,2730,2.92,Spring,Spring,2024-09
B00435,P006,"Olives 220/240, brined",Olives,Primary,El Olivar Olives Ltd.,2024-09-21,2024-11-05,20,kg,Sold Out,20.0,0.0,0.0,60000,64.17,16000,17.11,Spring,Spring,2024-09
B00436,P006,"Olives 220/240, brined",Olives,Primary,El Olivar Olives Ltd.,2024-10-01,2024-11-15,44,kg,Sold Out,44.0,0.0,0.0,132000,141.18,35200,37.65,Spring,Spring,2024-10
B00437,P006,"Olives 220/240, brined",Olives,Primary,El Olivar Olives Ltd.,2024-10-08,2024-11-22,39,kg,Sold Out,39.0,0.0,0.0,117000,125.13,31200,33.37,Spring,Spring,2024-10
B00438,P006,"Olives 220/240, brined",Olives,Primary,El Olivar Olives Ltd.,2024-10-16,2024-11-30,41,kg,Sold Out,41.0,0.0,0.0,123000,131.55,32800,35.08,Spring,Spring,2024-10
B00439,P006,"Olives 220/240, brined",Olives,Primary,El Olivar Olives Ltd.,2024-10-24,2024-12-08,38,kg,Sold Out,38.0,0.0,0.0,114000,121.93,30400,32.51,Spring,Spring,2024-10
B00440,P006,"Olives 220/240, brined",Olives,Primary,El Olivar Olives Ltd.,2024-11-01,2024-12-16,38,kg,Sold Out,38.0,0.0,0.0,114000,121.93,30400,32.51,Spring,Spring,2024-11
B00441,P006,"Olives 220/240, brined",Olives,Primary,El Olivar Olives Ltd.,2024-11-10,2024-12-25,41,kg,Sold Out,41.0,0.0,0.0,123000,131.55,32800,35.08,Spring,Spring,2024-11
B00442,P006,"Olives 220/240, brined",Olives,Primary,El Olivar Olives Ltd.,2024-11-19,2025-01-03,36,kg,Sold Out,36.0,0.0,0.0,108000,115.51,28800,30.8,Spring,Spring,2024-11
B00443,P006,"Olives 220/240, brined",Olives,Primary,El Olivar Olives Ltd.,2024-11-30,2025-01-14,45,kg,Sold Out,45.0,0.0,0.0,135000,144.39,36000,38.5,Spring,Spring,2024-11
B00444,P006,"Olives 220/240, brined",Olives,Backup,Aceitunera Central SpA,2024-12-10,2025-01-24,51,kg,Sold Out,51.0,0.0,0.0,153000,163.64,40800,43.64,Summer,Summer,2024-12
B00445,P006,"Olives 220/240, brined",Olives,Backup,Aceitunera Central SpA,2024-12-19,2025-02-02,46,kg,Sold Out,46.0,0.0,0.0,138000,147.59,36800,39.36,Summer,Summer,2024-12
B00446,P006,"Olives 220/240, brined",Olives,Primary,El Olivar Olives Ltd.,2024-12-28,2025-02-11,48,kg,Sold Out,48.0,0.0,0.0,144000,154.01,38400,41.07,Summer,Summer,2024-12
B00447,P006,"Olives 220/240, brined",Olives,Primary,El Olivar Olives Ltd.,2025-01-07,2025-02-21,45,kg,Sold Out,45.0,0.0,0.0,135000,144.39,36000,38.5,Summer,Summer,2025-01
B00448,P006,"Olives 220/240, brined",Olives,Primary,El Olivar Olives Ltd.,2025-01-17,2025-03-03,42,kg,Sold Out,42.0,0.0,0.0,126000,134.76,33600,35.94,Summer,Summer,2025-01
B00449,P006,"Olives 220/240, brined",Olives,Primary,El Olivar Olives Ltd.,2025-01-26,2025-03-12,44,kg,Sold Out,44.0,0.0,0.0,132000,141.18,35200,37.65,Summer,Summer,2025-01
B00450,P006,"Olives 220/240, brined",Olives,Primary,El Olivar Olives Ltd.,2025-02-06,2025-03-23,50,kg,Sold Out,50.0,0.0,0.0,150000,160.43,40000,42.78,Summer,Summer,2025-02
B00451,P006,"Olives 220/240, brined",Olives,Primary,El Olivar Olives Ltd.,2025-02-15,2025-04-01,39,kg,Sold Out,39.0,0.0,0.0,117000,125.13,31200,33.37,Summer,Summer,2025-02
B00452,P006,"Olives 220/240, brined",Olives,Primary,El Olivar Olives Ltd.,2025-02-24,2025-04-10,49,kg,Sold Out,49.0,0.0,0.0,147000,157.22,39200,41.93,Summer,Summer,2025-02
B00453,P006,"Olives 220/240, brined",Olives,Primary,El Olivar Olives Ltd.,2025-03-05,2025-04-19,43,kg,Partial Loss,37.58,5.42,12.6,112740,120.58,18140,19.4,Autumn,Autumn,2025-03
B00454,P006,"Olives 220/240, brined",Olives,Primary,El Olivar Olives Ltd.,2025-03-14,2025-04-28,38,kg,Sold Out,38.0,0.0,0.0,114000,121.93,30400,32.51,Autumn,Autumn,2025-03
B00455,P006,"Olives 220/240, brined",Olives,Primary,El Olivar Olives Ltd.,2025-03-23,2025-05-07,49,kg,Sold Out,49.0,0.0,0.0,147000,157.22,39200,41.93,Autumn,Autumn,2025-03
B00456,P006,"Olives 220/240, brined",Olives,Primary,El Olivar Olives Ltd.,2025-03-30,2025-05-14,49,kg,Partial Loss,43.81,5.19,10.6,131430,140.57,23630,25.27,Autumn,Autumn,2025-03
B00457,P006,"Olives 220/240, brined",Olives,Backup,Aceitunera Central SpA,2025-04-12,2025-05-27,15,kg,Sold Out,15.0,0.0,0.0,45000,48.13,12000,12.83,Autumn,Autumn,2025-04
B00458,P006,"Olives 220/240, brined",Olives,Primary,El Olivar Olives Ltd.,2025-04-20,2025-06-04,16,kg,Sold Out,16.0,0.0,0.0,48000,51.34,12800,13.69,Autumn,Autumn,2025-04
B00459,P006,"Olives 220/240, brined",Olives,Primary,El Olivar Olives Ltd.,2025-04-29,2025-06-13,14,kg,Partial Loss,11.94,2.06,14.7,35820,38.31,5020,5.37,Autumn,Autumn,2025-04
B00460,P006,"Olives 220/240, brined",Olives,Primary,El Olivar Olives Ltd.,2025-05-11,2025-06-25,18,kg,Sold Out,18.0,0.0,0.0,54000,57.75,14400,15.4,Autumn,Autumn,2025-05
B00461,P006,"Olives 220/240, brined",Olives,Primary,El Olivar Olives Ltd.,2025-05-19,2025-07-03,14,kg,Sold Out,14.0,0.0,0.0,42000,44.92,11200,11.98,Autumn,Autumn,2025-05
B00462,P006,"Olives 220/240, brined",Olives,Primary,El Olivar Olives Ltd.,2025-05-27,2025-07-11,15,kg,Partial Loss,11.6,3.41,22.7,34800,37.22,1800,1.93,Autumn,Autumn,2025-05
B00463,P006,"Olives 220/240, brined",Olives,Primary,El Olivar Olives Ltd.,2025-06-04,2025-07-19,17,kg,Sold Out,17.0,0.0,0.0,51000,54.55,13600,14.55,Winter,Winter,2025-06
B00464,P006,"Olives 220/240, brined",Olives,Primary,El Olivar Olives Ltd.,2025-06-14,2025-07-29,19,kg,Sold Out,19.0,0.0,0.0,57000,60.96,15200,16.26,Winter,Winter,2025-06
B00465,P006,"Olives 220/240, brined",Olives,Primary,El Olivar Olives Ltd.,2025-06-24,2025-08-08,16,kg,Partial Loss,12.45,3.55,22.2,37350,39.95,2150,2.3,Winter,Winter,2025-06
B00466,P007,"Olives 240/260 (small), brined",Olives,Primary,El Olivar Olives Ltd.,2023-07-08,2023-08-22,13,kg,Sold Out,13.0,0.0,0.0,32500,34.76,8450,9.04,Winter,Winter,2023-07
B00467,P007,"Olives 240/260 (small), brined",Olives,Primary,El Olivar Olives Ltd.,2023-07-17,2023-08-31,15,kg,Partial Loss,12.29,2.71,18.1,30725,32.86,2975,3.18,Winter,Winter,2023-07
B00468,P007,"Olives 240/260 (small), brined",Olives,Primary,El Olivar Olives Ltd.,2023-07-24,2023-09-07,15,kg,Partial Loss,12.58,2.42,16.1,31450,33.64,3700,3.96,Winter,Winter,2023-07
B00469,P007,"Olives 240/260 (small), brined",Olives,Primary,El Olivar Olives Ltd.,2023-08-03,2023-09-17,16,kg,Partial Loss,13.95,2.05,12.8,34875,37.3,5275,5.64,Winter,Winter,2023-08
B00470,P007,"Olives 240/260 (small), brined",Olives,Primary,El Olivar Olives Ltd.,2023-08-11,2023-09-25,15,kg,Sold Out,15.0,0.0,0.0,37500,40.11,9750,10.43,Winter,Winter,2023-08
B00471,P007,"Olives 240/260 (small), brined",Olives,Primary,El Olivar Olives Ltd.,2023-08-19,2023-10-03,17,kg,Partial Loss,13.84,3.16,18.6,34600,37.01,3150,3.37,Winter,Winter,2023-08
B00472,P007,"Olives 240/260 (small), brined",Olives,Primary,El Olivar Olives Ltd.,2023-08-30,2023-10-14,17,kg,Sold Out,17.0,0.0,0.0,42500,45.45,11050,11.82,Winter,Winter,2023-08
B00473,P007,"Olives 240/260 (small), brined",Olives,Primary,El Olivar Olives Ltd.,2023-09-10,2023-10-25,18,kg,Sold Out,18.0,0.0,0.0,45000,48.13,11700,12.51,Spring,Spring,2023-09
B00474,P007,"Olives 240/260 (small), brined",Olives,Backup,Aceitunera Central SpA,2023-09-19,2023-11-03,21,kg,Partial Loss,20.1,0.9,4.3,50250,53.74,10350,11.07,Spring,Spring,2023-09
B00475,P007,"Olives 240/260 (small), brined",Olives,Backup,Aceitunera Central SpA,2023-09-29,2023-11-13,20,kg,Sold Out,20.0,0.0,0.0,50000,53.48,12000,12.83,Spring,Spring,2023-09
B00476,P007,"Olives 240/260 (small), brined",Olives,Primary,El Olivar Olives Ltd.,2023-10-09,2023-11-23,42,kg,Sold Out,42.0,0.0,0.0,105000,112.3,27300,29.2,Spring,Spring,2023-10
B00477,P007,"Olives 240/260 (small), brined",Olives,Primary,El Olivar Olives Ltd.,2023-10-17,2023-12-01,38,kg,Sold Out,38.0,0.0,0.0,95000,101.6,24700,26.42,Spring,Spring,2023-10
B00478,P007,"Olives 240/260 (small), brined",Olives,Backup,Aceitunera Central SpA,2023-10-27,2023-12-11,38,kg,Partial Loss,36.63,1.37,3.6,91575,97.94,19375,20.72,Spring,Spring,2023-10
B00479,P007,"Olives 240/260 (small), brined",Olives,Primary,El Olivar Olives Ltd.,2023-11-06,2023-12-21,35,kg,Sold Out,35.0,0.0,0.0,87500,93.58,22750,24.33,Spring,Spring,2023-11
B00480,P007,"Olives 240/260 (small), brined",Olives,Primary,El Olivar Olives Ltd.,2023-11-15,2023-12-30,41,kg,Sold Out,41.0,0.0,0.0,102500,109.63,26650,28.5,Spring,Spring,2023-11
B00481,P007,"Olives 240/260 (small), brined",Olives,Primary,El Olivar Olives Ltd.,2023-11-24,2024-01-08,34,kg,Sold Out,34.0,0.0,0.0,85000,90.91,22100,23.64,Spring,Spring,2023-11
B00482,P007,"Olives 240/260 (small), brined",Olives,Primary,El Olivar Olives Ltd.,2023-12-04,2024-01-18,56,kg,Sold Out,56.0,0.0,0.0,140000,149.73,36400,38.93,Summer,Summer,2023-12
B00483,P007,"Olives 240/260 (small), brined",Olives,Primary,El Olivar Olives Ltd.,2023-12-15,2024-01-29,46,kg,Sold Out,46.0,0.0,0.0,115000,122.99,29900,31.98,Summer,Summer,2023-12
B00484,P007,"Olives 240/260 (small), brined",Olives,Primary,El Olivar Olives Ltd.,2023-12-24,2024-02-07,50,kg,Sold Out,50.0,0.0,0.0,125000,133.69,32500,34.76,Summer,Summer,2023-12
B00485,P007,"Olives 240/260 (small), brined",Olives,Primary,El Olivar Olives Ltd.,2024-01-02,2024-02-16,40,kg,Sold Out,40.0,0.0,0.0,100000,106.95,26000,27.81,Summer,Summer,2024-01
B00486,P007,"Olives 240/260 (small), brined",Olives,Primary,El Olivar Olives Ltd.,2024-01-13,2024-02-27,41,kg,Sold Out,41.0,0.0,0.0,102500,109.63,26650,28.5,Summer,Summer,2024-01
B00487,P007,"Olives 240/260 (small), brined",Olives,Backup,Aceitunera Central SpA,2024-01-26,2024-03-11,44,kg,Partial Loss,38.72,5.28,12.0,96800,103.53,13200,14.12,Summer,Summer,2024-01
B00488,P007,"Olives 240/260 (small), brined",Olives,Primary,El Olivar Olives Ltd.,2024-02-05,2024-03-21,36,kg,Sold Out,36.0,0.0,0.0,90000,96.26,23400,25.03,Summer,Summer,2024-02
B00489,P007,"Olives 240/260 (small), brined",Olives,Primary,El Olivar Olives Ltd.,2024-02-15,2024-03-31,44,kg,Partial Loss,33.31,10.69,24.3,83275,89.06,1875,2.01,Summer,Summer,2024-02
B00490,P007,"Olives 240/260 (small), brined",Olives,Primary,El Olivar Olives Ltd.,2024-02-23,2024-04-08,38,kg,Sold Out,38.0,0.0,0.0,95000,101.6,24700,26.42,Summer,Summer,2024-02
B00491,P007,"Olives 240/260 (small), brined",Olives,Primary,El Olivar Olives Ltd.,2024-03-01,2024-04-15,34,kg,Sold Out,34.0,0.0,0.0,85000,90.91,22100,23.64,Autumn,Autumn,2024-03
B00492,P007,"Olives 240/260 (small), brined",Olives,Primary,El Olivar Olives Ltd.,2024-03-11,2024-04-25,41,kg,Partial Loss,33.37,7.63,18.6,83425,89.22,7575,8.1,Autumn,Autumn,2024-03
B00493,P007,"Olives 240/260 (small), brined",Olives,Primary,El Olivar Olives Ltd.,2024-03-21,2024-05-05,45,kg,Sold Out,45.0,0.0,0.0,112500,120.32,29250,31.28,Autumn,Autumn,2024-03
B00494,P007,"Olives 240/260 (small), brined",Olives,Primary,El Olivar Olives Ltd.,2024-03-29,2024-05-13,34,kg,Sold Out,34.0,0.0,0.0,85000,90.91,22100,23.64,Autumn,Autumn,2024-03
B00495,P007,"Olives 240/260 (small), brined",Olives,Primary,El Olivar Olives Ltd.,2024-04-08,2024-05-23,14,kg,Partial Loss,11.79,2.21,15.8,29475,31.52,3575,3.82,Autumn,Autumn,2024-04
B00496,P007,"Olives 240/260 (small), brined",Olives,Primary,El Olivar Olives Ltd.,2024-04-18,2024-06-02,13,kg,Partial Loss,11.88,1.12,8.6,29700,31.76,5650,6.04,Autumn,Autumn,2024-04
B00497,P007,"Olives 240/260 (small), brined",Olives,Primary,El Olivar Olives Ltd.,2024-04-29,2024-06-13,16,kg,Sold Out,16.0,0.0,0.0,40000,42.78,10400,11.12,Autumn,Autumn,2024-04
B00498,P007,"Olives 240/260 (small), brined",Olives,Primary,El Olivar Olives Ltd.,2024-05-08,2024-06-22,16,kg,Partial Loss,13.17,2.83,17.7,32925,35.21,3325,3.56,Autumn,Autumn,2024-05
B00499,P007,"Olives 240/260 (small), brined",Olives,Backup,Aceitunera Central SpA,2024-05-20,2024-07-04,15,kg,Sold Out,15.0,0.0,0.0,37500,40.11,9000,9.63,Autumn,Autumn,2024-05
B00500,P007,"Olives 240/260 (small), brined",Olives,Primary,El Olivar Olives Ltd.,2024-05-30,2024-07-14,14,kg,Partial Loss,12.78,1.22,8.7,31950,34.17,6050,6.47,Autumn,Autumn,2024-05
B00501,P007,"Olives 240/260 (small), brined",Olives,Primary,El Olivar Olives Ltd.,2024-06-07,2024-07-22,17,kg,Partial Loss,13.82,3.18,18.7,34550,36.95,3100,3.32,Winter,Winter,2024-06
B00502,P007,"Olives 240/260 (small), brined",Olives,Primary,El Olivar Olives Ltd.,2024-06-19,2024-08-03,15,kg,Partial Loss,12.54,2.46,16.4,31350,33.53,3600,3.85,Winter,Winter,2024-06
B00503,P007,"Olives 240/260 (small), brined",Olives,Primary,El Olivar Olives Ltd.,2024-06-29,2024-08-13,14,kg,Partial Loss,11.09,2.91,20.8,27725,29.65,1825,1.95,Winter,Winter,2024-06
B00504,P007,"Olives 240/260 (small), brined",Olives,Primary,El Olivar Olives Ltd.,2024-07-07,2024-08-21,16,kg,Partial Loss,14.0,2.0,12.5,35000,37.43,5400,5.78,Winter,Winter,2024-07
B00505,P007,"Olives 240/260 (small), brined",Olives,Primary,El Olivar Olives Ltd.,2024-07-14,2024-08-28,15,kg,Partial Loss,10.59,4.41,29.4,26475,28.32,-1275,-1.36,Winter,Winter,2024-07
B00506,P007,"Olives 240/260 (small), brined",Olives,Primary,El Olivar Olives Ltd.,2024-07-25,2024-09-08,15,kg,Sold Out,15.0,0.0,0.0,37500,40.11,9750,10.43,Winter,Winter,2024-07
B00507,P007,"Olives 240/260 (small), brined",Olives,Primary,El Olivar Olives Ltd.,2024-08-02,2024-09-16,16,kg,Partial Loss,12.56,3.44,21.5,31400,33.58,1800,1.93,Winter,Winter,2024-08
B00508,P007,"Olives 240/260 (small), brined",Olives,Primary,El Olivar Olives Ltd.,2024-08-11,2024-09-25,14,kg,Sold Out,14.0,0.0,0.0,35000,37.43,9100,9.73,Winter,Winter,2024-08
B00509,P007,"Olives 240/260 (small), brined",Olives,Primary,El Olivar Olives Ltd.,2024-08-22,2024-10-06,16,kg,Partial Loss,12.88,3.12,19.5,32200,34.44,2600,2.78,Winter,Winter,2024-08
B00510,P007,"Olives 240/260 (small), brined",Olives,Backup,Aceitunera Central SpA,2024-08-29,2024-10-13,14,kg,Partial Loss,12.45,1.55,11.1,31125,33.29,4525,4.84,Winter,Winter,2024-08
B00511,P007,"Olives 240/260 (small), brined",Olives,Primary,El Olivar Olives Ltd.,2024-09-04,2024-10-19,17,kg,Partial Loss,14.86,2.14,12.6,37150,39.73,5700,6.1,Spring,Spring,2024-09
B00512,P007,"Olives 240/260 (small), brined",Olives,Primary,El Olivar Olives Ltd.,2024-09-15,2024-10-30,19,kg,Sold Out,19.0,0.0,0.0,47500,50.8,12350,13.21,Spring,Spring,2024-09
B00513,P007,"Olives 240/260 (small), brined",Olives,Primary,El Olivar Olives Ltd.,2024-09-27,2024-11-11,20,kg,Sold Out,20.0,0.0,0.0,50000,53.48,13000,13.9,Spring,Spring,2024-09
B00514,P007,"Olives 240/260 (small), brined",Olives,Primary,El Olivar Olives Ltd.,2024-10-11,2024-11-25,45,kg,Sold Out,45.0,0.0,0.0,112500,120.32,29250,31.28,Spring,Spring,2024-10
B00515,P007,"Olives 240/260 (small), brined",Olives,Primary,El Olivar Olives Ltd.,2024-10-23,2024-12-07,35,kg,Sold Out,35.0,0.0,0.0,87500,93.58,22750,24.33,Spring,Spring,2024-10
B00516,P007,"Olives 240/260 (small), brined",Olives,Primary,El Olivar Olives Ltd.,2024-11-01,2024-12-16,46,kg,Sold Out,46.0,0.0,0.0,115000,122.99,29900,31.98,Spring,Spring,2024-11
B00517,P007,"Olives 240/260 (small), brined",Olives,Primary,El Olivar Olives Ltd.,2024-11-10,2024-12-25,38,kg,Sold Out,38.0,0.0,0.0,95000,101.6,24700,26.42,Spring,Spring,2024-11
B00518,P007,"Olives 240/260 (small), brined",Olives,Primary,El Olivar Olives Ltd.,2024-11-19,2025-01-03,35,kg,Partial Loss,31.29,3.71,10.6,78225,83.66,13475,14.41,Spring,Spring,2024-11
B00519,P007,"Olives 240/260 (small), brined",Olives,Primary,El Olivar Olives Ltd.,2024-12-02,2025-01-16,45,kg,Sold Out,45.0,0.0,0.0,112500,120.32,29250,31.28,Summer,Summer,2024-12
B00520,P007,"Olives 240/260 (small), brined",Olives,Primary,El Olivar Olives Ltd.,2024-12-14,2025-01-28,50,kg,Sold Out,50.0,0.0,0.0,125000,133.69,32500,34.76,Summer,Summer,2024-12
B00521,P007,"Olives 240/260 (small), brined",Olives,Primary,El Olivar Olives Ltd.,2024-12-23,2025-02-06,58,kg,Sold Out,58.0,0.0,0.0,145000,155.08,37700,40.32,Summer,Summer,2024-12
B00522,P007,"Olives 240/260 (small), brined",Olives,Backup,Aceitunera Central SpA,2025-01-01,2025-02-15,41,kg,Sold Out,41.0,0.0,0.0,102500,109.63,24600,26.31,Summer,Summer,2025-01
B00523,P007,"Olives 240/260 (small), brined",Olives,Primary,El Olivar Olives Ltd.,2025-01-13,2025-02-27,42,kg,Sold Out,42.0,0.0,0.0,105000,112.3,27300,29.2,Summer,Summer,2025-01
B00524,P007,"Olives 240/260 (small), brined",Olives,Primary,El Olivar Olives Ltd.,2025-01-22,2025-03-08,40,kg,Sold Out,40.0,0.0,0.0,100000,106.95,26000,27.81,Summer,Summer,2025-01
B00525,P007,"Olives 240/260 (small), brined",Olives,Primary,El Olivar Olives Ltd.,2025-02-03,2025-03-20,48,kg,Sold Out,48.0,0.0,0.0,120000,128.34,31200,33.37,Summer,Summer,2025-02
B00526,P007,"Olives 240/260 (small), brined",Olives,Primary,El Olivar Olives Ltd.,2025-02-14,2025-03-31,40,kg,Sold Out,40.0,0.0,0.0,100000,106.95,26000,27.81,Summer,Summer,2025-02
B00527,P007,"Olives 240/260 (small), brined",Olives,Primary,El Olivar Olives Ltd.,2025-02-22,2025-04-08,44,kg,Sold Out,44.0,0.0,0.0,110000,117.65,28600,30.59,Summer,Summer,2025-02
B00528,P007,"Olives 240/260 (small), brined",Olives,Primary,El Olivar Olives Ltd.,2025-03-05,2025-04-19,37,kg,Partial Loss,32.26,4.74,12.8,80650,86.26,12200,13.05,Autumn,Autumn,2025-03
B00529,P007,"Olives 240/260 (small), brined",Olives,Primary,El Olivar Olives Ltd.,2025-03-13,2025-04-27,47,kg,Sold Out,47.0,0.0,0.0,117500,125.67,30550,32.67,Autumn,Autumn,2025-03
B00530,P007,"Olives 240/260 (small), brined",Olives,Primary,El Olivar Olives Ltd.,2025-03-23,2025-05-07,42,kg,Sold Out,42.0,0.0,0.0,105000,112.3,27300,29.2,Autumn,Autumn,2025-03
B00531,P007,"Olives 240/260 (small), brined",Olives,Primary,El Olivar Olives Ltd.,2025-04-01,2025-05-16,15,kg,Sold Out,15.0,0.0,0.0,37500,40.11,9750,10.43,Autumn,Autumn,2025-04
B00532,P007,"Olives 240/260 (small), brined",Olives,Backup,Aceitunera Central SpA,2025-04-10,2025-05-25,18,kg,Sold Out,18.0,0.0,0.0,45000,48.13,10800,11.55,Autumn,Autumn,2025-04
B00533,P007,"Olives 240/260 (small), brined",Olives,Primary,El Olivar Olives Ltd.,2025-04-20,2025-06-04,14,kg,Partial Loss,12.57,1.43,10.2,31425,33.61,5525,5.91,Autumn,Autumn,2025-04
B00534,P007,"Olives 240/260 (small), brined",Olives,Primary,El Olivar Olives Ltd.,2025-04-30,2025-06-14,14,kg,Sold Out,14.0,0.0,0.0,35000,37.43,9100,9.73,Autumn,Autumn,2025-04
B00535,P007,"Olives 240/260 (small), brined",Olives,Primary,El Olivar Olives Ltd.,2025-05-12,2025-06-26,14,kg,Sold Out,14.0,0.0,0.0,35000,37.43,9100,9.73,Autumn,Autumn,2025-05
B00536,P007,"Olives 240/260 (small), brined",Olives,Primary,El Olivar Olives Ltd.,2025-05-21,2025-07-05,15,kg,Sold Out,15.0,0.0,0.0,37500,40.11,9750,10.43,Autumn,Autumn,2025-05
B00537,P007,"Olives 240/260 (small), brined",Olives,Primary,El Olivar Olives Ltd.,2025-06-03,2025-07-18,17,kg,Partial Loss,10.88,6.12,36.0,27200,29.09,-4250,-4.55,Winter,Winter,2025-06
B00538,P007,"Olives 240/260 (small), brined",Olives,Primary,El Olivar Olives Ltd.,2025-06-13,2025-07-28,14,kg,Partial Loss,11.65,2.35,16.8,29125,31.15,3225,3.45,Winter,Winter,2025-06
B00539,P007,"Olives 240/260 (small), brined",Olives,Primary,El Olivar Olives Ltd.,2025-06-22,2025-08-06,15,kg,Sold Out,15.0,0.0,0.0,37500,40.11,9750,10.43,Winter,Winter,2025-06
B00540,P008,Pitted olives,Olives,Primary,El Olivar Olives Ltd.,2023-07-09,2023-08-23,16,kg,Partial Loss,12.69,3.31,20.7,44415,47.5,5215,5.58,Winter,Winter,2023-07
B00541,P008,Pitted olives,Olives,Primary,El Olivar Olives Ltd.,2023-07-19,2023-09-02,17,kg,Partial Loss,14.6,2.4,14.1,51100,54.65,9450,10.11,Winter,Winter,2023-07
B00542,P008,Pitted olives,Olives,Primary,El Olivar Olives Ltd.,2023-07-28,2023-09-11,15,kg,Partial Loss,11.29,3.71,24.7,39515,42.26,2765,2.96,Winter,Winter,2023-07
B00543,P008,Pitted olives,Olives,Primary,El Olivar Olives Ltd.,2023-08-05,2023-09-19,14,kg,Sold Out,14.0,0.0,0.0,49000,52.41,14700,15.72,Winter,Winter,2023-08
B00544,P008,Pitted olives,Olives,Primary,El Olivar Olives Ltd.,2023-08-13,2023-09-27,13,kg,Partial Loss,10.57,2.43,18.7,36995,39.57,5145,5.5,Winter,Winter,2023-08
B00545,P008,Pitted olives,Olives,Primary,El Olivar Olives Ltd.,2023-08-22,2023-10-06,13,kg,Sold Out,13.0,0.0,0.0,45500,48.66,13650,14.6,Winter,Winter,2023-08
B00546,P008,Pitted olives,Olives,Primary,El Olivar Olives Ltd.,2023-09-03,2023-10-18,19,kg,Partial Loss,14.97,4.03,21.2,52395,56.04,5845,6.25,Spring,Spring,2023-09
B00547,P008,Pitted olives,Olives,Primary,El Olivar Olives Ltd.,2023-09-13,2023-10-28,17,kg,Partial Loss,15.79,1.21,7.1,55265,59.11,13615,14.56,Spring,Spring,2023-09
B00548,P008,Pitted olives,Olives,Primary,El Olivar Olives Ltd.,2023-09-23,2023-11-07,18,kg,Partial Loss,17.05,0.95,5.3,59675,63.82,15575,16.66,Spring,Spring,2023-09
B00549,P008,Pitted olives,Olives,Backup,Aceitunera Central SpA,2023-10-01,2023-11-15,40,kg,Partial Loss,38.0,2.0,5.0,133000,142.25,27000,28.88,Spring,Spring,2023-10
B00550,P008,Pitted olives,Olives,Primary,El Olivar Olives Ltd.,2023-10-10,2023-11-24,43,kg,Partial Loss,35.39,7.61,17.7,123865,132.48,18515,19.8,Spring,Spring,2023-10
B00551,P008,Pitted olives,Olives,Backup,Aceitunera Central SpA,2023-10-23,2023-12-07,41,kg,Sold Out,41.0,0.0,0.0,143500,153.48,34850,37.27,Spring,Spring,2023-10
B00552,P008,Pitted olives,Olives,Primary,El Olivar Olives Ltd.,2023-11-04,2023-12-19,38,kg,Partial Loss,33.44,4.56,12.0,117040,125.18,23940,25.6,Spring,Spring,2023-11
B00553,P008,Pitted olives,Olives,Primary,El Olivar Olives Ltd.,2023-11-16,2023-12-31,40,kg,Sold Out,40.0,0.0,0.0,140000,149.73,42000,44.92,Spring,Spring,2023-11
B00554,P008,Pitted olives,Olives,Primary,El Olivar Olives Ltd.,2023-11-25,2024-01-09,40,kg,Sold Out,40.0,0.0,0.0,140000,149.73,42000,44.92,Spring,Spring,2023-11
B00555,P008,Pitted olives,Olives,Primary,El Olivar Olives Ltd.,2023-12-06,2024-01-20,49,kg,Sold Out,49.0,0.0,0.0,171500,183.42,51450,55.03,Summer,Summer,2023-12
B00556,P008,Pitted olives,Olives,Primary,El Olivar Olives Ltd.,2023-12-15,2024-01-29,59,kg,Sold Out,59.0,0.0,0.0,206500,220.86,61950,66.26,Summer,Summer,2023-12
B00557,P008,Pitted olives,Olives,Primary,El Olivar Olives Ltd.,2023-12-26,2024-02-09,46,kg,Sold Out,46.0,0.0,0.0,161000,172.19,48300,51.66,Summer,Summer,2023-12
B00558,P008,Pitted olives,Olives,Backup,Aceitunera Central SpA,2024-01-01,2024-02-15,45,kg,Partial Loss,38.12,6.88,15.3,133420,142.7,14170,15.16,Summer,Summer,2024-01
B00559,P008,Pitted olives,Olives,Primary,El Olivar Olives Ltd.,2024-01-10,2024-02-24,36,kg,Sold Out,36.0,0.0,0.0,126000,134.76,37800,40.43,Summer,Summer,2024-01
B00560,P008,Pitted olives,Olives,Primary,El Olivar Olives Ltd.,2024-01-19,2024-03-04,42,kg,Sold Out,42.0,0.0,0.0,147000,157.22,44100,47.17,Summer,Summer,2024-01
B00561,P008,Pitted olives,Olives,Primary,El Olivar Olives Ltd.,2024-01-31,2024-03-16,44,kg,Sold Out,44.0,0.0,0.0,154000,164.71,46200,49.41,Summer,Summer,2024-01
B00562,P008,Pitted olives,Olives,Primary,El Olivar Olives Ltd.,2024-02-09,2024-03-25,35,kg,Sold Out,35.0,0.0,0.0,122500,131.02,36750,39.3,Summer,Summer,2024-02
B00563,P008,Pitted olives,Olives,Primary,El Olivar Olives Ltd.,2024-02-20,2024-04-05,44,kg,Sold Out,44.0,0.0,0.0,154000,164.71,46200,49.41,Summer,Summer,2024-02
B00564,P008,Pitted olives,Olives,Primary,El Olivar Olives Ltd.,2024-03-01,2024-04-15,37,kg,Partial Loss,29.45,7.55,20.4,103075,110.24,12425,13.29,Autumn,Autumn,2024-03
B00565,P008,Pitted olives,Olives,Primary,El Olivar Olives Ltd.,2024-03-10,2024-04-24,44,kg,Sold Out,44.0,0.0,0.0,154000,164.71,46200,49.41,Autumn,Autumn,2024-03
B00566,P008,Pitted olives,Olives,Primary,El Olivar Olives Ltd.,2024-03-20,2024-05-04,44,kg,Sold Out,44.0,0.0,0.0,154000,164.71,46200,49.41,Autumn,Autumn,2024-03
B00567,P008,Pitted olives,Olives,Primary,El Olivar Olives Ltd.,2024-03-29,2024-05-13,41,kg,Sold Out,41.0,0.0,0.0,143500,153.48,43050,46.04,Autumn,Autumn,2024-03
B00568,P008,Pitted olives,Olives,Primary,El Olivar Olives Ltd.,2024-04-10,2024-05-25,16,kg,Sold Out,16.0,0.0,0.0,56000,59.89,16800,17.97,Autumn,Autumn,2024-04
B00569,P008,Pitted olives,Olives,Backup,Aceitunera Central SpA,2024-04-17,2024-06-01,15,kg,Sold Out,15.0,0.0,0.0,52500,56.15,12750,13.64,Autumn,Autumn,2024-04
B00570,P008,Pitted olives,Olives,Primary,El Olivar Olives Ltd.,2024-04-25,2024-06-09,15,kg,Partial Loss,10.08,4.92,32.8,35280,37.73,-1470,-1.57,Autumn,Autumn,2024-04
B00571,P008,Pitted olives,Olives,Primary,El Olivar Olives Ltd.,2024-05-01,2024-06-15,16,kg,Partial Loss,11.44,4.56,28.5,40040,42.82,840,0.9,Autumn,Autumn,2024-05
B00572,P008,Pitted olives,Olives,Primary,El Olivar Olives Ltd.,2024-05-11,2024-06-25,15,kg,Partial Loss,14.62,0.38,2.5,51170,54.73,14420,15.42,Autumn,Autumn,2024-05
B00573,P008,Pitted olives,Olives,Backup,Aceitunera Central SpA,2024-05-20,2024-07-04,16,kg,Partial Loss,12.99,3.01,18.8,45465,48.63,3065,3.28,Autumn,Autumn,2024-05
B00574,P008,Pitted olives,Olives,Primary,El Olivar Olives Ltd.,2024-05-29,2024-07-13,16,kg,Sold Out,16.0,0.0,0.0,56000,59.89,16800,17.97,Autumn,Autumn,2024-05
B00575,P008,Pitted olives,Olives,Primary,El Olivar Olives Ltd.,2024-06-08,2024-07-23,14,kg,Sold Out,14.0,0.0,0.0,49000,52.41,14700,15.72,Winter,Winter,2024-06
B00576,P008,Pitted olives,Olives,Primary,El Olivar Olives Ltd.,2024-06-16,2024-07-31,13,kg,Partial Loss,9.91,3.09,23.8,34685,37.1,2835,3.03,Winter,Winter,2024-06
B00577,P008,Pitted olives,Olives,Primary,El Olivar Olives Ltd.,2024-06-24,2024-08-08,16,kg,Sold Out,16.0,0.0,0.0,56000,59.89,16800,17.97,Winter,Winter,2024-06
B00578,P008,Pitted olives,Olives,Primary,El Olivar Olives Ltd.,2024-07-04,2024-08-18,13,kg,Partial Loss,11.17,1.83,14.1,39095,41.81,7245,7.75,Winter,Winter,2024-07
B00579,P008,Pitted olives,Olives,Primary,El Olivar Olives Ltd.,2024-07-14,2024-08-28,15,kg,Sold Out,15.0,0.0,0.0,52500,56.15,15750,16.84,Winter,Winter,2024-07
B00580,P008,Pitted olives,Olives,Primary,El Olivar Olives Ltd.,2024-07-24,2024-09-07,15,kg,Sold Out,15.0,0.0,0.0,52500,56.15,15750,16.84,Winter,Winter,2024-07
B00581,P008,Pitted olives,Olives,Primary,El Olivar Olives Ltd.,2024-08-02,2024-09-16,13,kg,Sold Out,13.0,0.0,0.0,45500,48.66,13650,14.6,Winter,Winter,2024-08
B00582,P008,Pitted olives,Olives,Primary,El Olivar Olives Ltd.,2024-08-13,2024-09-27,16,kg,Partial Loss,14.58,1.42,8.9,51030,54.58,11830,12.65,Winter,Winter,2024-08
B00583,P008,Pitted olives,Olives,Primary,El Olivar Olives Ltd.,2024-08-21,2024-10-05,14,kg,Partial Loss,10.93,3.07,21.9,38255,40.91,3955,4.23,Winter,Winter,2024-08
B00584,P008,Pitted olives,Olives,Primary,El Olivar Olives Ltd.,2024-08-30,2024-10-14,13,kg,Partial Loss,11.05,1.95,15.0,38675,41.36,6825,7.3,Winter,Winter,2024-08
B00585,P008,Pitted olives,Olives,Primary,El Olivar Olives Ltd.,2024-09-10,2024-10-25,20,kg,Sold Out,20.0,0.0,0.0,70000,74.87,21000,22.46,Spring,Spring,2024-09
B00586,P008,Pitted olives,Olives,Backup,Aceitunera Central SpA,2024-09-17,2024-11-01,20,kg,Sold Out,20.0,0.0,0.0,70000,74.87,17000,18.18,Spring,Spring,2024-09
B00587,P008,Pitted olives,Olives,Primary,El Olivar Olives Ltd.,2024-09-29,2024-11-13,20,kg,Partial Loss,16.66,3.34,16.7,58310,62.36,9310,9.96,Spring,Spring,2024-09
B00588,P008,Pitted olives,Olives,Primary,El Olivar Olives Ltd.,2024-10-10,2024-11-24,36,kg,Sold Out,36.0,0.0,0.0,126000,134.76,37800,40.43,Spring,Spring,2024-10
B00589,P008,Pitted olives,Olives,Primary,El Olivar Olives Ltd.,2024-10-19,2024-12-03,46,kg,Sold Out,46.0,0.0,0.0,161000,172.19,48300,51.66,Spring,Spring,2024-10
B00590,P008,Pitted olives,Olives,Primary,El Olivar Olives Ltd.,2024-10-27,2024-12-11,35,kg,Partial Loss,29.71,5.29,15.1,103985,111.21,18235,19.5,Spring,Spring,2024-10
B00591,P008,Pitted olives,Olives,Primary,El Olivar Olives Ltd.,2024-11-05,2024-12-20,43,kg,Sold Out,43.0,0.0,0.0,150500,160.96,45150,48.29,Spring,Spring,2024-11
B00592,P008,Pitted olives,Olives,Primary,El Olivar Olives Ltd.,2024-11-17,2025-01-01,40,kg,Sold Out,40.0,0.0,0.0,140000,149.73,42000,44.92,Spring,Spring,2024-11
B00593,P008,Pitted olives,Olives,Primary,El Olivar Olives Ltd.,2024-11-26,2025-01-10,45,kg,Sold Out,45.0,0.0,0.0,157500,168.45,47250,50.53,Spring,Spring,2024-11
B00594,P008,Pitted olives,Olives,Primary,El Olivar Olives Ltd.,2024-12-03,2025-01-17,57,kg,Sold Out,57.0,0.0,0.0,199500,213.37,59850,64.01,Summer,Summer,2024-12
B00595,P008,Pitted olives,Olives,Primary,El Olivar Olives Ltd.,2024-12-13,2025-01-27,53,kg,Sold Out,53.0,0.0,0.0,185500,198.4,55650,59.52,Summer,Summer,2024-12
B00596,P008,Pitted olives,Olives,Primary,El Olivar Olives Ltd.,2024-12-24,2025-02-07,54,kg,Sold Out,54.0,0.0,0.0,189000,202.14,56700,60.64,Summer,Summer,2024-12
B00597,P008,Pitted olives,Olives,Backup,Aceitunera Central SpA,2025-01-02,2025-02-16,45,kg,Sold Out,45.0,0.0,0.0,157500,168.45,38250,40.91,Summer,Summer,2025-01
B00598,P008,Pitted olives,Olives,Primary,El Olivar Olives Ltd.,2025-01-12,2025-02-26,49,kg,Sold Out,49.0,0.0,0.0,171500,183.42,51450,55.03,Summer,Summer,2025-01
B00599,P008,Pitted olives,Olives,Primary,El Olivar Olives Ltd.,2025-01-23,2025-03-09,40,kg,Sold Out,40.0,0.0,0.0,140000,149.73,42000,44.92,Summer,Summer,2025-01
B00600,P008,Pitted olives,Olives,Primary,El Olivar Olives Ltd.,2025-02-01,2025-03-18,38,kg,Sold Out,38.0,0.0,0.0,133000,142.25,39900,42.67,Summer,Summer,2025-02
B00601,P008,Pitted olives,Olives,Primary,El Olivar Olives Ltd.,2025-02-11,2025-03-28,46,kg,Sold Out,46.0,0.0,0.0,161000,172.19,48300,51.66,Summer,Summer,2025-02
B00602,P008,Pitted olives,Olives,Primary,El Olivar Olives Ltd.,2025-02-17,2025-04-03,39,kg,Partial Loss,30.73,8.27,21.2,107555,115.03,12005,12.84,Summer,Summer,2025-02
B00603,P008,Pitted olives,Olives,Backup,Aceitunera Central SpA,2025-02-24,2025-04-10,45,kg,Sold Out,45.0,0.0,0.0,157500,168.45,38250,40.91,Summer,Summer,2025-02
B00604,P008,Pitted olives,Olives,Primary,El Olivar Olives Ltd.,2025-03-04,2025-04-18,48,kg,Sold Out,48.0,0.0,0.0,168000,179.68,50400,53.9,Autumn,Autumn,2025-03
B00605,P008,Pitted olives,Olives,Primary,El Olivar Olives Ltd.,2025-03-12,2025-04-26,50,kg,Sold Out,50.0,0.0,0.0,175000,187.17,52500,56.15,Autumn,Autumn,2025-03
B00606,P008,Pitted olives,Olives,Primary,El Olivar Olives Ltd.,2025-03-20,2025-05-04,45,kg,Sold Out,45.0,0.0,0.0,157500,168.45,47250,50.53,Autumn,Autumn,2025-03
B00607,P008,Pitted olives,Olives,Primary,El Olivar Olives Ltd.,2025-03-31,2025-05-15,42,kg,Sold Out,42.0,0.0,0.0,147000,157.22,44100,47.17,Autumn,Autumn,2025-03
B00608,P008,Pitted olives,Olives,Primary,El Olivar Olives Ltd.,2025-04-09,2025-05-24,14,kg,Partial Loss,12.25,1.75,12.5,42875,45.86,8575,9.17,Autumn,Autumn,2025-04
B00609,P008,Pitted olives,Olives,Primary,El Olivar Olives Ltd.,2025-04-18,2025-06-02,14,kg,Sold Out,14.0,0.0,0.0,49000,52.41,14700,15.72,Autumn,Autumn,2025-04
B00610,P008,Pitted olives,Olives,Primary,El Olivar Olives Ltd.,2025-04-27,2025-06-11,16,kg,Sold Out,16.0,0.0,0.0,56000,59.89,16800,17.97,Autumn,Autumn,2025-04
B00611,P008,Pitted olives,Olives,Primary,El Olivar Olives Ltd.,2025-05-08,2025-06-22,17,kg,Partial Loss,14.2,2.81,16.5,49700,53.16,8050,8.61,Autumn,Autumn,2025-05
B00612,P008,Pitted olives,Olives,Primary,El Olivar Olives Ltd.,2025-05-18,2025-07-02,18,kg,Partial Loss,14.65,3.35,18.6,51275,54.84,7175,7.67,Autumn,Autumn,2025-05
B00613,P008,Pitted olives,Olives,Primary,El Olivar Olives Ltd.,2025-05-28,2025-07-12,15,kg,Sold Out,15.0,0.0,0.0,52500,56.15,15750,16.84,Autumn,Autumn,2025-05
B00614,P008,Pitted olives,Olives,Primary,El Olivar Olives Ltd.,2025-06-08,2025-07-23,18,kg,Sold Out,18.0,0.0,0.0,63000,67.38,18900,20.21,Winter,Winter,2025-06
B00615,P008,Pitted olives,Olives,Primary,El Olivar Olives Ltd.,2025-06-19,2025-08-03,14,kg,Partial Loss,10.99,3.01,21.5,38465,41.14,4165,4.45,Winter,Winter,2025-06
B00616,P009,Sliced olives (for salads),Olives,Primary,El Olivar Olives Ltd.,2023-07-03,2023-08-17,14,kg,Sold Out,14.0,0.0,0.0,42000,44.92,11900,12.73,Winter,Winter,2023-07
B00617,P009,Sliced olives (for salads),Olives,Primary,El Olivar Olives Ltd.,2023-07-14,2023-08-28,17,kg,Partial Loss,13.41,3.59,21.1,40230,43.03,3680,3.94,Winter,Winter,2023-07
B00618,P009,Sliced olives (for salads),Olives,Primary,El Olivar Olives Ltd.,2023-07-20,2023-09-03,14,kg,Partial Loss,12.57,1.43,10.2,37710,40.33,7610,8.14,Winter,Winter,2023-07
B00619,P009,Sliced olives (for salads),Olives,Primary,El Olivar Olives Ltd.,2023-07-31,2023-09-14,16,kg,Sold Out,16.0,0.0,0.0,48000,51.34,13600,14.55,Winter,Winter,2023-07
B00620,P009,Sliced olives (for salads),Olives,Primary,El Olivar Olives Ltd.,2023-08-10,2023-09-24,14,kg,Partial Loss,12.5,1.5,10.7,37500,40.11,7400,7.91,Winter,Winter,2023-08
B00621,P009,Sliced olives (for salads),Olives,Primary,El Olivar Olives Ltd.,2023-08-18,2023-10-02,17,kg,Sold Out,17.0,0.0,0.0,51000,54.55,14450,15.45,Winter,Winter,2023-08
B00622,P009,Sliced olives (for salads),Olives,Primary,El Olivar Olives Ltd.,2023-08-27,2023-10-11,16,kg,Partial Loss,12.3,3.7,23.1,36900,39.47,2500,2.67,Winter,Winter,2023-08
B00623,P009,Sliced olives (for salads),Olives,Primary,El Olivar Olives Ltd.,2023-09-07,2023-10-22,17,kg,Partial Loss,14.3,2.7,15.9,42900,45.88,6350,6.79,Spring,Spring,2023-09
B00624,P009,Sliced olives (for salads),Olives,Primary,El Olivar Olives Ltd.,2023-09-16,2023-10-31,17,kg,Sold Out,17.0,0.0,0.0,51000,54.55,14450,15.45,Spring,Spring,2023-09
B00625,P009,Sliced olives (for salads),Olives,Primary,El Olivar Olives Ltd.,2023-09-27,2023-11-11,19,kg,Sold Out,19.0,0.0,0.0,57000,60.96,16150,17.27,Spring,Spring,2023-09
B00626,P009,Sliced olives (for salads),Olives,Primary,El Olivar Olives Ltd.,2023-10-07,2023-11-21,46,kg,Sold Out,46.0,0.0,0.0,138000,147.59,39100,41.82,Spring,Spring,2023-10
B00627,P009,Sliced olives (for salads),Olives,Primary,El Olivar Olives Ltd.,2023-10-16,2023-11-30,43,kg,Partial Loss,39.34,3.66,8.5,118020,126.22,25570,27.35,Spring,Spring,2023-10
B00628,P009,Sliced olives (for salads),Olives,Primary,El Olivar Olives Ltd.,2023-10-25,2023-12-09,41,kg,Sold Out,41.0,0.0,0.0,123000,131.55,34850,37.27,Spring,Spring,2023-10
B00629,P009,Sliced olives (for salads),Olives,Primary,El Olivar Olives Ltd.,2023-11-01,2023-12-16,42,kg,Sold Out,42.0,0.0,0.0,126000,134.76,35700,38.18,Spring,Spring,2023-11
B00630,P009,Sliced olives (for salads),Olives,Primary,El Olivar Olives Ltd.,2023-11-10,2023-12-25,41,kg,Sold Out,41.0,0.0,0.0,123000,131.55,34850,37.27,Spring,Spring,2023-11
B00631,P009,Sliced olives (for salads),Olives,Primary,El Olivar Olives Ltd.,2023-11-21,2024-01-05,44,kg,Sold Out,44.0,0.0,0.0,132000,141.18,37400,40.0,Spring,Spring,2023-11
B00632,P009,Sliced olives (for salads),Olives,Primary,El Olivar Olives Ltd.,2023-11-30,2024-01-14,43,kg,Sold Out,43.0,0.0,0.0,129000,137.97,36550,39.09,Spring,Spring,2023-11
B00633,P009,Sliced olives (for salads),Olives,Primary,El Olivar Olives Ltd.,2023-12-10,2024-01-24,54,kg,Sold Out,54.0,0.0,0.0,162000,173.26,45900,49.09,Summer,Summer,2023-12
B00634,P009,Sliced olives (for salads),Olives,Primary,El Olivar Olives Ltd.,2023-12-20,2024-02-03,49,kg,Sold Out,49.0,0.0,0.0,147000,157.22,41650,44.55,Summer,Summer,2023-12
B00635,P009,Sliced olives (for salads),Olives,Primary,El Olivar Olives Ltd.,2023-12-29,2024-02-12,57,kg,Sold Out,57.0,0.0,0.0,171000,182.89,48450,51.82,Summer,Summer,2023-12
B00636,P009,Sliced olives (for salads),Olives,Backup,Aceitunera Central SpA,2024-01-09,2024-02-23,42,kg,Sold Out,42.0,0.0,0.0,126000,134.76,33600,35.94,Summer,Summer,2024-01
B00637,P009,Sliced olives (for salads),Olives,Primary,El Olivar Olives Ltd.,2024-01-17,2024-03-02,39,kg,Partial Loss,31.43,7.57,19.4,94290,100.84,10440,11.17,Summer,Summer,2024-01
B00638,P009,Sliced olives (for salads),Olives,Primary,El Olivar Olives Ltd.,2024-01-28,2024-03-13,36,kg,Sold Out,36.0,0.0,0.0,108000,115.51,30600,32.73,Summer,Summer,2024-01
B00639,P009,Sliced olives (for salads),Olives,Primary,El Olivar Olives Ltd.,2024-02-09,2024-03-25,35,kg,Partial Loss,23.42,11.59,33.1,70260,75.14,-4990,-5.34,Summer,Summer,2024-02
B00640,P009,Sliced olives (for salads),Olives,Primary,El Olivar Olives Ltd.,2024-02-19,2024-04-04,41,kg,Sold Out,41.0,0.0,0.0,123000,131.55,34850,37.27,Summer,Summer,2024-02
B00641,P009,Sliced olives (for salads),Olives,Primary,El Olivar Olives Ltd.,2024-02-28,2024-04-13,42,kg,Partial Loss,38.85,3.15,7.5,116550,124.65,26250,28.07,Summer,Summer,2024-02
B00642,P009,Sliced olives (for salads),Olives,Primary,El Olivar Olives Ltd.,2024-03-10,2024-04-24,38,kg,Sold Out,38.0,0.0,0.0,114000,121.93,32300,34.55,Autumn,Autumn,2024-03
B00643,P009,Sliced olives (for salads),Olives,Primary,El Olivar Olives Ltd.,2024-03-21,2024-05-05,35,kg,Sold Out,35.0,0.0,0.0,105000,112.3,29750,31.82,Autumn,Autumn,2024-03
B00644,P009,Sliced olives (for salads),Olives,Primary,El Olivar Olives Ltd.,2024-03-29,2024-05-13,44,kg,Sold Out,44.0,0.0,0.0,132000,141.18,37400,40.0,Autumn,Autumn,2024-03
B00645,P009,Sliced olives (for salads),Olives,Primary,El Olivar Olives Ltd.,2024-04-08,2024-05-23,16,kg,Partial Loss,12.16,3.84,24.0,36480,39.02,2080,2.22,Autumn,Autumn,2024-04
B00646,P009,Sliced olives (for salads),Olives,Primary,El Olivar Olives Ltd.,2024-04-18,2024-06-02,17,kg,Sold Out,17.0,0.0,0.0,51000,54.55,14450,15.45,Autumn,Autumn,2024-04
B00647,P009,Sliced olives (for salads),Olives,Primary,El Olivar Olives Ltd.,2024-04-27,2024-06-11,13,kg,Sold Out,13.0,0.0,0.0,39000,41.71,11050,11.82,Autumn,Autumn,2024-04
B00648,P009,Sliced olives (for salads),Olives,Backup,Aceitunera Central SpA,2024-05-07,2024-06-21,13,kg,Sold Out,13.0,0.0,0.0,39000,41.71,10400,11.12,Autumn,Autumn,2024-05
B00649,P009,Sliced olives (for salads),Olives,Backup,Aceitunera Central SpA,2024-05-16,2024-06-30,15,kg,Sold Out,15.0,0.0,0.0,45000,48.13,12000,12.83,Autumn,Autumn,2024-05
B00650,P009,Sliced olives (for salads),Olives,Primary,El Olivar Olives Ltd.,2024-05-22,2024-07-06,15,kg,Sold Out,15.0,0.0,0.0,45000,48.13,12750,13.64,Autumn,Autumn,2024-05
B00651,P009,Sliced olives (for salads),Olives,Primary,El Olivar Olives Ltd.,2024-05-28,2024-07-12,14,kg,Partial Loss,11.82,2.18,15.6,35460,37.93,5360,5.73,Autumn,Autumn,2024-05
B00652,P009,Sliced olives (for salads),Olives,Primary,El Olivar Olives Ltd.,2024-06-07,2024-07-22,17,kg,Sold Out,17.0,0.0,0.0,51000,54.55,14450,15.45,Winter,Winter,2024-06
B00653,P009,Sliced olives (for salads),Olives,Primary,El Olivar Olives Ltd.,2024-06-15,2024-07-30,15,kg,Partial Loss,10.95,4.05,27.0,32850,35.13,600,0.64,Winter,Winter,2024-06
B00654,P009,Sliced olives (for salads),Olives,Primary,El Olivar Olives Ltd.,2024-06-25,2024-08-09,14,kg,Partial Loss,11.82,2.18,15.6,35460,37.93,5360,5.73,Winter,Winter,2024-06
B00655,P009,Sliced olives (for salads),Olives,Primary,El Olivar Olives Ltd.,2024-07-04,2024-08-18,13,kg,Partial Loss,10.79,2.21,17.0,32370,34.62,4420,4.73,Winter,Winter,2024-07
B00656,P009,Sliced olives (for salads),Olives,Primary,El Olivar Olives Ltd.,2024-07-12,2024-08-26,17,kg,Sold Out,17.0,0.0,0.0,51000,54.55,14450,15.45,Winter,Winter,2024-07
B00657,P009,Sliced olives (for salads),Olives,Primary,El Olivar Olives Ltd.,2024-07-25,2024-09-08,14,kg,Sold Out,14.0,0.0,0.0,42000,44.92,11900,12.73,Winter,Winter,2024-07
B00658,P009,Sliced olives (for salads),Olives,Backup,Aceitunera Central SpA,2024-08-02,2024-09-16,17,kg,Sold Out,17.0,0.0,0.0,51000,54.55,13600,14.55,Winter,Winter,2024-08
B00659,P009,Sliced olives (for salads),Olives,Primary,El Olivar Olives Ltd.,2024-08-10,2024-09-24,14,kg,Partial Loss,11.14,2.86,20.4,33420,35.74,3320,3.55,Winter,Winter,2024-08
B00660,P009,Sliced olives (for salads),Olives,Backup,Aceitunera Central SpA,2024-08-19,2024-10-03,17,kg,Sold Out,17.0,0.0,0.0,51000,54.55,13600,14.55,Winter,Winter,2024-08
B00661,P009,Sliced olives (for salads),Olives,Primary,El Olivar Olives Ltd.,2024-08-27,2024-10-11,17,kg,Partial Loss,12.14,4.86,28.6,36420,38.95,-130,-0.14,Winter,Winter,2024-08
B00662,P009,Sliced olives (for salads),Olives,Primary,El Olivar Olives Ltd.,2024-09-08,2024-10-23,20,kg,Partial Loss,17.64,2.36,11.8,52920,56.6,9920,10.61,Spring,Spring,2024-09
B00663,P009,Sliced olives (for salads),Olives,Primary,El Olivar Olives Ltd.,2024-09-18,2024-11-02,16,kg,Sold Out,16.0,0.0,0.0,48000,51.34,13600,14.55,Spring,Spring,2024-09
B00664,P009,Sliced olives (for salads),Olives,Primary,El Olivar Olives Ltd.,2024-09-27,2024-11-11,20,kg,Partial Loss,18.48,1.52,7.6,55440,59.29,12440,13.3,Spring,Spring,2024-09
B00665,P009,Sliced olives (for salads),Olives,Primary,El Olivar Olives Ltd.,2024-10-06,2024-11-20,34,kg,Sold Out,34.0,0.0,0.0,102000,109.09,28900,30.91,Spring,Spring,2024-10
B00666,P009,Sliced olives (for salads),Olives,Primary,El Olivar Olives Ltd.,2024-10-18,2024-12-02,37,kg,Sold Out,37.0,0.0,0.0,111000,118.72,31450,33.64,Spring,Spring,2024-10
B00667,P009,Sliced olives (for salads),Olives,Primary,El Olivar Olives Ltd.,2024-10-29,2024-12-13,46,kg,Partial Loss,36.71,9.29,20.2,110130,117.79,11230,12.01,Spring,Spring,2024-10
B00668,P009,Sliced olives (for salads),Olives,Backup,Aceitunera Central SpA,2024-11-07,2024-12-22,35,kg,Sold Out,35.0,0.0,0.0,105000,112.3,28000,29.95,Spring,Spring,2024-11
B00669,P009,Sliced olives (for salads),Olives,Primary,El Olivar Olives Ltd.,2024-11-20,2025-01-04,36,kg,Sold Out,36.0,0.0,0.0,108000,115.51,30600,32.73,Spring,Spring,2024-11
B00670,P009,Sliced olives (for salads),Olives,Primary,El Olivar Olives Ltd.,2024-11-30,2025-01-14,36,kg,Sold Out,36.0,0.0,0.0,108000,115.51,30600,32.73,Spring,Spring,2024-11
B00671,P009,Sliced olives (for salads),Olives,Primary,El Olivar Olives Ltd.,2024-12-10,2025-01-24,44,kg,Sold Out,44.0,0.0,0.0,132000,141.18,37400,40.0,Summer,Summer,2024-12
B00672,P009,Sliced olives (for salads),Olives,Primary,El Olivar Olives Ltd.,2024-12-20,2025-02-03,56,kg,Sold Out,56.0,0.0,0.0,168000,179.68,47600,50.91,Summer,Summer,2024-12
B00673,P009,Sliced olives (for salads),Olives,Backup,Aceitunera Central SpA,2024-12-28,2025-02-11,45,kg,Sold Out,45.0,0.0,0.0,135000,144.39,36000,38.5,Summer,Summer,2024-12
B00674,P009,Sliced olives (for salads),Olives,Primary,El Olivar Olives Ltd.,2025-01-07,2025-02-21,47,kg,Sold Out,47.0,0.0,0.0,141000,150.8,39950,42.73,Summer,Summer,2025-01
B00675,P009,Sliced olives (for salads),Olives,Primary,El Olivar Olives Ltd.,2025-01-15,2025-03-01,39,kg,Sold Out,39.0,0.0,0.0,117000,125.13,33150,35.45,Summer,Summer,2025-01
B00676,P009,Sliced olives (for salads),Olives,Primary,El Olivar Olives Ltd.,2025-01-25,2025-03-11,47,kg,Sold Out,47.0,0.0,0.0,141000,150.8,39950,42.73,Summer,Summer,2025-01
B00677,P009,Sliced olives (for salads),Olives,Backup,Aceitunera Central SpA,2025-02-03,2025-03-20,46,kg,Sold Out,46.0,0.0,0.0,138000,147.59,36800,39.36,Summer,Summer,2025-02
B00678,P009,Sliced olives (for salads),Olives,Backup,Aceitunera Central SpA,2025-02-10,2025-03-27,41,kg,Sold Out,41.0,0.0,0.0,123000,131.55,32800,35.08,Summer,Summer,2025-02
B00679,P009,Sliced olives (for salads),Olives,Primary,El Olivar Olives Ltd.,2025-02-19,2025-04-05,49,kg,Partial Loss,37.93,11.07,22.6,113790,121.7,8440,9.03,Summer,Summer,2025-02
B00680,P009,Sliced olives (for salads),Olives,Primary,El Olivar Olives Ltd.,2025-02-28,2025-04-14,41,kg,Partial Loss,35.3,5.7,13.9,105900,113.26,17750,18.98,Summer,Summer,2025-02
B00681,P009,Sliced olives (for salads),Olives,Primary,El Olivar Olives Ltd.,2025-03-10,2025-04-24,38,kg,Partial Loss,32.15,5.85,15.4,96450,103.16,14750,15.78,Autumn,Autumn,2025-03
B00682,P009,Sliced olives (for salads),Olives,Primary,El Olivar Olives Ltd.,2025-03-18,2025-05-02,43,kg,Partial Loss,36.51,6.49,15.1,109530,117.14,17080,18.27,Autumn,Autumn,2025-03
B00683,P009,Sliced olives (for salads),Olives,Primary,El Olivar Olives Ltd.,2025-03-25,2025-05-09,45,kg,Sold Out,45.0,0.0,0.0,135000,144.39,38250,40.91,Autumn,Autumn,2025-03
B00684,P009,Sliced olives (for salads),Olives,Primary,El Olivar Olives Ltd.,2025-04-05,2025-05-20,17,kg,Sold Out,17.0,0.0,0.0,51000,54.55,14450,15.45,Autumn,Autumn,2025-04
B00685,P009,Sliced olives (for salads),Olives,Primary,El Olivar Olives Ltd.,2025-04-17,2025-06-01,18,kg,Partial Loss,13.59,4.41,24.5,40770,43.6,2070,2.21,Autumn,Autumn,2025-04
B00686,P009,Sliced olives (for salads),Olives,Primary,El Olivar Olives Ltd.,2025-04-28,2025-06-12,15,kg,Partial Loss,11.29,3.71,24.7,33870,36.22,1620,1.73,Autumn,Autumn,2025-04
B00687,P009,Sliced olives (for salads),Olives,Primary,El Olivar Olives Ltd.,2025-05-07,2025-06-21,16,kg,Partial Loss,14.48,1.52,9.5,43440,46.46,9040,9.67,Autumn,Autumn,2025-05
B00688,P009,Sliced olives (for salads),Olives,Backup,Aceitunera Central SpA,2025-05-17,2025-07-01,18,kg,Partial Loss,17.42,0.58,3.2,52260,55.89,12660,13.54,Autumn,Autumn,2025-05
B00689,P009,Sliced olives (for salads),Olives,Primary,El Olivar Olives Ltd.,2025-05-29,2025-07-13,18,kg,Partial Loss,15.75,2.25,12.5,47250,50.53,8550,9.14,Autumn,Autumn,2025-05
B00690,P009,Sliced olives (for salads),Olives,Primary,El Olivar Olives Ltd.,2025-06-07,2025-07-22,18,kg,Partial Loss,15.32,2.68,14.9,45960,49.16,7260,7.76,Winter,Winter,2025-06
B00691,P009,Sliced olives (for salads),Olives,Primary,El Olivar Olives Ltd.,2025-06-18,2025-08-02,16,kg,Partial Loss,13.07,2.93,18.3,39210,41.94,4810,5.14,Winter,Winter,2025-06
B00692,P009,Sliced olives (for salads),Olives,Primary,El Olivar Olives Ltd.,2025-06-28,2025-08-12,16,kg,Partial Loss,13.87,2.13,13.3,41610,44.5,7210,7.71,Winter,Winter,2025-06
B00693,P010,Cracked green olives with garlic,Olives,Primary,El Olivar Olives Ltd.,2023-07-10,2023-08-24,15,kg,Partial Loss,10.34,4.67,31.1,31020,33.18,-480,-0.51,Winter,Winter,2023-07
B00694,P010,Cracked green olives with garlic,Olives,Primary,El Olivar Olives Ltd.,2023-07-19,2023-09-02,16,kg,Partial Loss,14.88,1.12,7.0,44640,47.74,11040,11.81,Winter,Winter,2023-07
B00695,P010,Cracked green olives with garlic,Olives,Primary,El Olivar Olives Ltd.,2023-07-31,2023-09-14,13,kg,Partial Loss,10.27,2.73,21.0,30810,32.95,3510,3.75,Winter,Winter,2023-07
B00696,P010,Cracked green olives with garlic,Olives,Primary,El Olivar Olives Ltd.,2023-08-10,2023-09-24,13,kg,Partial Loss,11.74,1.26,9.7,35220,37.67,7920,8.47,Winter,Winter,2023-08
B00697,P010,Cracked green olives with garlic,Olives,Primary,El Olivar Olives Ltd.,2023-08-17,2023-10-01,14,kg,Partial Loss,11.2,2.8,20.0,33600,35.94,4200,4.49,Winter,Winter,2023-08
B00698,P010,Cracked green olives with garlic,Olives,Primary,El Olivar Olives Ltd.,2023-08-27,2023-10-11,16,kg,Sold Out,16.0,0.0,0.0,48000,51.34,14400,15.4,Winter,Winter,2023-08
B00699,P010,Cracked green olives with garlic,Olives,Backup,Aceitunera Central SpA,2023-09-06,2023-10-21,20,kg,Partial Loss,18.04,1.96,9.8,54120,57.88,11120,11.89,Spring,Spring,2023-09
B00700,P010,Cracked green olives with garlic,Olives,Primary,El Olivar Olives Ltd.,2023-09-16,2023-10-31,17,kg,Partial Loss,13.92,3.08,18.1,41760,44.66,6060,6.48,Spring,Spring,2023-09
B00701,P010,Cracked green olives with garlic,Olives,Primary,El Olivar Olives Ltd.,2023-09-24,2023-11-08,19,kg,Partial Loss,17.63,1.37,7.2,52890,56.57,12990,13.89,Spring,Spring,2023-09
B00702,P010,Cracked green olives with garlic,Olives,Primary,El Olivar Olives Ltd.,2023-10-06,2023-11-20,41,kg,Sold Out,41.0,0.0,0.0,123000,131.55,36900,39.47,Spring,Spring,2023-10
B00703,P010,Cracked green olives with garlic,Olives,Primary,El Olivar Olives Ltd.,2023-10-14,2023-11-28,35,kg,Sold Out,35.0,0.0,0.0,105000,112.3,31500,33.69,Spring,Spring,2023-10
B00704,P010,Cracked green olives with garlic,Olives,Primary,El Olivar Olives Ltd.,2023-10-25,2023-12-09,39,kg,Sold Out,39.0,0.0,0.0,117000,125.13,35100,37.54,Spring,Spring,2023-10
B00705,P010,Cracked green olives with garlic,Olives,Primary,El Olivar Olives Ltd.,2023-11-03,2023-12-18,44,kg,Partial Loss,38.24,5.76,13.1,114720,122.7,22320,23.87,Spring,Spring,2023-11
B00706,P010,Cracked green olives with garlic,Olives,Primary,El Olivar Olives Ltd.,2023-11-12,2023-12-27,42,kg,Sold Out,42.0,0.0,0.0,126000,134.76,37800,40.43,Spring,Spring,2023-11
B00707,P010,Cracked green olives with garlic,Olives,Primary,El Olivar Olives Ltd.,2023-11-21,2024-01-05,37,kg,Sold Out,37.0,0.0,0.0,111000,118.72,33300,35.61,Spring,Spring,2023-11
B00708,P010,Cracked green olives with garlic,Olives,Primary,El Olivar Olives Ltd.,2023-12-01,2024-01-15,59,kg,Sold Out,59.0,0.0,0.0,177000,189.3,53100,56.79,Summer,Summer,2023-12
B00709,P010,Cracked green olives with garlic,Olives,Primary,El Olivar Olives Ltd.,2023-12-11,2024-01-25,54,kg,Sold Out,54.0,0.0,0.0,162000,173.26,48600,51.98,Summer,Summer,2023-12
B00710,P010,Cracked green olives with garlic,Olives,Primary,El Olivar Olives Ltd.,2023-12-21,2024-02-04,50,kg,Sold Out,50.0,0.0,0.0,150000,160.43,45000,48.13,Summer,Summer,2023-12
B00711,P010,Cracked green olives with garlic,Olives,Primary,El Olivar Olives Ltd.,2023-12-31,2024-02-14,58,kg,Partial Loss,50.81,7.19,12.4,152430,163.03,30630,32.76,Summer,Summer,2023-12
B00712,P010,Cracked green olives with garlic,Olives,Primary,El Olivar Olives Ltd.,2024-01-12,2024-02-26,34,kg,Sold Out,34.0,0.0,0.0,102000,109.09,30600,32.73,Summer,Summer,2024-01
B00713,P010,Cracked green olives with garlic,Olives,Primary,El Olivar Olives Ltd.,2024-01-22,2024-03-07,41,kg,Sold Out,41.0,0.0,0.0,123000,131.55,36900,39.47,Summer,Summer,2024-01
B00714,P010,Cracked green olives with garlic,Olives,Primary,El Olivar Olives Ltd.,2024-01-30,2024-03-15,35,kg,Sold Out,35.0,0.0,0.0,105000,112.3,31500,33.69,Summer,Summer,2024-01
B00715,P010,Cracked green olives with garlic,Olives,Primary,El Olivar Olives Ltd.,2024-02-09,2024-03-25,46,kg,Partial Loss,32.89,13.11,28.5,98670,105.53,2070,2.21,Summer,Summer,2024-02
B00716,P010,Cracked green olives with garlic,Olives,Primary,El Olivar Olives Ltd.,2024-02-19,2024-04-04,34,kg,Partial Loss,26.66,7.34,21.6,79980,85.54,8580,9.18,Summer,Summer,2024-02
B00717,P010,Cracked green olives with garlic,Olives,Primary,El Olivar Olives Ltd.,2024-02-29,2024-04-14,40,kg,Sold Out,40.0,0.0,0.0,120000,128.34,36000,38.5,Summer,Summer,2024-02
B00718,P010,Cracked green olives with garlic,Olives,Primary,El Olivar Olives Ltd.,2024-03-10,2024-04-24,45,kg,Sold Out,45.0,0.0,0.0,135000,144.39,40500,43.32,Autumn,Autumn,2024-03
B00719,P010,Cracked green olives with garlic,Olives,Primary,El Olivar Olives Ltd.,2024-03-19,2024-05-03,38,kg,Partial Loss,31.88,6.12,16.1,95640,102.29,15840,16.94,Autumn,Autumn,2024-03
B00720,P010,Cracked green olives with garlic,Olives,Primary,El Olivar Olives Ltd.,2024-03-29,2024-05-13,36,kg,Partial Loss,29.34,6.66,18.5,88020,94.14,12420,13.28,Autumn,Autumn,2024-03
B00721,P010,Cracked green olives with garlic,Olives,Primary,El Olivar Olives Ltd.,2024-04-08,2024-05-23,14,kg,Sold Out,14.0,0.0,0.0,42000,44.92,12600,13.48,Autumn,Autumn,2024-04
B00722,P010,Cracked green olives with garlic,Olives,Backup,Aceitunera Central SpA,2024-04-17,2024-06-01,15,kg,Partial Loss,11.94,3.06,20.4,35820,38.31,3570,3.82,Autumn,Autumn,2024-04
B00723,P010,Cracked green olives with garlic,Olives,Primary,El Olivar Olives Ltd.,2024-04-28,2024-06-12,13,kg,Partial Loss,10.8,2.2,16.9,32400,34.65,5100,5.45,Autumn,Autumn,2024-04
B00724,P010,Cracked green olives with garlic,Olives,Primary,El Olivar Olives Ltd.,2024-05-08,2024-06-22,14,kg,Partial Loss,11.69,2.31,16.5,35070,37.51,5670,6.06,Autumn,Autumn,2024-05
B00725,P010,Cracked green olives with garlic,Olives,Backup,Aceitunera Central SpA,2024-05-16,2024-06-30,15,kg,Partial Loss,12.19,2.81,18.7,36570,39.11,4320,4.62,Autumn,Autumn,2024-05
B00726,P010,Cracked green olives with garlic,Olives,Primary,El Olivar Olives Ltd.,2024-05-23,2024-07-07,16,kg,Sold Out,16.0,0.0,0.0,48000,51.34,14400,15.4,Autumn,Autumn,2024-05
B00727,P010,Cracked green olives with garlic,Olives,Primary,El Olivar Olives Ltd.,2024-06-02,2024-07-17,13,kg,Partial Loss,10.41,2.59,19.9,31230,33.4,3930,4.2,Winter,Winter,2024-06
B00728,P010,Cracked green olives with garlic,Olives,Primary,El Olivar Olives Ltd.,2024-06-11,2024-07-26,16,kg,Sold Out,16.0,0.0,0.0,48000,51.34,14400,15.4,Winter,Winter,2024-06
B00729,P010,Cracked green olives with garlic,Olives,Primary,El Olivar Olives Ltd.,2024-06-22,2024-08-06,14,kg,Partial Loss,9.77,4.23,30.2,29310,31.35,-90,-0.1,Winter,Winter,2024-06
B00730,P010,Cracked green olives with garlic,Olives,Backup,Aceitunera Central SpA,2024-07-03,2024-08-17,14,kg,Sold Out,14.0,0.0,0.0,42000,44.92,11900,12.73,Winter,Winter,2024-07
B00731,P010,Cracked green olives with garlic,Olives,Primary,El Olivar Olives Ltd.,2024-07-12,2024-08-26,14,kg,Sold Out,14.0,0.0,0.0,42000,44.92,12600,13.48,Winter,Winter,2024-07
B00732,P010,Cracked green olives with garlic,Olives,Primary,El Olivar Olives Ltd.,2024-07-22,2024-09-05,15,kg,Partial Loss,12.38,2.62,17.5,37140,39.72,5640,6.03,Winter,Winter,2024-07
B00733,P010,Cracked green olives with garlic,Olives,Primary,El Olivar Olives Ltd.,2024-07-31,2024-09-14,14,kg,Sold Out,14.0,0.0,0.0,42000,44.92,12600,13.48,Winter,Winter,2024-07
B00734,P010,Cracked green olives with garlic,Olives,Primary,El Olivar Olives Ltd.,2024-08-10,2024-09-24,16,kg,Sold Out,16.0,0.0,0.0,48000,51.34,14400,15.4,Winter,Winter,2024-08
B00735,P010,Cracked green olives with garlic,Olives,Primary,El Olivar Olives Ltd.,2024-08-16,2024-09-30,14,kg,Sold Out,14.0,0.0,0.0,42000,44.92,12600,13.48,Winter,Winter,2024-08
B00736,P010,Cracked green olives with garlic,Olives,Primary,El Olivar Olives Ltd.,2024-08-26,2024-10-10,16,kg,Partial Loss,10.45,5.55,34.7,31350,33.53,-2250,-2.41,Winter,Winter,2024-08
B00737,P010,Cracked green olives with garlic,Olives,Primary,El Olivar Olives Ltd.,2024-09-05,2024-10-20,18,kg,Partial Loss,15.46,2.54,14.1,46380,49.6,8580,9.18,Spring,Spring,2024-09
B00738,P010,Cracked green olives with garlic,Olives,Primary,El Olivar Olives Ltd.,2024-09-16,2024-10-31,19,kg,Partial Loss,18.3,0.7,3.7,54900,58.72,15000,16.04,Spring,Spring,2024-09
B00739,P010,Cracked green olives with garlic,Olives,Primary,El Olivar Olives Ltd.,2024-09-28,2024-11-12,20,kg,Sold Out,20.0,0.0,0.0,60000,64.17,18000,19.25,Spring,Spring,2024-09
B00740,P010,Cracked green olives with garlic,Olives,Primary,El Olivar Olives Ltd.,2024-10-08,2024-11-22,41,kg,Sold Out,41.0,0.0,0.0,123000,131.55,36900,39.47,Spring,Spring,2024-10
B00741,P010,Cracked green olives with garlic,Olives,Primary,El Olivar Olives Ltd.,2024-10-20,2024-12-04,44,kg,Sold Out,44.0,0.0,0.0,132000,141.18,39600,42.35,Spring,Spring,2024-10
B00742,P010,Cracked green olives with garlic,Olives,Primary,El Olivar Olives Ltd.,2024-10-28,2024-12-12,41,kg,Sold Out,41.0,0.0,0.0,123000,131.55,36900,39.47,Spring,Spring,2024-10
B00743,P010,Cracked green olives with garlic,Olives,Primary,El Olivar Olives Ltd.,2024-11-06,2024-12-21,36,kg,Partial Loss,30.06,5.94,16.5,90180,96.45,14580,15.59,Spring,Spring,2024-11
B00744,P010,Cracked green olives with garlic,Olives,Primary,El Olivar Olives Ltd.,2024-11-16,2024-12-31,39,kg,Sold Out,39.0,0.0,0.0,117000,125.13,35100,37.54,Spring,Spring,2024-11
B00745,P010,Cracked green olives with garlic,Olives,Primary,El Olivar Olives Ltd.,2024-11-24,2025-01-08,35,kg,Sold Out,35.0,0.0,0.0,105000,112.3,31500,33.69,Spring,Spring,2024-11
B00746,P010,Cracked green olives with garlic,Olives,Primary,El Olivar Olives Ltd.,2024-12-03,2025-01-17,55,kg,Sold Out,55.0,0.0,0.0,165000,176.47,49500,52.94,Summer,Summer,2024-12
B00747,P010,Cracked green olives with garlic,Olives,Backup,Aceitunera Central SpA,2024-12-09,2025-01-23,59,kg,Sold Out,59.0,0.0,0.0,177000,189.3,50150,53.64,Summer,Summer,2024-12
B00748,P010,Cracked green olives with garlic,Olives,Backup,Aceitunera Central SpA,2024-12-19,2025-02-02,58,kg,Sold Out,58.0,0.0,0.0,174000,186.1,49300,52.73,Summer,Summer,2024-12
B00749,P010,Cracked green olives with garlic,Olives,Primary,El Olivar Olives Ltd.,2024-12-29,2025-02-12,44,kg,Sold Out,44.0,0.0,0.0,132000,141.18,39600,42.35,Summer,Summer,2024-12
B00750,P010,Cracked green olives with garlic,Olives,Primary,El Olivar Olives Ltd.,2025-01-08,2025-02-22,48,kg,Sold Out,48.0,0.0,0.0,144000,154.01,43200,46.2,Summer,Summer,2025-01
B00751,P010,Cracked green olives with garlic,Olives,Primary,El Olivar Olives Ltd.,2025-01-17,2025-03-03,43,kg,Partial Loss,36.08,6.92,16.1,108240,115.76,17940,19.19,Summer,Summer,2025-01
B00752,P010,Cracked green olives with garlic,Olives,Backup,Aceitunera Central SpA,2025-01-26,2025-03-12,37,kg,Sold Out,37.0,0.0,0.0,111000,118.72,31450,33.64,Summer,Summer,2025-01
B00753,P010,Cracked green olives with garlic,Olives,Primary,El Olivar Olives Ltd.,2025-02-04,2025-03-21,50,kg,Partial Loss,39.7,10.3,20.6,119100,127.38,14100,15.08,Summer,Summer,2025-02
B00754,P010,Cracked green olives with garlic,Olives,Primary,El Olivar Olives Ltd.,2025-02-13,2025-03-30,42,kg,Sold Out,42.0,0.0,0.0,126000,134.76,37800,40.43,Summer,Summer,2025-02
B00755,P010,Cracked green olives with garlic,Olives,Primary,El Olivar Olives Ltd.,2025-02-25,2025-04-11,42,kg,Sold Out,42.0,0.0,0.0,126000,134.76,37800,40.43,Summer,Summer,2025-02
B00756,P010,Cracked green olives with garlic,Olives,Primary,El Olivar Olives Ltd.,2025-03-06,2025-04-20,47,kg,Sold Out,47.0,0.0,0.0,141000,150.8,42300,45.24,Autumn,Autumn,2025-03
B00757,P010,Cracked green olives with garlic,Olives,Backup,Aceitunera Central SpA,2025-03-15,2025-04-29,40,kg,Sold Out,40.0,0.0,0.0,120000,128.34,34000,36.36,Autumn,Autumn,2025-03
B00758,P010,Cracked green olives with garlic,Olives,Primary,El Olivar Olives Ltd.,2025-03-25,2025-05-09,41,kg,Sold Out,41.0,0.0,0.0,123000,131.55,36900,39.47,Autumn,Autumn,2025-03
B00759,P010,Cracked green olives with garlic,Olives,Primary,El Olivar Olives Ltd.,2025-04-06,2025-05-21,17,kg,Partial Loss,14.13,2.87,16.9,42390,45.34,6690,7.16,Autumn,Autumn,2025-04
B00760,P010,Cracked green olives with garlic,Olives,Primary,El Olivar Olives Ltd.,2025-04-15,2025-05-30,17,kg,Sold Out,17.0,0.0,0.0,51000,54.55,15300,16.36,Autumn,Autumn,2025-04
B00761,P010,Cracked green olives with garlic,Olives,Primary,El Olivar Olives Ltd.,2025-04-24,2025-06-08,18,kg,Sold Out,18.0,0.0,0.0,54000,57.75,16200,17.33,Autumn,Autumn,2025-04
B00762,P010,Cracked green olives with garlic,Olives,Primary,El Olivar Olives Ltd.,2025-05-05,2025-06-19,17,kg,Sold Out,17.0,0.0,0.0,51000,54.55,15300,16.36,Autumn,Autumn,2025-05
B00763,P010,Cracked green olives with garlic,Olives,Primary,El Olivar Olives Ltd.,2025-05-13,2025-06-27,16,kg,Partial Loss,13.5,2.5,15.6,40500,43.32,6900,7.38,Autumn,Autumn,2025-05
B00764,P010,Cracked green olives with garlic,Olives,Backup,Aceitunera Central SpA,2025-05-24,2025-07-08,15,kg,Partial Loss,11.95,3.05,20.3,35850,38.34,3600,3.85,Autumn,Autumn,2025-05
B00765,P010,Cracked green olives with garlic,Olives,Backup,Aceitunera Central SpA,2025-06-05,2025-07-20,15,kg,Partial Loss,12.43,2.57,17.1,37290,39.88,5040,5.39,Winter,Winter,2025-06
B00766,P010,Cracked green olives with garlic,Olives,Primary,El Olivar Olives Ltd.,2025-06-15,2025-07-30,14,kg,Sold Out,14.0,0.0,0.0,42000,44.92,12600,13.48,Winter,Winter,2025-06
B00767,P010,Cracked green olives with garlic,Olives,Primary,El Olivar Olives Ltd.,2025-06-24,2025-08-08,15,kg,Partial Loss,12.33,2.67,17.8,36990,39.56,5490,5.87,Winter,Winter,2025-06
B00768,P011,"Black olive pate, jar 250g",Olives,Primary,El Olivar Olives Ltd.,2023-07-01,2023-08-15,28,jar 250g,Partial Loss,26.52,1.48,5.3,92820,99.27,22820,24.41,Winter,Winter,2023-07
B00769,P011,"Black olive pate, jar 250g",Olives,Backup,Aceitunera Central SpA,2023-07-07,2023-08-21,27,jar 250g,Sold Out,27.0,0.0,0.0,94500,101.07,25650,27.43,Winter,Winter,2023-07
B00770,P011,"Black olive pate, jar 250g",Olives,Primary,El Olivar Olives Ltd.,2023-07-17,2023-08-31,24,jar 250g,Partial Loss,20.93,3.07,12.8,73255,78.35,13255,14.18,Winter,Winter,2023-07
B00771,P011,"Black olive pate, jar 250g",Olives,Primary,El Olivar Olives Ltd.,2023-07-24,2023-09-07,27,jar 250g,Partial Loss,22.46,4.54,16.8,78610,84.07,11110,11.88,Winter,Winter,2023-07
B00772,P011,"Black olive pate, jar 250g",Olives,Primary,El Olivar Olives Ltd.,2023-08-02,2023-09-16,27,jar 250g,Sold Out,27.0,0.0,0.0,94500,101.07,27000,28.88,Winter,Winter,2023-08
B00773,P011,"Black olive pate, jar 250g",Olives,Primary,El Olivar Olives Ltd.,2023-08-10,2023-09-24,23,jar 250g,Sold Out,23.0,0.0,0.0,80500,86.1,23000,24.6,Winter,Winter,2023-08
B00774,P011,"Black olive pate, jar 250g",Olives,Primary,El Olivar Olives Ltd.,2023-08-19,2023-10-03,27,jar 250g,Partial Loss,25.25,1.76,6.5,88375,94.52,20875,22.33,Winter,Winter,2023-08
B00775,P011,"Black olive pate, jar 250g",Olives,Primary,El Olivar Olives Ltd.,2023-08-28,2023-10-12,23,jar 250g,Partial Loss,21.57,1.43,6.2,75495,80.74,17995,19.25,Winter,Winter,2023-08
B00776,P011,"Black olive pate, jar 250g",Olives,Primary,El Olivar Olives Ltd.,2023-09-08,2023-10-23,28,jar 250g,Partial Loss,25.76,2.24,8.0,90160,96.43,20160,21.56,Spring,Spring,2023-09
B00777,P011,"Black olive pate, jar 250g",Olives,Primary,El Olivar Olives Ltd.,2023-09-18,2023-11-02,32,jar 250g,Sold Out,32.0,0.0,0.0,112000,119.79,32000,34.22,Spring,Spring,2023-09
B00778,P011,"Black olive pate, jar 250g",Olives,Backup,Aceitunera Central SpA,2023-09-28,2023-11-12,32,jar 250g,Sold Out,32.0,0.0,0.0,112000,119.79,30400,32.51,Spring,Spring,2023-09
B00779,P011,"Black olive pate, jar 250g",Olives,Primary,El Olivar Olives Ltd.,2023-10-07,2023-11-21,21,jar 250g,Sold Out,21.0,0.0,0.0,73500,78.61,21000,22.46,Spring,Spring,2023-10
B00780,P011,"Black olive pate, jar 250g",Olives,Primary,El Olivar Olives Ltd.,2023-10-15,2023-11-29,24,jar 250g,Sold Out,24.0,0.0,0.0,84000,89.84,24000,25.67,Spring,Spring,2023-10
B00781,P011,"Black olive pate, jar 250g",Olives,Backup,Aceitunera Central SpA,2023-10-26,2023-12-10,21,jar 250g,Sold Out,21.0,0.0,0.0,73500,78.61,19950,21.34,Spring,Spring,2023-10
B00782,P011,"Black olive pate, jar 250g",Olives,Backup,Aceitunera Central SpA,2023-11-07,2023-12-22,26,jar 250g,Sold Out,26.0,0.0,0.0,91000,97.33,24700,26.42,Spring,Spring,2023-11
B00783,P011,"Black olive pate, jar 250g",Olives,Backup,Aceitunera Central SpA,2023-11-16,2023-12-31,27,jar 250g,Sold Out,27.0,0.0,0.0,94500,101.07,25650,27.43,Spring,Spring,2023-11
B00784,P011,"Black olive pate, jar 250g",Olives,Backup,Aceitunera Central SpA,2023-11-26,2024-01-10,28,jar 250g,Partial Loss,26.01,1.99,7.1,91035,97.36,19635,21.0,Spring,Spring,2023-11
B00785,P011,"Black olive pate, jar 250g",Olives,Primary,El Olivar Olives Ltd.,2023-12-04,2024-01-18,28,jar 250g,Sold Out,28.0,0.0,0.0,98000,104.81,28000,29.95,Summer,Summer,2023-12
B00786,P011,"Black olive pate, jar 250g",Olives,Primary,El Olivar Olives Ltd.,2023-12-12,2024-01-26,30,jar 250g,Sold Out,30.0,0.0,0.0,105000,112.3,30000,32.09,Summer,Summer,2023-12
B00787,P011,"Black olive pate, jar 250g",Olives,Primary,El Olivar Olives Ltd.,2023-12-22,2024-02-05,27,jar 250g,Sold Out,27.0,0.0,0.0,94500,101.07,27000,28.88,Summer,Summer,2023-12
B00788,P011,"Black olive pate, jar 250g",Olives,Primary,El Olivar Olives Ltd.,2024-01-02,2024-02-16,27,jar 250g,Partial Loss,23.65,3.35,12.4,82775,88.53,15275,16.34,Summer,Summer,2024-01
B00789,P011,"Black olive pate, jar 250g",Olives,Primary,El Olivar Olives Ltd.,2024-01-12,2024-02-26,27,jar 250g,Sold Out,27.0,0.0,0.0,94500,101.07,27000,28.88,Summer,Summer,2024-01
B00790,P011,"Black olive pate, jar 250g",Olives,Primary,El Olivar Olives Ltd.,2024-01-20,2024-03-05,23,jar 250g,Sold Out,23.0,0.0,0.0,80500,86.1,23000,24.6,Summer,Summer,2024-01
B00791,P011,"Black olive pate, jar 250g",Olives,Primary,El Olivar Olives Ltd.,2024-02-01,2024-03-17,23,jar 250g,Sold Out,23.0,0.0,0.0,80500,86.1,23000,24.6,Summer,Summer,2024-02
B00792,P011,"Black olive pate, jar 250g",Olives,Primary,El Olivar Olives Ltd.,2024-02-11,2024-03-27,27,jar 250g,Partial Loss,23.41,3.59,13.3,81935,87.63,14435,15.44,Summer,Summer,2024-02
B00793,P011,"Black olive pate, jar 250g",Olives,Primary,El Olivar Olives Ltd.,2024-02-20,2024-04-05,25,jar 250g,Sold Out,25.0,0.0,0.0,87500,93.58,25000,26.74,Summer,Summer,2024-02
B00794,P011,"Black olive pate, jar 250g",Olives,Primary,El Olivar Olives Ltd.,2024-02-28,2024-04-13,26,jar 250g,Sold Out,26.0,0.0,0.0,91000,97.33,26000,27.81,Summer,Summer,2024-02
B00795,P011,"Black olive pate, jar 250g",Olives,Primary,El Olivar Olives Ltd.,2024-03-07,2024-04-21,27,jar 250g,Partial Loss,24.27,2.73,10.1,84945,90.85,17445,18.66,Autumn,Autumn,2024-03
B00796,P011,"Black olive pate, jar 250g",Olives,Primary,El Olivar Olives Ltd.,2024-03-14,2024-04-28,25,jar 250g,Sold Out,25.0,0.0,0.0,87500,93.58,25000,26.74,Autumn,Autumn,2024-03
B00797,P011,"Black olive pate, jar 250g",Olives,Primary,El Olivar Olives Ltd.,2024-03-26,2024-05-10,25,jar 250g,Partial Loss,21.5,3.5,14.0,75250,80.48,12750,13.64,Autumn,Autumn,2024-03
B00798,P011,"Black olive pate, jar 250g",Olives,Primary,El Olivar Olives Ltd.,2024-04-04,2024-05-19,22,jar 250g,Sold Out,22.0,0.0,0.0,77000,82.35,22000,23.53,Autumn,Autumn,2024-04
B00799,P011,"Black olive pate, jar 250g",Olives,Primary,El Olivar Olives Ltd.,2024-04-15,2024-05-30,22,jar 250g,Sold Out,22.0,0.0,0.0,77000,82.35,22000,23.53,Autumn,Autumn,2024-04
B00800,P011,"Black olive pate, jar 250g",Olives,Primary,El Olivar Olives Ltd.,2024-04-24,2024-06-08,24,jar 250g,Partial Loss,20.38,3.62,15.1,71330,76.29,11330,12.12,Autumn,Autumn,2024-04
B00801,P011,"Black olive pate, jar 250g",Olives,Primary,El Olivar Olives Ltd.,2024-05-03,2024-06-17,22,jar 250g,Sold Out,22.0,0.0,0.0,77000,82.35,22000,23.53,Autumn,Autumn,2024-05
B00802,P011,"Black olive pate, jar 250g",Olives,Primary,El Olivar Olives Ltd.,2024-05-11,2024-06-25,25,jar 250g,Partial Loss,22.05,2.95,11.8,77175,82.54,14675,15.7,Autumn,Autumn,2024-05
B00803,P011,"Black olive pate, jar 250g",Olives,Primary,El Olivar Olives Ltd.,2024-05-20,2024-07-04,21,jar 250g,Partial Loss,18.67,2.33,11.1,65345,69.89,12845,13.74,Autumn,Autumn,2024-05
B00804,P011,"Black olive pate, jar 250g",Olives,Primary,El Olivar Olives Ltd.,2024-06-01,2024-07-16,25,jar 250g,Sold Out,25.0,0.0,0.0,87500,93.58,25000,26.74,Winter,Winter,2024-06
B00805,P011,"Black olive pate, jar 250g",Olives,Primary,El Olivar Olives Ltd.,2024-06-11,2024-07-26,27,jar 250g,Sold Out,27.0,0.0,0.0,94500,101.07,27000,28.88,Winter,Winter,2024-06
B00806,P011,"Black olive pate, jar 250g",Olives,Primary,El Olivar Olives Ltd.,2024-06-18,2024-08-02,23,jar 250g,Partial Loss,21.16,1.84,8.0,74060,79.21,16560,17.71,Winter,Winter,2024-06
B00807,P011,"Black olive pate, jar 250g",Olives,Primary,El Olivar Olives Ltd.,2024-06-30,2024-08-14,21,jar 250g,Sold Out,21.0,0.0,0.0,73500,78.61,21000,22.46,Winter,Winter,2024-06
B00808,P011,"Black olive pate, jar 250g",Olives,Primary,El Olivar Olives Ltd.,2024-07-12,2024-08-26,21,jar 250g,Partial Loss,17.64,3.36,16.0,61740,66.03,9240,9.88,Winter,Winter,2024-07
B00809,P011,"Black olive pate, jar 250g",Olives,Primary,El Olivar Olives Ltd.,2024-07-22,2024-09-05,24,jar 250g,Sold Out,24.0,0.0,0.0,84000,89.84,24000,25.67,Winter,Winter,2024-07
B00810,P011,"Black olive pate, jar 250g",Olives,Primary,El Olivar Olives Ltd.,2024-08-01,2024-09-15,23,jar 250g,Sold Out,23.0,0.0,0.0,80500,86.1,23000,24.6,Winter,Winter,2024-08
B00811,P011,"Black olive pate, jar 250g",Olives,Primary,El Olivar Olives Ltd.,2024-08-12,2024-09-26,22,jar 250g,Sold Out,22.0,0.0,0.0,77000,82.35,22000,23.53,Winter,Winter,2024-08
B00812,P011,"Black olive pate, jar 250g",Olives,Primary,El Olivar Olives Ltd.,2024-08-22,2024-10-06,26,jar 250g,Partial Loss,22.49,3.51,13.5,78715,84.19,13715,14.67,Winter,Winter,2024-08
B00813,P011,"Black olive pate, jar 250g",Olives,Backup,Aceitunera Central SpA,2024-08-31,2024-10-15,27,jar 250g,Partial Loss,24.41,2.59,9.6,85435,91.37,16585,17.74,Winter,Winter,2024-08
B00814,P011,"Black olive pate, jar 250g",Olives,Backup,Aceitunera Central SpA,2024-09-11,2024-10-26,33,jar 250g,Sold Out,33.0,0.0,0.0,115500,123.53,31350,33.53,Spring,Spring,2024-09
B00815,P011,"Black olive pate, jar 250g",Olives,Primary,El Olivar Olives Ltd.,2024-09-18,2024-11-02,26,jar 250g,Partial Loss,22.98,3.02,11.6,80430,86.02,15430,16.5,Spring,Spring,2024-09
B00816,P011,"Black olive pate, jar 250g",Olives,Primary,El Olivar Olives Ltd.,2024-09-25,2024-11-09,31,jar 250g,Partial Loss,28.58,2.42,7.8,100030,106.98,22530,24.1,Spring,Spring,2024-09
B00817,P011,"Black olive pate, jar 250g",Olives,Primary,El Olivar Olives Ltd.,2024-10-04,2024-11-18,23,jar 250g,Partial Loss,18.19,4.81,20.9,63665,68.09,6165,6.59,Spring,Spring,2024-10
B00818,P011,"Black olive pate, jar 250g",Olives,Primary,El Olivar Olives Ltd.,2024-10-12,2024-11-26,24,jar 250g,Partial Loss,22.46,1.54,6.4,78610,84.07,18610,19.9,Spring,Spring,2024-10
B00819,P011,"Black olive pate, jar 250g",Olives,Primary,El Olivar Olives Ltd.,2024-10-23,2024-12-07,27,jar 250g,Sold Out,27.0,0.0,0.0,94500,101.07,27000,28.88,Spring,Spring,2024-10
B00820,P011,"Black olive pate, jar 250g",Olives,Primary,El Olivar Olives Ltd.,2024-11-04,2024-12-19,24,jar 250g,Partial Loss,22.61,1.39,5.8,79135,84.64,19135,20.47,Spring,Spring,2024-11
B00821,P011,"Black olive pate, jar 250g",Olives,Primary,El Olivar Olives Ltd.,2024-11-12,2024-12-27,23,jar 250g,Sold Out,23.0,0.0,0.0,80500,86.1,23000,24.6,Spring,Spring,2024-11
B00822,P011,"Black olive pate, jar 250g",Olives,Primary,El Olivar Olives Ltd.,2024-11-21,2025-01-05,23,jar 250g,Partial Loss,17.04,5.96,25.9,59640,63.79,2140,2.29,Spring,Spring,2024-11
B00823,P011,"Black olive pate, jar 250g",Olives,Primary,El Olivar Olives Ltd.,2024-11-30,2025-01-14,21,jar 250g,Partial Loss,18.67,2.33,11.1,65345,69.89,12845,13.74,Spring,Spring,2024-11
B00824,P011,"Black olive pate, jar 250g",Olives,Primary,El Olivar Olives Ltd.,2024-12-09,2025-01-23,31,jar 250g,Partial Loss,24.86,6.14,19.8,87010,93.06,9510,10.17,Summer,Summer,2024-12
B00825,P011,"Black olive pate, jar 250g",Olives,Primary,El Olivar Olives Ltd.,2024-12-18,2025-02-01,29,jar 250g,Sold Out,29.0,0.0,0.0,101500,108.56,29000,31.02,Summer,Summer,2024-12
B00826,P011,"Black olive pate, jar 250g",Olives,Primary,El Olivar Olives Ltd.,2024-12-25,2025-02-08,32,jar 250g,Sold Out,32.0,0.0,0.0,112000,119.79,32000,34.22,Summer,Summer,2024-12
B00827,P011,"Black olive pate, jar 250g",Olives,Backup,Aceitunera Central SpA,2025-01-04,2025-02-18,29,jar 250g,Sold Out,29.0,0.0,0.0,101500,108.56,27550,29.47,Summer,Summer,2025-01
B00828,P011,"Black olive pate, jar 250g",Olives,Primary,El Olivar Olives Ltd.,2025-01-15,2025-03-01,25,jar 250g,Partial Loss,18.65,6.35,25.4,65275,69.81,2775,2.97,Summer,Summer,2025-01
B00829,P011,"Black olive pate, jar 250g",Olives,Primary,El Olivar Olives Ltd.,2025-01-23,2025-03-09,25,jar 250g,Sold Out,25.0,0.0,0.0,87500,93.58,25000,26.74,Summer,Summer,2025-01
B00830,P011,"Black olive pate, jar 250g",Olives,Primary,El Olivar Olives Ltd.,2025-01-31,2025-03-17,25,jar 250g,Partial Loss,18.75,6.25,25.0,65625,70.19,3125,3.34,Summer,Summer,2025-01
B00831,P011,"Black olive pate, jar 250g",Olives,Primary,El Olivar Olives Ltd.,2025-02-10,2025-03-27,27,jar 250g,Partial Loss,20.93,6.08,22.5,73255,78.35,5755,6.16,Summer,Summer,2025-02
B00832,P011,"Black olive pate, jar 250g",Olives,Primary,El Olivar Olives Ltd.,2025-02-17,2025-04-03,23,jar 250g,Sold Out,23.0,0.0,0.0,80500,86.1,23000,24.6,Summer,Summer,2025-02
B00833,P011,"Black olive pate, jar 250g",Olives,Backup,Aceitunera Central SpA,2025-02-27,2025-04-13,26,jar 250g,Sold Out,26.0,0.0,0.0,91000,97.33,24700,26.42,Summer,Summer,2025-02
B00834,P011,"Black olive pate, jar 250g",Olives,Primary,El Olivar Olives Ltd.,2025-03-10,2025-04-24,24,jar 250g,Sold Out,24.0,0.0,0.0,84000,89.84,24000,25.67,Autumn,Autumn,2025-03
B00835,P011,"Black olive pate, jar 250g",Olives,Primary,El Olivar Olives Ltd.,2025-03-20,2025-05-04,29,jar 250g,Sold Out,29.0,0.0,0.0,101500,108.56,29000,31.02,Autumn,Autumn,2025-03
B00836,P011,"Black olive pate, jar 250g",Olives,Primary,El Olivar Olives Ltd.,2025-03-29,2025-05-13,22,jar 250g,Sold Out,22.0,0.0,0.0,77000,82.35,22000,23.53,Autumn,Autumn,2025-03
B00837,P011,"Black olive pate, jar 250g",Olives,Primary,El Olivar Olives Ltd.,2025-04-07,2025-05-22,24,jar 250g,Partial Loss,19.97,4.03,16.8,69895,74.75,9895,10.58,Autumn,Autumn,2025-04
B00838,P011,"Black olive pate, jar 250g",Olives,Primary,El Olivar Olives Ltd.,2025-04-18,2025-06-02,29,jar 250g,Partial Loss,26.65,2.35,8.1,93275,99.76,20775,22.22,Autumn,Autumn,2025-04
B00839,P011,"Black olive pate, jar 250g",Olives,Backup,Aceitunera Central SpA,2025-04-27,2025-06-11,26,jar 250g,Sold Out,26.0,0.0,0.0,91000,97.33,24700,26.42,Autumn,Autumn,2025-04
B00840,P011,"Black olive pate, jar 250g",Olives,Primary,El Olivar Olives Ltd.,2025-05-08,2025-06-22,26,jar 250g,Sold Out,26.0,0.0,0.0,91000,97.33,26000,27.81,Autumn,Autumn,2025-05
B00841,P011,"Black olive pate, jar 250g",Olives,Primary,El Olivar Olives Ltd.,2025-05-19,2025-07-03,30,jar 250g,Sold Out,30.0,0.0,0.0,105000,112.3,30000,32.09,Autumn,Autumn,2025-05
B00842,P011,"Black olive pate, jar 250g",Olives,Primary,El Olivar Olives Ltd.,2025-05-27,2025-07-11,27,jar 250g,Partial Loss,23.68,3.32,12.3,82880,88.64,15380,16.45,Autumn,Autumn,2025-05
B00843,P011,"Black olive pate, jar 250g",Olives,Primary,El Olivar Olives Ltd.,2025-06-05,2025-07-20,28,jar 250g,Sold Out,28.0,0.0,0.0,98000,104.81,28000,29.95,Winter,Winter,2025-06
B00844,P011,"Black olive pate, jar 250g",Olives,Primary,El Olivar Olives Ltd.,2025-06-14,2025-07-29,24,jar 250g,Sold Out,24.0,0.0,0.0,84000,89.84,24000,25.67,Winter,Winter,2025-06
B00845,P011,"Black olive pate, jar 250g",Olives,Primary,El Olivar Olives Ltd.,2025-06-25,2025-08-09,23,jar 250g,Sold Out,23.0,0.0,0.0,80500,86.1,23000,24.6,Winter,Winter,2025-06
B00846,P012,Cooked mote (hominy wheat),Grains,Primary,San Vicente Grains & Legumes,2023-07-03,2023-07-23,16,kg,Partial Loss,9.1,6.9,43.1,13650,14.6,-4750,-5.08,Winter,Winter,2023-07
B00847,P012,Cooked mote (hominy wheat),Grains,Primary,San Vicente Grains & Legumes,2023-07-08,2023-07-28,18,kg,Partial Loss,13.5,4.5,25.0,20250,21.66,-450,-0.48,Winter,Winter,2023-07
B00848,P012,Cooked mote (hominy wheat),Grains,Primary,San Vicente Grains & Legumes,2023-07-15,2023-08-04,21,kg,Sold Out,21.0,0.0,0.0,31500,33.69,7350,7.86,Winter,Winter,2023-07
B00849,P012,Cooked mote (hominy wheat),Grains,Primary,San Vicente Grains & Legumes,2023-07-23,2023-08-12,18,kg,Sold Out,18.0,0.0,0.0,27000,28.88,6300,6.74,Winter,Winter,2023-07
B00850,P012,Cooked mote (hominy wheat),Grains,Primary,San Vicente Grains & Legumes,2023-07-28,2023-08-17,18,kg,Partial Loss,13.03,4.97,27.6,19545,20.9,-1155,-1.24,Winter,Winter,2023-07
B00851,P012,Cooked mote (hominy wheat),Grains,Primary,San Vicente Grains & Legumes,2023-08-04,2023-08-24,20,kg,Sold Out,20.0,0.0,0.0,30000,32.09,7000,7.49,Winter,Winter,2023-08
B00852,P012,Cooked mote (hominy wheat),Grains,Primary,San Vicente Grains & Legumes,2023-08-10,2023-08-30,17,kg,Partial Loss,10.83,6.17,36.3,16245,17.37,-3305,-3.53,Winter,Winter,2023-08
B00853,P012,Cooked mote (hominy wheat),Grains,Primary,San Vicente Grains & Legumes,2023-08-15,2023-09-04,20,kg,Sold Out,20.0,0.0,0.0,30000,32.09,7000,7.49,Winter,Winter,2023-08
B00854,P012,Cooked mote (hominy wheat),Grains,Primary,San Vicente Grains & Legumes,2023-08-19,2023-09-08,17,kg,Partial Loss,12.22,4.78,28.1,18330,19.6,-1220,-1.3,Winter,Winter,2023-08
B00855,P012,Cooked mote (hominy wheat),Grains,Primary,San Vicente Grains & Legumes,2023-08-26,2023-09-15,18,kg,Partial Loss,14.09,3.91,21.7,21135,22.6,435,0.47,Winter,Winter,2023-08
B00856,P012,Cooked mote (hominy wheat),Grains,Primary,San Vicente Grains & Legumes,2023-09-02,2023-09-22,25,kg,Sold Out,25.0,0.0,0.0,37500,40.11,8750,9.36,Spring,Spring,2023-09
B00857,P012,Cooked mote (hominy wheat),Grains,Primary,San Vicente Grains & Legumes,2023-09-09,2023-09-29,22,kg,Sold Out,22.0,0.0,0.0,33000,35.29,7700,8.24,Spring,Spring,2023-09
B00858,P012,Cooked mote (hominy wheat),Grains,Primary,San Vicente Grains & Legumes,2023-09-15,2023-10-05,21,kg,Partial Loss,17.77,3.23,15.4,26655,28.51,2505,2.68,Spring,Spring,2023-09
B00859,P012,Cooked mote (hominy wheat),Grains,Primary,San Vicente Grains & Legumes,2023-09-22,2023-10-12,24,kg,Partial Loss,18.29,5.71,23.8,27435,29.34,-165,-0.18,Spring,Spring,2023-09
B00860,P012,Cooked mote (hominy wheat),Grains,Primary,San Vicente Grains & Legumes,2023-09-29,2023-10-19,26,kg,Sold Out,26.0,0.0,0.0,39000,41.71,9100,9.73,Spring,Spring,2023-09
B00861,P012,Cooked mote (hominy wheat),Grains,Primary,San Vicente Grains & Legumes,2023-10-06,2023-10-26,45,kg,Sold Out,45.0,0.0,0.0,67500,72.19,15750,16.84,Spring,Spring,2023-10
B00862,P012,Cooked mote (hominy wheat),Grains,Primary,San Vicente Grains & Legumes,2023-10-13,2023-11-02,44,kg,Sold Out,44.0,0.0,0.0,66000,70.59,15400,16.47,Spring,Spring,2023-10
B00863,P012,Cooked mote (hominy wheat),Grains,Primary,San Vicente Grains & Legumes,2023-10-19,2023-11-08,44,kg,Sold Out,44.0,0.0,0.0,66000,70.59,15400,16.47,Spring,Spring,2023-10
B00864,P012,Cooked mote (hominy wheat),Grains,Primary,San Vicente Grains & Legumes,2023-10-25,2023-11-14,47,kg,Sold Out,47.0,0.0,0.0,70500,75.4,16450,17.59,Spring,Spring,2023-10
B00865,P012,Cooked mote (hominy wheat),Grains,Primary,San Vicente Grains & Legumes,2023-11-01,2023-11-21,50,kg,Partial Loss,39.3,10.7,21.4,58950,63.05,1450,1.55,Spring,Spring,2023-11
B00866,P012,Cooked mote (hominy wheat),Grains,Primary,San Vicente Grains & Legumes,2023-11-08,2023-11-28,48,kg,Sold Out,48.0,0.0,0.0,72000,77.01,16800,17.97,Spring,Spring,2023-11
B00867,P012,Cooked mote (hominy wheat),Grains,Primary,San Vicente Grains & Legumes,2023-11-15,2023-12-05,43,kg,Partial Loss,35.26,7.74,18.0,52890,56.57,3440,3.68,Spring,Spring,2023-11
B00868,P012,Cooked mote (hominy wheat),Grains,Primary,San Vicente Grains & Legumes,2023-11-22,2023-12-12,52,kg,Sold Out,52.0,0.0,0.0,78000,83.42,18200,19.47,Spring,Spring,2023-11
B00869,P012,Cooked mote (hominy wheat),Grains,Primary,San Vicente Grains & Legumes,2023-11-30,2023-12-20,50,kg,Partial Loss,37.15,12.85,25.7,55725,59.6,-1775,-1.9,Spring,Spring,2023-11
B00870,P012,Cooked mote (hominy wheat),Grains,Primary,San Vicente Grains & Legumes,2023-12-06,2023-12-26,69,kg,Sold Out,69.0,0.0,0.0,103500,110.7,24150,25.83,Summer,Summer,2023-12
B00871,P012,Cooked mote (hominy wheat),Grains,Primary,San Vicente Grains & Legumes,2023-12-12,2024-01-01,56,kg,Sold Out,56.0,0.0,0.0,84000,89.84,19600,20.96,Summer,Summer,2023-12
B00872,P012,Cooked mote (hominy wheat),Grains,Primary,San Vicente Grains & Legumes,2023-12-18,2024-01-07,60,kg,Sold Out,60.0,0.0,0.0,90000,96.26,21000,22.46,Summer,Summer,2023-12
B00873,P012,Cooked mote (hominy wheat),Grains,Primary,San Vicente Grains & Legumes,2023-12-24,2024-01-13,64,kg,Sold Out,64.0,0.0,0.0,96000,102.67,22400,23.96,Summer,Summer,2023-12
B00874,P012,Cooked mote (hominy wheat),Grains,Primary,San Vicente Grains & Legumes,2023-12-29,2024-01-18,54,kg,Sold Out,54.0,0.0,0.0,81000,86.63,18900,20.21,Summer,Summer,2023-12
B00875,P012,Cooked mote (hominy wheat),Grains,Primary,San Vicente Grains & Legumes,2024-01-04,2024-01-24,42,kg,Partial Loss,28.64,13.36,31.8,42960,45.95,-5340,-5.71,Summer,Summer,2024-01
B00876,P012,Cooked mote (hominy wheat),Grains,Primary,San Vicente Grains & Legumes,2024-01-09,2024-01-29,50,kg,Partial Loss,28.55,21.45,42.9,42825,45.8,-14675,-15.7,Summer,Summer,2024-01
B00877,P012,Cooked mote (hominy wheat),Grains,Primary,San Vicente Grains & Legumes,2024-01-13,2024-02-02,51,kg,Partial Loss,36.31,14.69,28.8,54465,58.25,-4185,-4.48,Summer,Summer,2024-01
B00878,P012,Cooked mote (hominy wheat),Grains,Primary,San Vicente Grains & Legumes,2024-01-18,2024-02-07,46,kg,Sold Out,46.0,0.0,0.0,69000,73.8,16100,17.22,Summer,Summer,2024-01
B00879,P012,Cooked mote (hominy wheat),Grains,Backup,Molino del Valle,2024-01-24,2024-02-13,53,kg,Sold Out,53.0,0.0,0.0,79500,85.03,18550,19.84,Summer,Summer,2024-01
B00880,P012,Cooked mote (hominy wheat),Grains,Primary,San Vicente Grains & Legumes,2024-02-01,2024-02-21,54,kg,Partial Loss,34.4,19.6,36.3,51600,55.19,-10500,-11.23,Summer,Summer,2024-02
B00881,P012,Cooked mote (hominy wheat),Grains,Primary,San Vicente Grains & Legumes,2024-02-06,2024-02-26,55,kg,Partial Loss,37.07,17.93,32.6,55605,59.47,-7645,-8.18,Summer,Summer,2024-02
B00882,P012,Cooked mote (hominy wheat),Grains,Primary,San Vicente Grains & Legumes,2024-02-14,2024-03-05,43,kg,Sold Out,43.0,0.0,0.0,64500,68.98,15050,16.1,Summer,Summer,2024-02
B00883,P012,Cooked mote (hominy wheat),Grains,Primary,San Vicente Grains & Legumes,2024-02-22,2024-03-13,41,kg,Sold Out,41.0,0.0,0.0,61500,65.78,14350,15.35,Summer,Summer,2024-02
B00884,P012,Cooked mote (hominy wheat),Grains,Backup,Molino del Valle,2024-02-27,2024-03-18,51,kg,Sold Out,51.0,0.0,0.0,76500,81.82,17850,19.09,Summer,Summer,2024-02
B00885,P012,Cooked mote (hominy wheat),Grains,Primary,San Vicente Grains & Legumes,2024-03-05,2024-03-25,51,kg,Sold Out,51.0,0.0,0.0,76500,81.82,17850,19.09,Autumn,Autumn,2024-03
B00886,P012,Cooked mote (hominy wheat),Grains,Primary,San Vicente Grains & Legumes,2024-03-10,2024-03-30,45,kg,Sold Out,45.0,0.0,0.0,67500,72.19,15750,16.84,Autumn,Autumn,2024-03
B00887,P012,Cooked mote (hominy wheat),Grains,Primary,San Vicente Grains & Legumes,2024-03-17,2024-04-06,43,kg,Sold Out,43.0,0.0,0.0,64500,68.98,15050,16.1,Autumn,Autumn,2024-03
B00888,P012,Cooked mote (hominy wheat),Grains,Primary,San Vicente Grains & Legumes,2024-03-23,2024-04-12,55,kg,Sold Out,55.0,0.0,0.0,82500,88.24,19250,20.59,Autumn,Autumn,2024-03
B00889,P012,Cooked mote (hominy wheat),Grains,Primary,San Vicente Grains & Legumes,2024-03-29,2024-04-18,53,kg,Sold Out,53.0,0.0,0.0,79500,85.03,18550,19.84,Autumn,Autumn,2024-03
B00890,P012,Cooked mote (hominy wheat),Grains,Backup,Molino del Valle,2024-04-03,2024-04-23,18,kg,Partial Loss,14.13,3.87,21.5,21195,22.67,495,0.53,Autumn,Autumn,2024-04
B00891,P012,Cooked mote (hominy wheat),Grains,Primary,San Vicente Grains & Legumes,2024-04-10,2024-04-30,19,kg,Partial Loss,15.75,3.25,17.1,23625,25.27,1775,1.9,Autumn,Autumn,2024-04
B00892,P012,Cooked mote (hominy wheat),Grains,Primary,San Vicente Grains & Legumes,2024-04-17,2024-05-07,19,kg,Sold Out,19.0,0.0,0.0,28500,30.48,6650,7.11,Autumn,Autumn,2024-04
B00893,P012,Cooked mote (hominy wheat),Grains,Primary,San Vicente Grains & Legumes,2024-04-23,2024-05-13,19,kg,Sold Out,19.0,0.0,0.0,28500,30.48,6650,7.11,Autumn,Autumn,2024-04
B00894,P012,Cooked mote (hominy wheat),Grains,Backup,Molino del Valle,2024-05-02,2024-05-22,16,kg,Sold Out,16.0,0.0,0.0,24000,25.67,5600,5.99,Autumn,Autumn,2024-05
B00895,P012,Cooked mote (hominy wheat),Grains,Primary,San Vicente Grains & Legumes,2024-05-09,2024-05-29,19,kg,Sold Out,19.0,0.0,0.0,28500,30.48,6650,7.11,Autumn,Autumn,2024-05
B00896,P012,Cooked mote (hominy wheat),Grains,Primary,San Vicente Grains & Legumes,2024-05-15,2024-06-04,17,kg,Sold Out,17.0,0.0,0.0,25500,27.27,5950,6.36,Autumn,Autumn,2024-05
B00897,P012,Cooked mote (hominy wheat),Grains,Primary,San Vicente Grains & Legumes,2024-05-21,2024-06-10,15,kg,Partial Loss,11.79,3.21,21.4,17685,18.91,435,0.47,Autumn,Autumn,2024-05
B00898,P012,Cooked mote (hominy wheat),Grains,Primary,San Vicente Grains & Legumes,2024-05-26,2024-06-15,20,kg,Partial Loss,12.98,7.02,35.1,19470,20.82,-3530,-3.78,Autumn,Autumn,2024-05
B00899,P012,Cooked mote (hominy wheat),Grains,Primary,San Vicente Grains & Legumes,2024-06-01,2024-06-21,19,kg,Partial Loss,13.17,5.83,30.7,19755,21.13,-2095,-2.24,Winter,Winter,2024-06
B00900,P012,Cooked mote (hominy wheat),Grains,Primary,San Vicente Grains & Legumes,2024-06-07,2024-06-27,15,kg,Partial Loss,8.38,6.62,44.1,12570,13.44,-4680,-5.01,Winter,Winter,2024-06
B00901,P012,Cooked mote (hominy wheat),Grains,Primary,San Vicente Grains & Legumes,2024-06-15,2024-07-05,17,kg,Sold Out,17.0,0.0,0.0,25500,27.27,5950,6.36,Winter,Winter,2024-06
B00902,P012,Cooked mote (hominy wheat),Grains,Primary,San Vicente Grains & Legumes,2024-06-19,2024-07-09,18,kg,Partial Loss,11.43,6.57,36.5,17145,18.34,-3555,-3.8,Winter,Winter,2024-06
B00903,P012,Cooked mote (hominy wheat),Grains,Primary,San Vicente Grains & Legumes,2024-06-27,2024-07-17,17,kg,Partial Loss,11.58,5.42,31.9,17370,18.58,-2180,-2.33,Winter,Winter,2024-06
B00904,P012,Cooked mote (hominy wheat),Grains,Primary,San Vicente Grains & Legumes,2024-07-04,2024-07-24,16,kg,Sold Out,16.0,0.0,0.0,24000,25.67,5600,5.99,Winter,Winter,2024-07
B00905,P012,Cooked mote (hominy wheat),Grains,Primary,San Vicente Grains & Legumes,2024-07-11,2024-07-31,20,kg,Partial Loss,12.52,7.48,37.4,18780,20.09,-4220,-4.51,Winter,Winter,2024-07
B00906,P012,Cooked mote (hominy wheat),Grains,Primary,San Vicente Grains & Legumes,2024-07-16,2024-08-05,16,kg,Sold Out,16.0,0.0,0.0,24000,25.67,5600,5.99,Winter,Winter,2024-07
B00907,P012,Cooked mote (hominy wheat),Grains,Backup,Molino del Valle,2024-07-22,2024-08-11,19,kg,Sold Out,19.0,0.0,0.0,28500,30.48,6650,7.11,Winter,Winter,2024-07
B00908,P012,Cooked mote (hominy wheat),Grains,Primary,San Vicente Grains & Legumes,2024-07-29,2024-08-18,16,kg,Sold Out,16.0,0.0,0.0,24000,25.67,5600,5.99,Winter,Winter,2024-07
B00909,P012,Cooked mote (hominy wheat),Grains,Primary,San Vicente Grains & Legumes,2024-08-05,2024-08-25,19,kg,Partial Loss,13.76,5.24,27.6,20640,22.07,-1210,-1.29,Winter,Winter,2024-08
B00910,P012,Cooked mote (hominy wheat),Grains,Backup,Molino del Valle,2024-08-12,2024-09-01,20,kg,Partial Loss,14.76,5.24,26.2,22140,23.68,-860,-0.92,Winter,Winter,2024-08
B00911,P012,Cooked mote (hominy wheat),Grains,Primary,San Vicente Grains & Legumes,2024-08-17,2024-09-06,18,kg,Partial Loss,11.29,6.71,37.3,16935,18.11,-3765,-4.03,Winter,Winter,2024-08
B00912,P012,Cooked mote (hominy wheat),Grains,Primary,San Vicente Grains & Legumes,2024-08-25,2024-09-14,16,kg,Partial Loss,13.6,2.4,15.0,20400,21.82,2000,2.14,Winter,Winter,2024-08
B00913,P012,Cooked mote (hominy wheat),Grains,Backup,Molino del Valle,2024-09-01,2024-09-21,20,kg,Partial Loss,16.06,3.94,19.7,24090,25.76,1090,1.17,Spring,Spring,2024-09
B00914,P012,Cooked mote (hominy wheat),Grains,Primary,San Vicente Grains & Legumes,2024-09-07,2024-09-27,22,kg,Partial Loss,16.5,5.5,25.0,24750,26.47,-550,-0.59,Spring,Spring,2024-09
B00915,P012,Cooked mote (hominy wheat),Grains,Primary,San Vicente Grains & Legumes,2024-09-13,2024-10-03,23,kg,Partial Loss,18.72,4.28,18.6,28080,30.03,1630,1.74,Spring,Spring,2024-09
B00916,P012,Cooked mote (hominy wheat),Grains,Primary,San Vicente Grains & Legumes,2024-09-20,2024-10-10,24,kg,Partial Loss,21.41,2.59,10.8,32115,34.35,4515,4.83,Spring,Spring,2024-09
B00917,P012,Cooked mote (hominy wheat),Grains,Primary,San Vicente Grains & Legumes,2024-09-29,2024-10-19,24,kg,Partial Loss,16.1,7.9,32.9,24150,25.83,-3450,-3.69,Spring,Spring,2024-09
B00918,P012,Cooked mote (hominy wheat),Grains,Primary,San Vicente Grains & Legumes,2024-10-07,2024-10-27,52,kg,Partial Loss,49.24,2.76,5.3,73860,78.99,14060,15.04,Spring,Spring,2024-10
B00919,P012,Cooked mote (hominy wheat),Grains,Primary,San Vicente Grains & Legumes,2024-10-13,2024-11-02,52,kg,Sold Out,52.0,0.0,0.0,78000,83.42,18200,19.47,Spring,Spring,2024-10
B00920,P012,Cooked mote (hominy wheat),Grains,Primary,San Vicente Grains & Legumes,2024-10-20,2024-11-09,49,kg,Sold Out,49.0,0.0,0.0,73500,78.61,17150,18.34,Spring,Spring,2024-10
B00921,P012,Cooked mote (hominy wheat),Grains,Primary,San Vicente Grains & Legumes,2024-10-25,2024-11-14,55,kg,Sold Out,55.0,0.0,0.0,82500,88.24,19250,20.59,Spring,Spring,2024-10
B00922,P012,Cooked mote (hominy wheat),Grains,Primary,San Vicente Grains & Legumes,2024-11-02,2024-11-22,47,kg,Sold Out,47.0,0.0,0.0,70500,75.4,16450,17.59,Spring,Spring,2024-11
B00923,P012,Cooked mote (hominy wheat),Grains,Primary,San Vicente Grains & Legumes,2024-11-08,2024-11-28,54,kg,Sold Out,54.0,0.0,0.0,81000,86.63,18900,20.21,Spring,Spring,2024-11
B00924,P012,Cooked mote (hominy wheat),Grains,Primary,San Vicente Grains & Legumes,2024-11-15,2024-12-05,42,kg,Sold Out,42.0,0.0,0.0,63000,67.38,14700,15.72,Spring,Spring,2024-11
B00925,P012,Cooked mote (hominy wheat),Grains,Primary,San Vicente Grains & Legumes,2024-11-22,2024-12-12,50,kg,Sold Out,50.0,0.0,0.0,75000,80.21,17500,18.72,Spring,Spring,2024-11
B00926,P012,Cooked mote (hominy wheat),Grains,Primary,San Vicente Grains & Legumes,2024-11-28,2024-12-18,50,kg,Sold Out,50.0,0.0,0.0,75000,80.21,17500,18.72,Spring,Spring,2024-11
B00927,P012,Cooked mote (hominy wheat),Grains,Primary,San Vicente Grains & Legumes,2024-12-06,2024-12-26,62,kg,Sold Out,62.0,0.0,0.0,93000,99.47,21700,23.21,Summer,Summer,2024-12
B00928,P012,Cooked mote (hominy wheat),Grains,Backup,Molino del Valle,2024-12-13,2025-01-02,69,kg,Sold Out,69.0,0.0,0.0,103500,110.7,24150,25.83,Summer,Summer,2024-12
B00929,P012,Cooked mote (hominy wheat),Grains,Primary,San Vicente Grains & Legumes,2024-12-19,2025-01-08,65,kg,Sold Out,65.0,0.0,0.0,97500,104.28,22750,24.33,Summer,Summer,2024-12
B00930,P012,Cooked mote (hominy wheat),Grains,Primary,San Vicente Grains & Legumes,2024-12-25,2025-01-14,68,kg,Sold Out,68.0,0.0,0.0,102000,109.09,23800,25.45,Summer,Summer,2024-12
B00931,P012,Cooked mote (hominy wheat),Grains,Backup,Molino del Valle,2024-12-31,2025-01-20,57,kg,Partial Loss,33.97,23.03,40.4,50955,54.5,-14595,-15.61,Summer,Summer,2024-12
B00932,P012,Cooked mote (hominy wheat),Grains,Primary,San Vicente Grains & Legumes,2025-01-06,2025-01-26,59,kg,Sold Out,59.0,0.0,0.0,88500,94.65,20650,22.09,Summer,Summer,2025-01
B00933,P012,Cooked mote (hominy wheat),Grains,Primary,San Vicente Grains & Legumes,2025-01-13,2025-02-02,53,kg,Partial Loss,37.79,15.21,28.7,56685,60.63,-4265,-4.56,Summer,Summer,2025-01
B00934,P012,Cooked mote (hominy wheat),Grains,Primary,San Vicente Grains & Legumes,2025-01-22,2025-02-11,50,kg,Partial Loss,32.05,17.95,35.9,48075,51.42,-9425,-10.08,Summer,Summer,2025-01
B00935,P012,Cooked mote (hominy wheat),Grains,Primary,San Vicente Grains & Legumes,2025-01-28,2025-02-17,56,kg,Sold Out,56.0,0.0,0.0,84000,89.84,19600,20.96,Summer,Summer,2025-01
B00936,P012,Cooked mote (hominy wheat),Grains,Primary,San Vicente Grains & Legumes,2025-02-04,2025-02-24,54,kg,Sold Out,54.0,0.0,0.0,81000,86.63,18900,20.21,Summer,Summer,2025-02
B00937,P012,Cooked mote (hominy wheat),Grains,Primary,San Vicente Grains & Legumes,2025-02-10,2025-03-02,56,kg,Sold Out,56.0,0.0,0.0,84000,89.84,19600,20.96,Summer,Summer,2025-02
B00938,P012,Cooked mote (hominy wheat),Grains,Primary,San Vicente Grains & Legumes,2025-02-17,2025-03-09,50,kg,Sold Out,50.0,0.0,0.0,75000,80.21,17500,18.72,Summer,Summer,2025-02
B00939,P012,Cooked mote (hominy wheat),Grains,Primary,San Vicente Grains & Legumes,2025-02-22,2025-03-14,50,kg,Sold Out,50.0,0.0,0.0,75000,80.21,17500,18.72,Summer,Summer,2025-02
B00940,P012,Cooked mote (hominy wheat),Grains,Backup,Molino del Valle,2025-03-02,2025-03-22,51,kg,Sold Out,51.0,0.0,0.0,76500,81.82,17850,19.09,Autumn,Autumn,2025-03
B00941,P012,Cooked mote (hominy wheat),Grains,Primary,San Vicente Grains & Legumes,2025-03-08,2025-03-28,48,kg,Partial Loss,46.18,1.82,3.8,69270,74.09,14070,15.05,Autumn,Autumn,2025-03
B00942,P012,Cooked mote (hominy wheat),Grains,Primary,San Vicente Grains & Legumes,2025-03-14,2025-04-03,49,kg,Partial Loss,31.41,17.59,35.9,47115,50.39,-9235,-9.88,Autumn,Autumn,2025-03
B00943,P012,Cooked mote (hominy wheat),Grains,Primary,San Vicente Grains & Legumes,2025-03-21,2025-04-10,50,kg,Sold Out,50.0,0.0,0.0,75000,80.21,17500,18.72,Autumn,Autumn,2025-03
B00944,P012,Cooked mote (hominy wheat),Grains,Primary,San Vicente Grains & Legumes,2025-03-29,2025-04-18,46,kg,Sold Out,46.0,0.0,0.0,69000,73.8,16100,17.22,Autumn,Autumn,2025-03
B00945,P012,Cooked mote (hominy wheat),Grains,Primary,San Vicente Grains & Legumes,2025-04-04,2025-04-24,20,kg,Sold Out,20.0,0.0,0.0,30000,32.09,7000,7.49,Autumn,Autumn,2025-04
B00946,P012,Cooked mote (hominy wheat),Grains,Primary,San Vicente Grains & Legumes,2025-04-09,2025-04-29,17,kg,Partial Loss,13.62,3.38,19.9,20430,21.85,880,0.94,Autumn,Autumn,2025-04
B00947,P012,Cooked mote (hominy wheat),Grains,Primary,San Vicente Grains & Legumes,2025-04-14,2025-05-04,22,kg,Partial Loss,14.19,7.81,35.5,21285,22.76,-4015,-4.29,Autumn,Autumn,2025-04
B00948,P012,Cooked mote (hominy wheat),Grains,Primary,San Vicente Grains & Legumes,2025-04-21,2025-05-11,18,kg,Sold Out,18.0,0.0,0.0,27000,28.88,6300,6.74,Autumn,Autumn,2025-04
B00949,P012,Cooked mote (hominy wheat),Grains,Primary,San Vicente Grains & Legumes,2025-04-27,2025-05-17,20,kg,Partial Loss,12.64,7.36,36.8,18960,20.28,-4040,-4.32,Autumn,Autumn,2025-04
B00950,P012,Cooked mote (hominy wheat),Grains,Primary,San Vicente Grains & Legumes,2025-05-04,2025-05-24,17,kg,Sold Out,17.0,0.0,0.0,25500,27.27,5950,6.36,Autumn,Autumn,2025-05
B00951,P012,Cooked mote (hominy wheat),Grains,Primary,San Vicente Grains & Legumes,2025-05-09,2025-05-29,21,kg,Sold Out,21.0,0.0,0.0,31500,33.69,7350,7.86,Autumn,Autumn,2025-05
B00952,P012,Cooked mote (hominy wheat),Grains,Primary,San Vicente Grains & Legumes,2025-05-18,2025-06-07,22,kg,Partial Loss,14.52,7.48,34.0,21780,23.29,-3520,-3.76,Autumn,Autumn,2025-05
B00953,P012,Cooked mote (hominy wheat),Grains,Backup,Molino del Valle,2025-05-24,2025-06-13,18,kg,Partial Loss,14.2,3.8,21.1,21300,22.78,600,0.64,Autumn,Autumn,2025-05
B00954,P012,Cooked mote (hominy wheat),Grains,Primary,San Vicente Grains & Legumes,2025-05-31,2025-06-20,19,kg,Partial Loss,15.24,3.76,19.8,22860,24.45,1010,1.08,Autumn,Autumn,2025-05
B00955,P012,Cooked mote (hominy wheat),Grains,Primary,San Vicente Grains & Legumes,2025-06-06,2025-06-26,21,kg,Partial Loss,16.82,4.18,19.9,25230,26.98,1080,1.16,Winter,Winter,2025-06
B00956,P012,Cooked mote (hominy wheat),Grains,Primary,San Vicente Grains & Legumes,2025-06-12,2025-07-02,17,kg,Partial Loss,12.95,4.05,23.8,19425,20.78,-125,-0.13,Winter,Winter,2025-06
B00957,P012,Cooked mote (hominy wheat),Grains,Primary,San Vicente Grains & Legumes,2025-06-17,2025-07-07,21,kg,Partial Loss,12.96,8.04,38.3,19440,20.79,-4710,-5.04,Winter,Winter,2025-06
B00958,P012,Cooked mote (hominy wheat),Grains,Backup,Molino del Valle,2025-06-23,2025-07-13,17,kg,Partial Loss,11.58,5.42,31.9,17370,18.58,-2180,-2.33,Winter,Winter,2025-06
B00959,P012,Cooked mote (hominy wheat),Grains,Primary,San Vicente Grains & Legumes,2025-06-30,2025-07-20,18,kg,Sold Out,18.0,0.0,0.0,27000,28.88,6300,6.74,Winter,Winter,2025-06
B00960,P013,Dry mote (raw),Grains,Primary,San Vicente Grains & Legumes,2023-07-06,2023-07-26,18,kg,Partial Loss,12.08,5.92,32.9,18120,19.38,-780,-0.83,Winter,Winter,2023-07
B00961,P013,Dry mote (raw),Grains,Backup,Molino del Valle,2023-07-12,2023-08-01,16,kg,Partial Loss,12.74,3.26,20.4,19110,20.44,-90,-0.1,Winter,Winter,2023-07
B00962,P013,Dry mote (raw),Grains,Backup,Molino del Valle,2023-07-18,2023-08-07,21,kg,Partial Loss,16.3,4.7,22.4,24450,26.15,-750,-0.8,Winter,Winter,2023-07
B00963,P013,Dry mote (raw),Grains,Primary,San Vicente Grains & Legumes,2023-07-25,2023-08-14,18,kg,Partial Loss,13.86,4.14,23.0,20790,22.24,1890,2.02,Winter,Winter,2023-07
B00964,P013,Dry mote (raw),Grains,Primary,San Vicente Grains & Legumes,2023-08-01,2023-08-21,17,kg,Sold Out,17.0,0.0,0.0,25500,27.27,7650,8.18,Winter,Winter,2023-08
B00965,P013,Dry mote (raw),Grains,Primary,San Vicente Grains & Legumes,2023-08-06,2023-08-26,19,kg,Sold Out,19.0,0.0,0.0,28500,30.48,8550,9.14,Winter,Winter,2023-08
B00966,P013,Dry mote (raw),Grains,Primary,San Vicente Grains & Legumes,2023-08-13,2023-09-02,20,kg,Sold Out,20.0,0.0,0.0,30000,32.09,9000,9.63,Winter,Winter,2023-08
B00967,P013,Dry mote (raw),Grains,Primary,San Vicente Grains & Legumes,2023-08-20,2023-09-09,20,kg,Partial Loss,12.0,8.0,40.0,18000,19.25,-3000,-3.21,Winter,Winter,2023-08
B00968,P013,Dry mote (raw),Grains,Primary,San Vicente Grains & Legumes,2023-08-25,2023-09-14,19,kg,Sold Out,19.0,0.0,0.0,28500,30.48,8550,9.14,Winter,Winter,2023-08
B00969,P013,Dry mote (raw),Grains,Primary,San Vicente Grains & Legumes,2023-09-03,2023-09-23,21,kg,Partial Loss,20.22,0.78,3.7,30330,32.44,8280,8.86,Spring,Spring,2023-09
B00970,P013,Dry mote (raw),Grains,Backup,Molino del Valle,2023-09-11,2023-10-01,23,kg,Partial Loss,22.1,0.9,3.9,33150,35.45,5550,5.94,Spring,Spring,2023-09
B00971,P013,Dry mote (raw),Grains,Primary,San Vicente Grains & Legumes,2023-09-16,2023-10-06,24,kg,Partial Loss,19.27,4.73,19.7,28905,30.91,3705,3.96,Spring,Spring,2023-09
B00972,P013,Dry mote (raw),Grains,Primary,San Vicente Grains & Legumes,2023-09-22,2023-10-12,20,kg,Partial Loss,15.94,4.06,20.3,23910,25.57,2910,3.11,Spring,Spring,2023-09
B00973,P013,Dry mote (raw),Grains,Primary,San Vicente Grains & Legumes,2023-09-27,2023-10-17,21,kg,Partial Loss,15.69,5.31,25.3,23535,25.17,1485,1.59,Spring,Spring,2023-09
B00974,P013,Dry mote (raw),Grains,Primary,San Vicente Grains & Legumes,2023-10-03,2023-10-23,50,kg,Sold Out,50.0,0.0,0.0,75000,80.21,22500,24.06,Spring,Spring,2023-10
B00975,P013,Dry mote (raw),Grains,Primary,San Vicente Grains & Legumes,2023-10-10,2023-10-30,44,kg,Sold Out,44.0,0.0,0.0,66000,70.59,19800,21.18,Spring,Spring,2023-10
B00976,P013,Dry mote (raw),Grains,Primary,San Vicente Grains & Legumes,2023-10-17,2023-11-06,42,kg,Sold Out,42.0,0.0,0.0,63000,67.38,18900,20.21,Spring,Spring,2023-10
B00977,P013,Dry mote (raw),Grains,Primary,San Vicente Grains & Legumes,2023-10-23,2023-11-12,53,kg,Sold Out,53.0,0.0,0.0,79500,85.03,23850,25.51,Spring,Spring,2023-10
B00978,P013,Dry mote (raw),Grains,Primary,San Vicente Grains & Legumes,2023-10-29,2023-11-18,50,kg,Partial Loss,39.0,11.0,22.0,58500,62.57,6000,6.42,Spring,Spring,2023-10
B00979,P013,Dry mote (raw),Grains,Primary,San Vicente Grains & Legumes,2023-11-04,2023-11-24,42,kg,Sold Out,42.0,0.0,0.0,63000,67.38,18900,20.21,Spring,Spring,2023-11
B00980,P013,Dry mote (raw),Grains,Primary,San Vicente Grains & Legumes,2023-11-11,2023-12-01,41,kg,Partial Loss,36.7,4.3,10.5,55050,58.88,12000,12.83,Spring,Spring,2023-11
B00981,P013,Dry mote (raw),Grains,Primary,San Vicente Grains & Legumes,2023-11-20,2023-12-10,47,kg,Sold Out,47.0,0.0,0.0,70500,75.4,21150,22.62,Spring,Spring,2023-11
B00982,P013,Dry mote (raw),Grains,Primary,San Vicente Grains & Legumes,2023-11-27,2023-12-17,47,kg,Sold Out,47.0,0.0,0.0,70500,75.4,21150,22.62,Spring,Spring,2023-11
B00983,P013,Dry mote (raw),Grains,Primary,San Vicente Grains & Legumes,2023-12-04,2023-12-24,57,kg,Sold Out,57.0,0.0,0.0,85500,91.44,25650,27.43,Summer,Summer,2023-12
B00984,P013,Dry mote (raw),Grains,Primary,San Vicente Grains & Legumes,2023-12-09,2023-12-29,61,kg,Sold Out,61.0,0.0,0.0,91500,97.86,27450,29.36,Summer,Summer,2023-12
B00985,P013,Dry mote (raw),Grains,Primary,San Vicente Grains & Legumes,2023-12-16,2024-01-05,55,kg,Partial Loss,43.45,11.55,21.0,65175,69.71,7425,7.94,Summer,Summer,2023-12
B00986,P013,Dry mote (raw),Grains,Primary,San Vicente Grains & Legumes,2023-12-22,2024-01-11,67,kg,Sold Out,67.0,0.0,0.0,100500,107.49,30150,32.25,Summer,Summer,2023-12
B00987,P013,Dry mote (raw),Grains,Primary,San Vicente Grains & Legumes,2023-12-29,2024-01-18,54,kg,Sold Out,54.0,0.0,0.0,81000,86.63,24300,25.99,Summer,Summer,2023-12
B00988,P013,Dry mote (raw),Grains,Primary,San Vicente Grains & Legumes,2024-01-05,2024-01-25,52,kg,Sold Out,52.0,0.0,0.0,78000,83.42,23400,25.03,Summer,Summer,2024-01
B00989,P013,Dry mote (raw),Grains,Backup,Molino del Valle,2024-01-11,2024-01-31,55,kg,Sold Out,55.0,0.0,0.0,82500,88.24,16500,17.65,Summer,Summer,2024-01
B00990,P013,Dry mote (raw),Grains,Primary,San Vicente Grains & Legumes,2024-01-18,2024-02-07,46,kg,Sold Out,46.0,0.0,0.0,69000,73.8,20700,22.14,Summer,Summer,2024-01
B00991,P013,Dry mote (raw),Grains,Primary,San Vicente Grains & Legumes,2024-01-22,2024-02-11,43,kg,Sold Out,43.0,0.0,0.0,64500,68.98,19350,20.7,Summer,Summer,2024-01
B00992,P013,Dry mote (raw),Grains,Primary,San Vicente Grains & Legumes,2024-01-28,2024-02-17,52,kg,Sold Out,52.0,0.0,0.0,78000,83.42,23400,25.03,Summer,Summer,2024-01
B00993,P013,Dry mote (raw),Grains,Primary,San Vicente Grains & Legumes,2024-02-05,2024-02-25,54,kg,Sold Out,54.0,0.0,0.0,81000,86.63,24300,25.99,Summer,Summer,2024-02
B00994,P013,Dry mote (raw),Grains,Primary,San Vicente Grains & Legumes,2024-02-10,2024-03-01,54,kg,Partial Loss,35.8,18.2,33.7,53700,57.43,-3000,-3.21,Summer,Summer,2024-02
B00995,P013,Dry mote (raw),Grains,Primary,San Vicente Grains & Legumes,2024-02-18,2024-03-09,47,kg,Sold Out,47.0,0.0,0.0,70500,75.4,21150,22.62,Summer,Summer,2024-02
B00996,P013,Dry mote (raw),Grains,Primary,San Vicente Grains & Legumes,2024-02-25,2024-03-16,44,kg,Partial Loss,26.62,17.38,39.5,39930,42.71,-6270,-6.71,Summer,Summer,2024-02
B00997,P013,Dry mote (raw),Grains,Primary,San Vicente Grains & Legumes,2024-03-04,2024-03-24,42,kg,Sold Out,42.0,0.0,0.0,63000,67.38,18900,20.21,Autumn,Autumn,2024-03
B00998,P013,Dry mote (raw),Grains,Backup,Molino del Valle,2024-03-09,2024-03-29,53,kg,Sold Out,53.0,0.0,0.0,79500,85.03,15900,17.01,Autumn,Autumn,2024-03
B00999,P013,Dry mote (raw),Grains,Primary,San Vicente Grains & Legumes,2024-03-15,2024-04-04,48,kg,Sold Out,48.0,0.0,0.0,72000,77.01,21600,23.1,Autumn,Autumn,2024-03
B01000,P013,Dry mote (raw),Grains,Primary,San Vicente Grains & Legumes,2024-03-22,2024-04-11,44,kg,Partial Loss,30.58,13.42,30.5,45870,49.06,-330,-0.35,Autumn,Autumn,2024-03
B01001,P013,Dry mote (raw),Grains,Primary,San Vicente Grains & Legumes,2024-03-29,2024-04-18,52,kg,Sold Out,52.0,0.0,0.0,78000,83.42,23400,25.03,Autumn,Autumn,2024-03
B01002,P013,Dry mote (raw),Grains,Primary,San Vicente Grains & Legumes,2024-04-05,2024-04-25,17,kg,Partial Loss,11.19,5.81,34.2,16785,17.95,-1065,-1.14,Autumn,Autumn,2024-04
B01003,P013,Dry mote (raw),Grains,Backup,Molino del Valle,2024-04-13,2024-05-03,20,kg,Partial Loss,15.12,4.88,24.4,22680,24.26,-1320,-1.41,Autumn,Autumn,2024-04
B01004,P013,Dry mote (raw),Grains,Primary,San Vicente Grains & Legumes,2024-04-19,2024-05-09,17,kg,Sold Out,17.0,0.0,0.0,25500,27.27,7650,8.18,Autumn,Autumn,2024-04
B01005,P013,Dry mote (raw),Grains,Primary,San Vicente Grains & Legumes,2024-04-26,2024-05-16,19,kg,Sold Out,19.0,0.0,0.0,28500,30.48,8550,9.14,Autumn,Autumn,2024-04
B01006,P013,Dry mote (raw),Grains,Primary,San Vicente Grains & Legumes,2024-05-03,2024-05-23,16,kg,Partial Loss,11.7,4.3,26.9,17550,18.77,750,0.8,Autumn,Autumn,2024-05
B01007,P013,Dry mote (raw),Grains,Primary,San Vicente Grains & Legumes,2024-05-11,2024-05-31,21,kg,Sold Out,21.0,0.0,0.0,31500,33.69,9450,10.11,Autumn,Autumn,2024-05
B01008,P013,Dry mote (raw),Grains,Primary,San Vicente Grains & Legumes,2024-05-18,2024-06-07,16,kg,Sold Out,16.0,0.0,0.0,24000,25.67,7200,7.7,Autumn,Autumn,2024-05
B01009,P013,Dry mote (raw),Grains,Backup,Molino del Valle,2024-05-24,2024-06-13,18,kg,Sold Out,18.0,0.0,0.0,27000,28.88,5400,5.78,Autumn,Autumn,2024-05
B01010,P013,Dry mote (raw),Grains,Primary,San Vicente Grains & Legumes,2024-05-30,2024-06-19,20,kg,Partial Loss,13.3,6.7,33.5,19950,21.34,-1050,-1.12,Autumn,Autumn,2024-05
B01011,P013,Dry mote (raw),Grains,Backup,Molino del Valle,2024-06-05,2024-06-25,19,kg,Partial Loss,11.82,7.18,37.8,17730,18.96,-5070,-5.42,Winter,Winter,2024-06
B01012,P013,Dry mote (raw),Grains,Backup,Molino del Valle,2024-06-11,2024-07-01,17,kg,Sold Out,17.0,0.0,0.0,25500,27.27,5100,5.45,Winter,Winter,2024-06
B01013,P013,Dry mote (raw),Grains,Primary,San Vicente Grains & Legumes,2024-06-16,2024-07-06,16,kg,Partial Loss,12.05,3.95,24.7,18075,19.33,1275,1.36,Winter,Winter,2024-06
B01014,P013,Dry mote (raw),Grains,Backup,Molino del Valle,2024-06-22,2024-07-12,19,kg,Sold Out,19.0,0.0,0.0,28500,30.48,5700,6.1,Winter,Winter,2024-06
B01015,P013,Dry mote (raw),Grains,Backup,Molino del Valle,2024-06-27,2024-07-17,16,kg,Sold Out,16.0,0.0,0.0,24000,25.67,4800,5.13,Winter,Winter,2024-06
B01016,P013,Dry mote (raw),Grains,Primary,San Vicente Grains & Legumes,2024-07-03,2024-07-23,19,kg,Partial Loss,11.3,7.7,40.5,16950,18.13,-3000,-3.21,Winter,Winter,2024-07
B01017,P013,Dry mote (raw),Grains,Primary,San Vicente Grains & Legumes,2024-07-10,2024-07-30,15,kg,Partial Loss,10.81,4.19,27.9,16215,17.34,465,0.5,Winter,Winter,2024-07
B01018,P013,Dry mote (raw),Grains,Primary,San Vicente Grains & Legumes,2024-07-18,2024-08-07,18,kg,Sold Out,18.0,0.0,0.0,27000,28.88,8100,8.66,Winter,Winter,2024-07
B01019,P013,Dry mote (raw),Grains,Primary,San Vicente Grains & Legumes,2024-07-23,2024-08-12,17,kg,Partial Loss,13.72,3.28,19.3,20580,22.01,2730,2.92,Winter,Winter,2024-07
B01020,P013,Dry mote (raw),Grains,Primary,San Vicente Grains & Legumes,2024-07-30,2024-08-19,20,kg,Partial Loss,12.66,7.34,36.7,18990,20.31,-2010,-2.15,Winter,Winter,2024-07
B01021,P013,Dry mote (raw),Grains,Primary,San Vicente Grains & Legumes,2024-08-04,2024-08-24,16,kg,Partial Loss,13.89,2.11,13.2,20835,22.28,4035,4.32,Winter,Winter,2024-08
B01022,P013,Dry mote (raw),Grains,Primary,San Vicente Grains & Legumes,2024-08-11,2024-08-31,16,kg,Sold Out,16.0,0.0,0.0,24000,25.67,7200,7.7,Winter,Winter,2024-08
B01023,P013,Dry mote (raw),Grains,Primary,San Vicente Grains & Legumes,2024-08-17,2024-09-06,16,kg,Partial Loss,11.01,4.99,31.2,16515,17.66,-285,-0.3,Winter,Winter,2024-08
B01024,P013,Dry mote (raw),Grains,Primary,San Vicente Grains & Legumes,2024-08-24,2024-09-13,17,kg,Sold Out,17.0,0.0,0.0,25500,27.27,7650,8.18,Winter,Winter,2024-08
B01025,P013,Dry mote (raw),Grains,Primary,San Vicente Grains & Legumes,2024-08-29,2024-09-18,19,kg,Partial Loss,10.41,8.59,45.2,15615,16.7,-4335,-4.64,Winter,Winter,2024-08
B01026,P013,Dry mote (raw),Grains,Primary,San Vicente Grains & Legumes,2024-09-05,2024-09-25,24,kg,Partial Loss,18.6,5.4,22.5,27900,29.84,2700,2.89,Spring,Spring,2024-09
B01027,P013,Dry mote (raw),Grains,Primary,San Vicente Grains & Legumes,2024-09-10,2024-09-30,25,kg,Sold Out,25.0,0.0,0.0,37500,40.11,11250,12.03,Spring,Spring,2024-09
B01028,P013,Dry mote (raw),Grains,Backup,Molino del Valle,2024-09-16,2024-10-06,26,kg,Partial Loss,18.54,7.46,28.7,27810,29.74,-3390,-3.63,Spring,Spring,2024-09
B01029,P013,Dry mote (raw),Grains,Primary,San Vicente Grains & Legumes,2024-09-22,2024-10-12,26,kg,Sold Out,26.0,0.0,0.0,39000,41.71,11700,12.51,Spring,Spring,2024-09
B01030,P013,Dry mote (raw),Grains,Primary,San Vicente Grains & Legumes,2024-09-30,2024-10-20,20,kg,Partial Loss,12.46,7.54,37.7,18690,19.99,-2310,-2.47,Spring,Spring,2024-09
B01031,P013,Dry mote (raw),Grains,Primary,San Vicente Grains & Legumes,2024-10-07,2024-10-27,49,kg,Sold Out,49.0,0.0,0.0,73500,78.61,22050,23.58,Spring,Spring,2024-10
B01032,P013,Dry mote (raw),Grains,Primary,San Vicente Grains & Legumes,2024-10-14,2024-11-03,42,kg,Sold Out,42.0,0.0,0.0,63000,67.38,18900,20.21,Spring,Spring,2024-10
B01033,P013,Dry mote (raw),Grains,Primary,San Vicente Grains & Legumes,2024-10-22,2024-11-11,41,kg,Sold Out,41.0,0.0,0.0,61500,65.78,18450,19.73,Spring,Spring,2024-10
B01034,P013,Dry mote (raw),Grains,Primary,San Vicente Grains & Legumes,2024-10-28,2024-11-17,54,kg,Sold Out,54.0,0.0,0.0,81000,86.63,24300,25.99,Spring,Spring,2024-10
B01035,P013,Dry mote (raw),Grains,Primary,San Vicente Grains & Legumes,2024-11-03,2024-11-23,54,kg,Partial Loss,43.58,10.42,19.3,65370,69.91,8670,9.27,Spring,Spring,2024-11
B01036,P013,Dry mote (raw),Grains,Primary,San Vicente Grains & Legumes,2024-11-09,2024-11-29,52,kg,Sold Out,52.0,0.0,0.0,78000,83.42,23400,25.03,Spring,Spring,2024-11
B01037,P013,Dry mote (raw),Grains,Backup,Molino del Valle,2024-11-15,2024-12-05,48,kg,Sold Out,48.0,0.0,0.0,72000,77.01,14400,15.4,Spring,Spring,2024-11
B01038,P013,Dry mote (raw),Grains,Backup,Molino del Valle,2024-11-21,2024-12-11,52,kg,Partial Loss,42.74,9.26,17.8,64110,68.57,1710,1.83,Spring,Spring,2024-11
B01039,P013,Dry mote (raw),Grains,Primary,San Vicente Grains & Legumes,2024-11-27,2024-12-17,44,kg,Sold Out,44.0,0.0,0.0,66000,70.59,19800,21.18,Spring,Spring,2024-11
B01040,P013,Dry mote (raw),Grains,Primary,San Vicente Grains & Legumes,2024-12-03,2024-12-23,61,kg,Sold Out,61.0,0.0,0.0,91500,97.86,27450,29.36,Summer,Summer,2024-12
B01041,P013,Dry mote (raw),Grains,Primary,San Vicente Grains & Legumes,2024-12-10,2024-12-30,66,kg,Partial Loss,49.5,16.5,25.0,74250,79.41,4950,5.29,Summer,Summer,2024-12
B01042,P013,Dry mote (raw),Grains,Primary,San Vicente Grains & Legumes,2024-12-16,2025-01-05,68,kg,Partial Loss,39.64,28.36,41.7,59460,63.59,-11940,-12.77,Summer,Summer,2024-12
B01043,P013,Dry mote (raw),Grains,Primary,San Vicente Grains & Legumes,2024-12-21,2025-01-10,60,kg,Sold Out,60.0,0.0,0.0,90000,96.26,27000,28.88,Summer,Summer,2024-12
B01044,P013,Dry mote (raw),Grains,Primary,San Vicente Grains & Legumes,2024-12-27,2025-01-16,66,kg,Sold Out,66.0,0.0,0.0,99000,105.88,29700,31.76,Summer,Summer,2024-12
B01045,P013,Dry mote (raw),Grains,Backup,Molino del Valle,2025-01-03,2025-01-23,51,kg,Sold Out,51.0,0.0,0.0,76500,81.82,15300,16.36,Summer,Summer,2025-01
B01046,P013,Dry mote (raw),Grains,Primary,San Vicente Grains & Legumes,2025-01-10,2025-01-30,51,kg,Sold Out,51.0,0.0,0.0,76500,81.82,22950,24.55,Summer,Summer,2025-01
B01047,P013,Dry mote (raw),Grains,Primary,San Vicente Grains & Legumes,2025-01-17,2025-02-06,44,kg,Partial Loss,34.8,9.2,20.9,52200,55.83,6000,6.42,Summer,Summer,2025-01
B01048,P013,Dry mote (raw),Grains,Primary,San Vicente Grains & Legumes,2025-01-22,2025-02-11,50,kg,Sold Out,50.0,0.0,0.0,75000,80.21,22500,24.06,Summer,Summer,2025-01
B01049,P013,Dry mote (raw),Grains,Primary,San Vicente Grains & Legumes,2025-01-29,2025-02-18,48,kg,Partial Loss,32.4,15.6,32.5,48600,51.98,-1800,-1.93,Summer,Summer,2025-01
B01050,P013,Dry mote (raw),Grains,Primary,San Vicente Grains & Legumes,2025-02-04,2025-02-24,52,kg,Sold Out,52.0,0.0,0.0,78000,83.42,23400,25.03,Summer,Summer,2025-02
B01051,P013,Dry mote (raw),Grains,Primary,San Vicente Grains & Legumes,2025-02-12,2025-03-04,46,kg,Sold Out,46.0,0.0,0.0,69000,73.8,20700,22.14,Summer,Summer,2025-02
B01052,P013,Dry mote (raw),Grains,Primary,San Vicente Grains & Legumes,2025-02-18,2025-03-10,53,kg,Partial Loss,39.64,13.36,25.2,59460,63.59,3810,4.07,Summer,Summer,2025-02
B01053,P013,Dry mote (raw),Grains,Primary,San Vicente Grains & Legumes,2025-02-23,2025-03-15,47,kg,Sold Out,47.0,0.0,0.0,70500,75.4,21150,22.62,Summer,Summer,2025-02
B01054,P013,Dry mote (raw),Grains,Backup,Molino del Valle,2025-03-02,2025-03-22,54,kg,Sold Out,54.0,0.0,0.0,81000,86.63,16200,17.33,Autumn,Autumn,2025-03
B01055,P013,Dry mote (raw),Grains,Backup,Molino del Valle,2025-03-08,2025-03-28,56,kg,Sold Out,56.0,0.0,0.0,84000,89.84,16800,17.97,Autumn,Autumn,2025-03
B01056,P013,Dry mote (raw),Grains,Primary,San Vicente Grains & Legumes,2025-03-15,2025-04-04,54,kg,Sold Out,54.0,0.0,0.0,81000,86.63,24300,25.99,Autumn,Autumn,2025-03
B01057,P013,Dry mote (raw),Grains,Primary,San Vicente Grains & Legumes,2025-03-22,2025-04-11,58,kg,Partial Loss,41.47,16.53,28.5,62205,66.53,1305,1.4,Autumn,Autumn,2025-03
B01058,P013,Dry mote (raw),Grains,Primary,San Vicente Grains & Legumes,2025-03-30,2025-04-19,49,kg,Sold Out,49.0,0.0,0.0,73500,78.61,22050,23.58,Autumn,Autumn,2025-03
B01059,P013,Dry mote (raw),Grains,Primary,San Vicente Grains & Legumes,2025-04-06,2025-04-26,18,kg,Sold Out,18.0,0.0,0.0,27000,28.88,8100,8.66,Autumn,Autumn,2025-04
B01060,P013,Dry mote (raw),Grains,Primary,San Vicente Grains & Legumes,2025-04-14,2025-05-04,18,kg,Sold Out,18.0,0.0,0.0,27000,28.88,8100,8.66,Autumn,Autumn,2025-04
B01061,P013,Dry mote (raw),Grains,Primary,San Vicente Grains & Legumes,2025-04-21,2025-05-11,19,kg,Sold Out,19.0,0.0,0.0,28500,30.48,8550,9.14,Autumn,Autumn,2025-04
B01062,P013,Dry mote (raw),Grains,Primary,San Vicente Grains & Legumes,2025-04-28,2025-05-18,19,kg,Partial Loss,12.29,6.71,35.3,18435,19.72,-1515,-1.62,Autumn,Autumn,2025-04
B01063,P013,Dry mote (raw),Grains,Primary,San Vicente Grains & Legumes,2025-05-06,2025-05-26,21,kg,Sold Out,21.0,0.0,0.0,31500,33.69,9450,10.11,Autumn,Autumn,2025-05
B01064,P013,Dry mote (raw),Grains,Primary,San Vicente Grains & Legumes,2025-05-13,2025-06-02,17,kg,Sold Out,17.0,0.0,0.0,25500,27.27,7650,8.18,Autumn,Autumn,2025-05
B01065,P013,Dry mote (raw),Grains,Primary,San Vicente Grains & Legumes,2025-05-19,2025-06-08,22,kg,Partial Loss,19.51,2.49,11.3,29265,31.3,6165,6.59,Autumn,Autumn,2025-05
B01066,P013,Dry mote (raw),Grains,Primary,San Vicente Grains & Legumes,2025-05-25,2025-06-14,22,kg,Partial Loss,11.4,10.6,48.2,17100,18.29,-6000,-6.42,Autumn,Autumn,2025-05
B01067,P013,Dry mote (raw),Grains,Backup,Molino del Valle,2025-05-31,2025-06-20,21,kg,Sold Out,21.0,0.0,0.0,31500,33.69,6300,6.74,Autumn,Autumn,2025-05
B01068,P013,Dry mote (raw),Grains,Backup,Molino del Valle,2025-06-07,2025-06-27,20,kg,Sold Out,20.0,0.0,0.0,30000,32.09,6000,6.42,Winter,Winter,2025-06
B01069,P013,Dry mote (raw),Grains,Primary,San Vicente Grains & Legumes,2025-06-13,2025-07-03,19,kg,Partial Loss,13.72,5.28,27.8,20580,22.01,630,0.67,Winter,Winter,2025-06
B01070,P013,Dry mote (raw),Grains,Primary,San Vicente Grains & Legumes,2025-06-18,2025-07-08,22,kg,Sold Out,22.0,0.0,0.0,33000,35.29,9900,10.59,Winter,Winter,2025-06
B01071,P013,Dry mote (raw),Grains,Primary,San Vicente Grains & Legumes,2025-06-24,2025-07-14,19,kg,Partial Loss,15.28,3.72,19.6,22920,24.51,2970,3.18,Winter,Winter,2025-06
B01072,P014,Premium pearled mote,Grains,Primary,San Vicente Grains & Legumes,2023-07-02,2023-07-22,18,kg,Partial Loss,12.91,5.09,28.3,19365,20.71,-1335,-1.43,Winter,Winter,2023-07
B01073,P014,Premium pearled mote,Grains,Primary,San Vicente Grains & Legumes,2023-07-09,2023-07-29,20,kg,Sold Out,20.0,0.0,0.0,30000,32.09,7000,7.49,Winter,Winter,2023-07
B01074,P014,Premium pearled mote,Grains,Primary,San Vicente Grains & Legumes,2023-07-17,2023-08-06,18,kg,Partial Loss,15.98,2.02,11.2,23970,25.64,3270,3.5,Winter,Winter,2023-07
B01075,P014,Premium pearled mote,Grains,Primary,San Vicente Grains & Legumes,2023-07-23,2023-08-12,17,kg,Partial Loss,12.77,4.23,24.9,19155,20.49,-395,-0.42,Winter,Winter,2023-07
B01076,P014,Premium pearled mote,Grains,Primary,San Vicente Grains & Legumes,2023-07-29,2023-08-18,19,kg,Sold Out,19.0,0.0,0.0,28500,30.48,6650,7.11,Winter,Winter,2023-07
B01077,P014,Premium pearled mote,Grains,Primary,San Vicente Grains & Legumes,2023-08-04,2023-08-24,16,kg,Sold Out,16.0,0.0,0.0,24000,25.67,5600,5.99,Winter,Winter,2023-08
B01078,P014,Premium pearled mote,Grains,Primary,San Vicente Grains & Legumes,2023-08-10,2023-08-30,16,kg,Partial Loss,8.37,7.63,47.7,12555,13.43,-5845,-6.25,Winter,Winter,2023-08
B01079,P014,Premium pearled mote,Grains,Primary,San Vicente Grains & Legumes,2023-08-16,2023-09-05,16,kg,Partial Loss,11.94,4.06,25.4,17910,19.16,-490,-0.52,Winter,Winter,2023-08
B01080,P014,Premium pearled mote,Grains,Primary,San Vicente Grains & Legumes,2023-08-23,2023-09-12,18,kg,Sold Out,18.0,0.0,0.0,27000,28.88,6300,6.74,Winter,Winter,2023-08
B01081,P014,Premium pearled mote,Grains,Primary,San Vicente Grains & Legumes,2023-08-29,2023-09-18,19,kg,Sold Out,19.0,0.0,0.0,28500,30.48,6650,7.11,Winter,Winter,2023-08
B01082,P014,Premium pearled mote,Grains,Primary,San Vicente Grains & Legumes,2023-09-04,2023-09-24,20,kg,Partial Loss,18.48,1.52,7.6,27720,29.65,4720,5.05,Spring,Spring,2023-09
B01083,P014,Premium pearled mote,Grains,Primary,San Vicente Grains & Legumes,2023-09-11,2023-10-01,23,kg,Partial Loss,16.56,6.44,28.0,24840,26.57,-1610,-1.72,Spring,Spring,2023-09
B01084,P014,Premium pearled mote,Grains,Backup,Molino del Valle,2023-09-18,2023-10-08,24,kg,Sold Out,24.0,0.0,0.0,36000,38.5,9600,10.27,Spring,Spring,2023-09
B01085,P014,Premium pearled mote,Grains,Primary,San Vicente Grains & Legumes,2023-09-24,2023-10-14,23,kg,Sold Out,23.0,0.0,0.0,34500,36.9,8050,8.61,Spring,Spring,2023-09
B01086,P014,Premium pearled mote,Grains,Primary,San Vicente Grains & Legumes,2023-09-30,2023-10-20,19,kg,Partial Loss,15.41,3.59,18.9,23115,24.72,1265,1.35,Spring,Spring,2023-09
B01087,P014,Premium pearled mote,Grains,Primary,San Vicente Grains & Legumes,2023-10-07,2023-10-27,47,kg,Sold Out,47.0,0.0,0.0,70500,75.4,16450,17.59,Spring,Spring,2023-10
B01088,P014,Premium pearled mote,Grains,Primary,San Vicente Grains & Legumes,2023-10-13,2023-11-02,51,kg,Sold Out,51.0,0.0,0.0,76500,81.82,17850,19.09,Spring,Spring,2023-10
B01089,P014,Premium pearled mote,Grains,Primary,San Vicente Grains & Legumes,2023-10-21,2023-11-10,55,kg,Partial Loss,42.35,12.65,23.0,63525,67.94,275,0.29,Spring,Spring,2023-10
B01090,P014,Premium pearled mote,Grains,Primary,San Vicente Grains & Legumes,2023-10-26,2023-11-15,45,kg,Sold Out,45.0,0.0,0.0,67500,72.19,15750,16.84,Spring,Spring,2023-10
B01091,P014,Premium pearled mote,Grains,Primary,San Vicente Grains & Legumes,2023-10-31,2023-11-20,44,kg,Sold Out,44.0,0.0,0.0,66000,70.59,15400,16.47,Spring,Spring,2023-10
B01092,P014,Premium pearled mote,Grains,Primary,San Vicente Grains & Legumes,2023-11-06,2023-11-26,55,kg,Sold Out,55.0,0.0,0.0,82500,88.24,19250,20.59,Spring,Spring,2023-11
B01093,P014,Premium pearled mote,Grains,Primary,San Vicente Grains & Legumes,2023-11-12,2023-12-02,48,kg,Partial Loss,39.79,8.21,17.1,59685,63.83,4485,4.8,Spring,Spring,2023-11
B01094,P014,Premium pearled mote,Grains,Primary,San Vicente Grains & Legumes,2023-11-17,2023-12-07,53,kg,Sold Out,53.0,0.0,0.0,79500,85.03,18550,19.84,Spring,Spring,2023-11
B01095,P014,Premium pearled mote,Grains,Primary,San Vicente Grains & Legumes,2023-11-24,2023-12-14,51,kg,Sold Out,51.0,0.0,0.0,76500,81.82,17850,19.09,Spring,Spring,2023-11
B01096,P014,Premium pearled mote,Grains,Primary,San Vicente Grains & Legumes,2023-11-30,2023-12-20,51,kg,Sold Out,51.0,0.0,0.0,76500,81.82,17850,19.09,Spring,Spring,2023-11
B01097,P014,Premium pearled mote,Grains,Primary,San Vicente Grains & Legumes,2023-12-08,2023-12-28,64,kg,Sold Out,64.0,0.0,0.0,96000,102.67,22400,23.96,Summer,Summer,2023-12
B01098,P014,Premium pearled mote,Grains,Primary,San Vicente Grains & Legumes,2023-12-15,2024-01-04,64,kg,Sold Out,64.0,0.0,0.0,96000,102.67,22400,23.96,Summer,Summer,2023-12
B01099,P014,Premium pearled mote,Grains,Primary,San Vicente Grains & Legumes,2023-12-20,2024-01-09,60,kg,Sold Out,60.0,0.0,0.0,90000,96.26,21000,22.46,Summer,Summer,2023-12
B01100,P014,Premium pearled mote,Grains,Primary,San Vicente Grains & Legumes,2023-12-25,2024-01-14,68,kg,Sold Out,68.0,0.0,0.0,102000,109.09,23800,25.45,Summer,Summer,2023-12
B01101,P014,Premium pearled mote,Grains,Primary,San Vicente Grains & Legumes,2024-01-01,2024-01-21,54,kg,Sold Out,54.0,0.0,0.0,81000,86.63,18900,20.21,Summer,Summer,2024-01
B01102,P014,Premium pearled mote,Grains,Primary,San Vicente Grains & Legumes,2024-01-08,2024-01-28,44,kg,Partial Loss,32.69,11.31,25.7,49035,52.44,-1565,-1.67,Summer,Summer,2024-01
B01103,P014,Premium pearled mote,Grains,Primary,San Vicente Grains & Legumes,2024-01-14,2024-02-03,45,kg,Partial Loss,29.66,15.35,34.1,44490,47.58,-7260,-7.76,Summer,Summer,2024-01
B01104,P014,Premium pearled mote,Grains,Primary,San Vicente Grains & Legumes,2024-01-20,2024-02-09,43,kg,Sold Out,43.0,0.0,0.0,64500,68.98,15050,16.1,Summer,Summer,2024-01
B01105,P014,Premium pearled mote,Grains,Primary,San Vicente Grains & Legumes,2024-01-26,2024-02-15,50,kg,Sold Out,50.0,0.0,0.0,75000,80.21,17500,18.72,Summer,Summer,2024-01
B01106,P014,Premium pearled mote,Grains,Primary,San Vicente Grains & Legumes,2024-02-01,2024-02-21,43,kg,Sold Out,43.0,0.0,0.0,64500,68.98,15050,16.1,Summer,Summer,2024-02
B01107,P014,Premium pearled mote,Grains,Primary,San Vicente Grains & Legumes,2024-02-09,2024-02-29,48,kg,Sold Out,48.0,0.0,0.0,72000,77.01,16800,17.97,Summer,Summer,2024-02
B01108,P014,Premium pearled mote,Grains,Primary,San Vicente Grains & Legumes,2024-02-17,2024-03-08,54,kg,Partial Loss,45.52,8.48,15.7,68280,73.03,6180,6.61,Summer,Summer,2024-02
B01109,P014,Premium pearled mote,Grains,Primary,San Vicente Grains & Legumes,2024-02-24,2024-03-15,44,kg,Partial Loss,32.87,11.13,25.3,49305,52.73,-1295,-1.39,Summer,Summer,2024-02
B01110,P014,Premium pearled mote,Grains,Primary,San Vicente Grains & Legumes,2024-02-29,2024-03-20,44,kg,Sold Out,44.0,0.0,0.0,66000,70.59,15400,16.47,Summer,Summer,2024-02
B01111,P014,Premium pearled mote,Grains,Primary,San Vicente Grains & Legumes,2024-03-08,2024-03-28,47,kg,Partial Loss,37.37,9.63,20.5,56055,59.95,2005,2.14,Autumn,Autumn,2024-03
B01112,P014,Premium pearled mote,Grains,Backup,Molino del Valle,2024-03-14,2024-04-03,55,kg,Sold Out,55.0,0.0,0.0,82500,88.24,22000,23.53,Autumn,Autumn,2024-03
B01113,P014,Premium pearled mote,Grains,Primary,San Vicente Grains & Legumes,2024-03-19,2024-04-08,47,kg,Sold Out,47.0,0.0,0.0,70500,75.4,16450,17.59,Autumn,Autumn,2024-03
B01114,P014,Premium pearled mote,Grains,Primary,San Vicente Grains & Legumes,2024-03-25,2024-04-14,49,kg,Sold Out,49.0,0.0,0.0,73500,78.61,17150,18.34,Autumn,Autumn,2024-03
B01115,P014,Premium pearled mote,Grains,Primary,San Vicente Grains & Legumes,2024-04-01,2024-04-21,16,kg,Sold Out,16.0,0.0,0.0,24000,25.67,5600,5.99,Autumn,Autumn,2024-04
B01116,P014,Premium pearled mote,Grains,Primary,San Vicente Grains & Legumes,2024-04-07,2024-04-27,19,kg,Partial Loss,13.15,5.85,30.8,19725,21.1,-2125,-2.27,Autumn,Autumn,2024-04
B01117,P014,Premium pearled mote,Grains,Primary,San Vicente Grains & Legumes,2024-04-14,2024-05-04,18,kg,Partial Loss,14.9,3.1,17.2,22350,23.9,1650,1.76,Autumn,Autumn,2024-04
B01118,P014,Premium pearled mote,Grains,Backup,Molino del Valle,2024-04-22,2024-05-12,18,kg,Sold Out,18.0,0.0,0.0,27000,28.88,7200,7.7,Autumn,Autumn,2024-04
B01119,P014,Premium pearled mote,Grains,Primary,San Vicente Grains & Legumes,2024-04-29,2024-05-19,18,kg,Partial Loss,10.3,7.7,42.8,15450,16.52,-5250,-5.61,Autumn,Autumn,2024-04
B01120,P014,Premium pearled mote,Grains,Primary,San Vicente Grains & Legumes,2024-05-05,2024-05-25,20,kg,Partial Loss,13.78,6.22,31.1,20670,22.11,-2330,-2.49,Autumn,Autumn,2024-05
B01121,P014,Premium pearled mote,Grains,Primary,San Vicente Grains & Legumes,2024-05-12,2024-06-01,19,kg,Partial Loss,16.23,2.77,14.6,24345,26.04,2495,2.67,Autumn,Autumn,2024-05
B01122,P014,Premium pearled mote,Grains,Primary,San Vicente Grains & Legumes,2024-05-17,2024-06-06,17,kg,Sold Out,17.0,0.0,0.0,25500,27.27,5950,6.36,Autumn,Autumn,2024-05
B01123,P014,Premium pearled mote,Grains,Primary,San Vicente Grains & Legumes,2024-05-25,2024-06-14,18,kg,Partial Loss,12.67,5.33,29.6,19005,20.33,-1695,-1.81,Autumn,Autumn,2024-05
B01124,P014,Premium pearled mote,Grains,Backup,Molino del Valle,2024-05-30,2024-06-19,19,kg,Partial Loss,12.69,6.31,33.2,19035,20.36,-1865,-1.99,Autumn,Autumn,2024-05
B01125,P014,Premium pearled mote,Grains,Primary,San Vicente Grains & Legumes,2024-06-06,2024-06-26,20,kg,Partial Loss,17.36,2.64,13.2,26040,27.85,3040,3.25,Winter,Winter,2024-06
B01126,P014,Premium pearled mote,Grains,Primary,San Vicente Grains & Legumes,2024-06-14,2024-07-04,18,kg,Partial Loss,14.89,3.11,17.3,22335,23.89,1635,1.75,Winter,Winter,2024-06
B01127,P014,Premium pearled mote,Grains,Primary,San Vicente Grains & Legumes,2024-06-21,2024-07-11,18,kg,Sold Out,18.0,0.0,0.0,27000,28.88,6300,6.74,Winter,Winter,2024-06
B01128,P014,Premium pearled mote,Grains,Primary,San Vicente Grains & Legumes,2024-07-01,2024-07-21,19,kg,Partial Loss,13.91,5.09,26.8,20865,22.32,-985,-1.05,Winter,Winter,2024-07
B01129,P014,Premium pearled mote,Grains,Primary,San Vicente Grains & Legumes,2024-07-07,2024-07-27,19,kg,Partial Loss,13.62,5.38,28.3,20430,21.85,-1420,-1.52,Winter,Winter,2024-07
B01130,P014,Premium pearled mote,Grains,Primary,San Vicente Grains & Legumes,2024-07-14,2024-08-03,16,kg,Partial Loss,10.18,5.82,36.4,15270,16.33,-3130,-3.35,Winter,Winter,2024-07
B01131,P014,Premium pearled mote,Grains,Primary,San Vicente Grains & Legumes,2024-07-21,2024-08-10,17,kg,Sold Out,17.0,0.0,0.0,25500,27.27,5950,6.36,Winter,Winter,2024-07
B01132,P014,Premium pearled mote,Grains,Primary,San Vicente Grains & Legumes,2024-07-28,2024-08-17,19,kg,Partial Loss,14.78,4.22,22.2,22170,23.71,320,0.34,Winter,Winter,2024-07
B01133,P014,Premium pearled mote,Grains,Primary,San Vicente Grains & Legumes,2024-08-01,2024-08-21,19,kg,Partial Loss,14.36,4.64,24.4,21540,23.04,-310,-0.33,Winter,Winter,2024-08
B01134,P014,Premium pearled mote,Grains,Backup,Molino del Valle,2024-08-06,2024-08-26,20,kg,Sold Out,20.0,0.0,0.0,30000,32.09,8000,8.56,Winter,Winter,2024-08
B01135,P014,Premium pearled mote,Grains,Primary,San Vicente Grains & Legumes,2024-08-11,2024-08-31,21,kg,Sold Out,21.0,0.0,0.0,31500,33.69,7350,7.86,Winter,Winter,2024-08
B01136,P014,Premium pearled mote,Grains,Primary,San Vicente Grains & Legumes,2024-08-18,2024-09-07,18,kg,Partial Loss,13.07,4.93,27.4,19605,20.97,-1095,-1.17,Winter,Winter,2024-08
B01137,P014,Premium pearled mote,Grains,Primary,San Vicente Grains & Legumes,2024-08-24,2024-09-13,17,kg,Partial Loss,12.66,4.33,25.5,18990,20.31,-560,-0.6,Winter,Winter,2024-08
B01138,P014,Premium pearled mote,Grains,Primary,San Vicente Grains & Legumes,2024-08-31,2024-09-20,15,kg,Partial Loss,10.38,4.62,30.8,15570,16.65,-1680,-1.8,Winter,Winter,2024-08
B01139,P014,Premium pearled mote,Grains,Primary,San Vicente Grains & Legumes,2024-09-08,2024-09-28,22,kg,Partial Loss,16.57,5.43,24.7,24855,26.58,-445,-0.48,Spring,Spring,2024-09
B01140,P014,Premium pearled mote,Grains,Primary,San Vicente Grains & Legumes,2024-09-13,2024-10-03,24,kg,Partial Loss,19.51,4.49,18.7,29265,31.3,1665,1.78,Spring,Spring,2024-09
B01141,P014,Premium pearled mote,Grains,Primary,San Vicente Grains & Legumes,2024-09-20,2024-10-10,24,kg,Partial Loss,16.63,7.37,30.7,24945,26.68,-2655,-2.84,Spring,Spring,2024-09
B01142,P014,Premium pearled mote,Grains,Primary,San Vicente Grains & Legumes,2024-09-26,2024-10-16,22,kg,Partial Loss,16.87,5.13,23.3,25305,27.06,5,0.01,Spring,Spring,2024-09
B01143,P014,Premium pearled mote,Grains,Primary,San Vicente Grains & Legumes,2024-10-03,2024-10-23,46,kg,Partial Loss,40.85,5.15,11.2,61275,65.53,8375,8.96,Spring,Spring,2024-10
B01144,P014,Premium pearled mote,Grains,Primary,San Vicente Grains & Legumes,2024-10-10,2024-10-30,50,kg,Partial Loss,48.45,1.55,3.1,72675,77.73,15175,16.23,Spring,Spring,2024-10
B01145,P014,Premium pearled mote,Grains,Backup,Molino del Valle,2024-10-17,2024-11-06,48,kg,Sold Out,48.0,0.0,0.0,72000,77.01,19200,20.53,Spring,Spring,2024-10
B01146,P014,Premium pearled mote,Grains,Primary,San Vicente Grains & Legumes,2024-10-24,2024-11-13,48,kg,Partial Loss,42.1,5.9,12.3,63150,67.54,7950,8.5,Spring,Spring,2024-10
B01147,P014,Premium pearled mote,Grains,Backup,Molino del Valle,2024-10-31,2024-11-20,52,kg,Sold Out,52.0,0.0,0.0,78000,83.42,20800,22.25,Spring,Spring,2024-10
B01148,P014,Premium pearled mote,Grains,Primary,San Vicente Grains & Legumes,2024-11-07,2024-11-27,54,kg,Partial Loss,38.77,15.23,28.2,58155,62.2,-3945,-4.22,Spring,Spring,2024-11
B01149,P014,Premium pearled mote,Grains,Backup,Molino del Valle,2024-11-15,2024-12-05,53,kg,Sold Out,53.0,0.0,0.0,79500,85.03,21200,22.67,Spring,Spring,2024-11
B01150,P014,Premium pearled mote,Grains,Primary,San Vicente Grains & Legumes,2024-11-20,2024-12-10,53,kg,Partial Loss,46.32,6.68,12.6,69480,74.31,8530,9.12,Spring,Spring,2024-11
B01151,P014,Premium pearled mote,Grains,Primary,San Vicente Grains & Legumes,2024-11-26,2024-12-16,49,kg,Partial Loss,43.17,5.83,11.9,64755,69.26,8405,8.99,Spring,Spring,2024-11
B01152,P014,Premium pearled mote,Grains,Backup,Molino del Valle,2024-12-02,2024-12-22,64,kg,Sold Out,64.0,0.0,0.0,96000,102.67,25600,27.38,Summer,Summer,2024-12
B01153,P014,Premium pearled mote,Grains,Primary,San Vicente Grains & Legumes,2024-12-10,2024-12-30,68,kg,Sold Out,68.0,0.0,0.0,102000,109.09,23800,25.45,Summer,Summer,2024-12
B01154,P014,Premium pearled mote,Grains,Primary,San Vicente Grains & Legumes,2024-12-16,2025-01-05,61,kg,Sold Out,61.0,0.0,0.0,91500,97.86,21350,22.83,Summer,Summer,2024-12
B01155,P014,Premium pearled mote,Grains,Primary,San Vicente Grains & Legumes,2024-12-23,2025-01-12,59,kg,Sold Out,59.0,0.0,0.0,88500,94.65,20650,22.09,Summer,Summer,2024-12
B01156,P014,Premium pearled mote,Grains,Primary,San Vicente Grains & Legumes,2024-12-30,2025-01-19,67,kg,Sold Out,67.0,0.0,0.0,100500,107.49,23450,25.08,Summer,Summer,2024-12
B01157,P014,Premium pearled mote,Grains,Primary,San Vicente Grains & Legumes,2025-01-04,2025-01-24,54,kg,Sold Out,54.0,0.0,0.0,81000,86.63,18900,20.21,Summer,Summer,2025-01
B01158,P014,Premium pearled mote,Grains,Backup,Molino del Valle,2025-01-12,2025-02-01,53,kg,Sold Out,53.0,0.0,0.0,79500,85.03,21200,22.67,Summer,Summer,2025-01
B01159,P014,Premium pearled mote,Grains,Backup,Molino del Valle,2025-01-19,2025-02-08,59,kg,Sold Out,59.0,0.0,0.0,88500,94.65,23600,25.24,Summer,Summer,2025-01
B01160,P014,Premium pearled mote,Grains,Primary,San Vicente Grains & Legumes,2025-01-27,2025-02-16,47,kg,Partial Loss,31.77,15.23,32.4,47655,50.97,-6395,-6.84,Summer,Summer,2025-01
B01161,P014,Premium pearled mote,Grains,Backup,Molino del Valle,2025-02-02,2025-02-22,58,kg,Sold Out,58.0,0.0,0.0,87000,93.05,23200,24.81,Summer,Summer,2025-02
B01162,P014,Premium pearled mote,Grains,Primary,San Vicente Grains & Legumes,2025-02-10,2025-03-02,52,kg,Sold Out,52.0,0.0,0.0,78000,83.42,18200,19.47,Summer,Summer,2025-02
B01163,P014,Premium pearled mote,Grains,Primary,San Vicente Grains & Legumes,2025-02-15,2025-03-07,45,kg,Partial Loss,27.9,17.1,38.0,41850,44.76,-9900,-10.59,Summer,Summer,2025-02
B01164,P014,Premium pearled mote,Grains,Primary,San Vicente Grains & Legumes,2025-02-21,2025-03-13,58,kg,Sold Out,58.0,0.0,0.0,87000,93.05,20300,21.71,Summer,Summer,2025-02
B01165,P014,Premium pearled mote,Grains,Primary,San Vicente Grains & Legumes,2025-02-28,2025-03-20,57,kg,Sold Out,57.0,0.0,0.0,85500,91.44,19950,21.34,Summer,Summer,2025-02
B01166,P014,Premium pearled mote,Grains,Primary,San Vicente Grains & Legumes,2025-03-05,2025-03-25,48,kg,Sold Out,48.0,0.0,0.0,72000,77.01,16800,17.97,Autumn,Autumn,2025-03
B01167,P014,Premium pearled mote,Grains,Primary,San Vicente Grains & Legumes,2025-03-12,2025-04-01,58,kg,Sold Out,58.0,0.0,0.0,87000,93.05,20300,21.71,Autumn,Autumn,2025-03
B01168,P014,Premium pearled mote,Grains,Primary,San Vicente Grains & Legumes,2025-03-18,2025-04-07,57,kg,Sold Out,57.0,0.0,0.0,85500,91.44,19950,21.34,Autumn,Autumn,2025-03
B01169,P014,Premium pearled mote,Grains,Primary,San Vicente Grains & Legumes,2025-03-27,2025-04-16,51,kg,Sold Out,51.0,0.0,0.0,76500,81.82,17850,19.09,Autumn,Autumn,2025-03
B01170,P014,Premium pearled mote,Grains,Primary,San Vicente Grains & Legumes,2025-03-31,2025-04-20,54,kg,Sold Out,54.0,0.0,0.0,81000,86.63,18900,20.21,Autumn,Autumn,2025-03
B01171,P014,Premium pearled mote,Grains,Primary,San Vicente Grains & Legumes,2025-04-06,2025-04-26,18,kg,Partial Loss,13.93,4.07,22.6,20895,22.35,195,0.21,Autumn,Autumn,2025-04
B01172,P014,Premium pearled mote,Grains,Primary,San Vicente Grains & Legumes,2025-04-11,2025-05-01,17,kg,Partial Loss,11.29,5.71,33.6,16935,18.11,-2615,-2.8,Autumn,Autumn,2025-04
B01173,P014,Premium pearled mote,Grains,Primary,San Vicente Grains & Legumes,2025-04-16,2025-05-06,22,kg,Partial Loss,16.26,5.74,26.1,24390,26.09,-910,-0.97,Autumn,Autumn,2025-04
B01174,P014,Premium pearled mote,Grains,Backup,Molino del Valle,2025-04-22,2025-05-12,22,kg,Partial Loss,14.32,7.68,34.9,21480,22.97,-2720,-2.91,Autumn,Autumn,2025-04
B01175,P014,Premium pearled mote,Grains,Backup,Molino del Valle,2025-04-30,2025-05-20,19,kg,Partial Loss,18.94,0.06,0.3,28410,30.39,7510,8.03,Autumn,Autumn,2025-04
B01176,P014,Premium pearled mote,Grains,Primary,San Vicente Grains & Legumes,2025-05-07,2025-05-27,22,kg,Sold Out,22.0,0.0,0.0,33000,35.29,7700,8.24,Autumn,Autumn,2025-05
B01177,P014,Premium pearled mote,Grains,Primary,San Vicente Grains & Legumes,2025-05-14,2025-06-03,19,kg,Sold Out,19.0,0.0,0.0,28500,30.48,6650,7.11,Autumn,Autumn,2025-05
B01178,P014,Premium pearled mote,Grains,Primary,San Vicente Grains & Legumes,2025-05-20,2025-06-09,21,kg,Partial Loss,15.16,5.84,27.8,22740,24.32,-1410,-1.51,Autumn,Autumn,2025-05
B01179,P014,Premium pearled mote,Grains,Primary,San Vicente Grains & Legumes,2025-05-26,2025-06-15,17,kg,Partial Loss,8.99,8.01,47.1,13485,14.42,-6065,-6.49,Autumn,Autumn,2025-05
B01180,P014,Premium pearled mote,Grains,Primary,San Vicente Grains & Legumes,2025-05-31,2025-06-20,22,kg,Partial Loss,16.1,5.9,26.8,24150,25.83,-1150,-1.23,Autumn,Autumn,2025-05
B01181,P014,Premium pearled mote,Grains,Primary,San Vicente Grains & Legumes,2025-06-06,2025-06-26,21,kg,Sold Out,21.0,0.0,0.0,31500,33.69,7350,7.86,Winter,Winter,2025-06
B01182,P014,Premium pearled mote,Grains,Primary,San Vicente Grains & Legumes,2025-06-13,2025-07-03,20,kg,Partial Loss,15.4,4.6,23.0,23100,24.71,100,0.11,Winter,Winter,2025-06
B01183,P014,Premium pearled mote,Grains,Primary,San Vicente Grains & Legumes,2025-06-19,2025-07-09,19,kg,Partial Loss,13.05,5.95,31.3,19575,20.94,-2275,-2.43,Winter,Winter,2025-06
B01184,P014,Premium pearled mote,Grains,Primary,San Vicente Grains & Legumes,2025-06-25,2025-07-15,17,kg,Sold Out,17.0,0.0,0.0,25500,27.27,5950,6.36,Winter,Winter,2025-06
B01185,P014,Premium pearled mote,Grains,Primary,San Vicente Grains & Legumes,2025-06-30,2025-07-20,17,kg,Partial Loss,12.32,4.68,27.5,18480,19.76,-1070,-1.14,Winter,Winter,2025-06
B01186,P015,Pearl barley,Grains,Primary,San Vicente Grains & Legumes,2023-07-02,2023-07-22,28,kg,Sold Out,28.0,0.0,0.0,56000,59.89,15400,16.47,Winter,Winter,2023-07
B01187,P015,Pearl barley,Grains,Primary,San Vicente Grains & Legumes,2023-07-08,2023-07-28,29,kg,Sold Out,29.0,0.0,0.0,58000,62.03,15950,17.06,Winter,Winter,2023-07
B01188,P015,Pearl barley,Grains,Primary,San Vicente Grains & Legumes,2023-07-17,2023-08-06,28,kg,Sold Out,28.0,0.0,0.0,56000,59.89,15400,16.47,Winter,Winter,2023-07
B01189,P015,Pearl barley,Grains,Primary,San Vicente Grains & Legumes,2023-07-25,2023-08-14,26,kg,Partial Loss,17.0,9.0,34.6,34000,36.36,-3700,-3.96,Winter,Winter,2023-07
B01190,P015,Pearl barley,Grains,Primary,San Vicente Grains & Legumes,2023-07-29,2023-08-18,32,kg,Partial Loss,28.38,3.62,11.3,56760,60.71,10360,11.08,Winter,Winter,2023-07
B01191,P015,Pearl barley,Grains,Backup,Molino del Valle,2023-08-03,2023-08-23,32,kg,Partial Loss,26.05,5.95,18.6,52100,55.72,2500,2.67,Winter,Winter,2023-08
B01192,P015,Pearl barley,Grains,Primary,San Vicente Grains & Legumes,2023-08-10,2023-08-30,33,kg,Sold Out,33.0,0.0,0.0,66000,70.59,18150,19.41,Winter,Winter,2023-08
B01193,P015,Pearl barley,Grains,Primary,San Vicente Grains & Legumes,2023-08-16,2023-09-05,32,kg,Partial Loss,24.22,7.78,24.3,48440,51.81,2040,2.18,Winter,Winter,2023-08
B01194,P015,Pearl barley,Grains,Primary,San Vicente Grains & Legumes,2023-08-23,2023-09-12,29,kg,Partial Loss,22.42,6.58,22.7,44840,47.96,2790,2.98,Winter,Winter,2023-08
B01195,P015,Pearl barley,Grains,Primary,San Vicente Grains & Legumes,2023-08-30,2023-09-19,34,kg,Sold Out,34.0,0.0,0.0,68000,72.73,18700,20.0,Winter,Winter,2023-08
B01196,P015,Pearl barley,Grains,Backup,Molino del Valle,2023-09-06,2023-09-26,34,kg,Sold Out,34.0,0.0,0.0,68000,72.73,15300,16.36,Spring,Spring,2023-09
B01197,P015,Pearl barley,Grains,Primary,San Vicente Grains & Legumes,2023-09-12,2023-10-02,36,kg,Sold Out,36.0,0.0,0.0,72000,77.01,19800,21.18,Spring,Spring,2023-09
B01198,P015,Pearl barley,Grains,Primary,San Vicente Grains & Legumes,2023-09-21,2023-10-11,36,kg,Sold Out,36.0,0.0,0.0,72000,77.01,19800,21.18,Spring,Spring,2023-09
B01199,P015,Pearl barley,Grains,Primary,San Vicente Grains & Legumes,2023-09-26,2023-10-16,35,kg,Partial Loss,28.45,6.54,18.7,56900,60.86,6150,6.58,Spring,Spring,2023-09
B01200,P015,Pearl barley,Grains,Primary,San Vicente Grains & Legumes,2023-10-02,2023-10-22,31,kg,Sold Out,31.0,0.0,0.0,62000,66.31,17050,18.24,Spring,Spring,2023-10
B01201,P015,Pearl barley,Grains,Primary,San Vicente Grains & Legumes,2023-10-09,2023-10-29,26,kg,Sold Out,26.0,0.0,0.0,52000,55.61,14300,15.29,Spring,Spring,2023-10
B01202,P015,Pearl barley,Grains,Primary,San Vicente Grains & Legumes,2023-10-16,2023-11-05,30,kg,Partial Loss,22.08,7.92,26.4,44160,47.23,660,0.71,Spring,Spring,2023-10
B01203,P015,Pearl barley,Grains,Primary,San Vicente Grains & Legumes,2023-10-22,2023-11-11,31,kg,Partial Loss,23.41,7.59,24.5,46820,50.07,1870,2.0,Spring,Spring,2023-10
B01204,P015,Pearl barley,Grains,Primary,San Vicente Grains & Legumes,2023-10-28,2023-11-17,26,kg,Sold Out,26.0,0.0,0.0,52000,55.61,14300,15.29,Spring,Spring,2023-10
B01205,P015,Pearl barley,Grains,Primary,San Vicente Grains & Legumes,2023-11-04,2023-11-24,34,kg,Partial Loss,23.77,10.23,30.1,47540,50.84,-1760,-1.88,Spring,Spring,2023-11
B01206,P015,Pearl barley,Grains,Primary,San Vicente Grains & Legumes,2023-11-11,2023-12-01,27,kg,Sold Out,27.0,0.0,0.0,54000,57.75,14850,15.88,Spring,Spring,2023-11
B01207,P015,Pearl barley,Grains,Primary,San Vicente Grains & Legumes,2023-11-17,2023-12-07,31,kg,Sold Out,31.0,0.0,0.0,62000,66.31,17050,18.24,Spring,Spring,2023-11
B01208,P015,Pearl barley,Grains,Primary,San Vicente Grains & Legumes,2023-11-23,2023-12-13,31,kg,Sold Out,31.0,0.0,0.0,62000,66.31,17050,18.24,Spring,Spring,2023-11
B01209,P015,Pearl barley,Grains,Primary,San Vicente Grains & Legumes,2023-11-29,2023-12-19,34,kg,Partial Loss,26.45,7.55,22.2,52900,56.58,3600,3.85,Spring,Spring,2023-11
B01210,P015,Pearl barley,Grains,Primary,San Vicente Grains & Legumes,2023-12-03,2023-12-23,40,kg,Partial Loss,30.0,10.0,25.0,60000,64.17,2000,2.14,Summer,Summer,2023-12
B01211,P015,Pearl barley,Grains,Primary,San Vicente Grains & Legumes,2023-12-11,2023-12-31,45,kg,Sold Out,45.0,0.0,0.0,90000,96.26,24750,26.47,Summer,Summer,2023-12
B01212,P015,Pearl barley,Grains,Primary,San Vicente Grains & Legumes,2023-12-17,2024-01-06,41,kg,Sold Out,41.0,0.0,0.0,82000,87.7,22550,24.12,Summer,Summer,2023-12
B01213,P015,Pearl barley,Grains,Primary,San Vicente Grains & Legumes,2023-12-24,2024-01-13,36,kg,Sold Out,36.0,0.0,0.0,72000,77.01,19800,21.18,Summer,Summer,2023-12
B01214,P015,Pearl barley,Grains,Primary,San Vicente Grains & Legumes,2023-12-29,2024-01-18,34,kg,Sold Out,34.0,0.0,0.0,68000,72.73,18700,20.0,Summer,Summer,2023-12
B01215,P015,Pearl barley,Grains,Primary,San Vicente Grains & Legumes,2024-01-05,2024-01-25,27,kg,Partial Loss,19.87,7.13,26.4,39740,42.5,590,0.63,Summer,Summer,2024-01
B01216,P015,Pearl barley,Grains,Primary,San Vicente Grains & Legumes,2024-01-13,2024-02-02,26,kg,Partial Loss,22.72,3.28,12.6,45440,48.6,7740,8.28,Summer,Summer,2024-01
B01217,P015,Pearl barley,Grains,Backup,Molino del Valle,2024-01-21,2024-02-10,32,kg,Sold Out,32.0,0.0,0.0,64000,68.45,14400,15.4,Summer,Summer,2024-01
B01218,P015,Pearl barley,Grains,Primary,San Vicente Grains & Legumes,2024-01-28,2024-02-17,32,kg,Sold Out,32.0,0.0,0.0,64000,68.45,17600,18.82,Summer,Summer,2024-01
B01219,P015,Pearl barley,Grains,Primary,San Vicente Grains & Legumes,2024-02-05,2024-02-25,27,kg,Partial Loss,17.58,9.42,34.9,35160,37.6,-3990,-4.27,Summer,Summer,2024-02
B01220,P015,Pearl barley,Grains,Primary,San Vicente Grains & Legumes,2024-02-13,2024-03-04,33,kg,Partial Loss,21.98,11.02,33.4,43960,47.02,-3890,-4.16,Summer,Summer,2024-02
B01221,P015,Pearl barley,Grains,Primary,San Vicente Grains & Legumes,2024-02-19,2024-03-10,34,kg,Partial Loss,23.02,10.98,32.3,46040,49.24,-3260,-3.49,Summer,Summer,2024-02
B01222,P015,Pearl barley,Grains,Primary,San Vicente Grains & Legumes,2024-02-25,2024-03-16,33,kg,Sold Out,33.0,0.0,0.0,66000,70.59,18150,19.41,Summer,Summer,2024-02
B01223,P015,Pearl barley,Grains,Primary,San Vicente Grains & Legumes,2024-03-02,2024-03-22,30,kg,Sold Out,30.0,0.0,0.0,60000,64.17,16500,17.65,Autumn,Autumn,2024-03
B01224,P015,Pearl barley,Grains,Primary,San Vicente Grains & Legumes,2024-03-08,2024-03-28,33,kg,Sold Out,33.0,0.0,0.0,66000,70.59,18150,19.41,Autumn,Autumn,2024-03
B01225,P015,Pearl barley,Grains,Primary,San Vicente Grains & Legumes,2024-03-15,2024-04-04,26,kg,Sold Out,26.0,0.0,0.0,52000,55.61,14300,15.29,Autumn,Autumn,2024-03
B01226,P015,Pearl barley,Grains,Primary,San Vicente Grains & Legumes,2024-03-22,2024-04-11,26,kg,Partial Loss,22.49,3.51,13.5,44980,48.11,7280,7.79,Autumn,Autumn,2024-03
B01227,P015,Pearl barley,Grains,Backup,Molino del Valle,2024-03-30,2024-04-19,26,kg,Sold Out,26.0,0.0,0.0,52000,55.61,11700,12.51,Autumn,Autumn,2024-03
B01228,P015,Pearl barley,Grains,Primary,San Vicente Grains & Legumes,2024-04-03,2024-04-23,31,kg,Partial Loss,30.44,0.56,1.8,60880,65.11,15930,17.04,Autumn,Autumn,2024-04
B01229,P015,Pearl barley,Grains,Primary,San Vicente Grains & Legumes,2024-04-11,2024-05-01,26,kg,Sold Out,26.0,0.0,0.0,52000,55.61,14300,15.29,Autumn,Autumn,2024-04
B01230,P015,Pearl barley,Grains,Primary,San Vicente Grains & Legumes,2024-04-16,2024-05-06,27,kg,Sold Out,27.0,0.0,0.0,54000,57.75,14850,15.88,Autumn,Autumn,2024-04
B01231,P015,Pearl barley,Grains,Primary,San Vicente Grains & Legumes,2024-04-22,2024-05-12,34,kg,Sold Out,34.0,0.0,0.0,68000,72.73,18700,20.0,Autumn,Autumn,2024-04
B01232,P015,Pearl barley,Grains,Primary,San Vicente Grains & Legumes,2024-04-28,2024-05-18,32,kg,Sold Out,32.0,0.0,0.0,64000,68.45,17600,18.82,Autumn,Autumn,2024-04
B01233,P015,Pearl barley,Grains,Primary,San Vicente Grains & Legumes,2024-05-04,2024-05-24,32,kg,Partial Loss,25.34,6.66,20.8,50680,54.2,4280,4.58,Autumn,Autumn,2024-05
B01234,P015,Pearl barley,Grains,Primary,San Vicente Grains & Legumes,2024-05-11,2024-05-31,33,kg,Sold Out,33.0,0.0,0.0,66000,70.59,18150,19.41,Autumn,Autumn,2024-05
B01235,P015,Pearl barley,Grains,Backup,Molino del Valle,2024-05-20,2024-06-09,30,kg,Partial Loss,21.3,8.7,29.0,42600,45.56,-3900,-4.17,Autumn,Autumn,2024-05
B01236,P015,Pearl barley,Grains,Primary,San Vicente Grains & Legumes,2024-05-26,2024-06-15,34,kg,Sold Out,34.0,0.0,0.0,68000,72.73,18700,20.0,Autumn,Autumn,2024-05
B01237,P015,Pearl barley,Grains,Primary,San Vicente Grains & Legumes,2024-06-02,2024-06-22,30,kg,Partial Loss,21.27,8.73,29.1,42540,45.5,-960,-1.03,Winter,Winter,2024-06
B01238,P015,Pearl barley,Grains,Primary,San Vicente Grains & Legumes,2024-06-07,2024-06-27,29,kg,Partial Loss,23.46,5.54,19.1,46920,50.18,4870,5.21,Winter,Winter,2024-06
B01239,P015,Pearl barley,Grains,Primary,San Vicente Grains & Legumes,2024-06-14,2024-07-04,28,kg,Partial Loss,21.14,6.86,24.5,42280,45.22,1680,1.8,Winter,Winter,2024-06
B01240,P015,Pearl barley,Grains,Primary,San Vicente Grains & Legumes,2024-06-22,2024-07-12,30,kg,Partial Loss,25.38,4.62,15.4,50760,54.29,7260,7.76,Winter,Winter,2024-06
B01241,P015,Pearl barley,Grains,Primary,San Vicente Grains & Legumes,2024-06-29,2024-07-19,33,kg,Sold Out,33.0,0.0,0.0,66000,70.59,18150,19.41,Winter,Winter,2024-06
B01242,P015,Pearl barley,Grains,Backup,Molino del Valle,2024-07-07,2024-07-27,34,kg,Partial Loss,27.13,6.87,20.2,54260,58.03,1560,1.67,Winter,Winter,2024-07
B01243,P015,Pearl barley,Grains,Primary,San Vicente Grains & Legumes,2024-07-13,2024-08-02,27,kg,Partial Loss,21.65,5.35,19.8,43300,46.31,4150,4.44,Winter,Winter,2024-07
B01244,P015,Pearl barley,Grains,Primary,San Vicente Grains & Legumes,2024-07-19,2024-08-08,31,kg,Sold Out,31.0,0.0,0.0,62000,66.31,17050,18.24,Winter,Winter,2024-07
B01245,P015,Pearl barley,Grains,Primary,San Vicente Grains & Legumes,2024-07-27,2024-08-16,31,kg,Sold Out,31.0,0.0,0.0,62000,66.31,17050,18.24,Winter,Winter,2024-07
B01246,P015,Pearl barley,Grains,Primary,San Vicente Grains & Legumes,2024-08-04,2024-08-24,34,kg,Sold Out,34.0,0.0,0.0,68000,72.73,18700,20.0,Winter,Winter,2024-08
B01247,P015,Pearl barley,Grains,Primary,San Vicente Grains & Legumes,2024-08-11,2024-08-31,27,kg,Partial Loss,23.73,3.27,12.1,47460,50.76,8310,8.89,Winter,Winter,2024-08
B01248,P015,Pearl barley,Grains,Primary,San Vicente Grains & Legumes,2024-08-19,2024-09-08,27,kg,Sold Out,27.0,0.0,0.0,54000,57.75,14850,15.88,Winter,Winter,2024-08
B01249,P015,Pearl barley,Grains,Primary,San Vicente Grains & Legumes,2024-08-26,2024-09-15,33,kg,Sold Out,33.0,0.0,0.0,66000,70.59,18150,19.41,Winter,Winter,2024-08
B01250,P015,Pearl barley,Grains,Backup,Molino del Valle,2024-08-31,2024-09-20,34,kg,Partial Loss,28.87,5.13,15.1,57740,61.75,5040,5.39,Winter,Winter,2024-08
B01251,P015,Pearl barley,Grains,Primary,San Vicente Grains & Legumes,2024-09-05,2024-09-25,39,kg,Sold Out,39.0,0.0,0.0,78000,83.42,21450,22.94,Spring,Spring,2024-09
B01252,P015,Pearl barley,Grains,Primary,San Vicente Grains & Legumes,2024-09-11,2024-10-01,39,kg,Sold Out,39.0,0.0,0.0,78000,83.42,21450,22.94,Spring,Spring,2024-09
B01253,P015,Pearl barley,Grains,Primary,San Vicente Grains & Legumes,2024-09-18,2024-10-08,43,kg,Sold Out,43.0,0.0,0.0,86000,91.98,23650,25.29,Spring,Spring,2024-09
B01254,P015,Pearl barley,Grains,Primary,San Vicente Grains & Legumes,2024-09-24,2024-10-14,33,kg,Sold Out,33.0,0.0,0.0,66000,70.59,18150,19.41,Spring,Spring,2024-09
B01255,P015,Pearl barley,Grains,Primary,San Vicente Grains & Legumes,2024-09-30,2024-10-20,36,kg,Partial Loss,25.02,10.98,30.5,50040,53.52,-2160,-2.31,Spring,Spring,2024-09
B01256,P015,Pearl barley,Grains,Primary,San Vicente Grains & Legumes,2024-10-07,2024-10-27,31,kg,Sold Out,31.0,0.0,0.0,62000,66.31,17050,18.24,Spring,Spring,2024-10
B01257,P015,Pearl barley,Grains,Primary,San Vicente Grains & Legumes,2024-10-12,2024-11-01,29,kg,Partial Loss,24.21,4.79,16.5,48420,51.79,6370,6.81,Spring,Spring,2024-10
B01258,P015,Pearl barley,Grains,Primary,San Vicente Grains & Legumes,2024-10-21,2024-11-10,31,kg,Sold Out,31.0,0.0,0.0,62000,66.31,17050,18.24,Spring,Spring,2024-10
B01259,P015,Pearl barley,Grains,Primary,San Vicente Grains & Legumes,2024-10-28,2024-11-17,33,kg,Partial Loss,30.92,2.08,6.3,61840,66.14,13990,14.96,Spring,Spring,2024-10
B01260,P015,Pearl barley,Grains,Primary,San Vicente Grains & Legumes,2024-11-05,2024-11-25,31,kg,Sold Out,31.0,0.0,0.0,62000,66.31,17050,18.24,Spring,Spring,2024-11
B01261,P015,Pearl barley,Grains,Primary,San Vicente Grains & Legumes,2024-11-09,2024-11-29,31,kg,Sold Out,31.0,0.0,0.0,62000,66.31,17050,18.24,Spring,Spring,2024-11
B01262,P015,Pearl barley,Grains,Primary,San Vicente Grains & Legumes,2024-11-16,2024-12-06,29,kg,Sold Out,29.0,0.0,0.0,58000,62.03,15950,17.06,Spring,Spring,2024-11
B01263,P015,Pearl barley,Grains,Primary,San Vicente Grains & Legumes,2024-11-22,2024-12-12,33,kg,Sold Out,33.0,0.0,0.0,66000,70.59,18150,19.41,Spring,Spring,2024-11
B01264,P015,Pearl barley,Grains,Primary,San Vicente Grains & Legumes,2024-11-27,2024-12-17,26,kg,Sold Out,26.0,0.0,0.0,52000,55.61,14300,15.29,Spring,Spring,2024-11
B01265,P015,Pearl barley,Grains,Primary,San Vicente Grains & Legumes,2024-12-05,2024-12-25,44,kg,Partial Loss,31.02,12.98,29.5,62040,66.35,-1760,-1.88,Summer,Summer,2024-12
B01266,P015,Pearl barley,Grains,Backup,Molino del Valle,2024-12-12,2025-01-01,36,kg,Partial Loss,23.18,12.82,35.6,46360,49.58,-9440,-10.1,Summer,Summer,2024-12
B01267,P015,Pearl barley,Grains,Primary,San Vicente Grains & Legumes,2024-12-18,2025-01-07,37,kg,Sold Out,37.0,0.0,0.0,74000,79.14,20350,21.76,Summer,Summer,2024-12
B01268,P015,Pearl barley,Grains,Primary,San Vicente Grains & Legumes,2024-12-27,2025-01-16,36,kg,Sold Out,36.0,0.0,0.0,72000,77.01,19800,21.18,Summer,Summer,2024-12
B01269,P015,Pearl barley,Grains,Primary,San Vicente Grains & Legumes,2025-01-02,2025-01-22,28,kg,Sold Out,28.0,0.0,0.0,56000,59.89,15400,16.47,Summer,Summer,2025-01
B01270,P015,Pearl barley,Grains,Primary,San Vicente Grains & Legumes,2025-01-09,2025-01-29,28,kg,Sold Out,28.0,0.0,0.0,56000,59.89,15400,16.47,Summer,Summer,2025-01
B01271,P015,Pearl barley,Grains,Primary,San Vicente Grains & Legumes,2025-01-14,2025-02-03,33,kg,Sold Out,33.0,0.0,0.0,66000,70.59,18150,19.41,Summer,Summer,2025-01
B01272,P015,Pearl barley,Grains,Primary,San Vicente Grains & Legumes,2025-01-23,2025-02-12,29,kg,Sold Out,29.0,0.0,0.0,58000,62.03,15950,17.06,Summer,Summer,2025-01
B01273,P015,Pearl barley,Grains,Primary,San Vicente Grains & Legumes,2025-02-01,2025-02-21,37,kg,Sold Out,37.0,0.0,0.0,74000,79.14,20350,21.76,Summer,Summer,2025-02
B01274,P015,Pearl barley,Grains,Primary,San Vicente Grains & Legumes,2025-02-08,2025-02-28,35,kg,Partial Loss,22.61,12.39,35.4,45220,48.36,-5530,-5.91,Summer,Summer,2025-02
B01275,P015,Pearl barley,Grains,Primary,San Vicente Grains & Legumes,2025-02-16,2025-03-08,33,kg,Partial Loss,23.23,9.77,29.6,46460,49.69,-1390,-1.49,Summer,Summer,2025-02
B01276,P015,Pearl barley,Grains,Primary,San Vicente Grains & Legumes,2025-02-22,2025-03-14,35,kg,Partial Loss,20.09,14.91,42.6,40180,42.97,-10570,-11.3,Summer,Summer,2025-02
B01277,P015,Pearl barley,Grains,Primary,San Vicente Grains & Legumes,2025-02-28,2025-03-20,29,kg,Partial Loss,20.79,8.21,28.3,41580,44.47,-470,-0.5,Summer,Summer,2025-02
B01278,P015,Pearl barley,Grains,Primary,San Vicente Grains & Legumes,2025-03-08,2025-03-28,35,kg,Partial Loss,26.74,8.26,23.6,53480,57.2,2730,2.92,Autumn,Autumn,2025-03
B01279,P015,Pearl barley,Grains,Primary,San Vicente Grains & Legumes,2025-03-14,2025-04-03,29,kg,Partial Loss,18.41,10.58,36.5,36820,39.38,-5230,-5.59,Autumn,Autumn,2025-03
B01280,P015,Pearl barley,Grains,Primary,San Vicente Grains & Legumes,2025-03-20,2025-04-09,34,kg,Partial Loss,29.17,4.83,14.2,58340,62.4,9040,9.67,Autumn,Autumn,2025-03
B01281,P015,Pearl barley,Grains,Primary,San Vicente Grains & Legumes,2025-03-26,2025-04-15,30,kg,Sold Out,30.0,0.0,0.0,60000,64.17,16500,17.65,Autumn,Autumn,2025-03
B01282,P015,Pearl barley,Grains,Backup,Molino del Valle,2025-04-02,2025-04-22,28,kg,Sold Out,28.0,0.0,0.0,56000,59.89,12600,13.48,Autumn,Autumn,2025-04
B01283,P015,Pearl barley,Grains,Primary,San Vicente Grains & Legumes,2025-04-08,2025-04-28,34,kg,Partial Loss,25.19,8.81,25.9,50380,53.88,1080,1.16,Autumn,Autumn,2025-04
B01284,P015,Pearl barley,Grains,Primary,San Vicente Grains & Legumes,2025-04-14,2025-05-04,34,kg,Partial Loss,26.79,7.21,21.2,53580,57.3,4280,4.58,Autumn,Autumn,2025-04
B01285,P015,Pearl barley,Grains,Primary,San Vicente Grains & Legumes,2025-04-23,2025-05-13,31,kg,Sold Out,31.0,0.0,0.0,62000,66.31,17050,18.24,Autumn,Autumn,2025-04
B01286,P015,Pearl barley,Grains,Primary,San Vicente Grains & Legumes,2025-05-01,2025-05-21,28,kg,Sold Out,28.0,0.0,0.0,56000,59.89,15400,16.47,Autumn,Autumn,2025-05
B01287,P015,Pearl barley,Grains,Primary,San Vicente Grains & Legumes,2025-05-09,2025-05-29,36,kg,Partial Loss,25.78,10.22,28.4,51560,55.14,-640,-0.68,Autumn,Autumn,2025-05
B01288,P015,Pearl barley,Grains,Primary,San Vicente Grains & Legumes,2025-05-16,2025-06-05,36,kg,Sold Out,36.0,0.0,0.0,72000,77.01,19800,21.18,Autumn,Autumn,2025-05
B01289,P015,Pearl barley,Grains,Primary,San Vicente Grains & Legumes,2025-05-24,2025-06-13,36,kg,Partial Loss,30.92,5.08,14.1,61840,66.14,9640,10.31,Autumn,Autumn,2025-05
B01290,P015,Pearl barley,Grains,Primary,San Vicente Grains & Legumes,2025-05-30,2025-06-19,31,kg,Sold Out,31.0,0.0,0.0,62000,66.31,17050,18.24,Autumn,Autumn,2025-05
B01291,P015,Pearl barley,Grains,Primary,San Vicente Grains & Legumes,2025-06-05,2025-06-25,35,kg,Sold Out,35.0,0.0,0.0,70000,74.87,19250,20.59,Winter,Winter,2025-06
B01292,P015,Pearl barley,Grains,Primary,San Vicente Grains & Legumes,2025-06-11,2025-07-01,32,kg,Sold Out,32.0,0.0,0.0,64000,68.45,17600,18.82,Winter,Winter,2025-06
B01293,P015,Pearl barley,Grains,Primary,San Vicente Grains & Legumes,2025-06-17,2025-07-07,37,kg,Sold Out,37.0,0.0,0.0,74000,79.14,20350,21.76,Winter,Winter,2025-06
B01294,P015,Pearl barley,Grains,Primary,San Vicente Grains & Legumes,2025-06-22,2025-07-12,31,kg,Sold Out,31.0,0.0,0.0,62000,66.31,17050,18.24,Winter,Winter,2025-06
B01295,P015,Pearl barley,Grains,Primary,San Vicente Grains & Legumes,2025-06-29,2025-07-19,37,kg,Sold Out,37.0,0.0,0.0,74000,79.14,20350,21.76,Winter,Winter,2025-06
B01296,P016,"Mixed pickles, jar 500g",Pickles,Primary,Doña Rosa Pickles,2023-07-15,2024-03-11,27,jar 500g,Partial Loss,26.43,0.57,2.1,79290,84.8,22590,24.16,Winter,Winter,2023-07
B01297,P016,"Mixed pickles, jar 500g",Pickles,Primary,Doña Rosa Pickles,2023-08-20,2024-04-16,26,jar 500g,Sold Out,26.0,0.0,0.0,78000,83.42,23400,25.03,Winter,Winter,2023-08
B01298,P016,"Mixed pickles, jar 500g",Pickles,Primary,Doña Rosa Pickles,2023-09-26,2024-05-23,28,jar 500g,Sold Out,28.0,0.0,0.0,84000,89.84,25200,26.95,Spring,Spring,2023-09
B01299,P016,"Mixed pickles, jar 500g",Pickles,Primary,Doña Rosa Pickles,2023-11-04,2024-07-01,27,jar 500g,Sold Out,27.0,0.0,0.0,81000,86.63,24300,25.99,Spring,Spring,2023-11
B01300,P016,"Mixed pickles, jar 500g",Pickles,Primary,Doña Rosa Pickles,2023-12-08,2024-08-04,32,jar 500g,Sold Out,32.0,0.0,0.0,96000,102.67,28800,30.8,Summer,Summer,2023-12
B01301,P016,"Mixed pickles, jar 500g",Pickles,Primary,Doña Rosa Pickles,2024-01-14,2024-09-10,21,jar 500g,Sold Out,21.0,0.0,0.0,63000,67.38,18900,20.21,Summer,Summer,2024-01
B01302,P016,"Mixed pickles, jar 500g",Pickles,Primary,Doña Rosa Pickles,2024-02-29,2024-10-26,22,jar 500g,Sold Out,22.0,0.0,0.0,66000,70.59,19800,21.18,Summer,Summer,2024-02
B01303,P016,"Mixed pickles, jar 500g",Pickles,Primary,Doña Rosa Pickles,2024-04-11,2024-12-07,26,jar 500g,Partial Loss,25.01,0.99,3.8,75030,80.25,20430,21.85,Autumn,Autumn,2024-04
B01304,P016,"Mixed pickles, jar 500g",Pickles,Primary,Doña Rosa Pickles,2024-05-11,2025-01-06,23,jar 500g,Partial Loss,22.33,0.67,2.9,66990,71.65,18690,19.99,Autumn,Autumn,2024-05
B01305,P016,"Mixed pickles, jar 500g",Pickles,Primary,Doña Rosa Pickles,2024-06-17,2025-02-12,26,jar 500g,Partial Loss,25.66,0.34,1.3,76980,82.33,22380,23.94,Winter,Winter,2024-06
B01306,P016,"Mixed pickles, jar 500g",Pickles,Primary,Doña Rosa Pickles,2024-07-22,2025-03-19,26,jar 500g,Partial Loss,25.09,0.91,3.5,75270,80.5,20670,22.11,Winter,Winter,2024-07
B01307,P016,"Mixed pickles, jar 500g",Pickles,Primary,Doña Rosa Pickles,2024-08-22,2025-04-19,27,jar 500g,Sold Out,27.0,0.0,0.0,81000,86.63,24300,25.99,Winter,Winter,2024-08
B01308,P016,"Mixed pickles, jar 500g",Pickles,Primary,Doña Rosa Pickles,2024-09-20,2025-05-18,27,jar 500g,Sold Out,27.0,0.0,0.0,81000,86.63,24300,25.99,Spring,Spring,2024-09
B01309,P016,"Mixed pickles, jar 500g",Pickles,Primary,Doña Rosa Pickles,2024-10-19,2025-06-16,22,jar 500g,Partial Loss,21.12,0.88,4.0,63360,67.76,17160,18.35,Spring,Spring,2024-10
B01310,P016,"Mixed pickles, jar 500g",Pickles,Primary,Doña Rosa Pickles,2024-11-13,2025-07-11,27,jar 500g,Sold Out,27.0,0.0,0.0,81000,86.63,24300,25.99,Spring,Spring,2024-11
B01311,P016,"Mixed pickles, jar 500g",Pickles,Primary,Doña Rosa Pickles,2024-12-16,2025-08-13,30,jar 500g,Partial Loss,28.77,1.23,4.1,86310,92.31,23310,24.93,Summer,Summer,2024-12
B01312,P016,"Mixed pickles, jar 500g",Pickles,Primary,Doña Rosa Pickles,2025-01-16,2025-09-13,30,jar 500g,Sold Out,30.0,0.0,0.0,90000,96.26,27000,28.88,Summer,Summer,2025-01
B01313,P016,"Mixed pickles, jar 500g",Pickles,Backup,Conservas El Huerto,2025-02-25,2025-10-23,24,jar 500g,Partial Loss,22.51,1.49,6.2,67530,72.22,14730,15.75,Summer,Summer,2025-02
B01314,P016,"Mixed pickles, jar 500g",Pickles,Primary,Doña Rosa Pickles,2025-03-26,2025-11-21,24,jar 500g,Sold Out,24.0,0.0,0.0,72000,77.01,21600,23.1,Autumn,Autumn,2025-03
B01315,P016,"Mixed pickles, jar 500g",Pickles,Primary,Doña Rosa Pickles,2025-04-24,2025-12-20,27,jar 500g,Sold Out,27.0,0.0,0.0,81000,86.63,24300,25.99,Autumn,Autumn,2025-04
B01316,P016,"Mixed pickles, jar 500g",Pickles,Primary,Doña Rosa Pickles,2025-06-05,2026-01-31,24,jar 500g,Sold Out,24.0,0.0,0.0,72000,77.01,21600,23.1,Winter,Winter,2025-06
B01317,P017,"Pickled onions, jar 500g",Pickles,Primary,Doña Rosa Pickles,2023-07-22,2024-03-18,21,jar 500g,Sold Out,21.0,0.0,0.0,52500,56.15,14700,15.72,Winter,Winter,2023-07
B01318,P017,"Pickled onions, jar 500g",Pickles,Primary,Doña Rosa Pickles,2023-08-30,2024-04-26,26,jar 500g,Partial Loss,25.45,0.55,2.1,63625,68.05,16825,17.99,Winter,Winter,2023-08
B01319,P017,"Pickled onions, jar 500g",Pickles,Primary,Doña Rosa Pickles,2023-10-09,2024-06-05,25,jar 500g,Sold Out,25.0,0.0,0.0,62500,66.84,17500,18.72,Spring,Spring,2023-10
B01320,P017,"Pickled onions, jar 500g",Pickles,Primary,Doña Rosa Pickles,2023-11-04,2024-07-01,21,jar 500g,Sold Out,21.0,0.0,0.0,52500,56.15,14700,15.72,Spring,Spring,2023-11
B01321,P017,"Pickled onions, jar 500g",Pickles,Primary,Doña Rosa Pickles,2023-12-11,2024-08-07,31,jar 500g,Partial Loss,30.57,0.43,1.4,76425,81.74,20625,22.06,Summer,Summer,2023-12
B01322,P017,"Pickled onions, jar 500g",Pickles,Primary,Doña Rosa Pickles,2024-01-23,2024-09-19,21,jar 500g,Partial Loss,20.45,0.55,2.6,51125,54.68,13325,14.25,Summer,Summer,2024-01
B01323,P017,"Pickled onions, jar 500g",Pickles,Primary,Doña Rosa Pickles,2024-02-28,2024-10-25,23,jar 500g,Sold Out,23.0,0.0,0.0,57500,61.5,16100,17.22,Summer,Summer,2024-02
B01324,P017,"Pickled onions, jar 500g",Pickles,Primary,Doña Rosa Pickles,2024-03-27,2024-11-22,20,jar 500g,Sold Out,20.0,0.0,0.0,50000,53.48,14000,14.97,Autumn,Autumn,2024-03
B01325,P017,"Pickled onions, jar 500g",Pickles,Primary,Doña Rosa Pickles,2024-04-24,2024-12-20,26,jar 500g,Partial Loss,25.17,0.83,3.2,62925,67.3,16125,17.25,Autumn,Autumn,2024-04
B01326,P017,"Pickled onions, jar 500g",Pickles,Primary,Doña Rosa Pickles,2024-06-02,2025-01-28,26,jar 500g,Sold Out,26.0,0.0,0.0,65000,69.52,18200,19.47,Winter,Winter,2024-06
B01327,P017,"Pickled onions, jar 500g",Pickles,Primary,Doña Rosa Pickles,2024-07-11,2025-03-08,28,jar 500g,Partial Loss,27.13,0.87,3.1,67825,72.54,17425,18.64,Winter,Winter,2024-07
B01328,P017,"Pickled onions, jar 500g",Pickles,Primary,Doña Rosa Pickles,2024-08-15,2025-04-12,26,jar 500g,Sold Out,26.0,0.0,0.0,65000,69.52,18200,19.47,Winter,Winter,2024-08
B01329,P017,"Pickled onions, jar 500g",Pickles,Primary,Doña Rosa Pickles,2024-09-13,2025-05-11,27,jar 500g,Partial Loss,26.49,0.51,1.9,66225,70.83,17625,18.85,Spring,Spring,2024-09
B01330,P017,"Pickled onions, jar 500g",Pickles,Primary,Doña Rosa Pickles,2024-10-10,2025-06-07,22,jar 500g,Sold Out,22.0,0.0,0.0,55000,58.82,15400,16.47,Spring,Spring,2024-10
B01331,P017,"Pickled onions, jar 500g",Pickles,Primary,Doña Rosa Pickles,2024-11-03,2025-07-01,25,jar 500g,Sold Out,25.0,0.0,0.0,62500,66.84,17500,18.72,Spring,Spring,2024-11
B01332,P017,"Pickled onions, jar 500g",Pickles,Primary,Doña Rosa Pickles,2024-12-11,2025-08-08,30,jar 500g,Sold Out,30.0,0.0,0.0,75000,80.21,21000,22.46,Summer,Summer,2024-12
B01333,P017,"Pickled onions, jar 500g",Pickles,Primary,Doña Rosa Pickles,2025-01-12,2025-09-09,26,jar 500g,Sold Out,26.0,0.0,0.0,65000,69.52,18200,19.47,Summer,Summer,2025-01
B01334,P017,"Pickled onions, jar 500g",Pickles,Primary,Doña Rosa Pickles,2025-02-16,2025-10-14,23,jar 500g,Sold Out,23.0,0.0,0.0,57500,61.5,16100,17.22,Summer,Summer,2025-02
B01335,P017,"Pickled onions, jar 500g",Pickles,Primary,Doña Rosa Pickles,2025-03-29,2025-11-24,27,jar 500g,Sold Out,27.0,0.0,0.0,67500,72.19,18900,20.21,Autumn,Autumn,2025-03
B01336,P017,"Pickled onions, jar 500g",Pickles,Primary,Doña Rosa Pickles,2025-05-05,2025-12-31,30,jar 500g,Partial Loss,29.52,0.48,1.6,73800,78.93,19800,21.18,Autumn,Autumn,2025-05
B01337,P017,"Pickled onions, jar 500g",Pickles,Primary,Doña Rosa Pickles,2025-06-13,2026-02-08,23,jar 500g,Sold Out,23.0,0.0,0.0,57500,61.5,16100,17.22,Winter,Winter,2025-06
B01338,P018,"Pickled cauliflower, jar 500g",Pickles,Primary,Doña Rosa Pickles,2023-07-03,2024-02-28,27,jar 500g,Partial Loss,25.95,1.05,3.9,64875,69.39,17625,18.85,Winter,Winter,2023-07
B01339,P018,"Pickled cauliflower, jar 500g",Pickles,Primary,Doña Rosa Pickles,2023-08-04,2024-03-31,23,jar 500g,Partial Loss,22.75,0.25,1.1,56875,60.83,16625,17.78,Winter,Winter,2023-08
B01340,P018,"Pickled cauliflower, jar 500g",Pickles,Primary,Doña Rosa Pickles,2023-09-08,2024-05-05,32,jar 500g,Sold Out,32.0,0.0,0.0,80000,85.56,24000,25.67,Spring,Spring,2023-09
B01341,P018,"Pickled cauliflower, jar 500g",Pickles,Primary,Doña Rosa Pickles,2023-10-20,2024-06-16,24,jar 500g,Sold Out,24.0,0.0,0.0,60000,64.17,18000,19.25,Spring,Spring,2023-10
B01342,P018,"Pickled cauliflower, jar 500g",Pickles,Primary,Doña Rosa Pickles,2023-11-23,2024-07-20,24,jar 500g,Partial Loss,23.02,0.98,4.1,57550,61.55,15550,16.63,Spring,Spring,2023-11
B01343,P018,"Pickled cauliflower, jar 500g",Pickles,Primary,Doña Rosa Pickles,2023-12-30,2024-08-26,27,jar 500g,Sold Out,27.0,0.0,0.0,67500,72.19,20250,21.66,Summer,Summer,2023-12
B01344,P018,"Pickled cauliflower, jar 500g",Pickles,Primary,Doña Rosa Pickles,2024-01-26,2024-09-22,24,jar 500g,Sold Out,24.0,0.0,0.0,60000,64.17,18000,19.25,Summer,Summer,2024-01
B01345,P018,"Pickled cauliflower, jar 500g",Pickles,Primary,Doña Rosa Pickles,2024-02-29,2024-10-26,22,jar 500g,Partial Loss,21.14,0.86,3.9,52850,56.52,14350,15.35,Summer,Summer,2024-02
B01346,P018,"Pickled cauliflower, jar 500g",Pickles,Primary,Doña Rosa Pickles,2024-03-28,2024-11-23,21,jar 500g,Sold Out,21.0,0.0,0.0,52500,56.15,15750,16.84,Autumn,Autumn,2024-03
B01347,P018,"Pickled cauliflower, jar 500g",Pickles,Primary,Doña Rosa Pickles,2024-05-08,2025-01-03,25,jar 500g,Sold Out,25.0,0.0,0.0,62500,66.84,18750,20.05,Autumn,Autumn,2024-05
B01348,P018,"Pickled cauliflower, jar 500g",Pickles,Primary,Doña Rosa Pickles,2024-06-23,2025-02-18,24,jar 500g,Partial Loss,23.47,0.53,2.2,58675,62.75,16675,17.83,Winter,Winter,2024-06
B01349,P018,"Pickled cauliflower, jar 500g",Pickles,Primary,Doña Rosa Pickles,2024-07-15,2025-03-12,22,jar 500g,Sold Out,22.0,0.0,0.0,55000,58.82,16500,17.65,Winter,Winter,2024-07
B01350,P018,"Pickled cauliflower, jar 500g",Pickles,Backup,Conservas El Huerto,2024-08-20,2025-04-17,25,jar 500g,Sold Out,25.0,0.0,0.0,62500,66.84,17500,18.72,Winter,Winter,2024-08
B01351,P018,"Pickled cauliflower, jar 500g",Pickles,Primary,Doña Rosa Pickles,2024-09-20,2025-05-18,31,jar 500g,Sold Out,31.0,0.0,0.0,77500,82.89,23250,24.87,Spring,Spring,2024-09
B01352,P018,"Pickled cauliflower, jar 500g",Pickles,Primary,Doña Rosa Pickles,2024-10-20,2025-06-17,22,jar 500g,Sold Out,22.0,0.0,0.0,55000,58.82,16500,17.65,Spring,Spring,2024-10
B01353,P018,"Pickled cauliflower, jar 500g",Pickles,Primary,Doña Rosa Pickles,2024-11-28,2025-07-26,25,jar 500g,Partial Loss,23.95,1.05,4.2,59875,64.04,16125,17.25,Spring,Spring,2024-11
B01354,P018,"Pickled cauliflower, jar 500g",Pickles,Primary,Doña Rosa Pickles,2024-12-29,2025-08-26,36,jar 500g,Sold Out,36.0,0.0,0.0,90000,96.26,27000,28.88,Summer,Summer,2024-12
B01355,P018,"Pickled cauliflower, jar 500g",Pickles,Primary,Doña Rosa Pickles,2025-01-22,2025-09-19,26,jar 500g,Sold Out,26.0,0.0,0.0,65000,69.52,19500,20.86,Summer,Summer,2025-01
B01356,P018,"Pickled cauliflower, jar 500g",Pickles,Primary,Doña Rosa Pickles,2025-02-25,2025-10-23,28,jar 500g,Partial Loss,26.66,1.34,4.8,66650,71.28,17650,18.88,Summer,Summer,2025-02
B01357,P018,"Pickled cauliflower, jar 500g",Pickles,Primary,Doña Rosa Pickles,2025-04-08,2025-12-04,28,jar 500g,Partial Loss,27.05,0.95,3.4,67625,72.33,18625,19.92,Autumn,Autumn,2025-04
B01358,P018,"Pickled cauliflower, jar 500g",Pickles,Primary,Doña Rosa Pickles,2025-05-18,2026-01-13,24,jar 500g,Partial Loss,23.74,0.26,1.1,59350,63.48,17350,18.56,Autumn,Autumn,2025-05
B01359,P018,"Pickled cauliflower, jar 500g",Pickles,Primary,Doña Rosa Pickles,2025-06-18,2026-02-13,27,jar 500g,Partial Loss,26.24,0.76,2.8,65600,70.16,18350,19.63,Winter,Winter,2025-06
B01360,P019,"Pickled gherkins, jar 500g",Pickles,Primary,Doña Rosa Pickles,2023-07-23,2024-03-19,25,jar 500g,Sold Out,25.0,0.0,0.0,75000,80.21,23750,25.4,Winter,Winter,2023-07
B01361,P019,"Pickled gherkins, jar 500g",Pickles,Primary,Doña Rosa Pickles,2023-08-31,2024-04-27,21,jar 500g,Sold Out,21.0,0.0,0.0,63000,67.38,19950,21.34,Winter,Winter,2023-08
B01362,P019,"Pickled gherkins, jar 500g",Pickles,Backup,Conservas El Huerto,2023-10-14,2024-06-10,26,jar 500g,Partial Loss,24.8,1.2,4.6,74400,79.57,14600,15.61,Spring,Spring,2023-10
B01363,P019,"Pickled gherkins, jar 500g",Pickles,Primary,Doña Rosa Pickles,2023-11-23,2024-07-20,23,jar 500g,Sold Out,23.0,0.0,0.0,69000,73.8,21850,23.37,Spring,Spring,2023-11
B01364,P019,"Pickled gherkins, jar 500g",Pickles,Primary,Doña Rosa Pickles,2023-12-31,2024-08-27,29,jar 500g,Sold Out,29.0,0.0,0.0,87000,93.05,27550,29.47,Summer,Summer,2023-12
B01365,P019,"Pickled gherkins, jar 500g",Pickles,Primary,Doña Rosa Pickles,2024-01-29,2024-09-25,24,jar 500g,Sold Out,24.0,0.0,0.0,72000,77.01,22800,24.39,Summer,Summer,2024-01
B01366,P019,"Pickled gherkins, jar 500g",Pickles,Primary,Doña Rosa Pickles,2024-03-03,2024-10-29,21,jar 500g,Sold Out,21.0,0.0,0.0,63000,67.38,19950,21.34,Autumn,Autumn,2024-03
B01367,P019,"Pickled gherkins, jar 500g",Pickles,Primary,Doña Rosa Pickles,2024-04-10,2024-12-06,20,jar 500g,Sold Out,20.0,0.0,0.0,60000,64.17,19000,20.32,Autumn,Autumn,2024-04
B01368,P019,"Pickled gherkins, jar 500g",Pickles,Primary,Doña Rosa Pickles,2024-05-21,2025-01-16,25,jar 500g,Partial Loss,24.57,0.43,1.7,73710,78.83,22460,24.02,Autumn,Autumn,2024-05
B01369,P019,"Pickled gherkins, jar 500g",Pickles,Primary,Doña Rosa Pickles,2024-06-24,2025-02-19,23,jar 500g,Sold Out,23.0,0.0,0.0,69000,73.8,21850,23.37,Winter,Winter,2024-06
B01370,P019,"Pickled gherkins, jar 500g",Pickles,Primary,Doña Rosa Pickles,2024-07-21,2025-03-18,23,jar 500g,Partial Loss,21.62,1.38,6.0,64860,69.37,17710,18.94,Winter,Winter,2024-07
B01371,P019,"Pickled gherkins, jar 500g",Pickles,Primary,Doña Rosa Pickles,2024-08-18,2025-04-15,22,jar 500g,Sold Out,22.0,0.0,0.0,66000,70.59,20900,22.35,Winter,Winter,2024-08
B01372,P019,"Pickled gherkins, jar 500g",Pickles,Primary,Doña Rosa Pickles,2024-09-24,2025-05-22,27,jar 500g,Sold Out,27.0,0.0,0.0,81000,86.63,25650,27.43,Spring,Spring,2024-09
B01373,P019,"Pickled gherkins, jar 500g",Pickles,Backup,Conservas El Huerto,2024-10-20,2025-06-17,25,jar 500g,Sold Out,25.0,0.0,0.0,75000,80.21,17500,18.72,Spring,Spring,2024-10
B01374,P019,"Pickled gherkins, jar 500g",Pickles,Primary,Doña Rosa Pickles,2024-11-18,2025-07-16,23,jar 500g,Partial Loss,22.56,0.44,1.9,67680,72.39,20530,21.96,Spring,Spring,2024-11
B01375,P019,"Pickled gherkins, jar 500g",Pickles,Backup,Conservas El Huerto,2024-12-21,2025-08-18,33,jar 500g,Sold Out,33.0,0.0,0.0,99000,105.88,23100,24.71,Summer,Summer,2024-12
B01376,P019,"Pickled gherkins, jar 500g",Pickles,Primary,Doña Rosa Pickles,2025-02-01,2025-09-29,29,jar 500g,Sold Out,29.0,0.0,0.0,87000,93.05,27550,29.47,Summer,Summer,2025-02
B01377,P019,"Pickled gherkins, jar 500g",Pickles,Primary,Doña Rosa Pickles,2025-03-03,2025-10-29,23,jar 500g,Partial Loss,21.57,1.43,6.2,64710,69.21,17560,18.78,Autumn,Autumn,2025-03
B01378,P019,"Pickled gherkins, jar 500g",Pickles,Primary,Doña Rosa Pickles,2025-03-31,2025-11-26,23,jar 500g,Partial Loss,22.54,0.46,2.0,67620,72.32,20470,21.89,Autumn,Autumn,2025-03
B01379,P019,"Pickled gherkins, jar 500g",Pickles,Primary,Doña Rosa Pickles,2025-05-07,2026-01-02,27,jar 500g,Sold Out,27.0,0.0,0.0,81000,86.63,25650,27.43,Autumn,Autumn,2025-05
B01380,P019,"Pickled gherkins, jar 500g",Pickles,Primary,Doña Rosa Pickles,2025-06-05,2026-01-31,28,jar 500g,Sold Out,28.0,0.0,0.0,84000,89.84,26600,28.45,Winter,Winter,2025-06
B01381,P020,"Pickled jalapeños, jar 500g",Pickles,Primary,Doña Rosa Pickles,2023-07-07,2024-03-03,21,jar 500g,Sold Out,21.0,0.0,0.0,63000,67.38,18900,20.21,Winter,Winter,2023-07
B01382,P020,"Pickled jalapeños, jar 500g",Pickles,Primary,Doña Rosa Pickles,2023-08-06,2024-04-02,24,jar 500g,Partial Loss,23.4,0.6,2.5,70200,75.08,19800,21.18,Winter,Winter,2023-08
B01383,P020,"Pickled jalapeños, jar 500g",Pickles,Primary,Doña Rosa Pickles,2023-09-22,2024-05-19,30,jar 500g,Sold Out,30.0,0.0,0.0,90000,96.26,27000,28.88,Spring,Spring,2023-09
B01384,P020,"Pickled jalapeños, jar 500g",Pickles,Primary,Doña Rosa Pickles,2023-10-29,2024-06-25,24,jar 500g,Partial Loss,22.87,1.13,4.7,68610,73.38,18210,19.48,Spring,Spring,2023-10
B01385,P020,"Pickled jalapeños, jar 500g",Pickles,Primary,Doña Rosa Pickles,2023-11-23,2024-07-20,27,jar 500g,Sold Out,27.0,0.0,0.0,81000,86.63,24300,25.99,Spring,Spring,2023-11
B01386,P020,"Pickled jalapeños, jar 500g",Pickles,Primary,Doña Rosa Pickles,2023-12-26,2024-08-22,27,jar 500g,Sold Out,27.0,0.0,0.0,81000,86.63,24300,25.99,Summer,Summer,2023-12
B01387,P020,"Pickled jalapeños, jar 500g",Pickles,Primary,Doña Rosa Pickles,2024-01-29,2024-09-25,24,jar 500g,Partial Loss,22.94,1.06,4.4,68820,73.6,18420,19.7,Summer,Summer,2024-01
B01388,P020,"Pickled jalapeños, jar 500g",Pickles,Primary,Doña Rosa Pickles,2024-02-26,2024-10-23,27,jar 500g,Sold Out,27.0,0.0,0.0,81000,86.63,24300,25.99,Summer,Summer,2024-02
B01389,P020,"Pickled jalapeños, jar 500g",Pickles,Primary,Doña Rosa Pickles,2024-03-29,2024-11-24,24,jar 500g,Sold Out,24.0,0.0,0.0,72000,77.01,21600,23.1,Autumn,Autumn,2024-03
B01390,P020,"Pickled jalapeños, jar 500g",Pickles,Primary,Doña Rosa Pickles,2024-05-05,2024-12-31,21,jar 500g,Sold Out,21.0,0.0,0.0,63000,67.38,18900,20.21,Autumn,Autumn,2024-05
B01391,P020,"Pickled jalapeños, jar 500g",Pickles,Primary,Doña Rosa Pickles,2024-06-15,2025-02-10,25,jar 500g,Partial Loss,23.97,1.03,4.1,71910,76.91,19410,20.76,Winter,Winter,2024-06
B01392,P020,"Pickled jalapeños, jar 500g",Pickles,Primary,Doña Rosa Pickles,2024-07-29,2025-03-26,23,jar 500g,Partial Loss,22.43,0.58,2.5,67290,71.97,18990,20.31,Winter,Winter,2024-07
B01393,P020,"Pickled jalapeños, jar 500g",Pickles,Backup,Conservas El Huerto,2024-09-05,2025-05-03,34,jar 500g,Sold Out,34.0,0.0,0.0,102000,109.09,28900,30.91,Spring,Spring,2024-09
B01394,P020,"Pickled jalapeños, jar 500g",Pickles,Primary,Doña Rosa Pickles,2024-10-17,2025-06-14,26,jar 500g,Sold Out,26.0,0.0,0.0,78000,83.42,23400,25.03,Spring,Spring,2024-10
B01395,P020,"Pickled jalapeños, jar 500g",Pickles,Primary,Doña Rosa Pickles,2024-11-23,2025-07-21,25,jar 500g,Partial Loss,24.32,0.68,2.7,72960,78.03,20460,21.88,Spring,Spring,2024-11
B01396,P020,"Pickled jalapeños, jar 500g",Pickles,Primary,Doña Rosa Pickles,2024-12-25,2025-08-22,28,jar 500g,Sold Out,28.0,0.0,0.0,84000,89.84,25200,26.95,Summer,Summer,2024-12
B01397,P020,"Pickled jalapeños, jar 500g",Pickles,Primary,Doña Rosa Pickles,2025-01-30,2025-09-27,24,jar 500g,Sold Out,24.0,0.0,0.0,72000,77.01,21600,23.1,Summer,Summer,2025-01
B01398,P020,"Pickled jalapeños, jar 500g",Pickles,Primary,Doña Rosa Pickles,2025-03-04,2025-10-30,26,jar 500g,Partial Loss,25.4,0.6,2.3,76200,81.5,21600,23.1,Autumn,Autumn,2025-03
B01399,P020,"Pickled jalapeños, jar 500g",Pickles,Primary,Doña Rosa Pickles,2025-04-02,2025-11-28,28,jar 500g,Partial Loss,26.77,1.23,4.4,80310,85.89,21510,23.01,Autumn,Autumn,2025-04
B01400,P020,"Pickled jalapeños, jar 500g",Pickles,Primary,Doña Rosa Pickles,2025-05-09,2026-01-04,30,jar 500g,Sold Out,30.0,0.0,0.0,90000,96.26,27000,28.88,Autumn,Autumn,2025-05
B01401,P020,"Pickled jalapeños, jar 500g",Pickles,Backup,Conservas El Huerto,2025-06-08,2026-02-03,27,jar 500g,Sold Out,27.0,0.0,0.0,81000,86.63,22950,24.55,Winter,Winter,2025-06
B01402,P021,"Ground golden chili (aji de color), bag 100g",Chili,Primary,Curico Chili & Sauces,2023-07-02,2024-04-27,51,bag 100g,Sold Out,51.0,0.0,0.0,102000,109.09,28050,30.0,Winter,Winter,2023-07
B01403,P021,"Ground golden chili (aji de color), bag 100g",Chili,Primary,Curico Chili & Sauces,2023-08-01,2024-05-27,44,bag 100g,Sold Out,44.0,0.0,0.0,88000,94.12,24200,25.88,Winter,Winter,2023-08
B01404,P021,"Ground golden chili (aji de color), bag 100g",Chili,Primary,Curico Chili & Sauces,2023-09-05,2024-07-01,66,bag 100g,Sold Out,66.0,0.0,0.0,132000,141.18,36300,38.82,Spring,Spring,2023-09
B01405,P021,"Ground golden chili (aji de color), bag 100g",Chili,Primary,Curico Chili & Sauces,2023-10-17,2024-08-12,47,bag 100g,Sold Out,47.0,0.0,0.0,94000,100.53,25850,27.65,Spring,Spring,2023-10
B01406,P021,"Ground golden chili (aji de color), bag 100g",Chili,Backup,Merken del Sur,2023-11-17,2024-09-12,44,bag 100g,Sold Out,44.0,0.0,0.0,88000,94.12,26400,28.24,Spring,Spring,2023-11
B01407,P021,"Ground golden chili (aji de color), bag 100g",Chili,Primary,Curico Chili & Sauces,2023-12-19,2024-10-14,57,bag 100g,Partial Loss,54.78,2.22,3.9,109560,117.18,26910,28.78,Summer,Summer,2023-12
B01408,P021,"Ground golden chili (aji de color), bag 100g",Chili,Primary,Curico Chili & Sauces,2024-01-30,2024-11-25,54,bag 100g,Partial Loss,52.76,1.24,2.3,105520,112.86,27220,29.11,Summer,Summer,2024-01
B01409,P021,"Ground golden chili (aji de color), bag 100g",Chili,Backup,Merken del Sur,2024-03-07,2025-01-01,43,bag 100g,Partial Loss,42.1,0.9,2.1,84200,90.05,24000,25.67,Autumn,Autumn,2024-03
B01410,P021,"Ground golden chili (aji de color), bag 100g",Chili,Primary,Curico Chili & Sauces,2024-03-31,2025-01-25,55,bag 100g,Sold Out,55.0,0.0,0.0,110000,117.65,30250,32.35,Autumn,Autumn,2024-03
B01411,P021,"Ground golden chili (aji de color), bag 100g",Chili,Primary,Curico Chili & Sauces,2024-05-06,2025-03-02,48,bag 100g,Partial Loss,46.9,1.1,2.3,93800,100.32,24200,25.88,Autumn,Autumn,2024-05
B01412,P021,"Ground golden chili (aji de color), bag 100g",Chili,Primary,Curico Chili & Sauces,2024-06-14,2025-04-10,47,bag 100g,Sold Out,47.0,0.0,0.0,94000,100.53,25850,27.65,Winter,Winter,2024-06
B01413,P021,"Ground golden chili (aji de color), bag 100g",Chili,Primary,Curico Chili & Sauces,2024-07-14,2025-05-10,45,bag 100g,Sold Out,45.0,0.0,0.0,90000,96.26,24750,26.47,Winter,Winter,2024-07
B01414,P021,"Ground golden chili (aji de color), bag 100g",Chili,Primary,Curico Chili & Sauces,2024-08-13,2025-06-09,53,bag 100g,Partial Loss,51.89,1.11,2.1,103780,110.99,26930,28.8,Winter,Winter,2024-08
B01415,P021,"Ground golden chili (aji de color), bag 100g",Chili,Primary,Curico Chili & Sauces,2024-09-22,2025-07-19,66,bag 100g,Sold Out,66.0,0.0,0.0,132000,141.18,36300,38.82,Spring,Spring,2024-09
B01416,P021,"Ground golden chili (aji de color), bag 100g",Chili,Primary,Curico Chili & Sauces,2024-10-24,2025-08-20,47,bag 100g,Sold Out,47.0,0.0,0.0,94000,100.53,25850,27.65,Spring,Spring,2024-10
B01417,P021,"Ground golden chili (aji de color), bag 100g",Chili,Backup,Merken del Sur,2024-12-05,2025-10-01,58,bag 100g,Sold Out,58.0,0.0,0.0,116000,124.06,34800,37.22,Summer,Summer,2024-12
B01418,P021,"Ground golden chili (aji de color), bag 100g",Chili,Primary,Curico Chili & Sauces,2025-01-01,2025-10-28,54,bag 100g,Sold Out,54.0,0.0,0.0,108000,115.51,29700,31.76,Summer,Summer,2025-01
B01419,P021,"Ground golden chili (aji de color), bag 100g",Chili,Primary,Curico Chili & Sauces,2025-02-01,2025-11-28,53,bag 100g,Partial Loss,52.15,0.85,1.6,104300,111.55,27450,29.36,Summer,Summer,2025-02
B01420,P021,"Ground golden chili (aji de color), bag 100g",Chili,Backup,Merken del Sur,2025-03-13,2026-01-07,48,bag 100g,Sold Out,48.0,0.0,0.0,96000,102.67,28800,30.8,Autumn,Autumn,2025-03
B01421,P021,"Ground golden chili (aji de color), bag 100g",Chili,Primary,Curico Chili & Sauces,2025-04-16,2026-02-10,48,bag 100g,Partial Loss,46.99,1.01,2.1,93980,100.51,24380,26.07,Autumn,Autumn,2025-04
B01422,P021,"Ground golden chili (aji de color), bag 100g",Chili,Primary,Curico Chili & Sauces,2025-05-19,2026-03-15,50,bag 100g,Sold Out,50.0,0.0,0.0,100000,106.95,27500,29.41,Autumn,Autumn,2025-05
B01423,P021,"Ground golden chili (aji de color), bag 100g",Chili,Primary,Curico Chili & Sauces,2025-06-18,2026-04-14,61,bag 100g,Partial Loss,59.84,1.16,1.9,119680,128.0,31230,33.4,Winter,Winter,2025-06
B01424,P022,"Bottled chili sauce, bottle 200ml",Chili,Primary,Curico Chili & Sauces,2023-07-29,2024-05-24,22,bottle 200ml,Sold Out,22.0,0.0,0.0,44000,47.06,14300,15.29,Winter,Winter,2023-07
B01425,P022,"Bottled chili sauce, bottle 200ml",Chili,Primary,Curico Chili & Sauces,2023-08-27,2024-06-22,21,bottle 200ml,Partial Loss,20.68,0.32,1.5,41360,44.24,13010,13.91,Winter,Winter,2023-08
B01426,P022,"Bottled chili sauce, bottle 200ml",Chili,Primary,Curico Chili & Sauces,2023-10-08,2024-08-03,26,bottle 200ml,Sold Out,26.0,0.0,0.0,52000,55.61,16900,18.07,Spring,Spring,2023-10
B01427,P022,"Bottled chili sauce, bottle 200ml",Chili,Primary,Curico Chili & Sauces,2023-11-12,2024-09-07,21,bottle 200ml,Partial Loss,20.33,0.67,3.2,40660,43.49,12310,13.17,Spring,Spring,2023-11
B01428,P022,"Bottled chili sauce, bottle 200ml",Chili,Primary,Curico Chili & Sauces,2024-01-01,2024-10-27,23,bottle 200ml,Partial Loss,22.26,0.74,3.2,44520,47.61,13470,14.41,Summer,Summer,2024-01
B01429,P022,"Bottled chili sauce, bottle 200ml",Chili,Primary,Curico Chili & Sauces,2024-02-09,2024-12-05,26,bottle 200ml,Partial Loss,25.58,0.42,1.6,51160,54.72,16060,17.18,Summer,Summer,2024-02
B01430,P022,"Bottled chili sauce, bottle 200ml",Chili,Primary,Curico Chili & Sauces,2024-03-11,2025-01-05,22,bottle 200ml,Sold Out,22.0,0.0,0.0,44000,47.06,14300,15.29,Autumn,Autumn,2024-03
B01431,P022,"Bottled chili sauce, bottle 200ml",Chili,Primary,Curico Chili & Sauces,2024-04-20,2025-02-14,22,bottle 200ml,Partial Loss,21.6,0.4,1.8,43200,46.2,13500,14.44,Autumn,Autumn,2024-04
B01432,P022,"Bottled chili sauce, bottle 200ml",Chili,Primary,Curico Chili & Sauces,2024-05-29,2025-03-25,23,bottle 200ml,Sold Out,23.0,0.0,0.0,46000,49.2,14950,15.99,Autumn,Autumn,2024-05
B01433,P022,"Bottled chili sauce, bottle 200ml",Chili,Primary,Curico Chili & Sauces,2024-07-09,2025-05-05,24,bottle 200ml,Sold Out,24.0,0.0,0.0,48000,51.34,15600,16.68,Winter,Winter,2024-07
B01434,P022,"Bottled chili sauce, bottle 200ml",Chili,Primary,Curico Chili & Sauces,2024-08-08,2025-06-04,22,bottle 200ml,Sold Out,22.0,0.0,0.0,44000,47.06,14300,15.29,Winter,Winter,2024-08
B01435,P022,"Bottled chili sauce, bottle 200ml",Chili,Primary,Curico Chili & Sauces,2024-09-10,2025-07-07,34,bottle 200ml,Sold Out,34.0,0.0,0.0,68000,72.73,22100,23.64,Spring,Spring,2024-09
B01436,P022,"Bottled chili sauce, bottle 200ml",Chili,Primary,Curico Chili & Sauces,2024-10-13,2025-08-09,27,bottle 200ml,Partial Loss,26.32,0.68,2.5,52640,56.3,16190,17.32,Spring,Spring,2024-10
B01437,P022,"Bottled chili sauce, bottle 200ml",Chili,Primary,Curico Chili & Sauces,2024-11-19,2025-09-15,22,bottle 200ml,Partial Loss,21.71,0.29,1.3,43420,46.44,13720,14.67,Spring,Spring,2024-11
B01438,P022,"Bottled chili sauce, bottle 200ml",Chili,Primary,Curico Chili & Sauces,2024-12-18,2025-10-14,32,bottle 200ml,Sold Out,32.0,0.0,0.0,64000,68.45,20800,22.25,Summer,Summer,2024-12
B01439,P022,"Bottled chili sauce, bottle 200ml",Chili,Backup,Merken del Sur,2025-01-19,2025-11-15,23,bottle 200ml,Partial Loss,22.66,0.34,1.5,45320,48.47,13120,14.03,Summer,Summer,2025-01
B01440,P022,"Bottled chili sauce, bottle 200ml",Chili,Primary,Curico Chili & Sauces,2025-02-23,2025-12-20,27,bottle 200ml,Partial Loss,26.59,0.4,1.5,53180,56.88,16730,17.89,Summer,Summer,2025-02
B01441,P022,"Bottled chili sauce, bottle 200ml",Chili,Primary,Curico Chili & Sauces,2025-03-30,2026-01-24,27,bottle 200ml,Sold Out,27.0,0.0,0.0,54000,57.75,17550,18.77,Autumn,Autumn,2025-03
B01442,P022,"Bottled chili sauce, bottle 200ml",Chili,Primary,Curico Chili & Sauces,2025-05-02,2026-02-26,25,bottle 200ml,Sold Out,25.0,0.0,0.0,50000,53.48,16250,17.38,Autumn,Autumn,2025-05
B01443,P022,"Bottled chili sauce, bottle 200ml",Chili,Primary,Curico Chili & Sauces,2025-06-09,2026-04-05,24,bottle 200ml,Sold Out,24.0,0.0,0.0,48000,51.34,15600,16.68,Winter,Winter,2025-06
B01444,P023,"Chili paste, bag 250g",Chili,Primary,Curico Chili & Sauces,2023-07-03,2024-04-28,48,bag 250g,Partial Loss,47.09,0.91,1.9,94180,100.73,26980,28.86,Winter,Winter,2023-07
B01445,P023,"Chili paste, bag 250g",Chili,Primary,Curico Chili & Sauces,2023-08-08,2024-06-03,47,bag 250g,Partial Loss,46.25,0.75,1.6,92500,98.93,26700,28.56,Winter,Winter,2023-08
B01446,P023,"Chili paste, bag 250g",Chili,Primary,Curico Chili & Sauces,2023-09-16,2024-07-12,67,bag 250g,Sold Out,67.0,0.0,0.0,134000,143.32,40200,42.99,Spring,Spring,2023-09
B01447,P023,"Chili paste, bag 250g",Chili,Primary,Curico Chili & Sauces,2023-10-16,2024-08-11,54,bag 250g,Sold Out,54.0,0.0,0.0,108000,115.51,32400,34.65,Spring,Spring,2023-10
B01448,P023,"Chili paste, bag 250g",Chili,Primary,Curico Chili & Sauces,2023-11-21,2024-09-16,45,bag 250g,Sold Out,45.0,0.0,0.0,90000,96.26,27000,28.88,Spring,Spring,2023-11
B01449,P023,"Chili paste, bag 250g",Chili,Backup,Merken del Sur,2024-01-01,2024-10-27,53,bag 250g,Partial Loss,51.52,1.48,2.8,103040,110.2,26190,28.01,Summer,Summer,2024-01
B01450,P023,"Chili paste, bag 250g",Chili,Primary,Curico Chili & Sauces,2024-02-04,2024-11-30,50,bag 250g,Partial Loss,49.8,0.2,0.4,99600,106.52,29600,31.66,Summer,Summer,2024-02
B01451,P023,"Chili paste, bag 250g",Chili,Primary,Curico Chili & Sauces,2024-03-11,2025-01-05,53,bag 250g,Sold Out,53.0,0.0,0.0,106000,113.37,31800,34.01,Autumn,Autumn,2024-03
B01452,P023,"Chili paste, bag 250g",Chili,Primary,Curico Chili & Sauces,2024-04-17,2025-02-11,54,bag 250g,Partial Loss,53.08,0.92,1.7,106160,113.54,30560,32.68,Autumn,Autumn,2024-04
B01453,P023,"Chili paste, bag 250g",Chili,Primary,Curico Chili & Sauces,2024-05-27,2025-03-23,46,bag 250g,Sold Out,46.0,0.0,0.0,92000,98.4,27600,29.52,Autumn,Autumn,2024-05
B01454,P023,"Chili paste, bag 250g",Chili,Primary,Curico Chili & Sauces,2024-06-25,2025-04-21,43,bag 250g,Partial Loss,41.84,1.16,2.7,83680,89.5,23480,25.11,Winter,Winter,2024-06
B01455,P023,"Chili paste, bag 250g",Chili,Primary,Curico Chili & Sauces,2024-07-29,2025-05-25,45,bag 250g,Sold Out,45.0,0.0,0.0,90000,96.26,27000,28.88,Winter,Winter,2024-07
B01456,P023,"Chili paste, bag 250g",Chili,Primary,Curico Chili & Sauces,2024-09-07,2025-07-04,60,bag 250g,Partial Loss,59.76,0.24,0.4,119520,127.83,35520,37.99,Spring,Spring,2024-09
B01457,P023,"Chili paste, bag 250g",Chili,Primary,Curico Chili & Sauces,2024-10-08,2025-08-04,50,bag 250g,Sold Out,50.0,0.0,0.0,100000,106.95,30000,32.09,Spring,Spring,2024-10
B01458,P023,"Chili paste, bag 250g",Chili,Primary,Curico Chili & Sauces,2024-11-10,2025-09-06,51,bag 250g,Sold Out,51.0,0.0,0.0,102000,109.09,30600,32.73,Spring,Spring,2024-11
B01459,P023,"Chili paste, bag 250g",Chili,Primary,Curico Chili & Sauces,2024-12-17,2025-10-13,62,bag 250g,Sold Out,62.0,0.0,0.0,124000,132.62,37200,39.79,Summer,Summer,2024-12
B01460,P023,"Chili paste, bag 250g",Chili,Primary,Curico Chili & Sauces,2025-01-18,2025-11-14,50,bag 250g,Partial Loss,48.55,1.45,2.9,97100,103.85,27100,28.98,Summer,Summer,2025-01
B01461,P023,"Chili paste, bag 250g",Chili,Backup,Merken del Sur,2025-02-18,2025-12-15,48,bag 250g,Partial Loss,47.33,0.67,1.4,94660,101.24,25060,26.8,Summer,Summer,2025-02
B01462,P023,"Chili paste, bag 250g",Chili,Primary,Curico Chili & Sauces,2025-03-20,2026-01-14,58,bag 250g,Sold Out,58.0,0.0,0.0,116000,124.06,34800,37.22,Autumn,Autumn,2025-03
B01463,P023,"Chili paste, bag 250g",Chili,Primary,Curico Chili & Sauces,2025-04-22,2026-02-16,58,bag 250g,Sold Out,58.0,0.0,0.0,116000,124.06,34800,37.22,Autumn,Autumn,2025-04
B01464,P023,"Chili paste, bag 250g",Chili,Primary,Curico Chili & Sauces,2025-05-28,2026-03-24,48,bag 250g,Sold Out,48.0,0.0,0.0,96000,102.67,28800,30.8,Autumn,Autumn,2025-05
B01465,P024,"Chili paste, bottle 200ml",Chili,Primary,Curico Chili & Sauces,2023-07-20,2024-05-15,24,bottle 200ml,Sold Out,24.0,0.0,0.0,48000,51.34,15600,16.68,Winter,Winter,2023-07
B01466,P024,"Chili paste, bottle 200ml",Chili,Primary,Curico Chili & Sauces,2023-08-23,2024-06-18,23,bottle 200ml,Partial Loss,22.61,0.39,1.7,45220,48.36,14170,15.16,Winter,Winter,2023-08
B01467,P024,"Chili paste, bottle 200ml",Chili,Primary,Curico Chili & Sauces,2023-09-27,2024-07-23,33,bottle 200ml,Partial Loss,32.14,0.86,2.6,64280,68.75,19730,21.1,Spring,Spring,2023-09
B01468,P024,"Chili paste, bottle 200ml",Chili,Primary,Curico Chili & Sauces,2023-11-03,2024-08-29,27,bottle 200ml,Sold Out,27.0,0.0,0.0,54000,57.75,17550,18.77,Spring,Spring,2023-11
B01469,P024,"Chili paste, bottle 200ml",Chili,Primary,Curico Chili & Sauces,2023-12-05,2024-09-30,32,bottle 200ml,Partial Loss,31.23,0.77,2.4,62460,66.8,19260,20.6,Summer,Summer,2023-12
B01470,P024,"Chili paste, bottle 200ml",Chili,Primary,Curico Chili & Sauces,2024-01-14,2024-11-09,27,bottle 200ml,Sold Out,27.0,0.0,0.0,54000,57.75,17550,18.77,Summer,Summer,2024-01
B01471,P024,"Chili paste, bottle 200ml",Chili,Primary,Curico Chili & Sauces,2024-02-17,2024-12-13,25,bottle 200ml,Partial Loss,24.45,0.55,2.2,48900,52.3,15150,16.2,Summer,Summer,2024-02
B01472,P024,"Chili paste, bottle 200ml",Chili,Primary,Curico Chili & Sauces,2024-04-01,2025-01-26,26,bottle 200ml,Partial Loss,25.48,0.52,2.0,50960,54.5,15860,16.96,Autumn,Autumn,2024-04
B01473,P024,"Chili paste, bottle 200ml",Chili,Primary,Curico Chili & Sauces,2024-05-04,2025-02-28,24,bottle 200ml,Partial Loss,23.69,0.31,1.3,47380,50.67,14980,16.02,Autumn,Autumn,2024-05
B01474,P024,"Chili paste, bottle 200ml",Chili,Primary,Curico Chili & Sauces,2024-06-04,2025-03-31,25,bottle 200ml,Sold Out,25.0,0.0,0.0,50000,53.48,16250,17.38,Winter,Winter,2024-06
B01475,P024,"Chili paste, bottle 200ml",Chili,Primary,Curico Chili & Sauces,2024-07-09,2025-05-05,22,bottle 200ml,Sold Out,22.0,0.0,0.0,44000,47.06,14300,15.29,Winter,Winter,2024-07
B01476,P024,"Chili paste, bottle 200ml",Chili,Primary,Curico Chili & Sauces,2024-08-06,2025-06-02,24,bottle 200ml,Partial Loss,23.26,0.74,3.1,46520,49.75,14120,15.1,Winter,Winter,2024-08
B01477,P024,"Chili paste, bottle 200ml",Chili,Primary,Curico Chili & Sauces,2024-09-03,2025-06-30,32,bottle 200ml,Sold Out,32.0,0.0,0.0,64000,68.45,20800,22.25,Spring,Spring,2024-09
B01478,P024,"Chili paste, bottle 200ml",Chili,Primary,Curico Chili & Sauces,2024-10-05,2025-08-01,26,bottle 200ml,Partial Loss,25.3,0.7,2.7,50600,54.12,15500,16.58,Spring,Spring,2024-10
B01479,P024,"Chili paste, bottle 200ml",Chili,Primary,Curico Chili & Sauces,2024-11-08,2025-09-04,23,bottle 200ml,Sold Out,23.0,0.0,0.0,46000,49.2,14950,15.99,Spring,Spring,2024-11
B01480,P024,"Chili paste, bottle 200ml",Chili,Primary,Curico Chili & Sauces,2024-12-22,2025-10-18,30,bottle 200ml,Partial Loss,29.37,0.63,2.1,58740,62.82,18240,19.51,Summer,Summer,2024-12
B01481,P024,"Chili paste, bottle 200ml",Chili,Primary,Curico Chili & Sauces,2025-01-28,2025-11-24,23,bottle 200ml,Sold Out,23.0,0.0,0.0,46000,49.2,14950,15.99,Summer,Summer,2025-01
B01482,P024,"Chili paste, bottle 200ml",Chili,Primary,Curico Chili & Sauces,2025-03-06,2025-12-31,28,bottle 200ml,Partial Loss,27.3,0.7,2.5,54600,58.4,16800,17.97,Autumn,Autumn,2025-03
B01483,P024,"Chili paste, bottle 200ml",Chili,Backup,Merken del Sur,2025-04-16,2026-02-10,25,bottle 200ml,Partial Loss,24.57,0.43,1.7,49140,52.56,11640,12.45,Autumn,Autumn,2025-04
B01484,P024,"Chili paste, bottle 200ml",Chili,Primary,Curico Chili & Sauces,2025-05-25,2026-03-21,23,bottle 200ml,Sold Out,23.0,0.0,0.0,46000,49.2,14950,15.99,Autumn,Autumn,2025-05
B01485,P025,"Sliced green chili, bag 200g",Chili,Primary,Curico Chili & Sauces,2023-08-02,2024-05-28,81,bag 200g,Sold Out,81.0,0.0,0.0,121500,129.95,32400,34.65,Winter,Winter,2023-08
B01486,P025,"Sliced green chili, bag 200g",Chili,Primary,Curico Chili & Sauces,2023-09-16,2024-07-12,112,bag 200g,Sold Out,112.0,0.0,0.0,168000,179.68,44800,47.91,Spring,Spring,2023-09
B01487,P025,"Sliced green chili, bag 200g",Chili,Backup,Merken del Sur,2023-10-16,2024-08-11,32,bag 200g,Partial Loss,31.04,0.96,3.0,46560,49.8,9760,10.44,Spring,Spring,2023-10
B01488,P025,"Sliced green chili, bag 200g",Chili,Primary,Curico Chili & Sauces,2023-11-13,2024-09-08,31,bag 200g,Partial Loss,30.32,0.68,2.2,45480,48.64,11380,12.17,Spring,Spring,2023-11
B01489,P025,"Sliced green chili, bag 200g",Chili,Primary,Curico Chili & Sauces,2023-12-15,2024-10-10,34,bag 200g,Sold Out,34.0,0.0,0.0,51000,54.55,13600,14.55,Summer,Summer,2023-12
B01490,P025,"Sliced green chili, bag 200g",Chili,Primary,Curico Chili & Sauces,2024-01-23,2024-11-18,26,bag 200g,Sold Out,26.0,0.0,0.0,39000,41.71,10400,11.12,Summer,Summer,2024-01
B01491,P025,"Sliced green chili, bag 200g",Chili,Primary,Curico Chili & Sauces,2024-02-29,2024-12-25,34,bag 200g,Partial Loss,33.15,0.85,2.5,49725,53.18,12325,13.18,Summer,Summer,2024-02
B01492,P025,"Sliced green chili, bag 200g",Chili,Primary,Curico Chili & Sauces,2024-04-04,2025-01-29,87,bag 200g,Partial Loss,84.22,2.78,3.2,126330,135.11,30630,32.76,Autumn,Autumn,2024-04
B01493,P025,"Sliced green chili, bag 200g",Chili,Backup,Merken del Sur,2024-05-17,2025-03-13,89,bag 200g,Sold Out,89.0,0.0,0.0,133500,142.78,31150,33.32,Autumn,Autumn,2024-05
B01494,P025,"Sliced green chili, bag 200g",Chili,Primary,Curico Chili & Sauces,2024-06-17,2025-04-13,85,bag 200g,Sold Out,85.0,0.0,0.0,127500,136.36,34000,36.36,Winter,Winter,2024-06
B01495,P025,"Sliced green chili, bag 200g",Chili,Primary,Curico Chili & Sauces,2024-07-30,2025-05-26,82,bag 200g,Sold Out,82.0,0.0,0.0,123000,131.55,32800,35.08,Winter,Winter,2024-07
B01496,P025,"Sliced green chili, bag 200g",Chili,Primary,Curico Chili & Sauces,2024-09-02,2025-06-29,87,bag 200g,Sold Out,87.0,0.0,0.0,130500,139.57,34800,37.22,Spring,Spring,2024-09
B01497,P025,"Sliced green chili, bag 200g",Chili,Primary,Curico Chili & Sauces,2024-10-02,2025-07-29,26,bag 200g,Partial Loss,25.04,0.96,3.7,37560,40.17,8960,9.58,Spring,Spring,2024-10
B01498,P025,"Sliced green chili, bag 200g",Chili,Primary,Curico Chili & Sauces,2024-11-04,2025-08-31,32,bag 200g,Partial Loss,30.88,1.12,3.5,46320,49.54,11120,11.89,Spring,Spring,2024-11
B01499,P025,"Sliced green chili, bag 200g",Chili,Primary,Curico Chili & Sauces,2024-12-08,2025-10-04,35,bag 200g,Partial Loss,33.88,1.12,3.2,50820,54.35,12320,13.18,Summer,Summer,2024-12
B01500,P025,"Sliced green chili, bag 200g",Chili,Primary,Curico Chili & Sauces,2025-01-15,2025-11-11,32,bag 200g,Partial Loss,31.68,0.32,1.0,47520,50.82,12320,13.18,Summer,Summer,2025-01
B01501,P025,"Sliced green chili, bag 200g",Chili,Primary,Curico Chili & Sauces,2025-02-19,2025-12-16,35,bag 200g,Partial Loss,33.35,1.65,4.7,50025,53.5,11525,12.33,Summer,Summer,2025-02
B01502,P025,"Sliced green chili, bag 200g",Chili,Primary,Curico Chili & Sauces,2025-03-19,2026-01-13,35,bag 200g,Sold Out,35.0,0.0,0.0,52500,56.15,14000,14.97,Autumn,Autumn,2025-03
B01503,P025,"Sliced green chili, bag 200g",Chili,Primary,Curico Chili & Sauces,2025-04-19,2026-02-13,82,bag 200g,Sold Out,82.0,0.0,0.0,123000,131.55,32800,35.08,Autumn,Autumn,2025-04
B01504,P025,"Sliced green chili, bag 200g",Chili,Primary,Curico Chili & Sauces,2025-05-26,2026-03-22,78,bag 200g,Partial Loss,75.27,2.73,3.5,112905,120.75,27105,28.99,Autumn,Autumn,2025-05
B01505,P026,"Dried cacho de cabra chili, bag 50g",Chili,Primary,Curico Chili & Sauces,2023-07-22,2024-05-17,83,bag 50g,Sold Out,83.0,0.0,0.0,124500,133.16,33200,35.51,Winter,Winter,2023-07
B01506,P026,"Dried cacho de cabra chili, bag 50g",Chili,Primary,Curico Chili & Sauces,2023-08-25,2024-06-20,81,bag 50g,Sold Out,81.0,0.0,0.0,121500,129.95,32400,34.65,Winter,Winter,2023-08
B01507,P026,"Dried cacho de cabra chili, bag 50g",Chili,Primary,Curico Chili & Sauces,2023-09-28,2024-07-24,104,bag 50g,Sold Out,104.0,0.0,0.0,156000,166.84,41600,44.49,Spring,Spring,2023-09
B01508,P026,"Dried cacho de cabra chili, bag 50g",Chili,Primary,Curico Chili & Sauces,2023-11-10,2024-09-05,26,bag 50g,Partial Loss,25.12,0.88,3.4,37680,40.3,9080,9.71,Spring,Spring,2023-11
B01509,P026,"Dried cacho de cabra chili, bag 50g",Chili,Primary,Curico Chili & Sauces,2023-12-11,2024-10-06,40,bag 50g,Partial Loss,39.44,0.56,1.4,59160,63.27,15160,16.21,Summer,Summer,2023-12
B01510,P026,"Dried cacho de cabra chili, bag 50g",Chili,Backup,Merken del Sur,2024-01-19,2024-11-14,34,bag 50g,Sold Out,34.0,0.0,0.0,51000,54.55,13600,14.55,Summer,Summer,2024-01
B01511,P026,"Dried cacho de cabra chili, bag 50g",Chili,Backup,Merken del Sur,2024-02-26,2024-12-22,29,bag 50g,Sold Out,29.0,0.0,0.0,43500,46.52,11600,12.41,Summer,Summer,2024-02
B01512,P026,"Dried cacho de cabra chili, bag 50g",Chili,Primary,Curico Chili & Sauces,2024-04-01,2025-01-26,80,bag 50g,Sold Out,80.0,0.0,0.0,120000,128.34,32000,34.22,Autumn,Autumn,2024-04
B01513,P026,"Dried cacho de cabra chili, bag 50g",Chili,Primary,Curico Chili & Sauces,2024-05-12,2025-03-08,90,bag 50g,Sold Out,90.0,0.0,0.0,135000,144.39,36000,38.5,Autumn,Autumn,2024-05
B01514,P026,"Dried cacho de cabra chili, bag 50g",Chili,Primary,Curico Chili & Sauces,2024-06-14,2025-04-10,70,bag 50g,Sold Out,70.0,0.0,0.0,105000,112.3,28000,29.95,Winter,Winter,2024-06
B01515,P026,"Dried cacho de cabra chili, bag 50g",Chili,Backup,Merken del Sur,2024-07-25,2025-05-21,91,bag 50g,Sold Out,91.0,0.0,0.0,136500,145.99,36400,38.93,Winter,Winter,2024-07
B01516,P026,"Dried cacho de cabra chili, bag 50g",Chili,Primary,Curico Chili & Sauces,2024-09-02,2025-06-29,97,bag 50g,Sold Out,97.0,0.0,0.0,145500,155.61,38800,41.5,Spring,Spring,2024-09
B01517,P026,"Dried cacho de cabra chili, bag 50g",Chili,Primary,Curico Chili & Sauces,2024-09-28,2025-07-25,91,bag 50g,Sold Out,91.0,0.0,0.0,136500,145.99,36400,38.93,Spring,Spring,2024-09
B01518,P026,"Dried cacho de cabra chili, bag 50g",Chili,Primary,Curico Chili & Sauces,2024-11-10,2025-09-06,29,bag 50g,Sold Out,29.0,0.0,0.0,43500,46.52,11600,12.41,Spring,Spring,2024-11
B01519,P026,"Dried cacho de cabra chili, bag 50g",Chili,Primary,Curico Chili & Sauces,2024-12-13,2025-10-09,45,bag 50g,Partial Loss,43.29,1.71,3.8,64935,69.45,15435,16.51,Summer,Summer,2024-12
B01520,P026,"Dried cacho de cabra chili, bag 50g",Chili,Primary,Curico Chili & Sauces,2025-01-14,2025-11-10,29,bag 50g,Partial Loss,28.19,0.81,2.8,42285,45.22,10385,11.11,Summer,Summer,2025-01
B01521,P026,"Dried cacho de cabra chili, bag 50g",Chili,Primary,Curico Chili & Sauces,2025-02-25,2025-12-22,28,bag 50g,Sold Out,28.0,0.0,0.0,42000,44.92,11200,11.98,Summer,Summer,2025-02
B01522,P026,"Dried cacho de cabra chili, bag 50g",Chili,Primary,Curico Chili & Sauces,2025-04-01,2026-01-26,90,bag 50g,Sold Out,90.0,0.0,0.0,135000,144.39,36000,38.5,Autumn,Autumn,2025-04
B01523,P026,"Dried cacho de cabra chili, bag 50g",Chili,Primary,Curico Chili & Sauces,2025-05-02,2026-02-26,97,bag 50g,Sold Out,97.0,0.0,0.0,145500,155.61,38800,41.5,Autumn,Autumn,2025-05
B01524,P026,"Dried cacho de cabra chili, bag 50g",Chili,Primary,Curico Chili & Sauces,2025-06-02,2026-03-29,89,bag 50g,Sold Out,89.0,0.0,0.0,133500,142.78,35600,38.07,Winter,Winter,2025-06
B01525,P027,"Ground panca chili, bag 100g",Chili,Primary,Curico Chili & Sauces,2023-07-31,2024-05-26,71,bag 100g,Sold Out,71.0,0.0,0.0,142000,151.87,39050,41.76,Winter,Winter,2023-07
B01526,P027,"Ground panca chili, bag 100g",Chili,Primary,Curico Chili & Sauces,2023-09-08,2024-07-04,97,bag 100g,Sold Out,97.0,0.0,0.0,194000,207.49,53350,57.06,Spring,Spring,2023-09
B01527,P027,"Ground panca chili, bag 100g",Chili,Primary,Curico Chili & Sauces,2023-10-16,2024-08-11,34,bag 100g,Sold Out,34.0,0.0,0.0,68000,72.73,18700,20.0,Spring,Spring,2023-10
B01528,P027,"Ground panca chili, bag 100g",Chili,Primary,Curico Chili & Sauces,2023-11-18,2024-09-13,28,bag 100g,Partial Loss,26.82,1.18,4.2,53640,57.37,13040,13.95,Spring,Spring,2023-11
B01529,P027,"Ground panca chili, bag 100g",Chili,Backup,Merken del Sur,2023-12-17,2024-10-12,40,bag 100g,Partial Loss,39.16,0.84,2.1,78320,83.76,22320,23.87,Summer,Summer,2023-12
B01530,P027,"Ground panca chili, bag 100g",Chili,Backup,Merken del Sur,2024-01-21,2024-11-16,28,bag 100g,Sold Out,28.0,0.0,0.0,56000,59.89,16800,17.97,Summer,Summer,2024-01
B01531,P027,"Ground panca chili, bag 100g",Chili,Backup,Merken del Sur,2024-02-25,2024-12-21,33,bag 100g,Sold Out,33.0,0.0,0.0,66000,70.59,19800,21.18,Summer,Summer,2024-02
B01532,P027,"Ground panca chili, bag 100g",Chili,Primary,Curico Chili & Sauces,2024-04-03,2025-01-28,74,bag 100g,Sold Out,74.0,0.0,0.0,148000,158.29,40700,43.53,Autumn,Autumn,2024-04
B01533,P027,"Ground panca chili, bag 100g",Chili,Primary,Curico Chili & Sauces,2024-05-13,2025-03-09,69,bag 100g,Partial Loss,67.0,2.0,2.9,134000,143.32,33950,36.31,Autumn,Autumn,2024-05
B01534,P027,"Ground panca chili, bag 100g",Chili,Primary,Curico Chili & Sauces,2024-06-03,2025-03-30,83,bag 100g,Sold Out,83.0,0.0,0.0,166000,177.54,45650,48.82,Winter,Winter,2024-06
B01535,P027,"Ground panca chili, bag 100g",Chili,Primary,Curico Chili & Sauces,2024-07-13,2025-05-09,85,bag 100g,Sold Out,85.0,0.0,0.0,170000,181.82,46750,50.0,Winter,Winter,2024-07
B01536,P027,"Ground panca chili, bag 100g",Chili,Primary,Curico Chili & Sauces,2024-08-16,2025-06-12,83,bag 100g,Sold Out,83.0,0.0,0.0,166000,177.54,45650,48.82,Winter,Winter,2024-08
B01537,P027,"Ground panca chili, bag 100g",Chili,Primary,Curico Chili & Sauces,2024-09-22,2025-07-19,112,bag 100g,Sold Out,112.0,0.0,0.0,224000,239.57,61600,65.88,Spring,Spring,2024-09
B01538,P027,"Ground panca chili, bag 100g",Chili,Primary,Curico Chili & Sauces,2024-10-27,2025-08-23,27,bag 100g,Partial Loss,25.95,1.05,3.9,51900,55.51,12750,13.64,Spring,Spring,2024-10
B01539,P027,"Ground panca chili, bag 100g",Chili,Primary,Curico Chili & Sauces,2024-11-25,2025-09-21,28,bag 100g,Partial Loss,27.22,0.78,2.8,54440,58.22,13840,14.8,Spring,Spring,2024-11
B01540,P027,"Ground panca chili, bag 100g",Chili,Backup,Merken del Sur,2025-01-06,2025-11-02,37,bag 100g,Sold Out,37.0,0.0,0.0,74000,79.14,22200,23.74,Summer,Summer,2025-01
B01541,P027,"Ground panca chili, bag 100g",Chili,Primary,Curico Chili & Sauces,2025-02-11,2025-12-08,30,bag 100g,Sold Out,30.0,0.0,0.0,60000,64.17,16500,17.65,Summer,Summer,2025-02
B01542,P027,"Ground panca chili, bag 100g",Chili,Primary,Curico Chili & Sauces,2025-03-18,2026-01-12,35,bag 100g,Partial Loss,34.58,0.42,1.2,69160,73.97,18410,19.69,Autumn,Autumn,2025-03
B01543,P027,"Ground panca chili, bag 100g",Chili,Primary,Curico Chili & Sauces,2025-04-16,2026-02-10,80,bag 100g,Sold Out,80.0,0.0,0.0,160000,171.12,44000,47.06,Autumn,Autumn,2025-04
B01544,P027,"Ground panca chili, bag 100g",Chili,Primary,Curico Chili & Sauces,2025-06-01,2026-03-28,94,bag 100g,Sold Out,94.0,0.0,0.0,188000,201.07,51700,55.29,Winter,Winter,2025-06
B01545,P028,"Merken (smoked chili), bag 100g",Chili,Primary,Curico Chili & Sauces,2023-07-14,2024-05-09,69,bag 100g,Sold Out,69.0,0.0,0.0,138000,147.59,44850,47.97,Winter,Winter,2023-07
B01546,P028,"Merken (smoked chili), bag 100g",Chili,Primary,Curico Chili & Sauces,2023-08-18,2024-06-13,84,bag 100g,Sold Out,84.0,0.0,0.0,168000,179.68,54600,58.4,Winter,Winter,2023-08
B01547,P028,"Merken (smoked chili), bag 100g",Chili,Primary,Curico Chili & Sauces,2023-09-25,2024-07-21,98,bag 100g,Sold Out,98.0,0.0,0.0,196000,209.63,63700,68.13,Spring,Spring,2023-09
B01548,P028,"Merken (smoked chili), bag 100g",Chili,Primary,Curico Chili & Sauces,2023-10-26,2024-08-21,33,bag 100g,Sold Out,33.0,0.0,0.0,66000,70.59,21450,22.94,Spring,Spring,2023-10
B01549,P028,"Merken (smoked chili), bag 100g",Chili,Primary,Curico Chili & Sauces,2023-11-30,2024-09-25,32,bag 100g,Partial Loss,31.17,0.83,2.6,62340,66.67,19140,20.47,Spring,Spring,2023-11
B01550,P028,"Merken (smoked chili), bag 100g",Chili,Primary,Curico Chili & Sauces,2024-01-07,2024-11-02,28,bag 100g,Partial Loss,26.94,1.06,3.8,53880,57.63,16080,17.2,Summer,Summer,2024-01
B01551,P028,"Merken (smoked chili), bag 100g",Chili,Primary,Curico Chili & Sauces,2024-02-14,2024-12-10,28,bag 100g,Partial Loss,27.27,0.73,2.6,54540,58.33,16740,17.9,Summer,Summer,2024-02
B01552,P028,"Merken (smoked chili), bag 100g",Chili,Primary,Curico Chili & Sauces,2024-03-20,2025-01-14,28,bag 100g,Partial Loss,27.19,0.81,2.9,54380,58.16,16580,17.73,Autumn,Autumn,2024-03
B01553,P028,"Merken (smoked chili), bag 100g",Chili,Primary,Curico Chili & Sauces,2024-04-15,2025-02-09,68,bag 100g,Sold Out,68.0,0.0,0.0,136000,145.45,44200,47.27,Autumn,Autumn,2024-04
B01554,P028,"Merken (smoked chili), bag 100g",Chili,Primary,Curico Chili & Sauces,2024-05-19,2025-03-15,87,bag 100g,Sold Out,87.0,0.0,0.0,174000,186.1,56550,60.48,Autumn,Autumn,2024-05
B01555,P028,"Merken (smoked chili), bag 100g",Chili,Primary,Curico Chili & Sauces,2024-06-30,2025-04-26,90,bag 100g,Sold Out,90.0,0.0,0.0,180000,192.51,58500,62.57,Winter,Winter,2024-06
B01556,P028,"Merken (smoked chili), bag 100g",Chili,Primary,Curico Chili & Sauces,2024-08-08,2025-06-04,76,bag 100g,Sold Out,76.0,0.0,0.0,152000,162.57,49400,52.83,Winter,Winter,2024-08
B01557,P028,"Merken (smoked chili), bag 100g",Chili,Primary,Curico Chili & Sauces,2024-09-06,2025-07-03,106,bag 100g,Partial Loss,105.26,0.74,0.7,210520,225.16,67420,72.11,Spring,Spring,2024-09
B01558,P028,"Merken (smoked chili), bag 100g",Chili,Primary,Curico Chili & Sauces,2024-10-08,2025-08-04,32,bag 100g,Partial Loss,31.3,0.7,2.2,62600,66.95,19400,20.75,Spring,Spring,2024-10
B01559,P028,"Merken (smoked chili), bag 100g",Chili,Primary,Curico Chili & Sauces,2024-11-13,2025-09-09,33,bag 100g,Sold Out,33.0,0.0,0.0,66000,70.59,21450,22.94,Spring,Spring,2024-11
B01560,P028,"Merken (smoked chili), bag 100g",Chili,Primary,Curico Chili & Sauces,2024-12-19,2025-10-15,36,bag 100g,Partial Loss,34.74,1.26,3.5,69480,74.31,20880,22.33,Summer,Summer,2024-12
B01561,P028,"Merken (smoked chili), bag 100g",Chili,Primary,Curico Chili & Sauces,2025-01-24,2025-11-20,29,bag 100g,Sold Out,29.0,0.0,0.0,58000,62.03,18850,20.16,Summer,Summer,2025-01
B01562,P028,"Merken (smoked chili), bag 100g",Chili,Primary,Curico Chili & Sauces,2025-02-26,2025-12-23,28,bag 100g,Partial Loss,27.24,0.76,2.7,54480,58.27,16680,17.84,Summer,Summer,2025-02
B01563,P028,"Merken (smoked chili), bag 100g",Chili,Primary,Curico Chili & Sauces,2025-03-31,2026-01-25,30,bag 100g,Partial Loss,29.04,0.96,3.2,58080,62.12,17580,18.8,Autumn,Autumn,2025-03
B01564,P028,"Merken (smoked chili), bag 100g",Chili,Primary,Curico Chili & Sauces,2025-05-12,2026-03-08,99,bag 100g,Sold Out,99.0,0.0,0.0,198000,211.76,64350,68.82,Autumn,Autumn,2025-05
B01565,P028,"Merken (smoked chili), bag 100g",Chili,Primary,Curico Chili & Sauces,2025-06-16,2026-04-12,75,bag 100g,Sold Out,75.0,0.0,0.0,150000,160.43,48750,52.14,Winter,Winter,2025-06
B01566,P029,"Whole dried red chili, bag 100g",Chili,Primary,Curico Chili & Sauces,2023-07-26,2024-05-21,75,bag 100g,Partial Loss,74.33,0.67,0.9,148660,158.99,43660,46.7,Winter,Winter,2023-07
B01567,P029,"Whole dried red chili, bag 100g",Chili,Primary,Curico Chili & Sauces,2023-08-25,2024-06-20,84,bag 100g,Sold Out,84.0,0.0,0.0,168000,179.68,50400,53.9,Winter,Winter,2023-08
B01568,P029,"Whole dried red chili, bag 100g",Chili,Primary,Curico Chili & Sauces,2023-09-25,2024-07-21,105,bag 100g,Sold Out,105.0,0.0,0.0,210000,224.6,63000,67.38,Spring,Spring,2023-09
B01569,P029,"Whole dried red chili, bag 100g",Chili,Primary,Curico Chili & Sauces,2023-10-30,2024-08-25,33,bag 100g,Partial Loss,32.08,0.92,2.8,64160,68.62,17960,19.21,Spring,Spring,2023-10
B01570,P029,"Whole dried red chili, bag 100g",Chili,Primary,Curico Chili & Sauces,2023-11-26,2024-09-21,30,bag 100g,Sold Out,30.0,0.0,0.0,60000,64.17,18000,19.25,Spring,Spring,2023-11
B01571,P029,"Whole dried red chili, bag 100g",Chili,Primary,Curico Chili & Sauces,2024-01-07,2024-11-02,28,bag 100g,Partial Loss,27.27,0.73,2.6,54540,58.33,15340,16.41,Summer,Summer,2024-01
B01572,P029,"Whole dried red chili, bag 100g",Chili,Primary,Curico Chili & Sauces,2024-02-09,2024-12-05,33,bag 100g,Partial Loss,32.57,0.43,1.3,65140,69.67,18940,20.26,Summer,Summer,2024-02
B01573,P029,"Whole dried red chili, bag 100g",Chili,Primary,Curico Chili & Sauces,2024-03-19,2025-01-13,33,bag 100g,Partial Loss,31.88,1.12,3.4,63760,68.19,17560,18.78,Autumn,Autumn,2024-03
B01574,P029,"Whole dried red chili, bag 100g",Chili,Primary,Curico Chili & Sauces,2024-04-22,2025-02-16,83,bag 100g,Sold Out,83.0,0.0,0.0,166000,177.54,49800,53.26,Autumn,Autumn,2024-04
B01575,P029,"Whole dried red chili, bag 100g",Chili,Primary,Curico Chili & Sauces,2024-05-17,2025-03-13,70,bag 100g,Sold Out,70.0,0.0,0.0,140000,149.73,42000,44.92,Autumn,Autumn,2024-05
B01576,P029,"Whole dried red chili, bag 100g",Chili,Primary,Curico Chili & Sauces,2024-06-13,2025-04-09,72,bag 100g,Sold Out,72.0,0.0,0.0,144000,154.01,43200,46.2,Winter,Winter,2024-06
B01577,P029,"Whole dried red chili, bag 100g",Chili,Primary,Curico Chili & Sauces,2024-07-21,2025-05-17,69,bag 100g,Sold Out,69.0,0.0,0.0,138000,147.59,41400,44.28,Winter,Winter,2024-07
B01578,P029,"Whole dried red chili, bag 100g",Chili,Primary,Curico Chili & Sauces,2024-08-22,2025-06-18,75,bag 100g,Partial Loss,73.12,1.88,2.5,146240,156.41,41240,44.11,Winter,Winter,2024-08
B01579,P029,"Whole dried red chili, bag 100g",Chili,Backup,Merken del Sur,2024-09-25,2025-07-22,108,bag 100g,Sold Out,108.0,0.0,0.0,216000,231.02,54000,57.75,Spring,Spring,2024-09
B01580,P029,"Whole dried red chili, bag 100g",Chili,Primary,Curico Chili & Sauces,2024-10-25,2025-08-21,31,bag 100g,Sold Out,31.0,0.0,0.0,62000,66.31,18600,19.89,Spring,Spring,2024-10
B01581,P029,"Whole dried red chili, bag 100g",Chili,Primary,Curico Chili & Sauces,2024-12-02,2025-09-28,34,bag 100g,Sold Out,34.0,0.0,0.0,68000,72.73,20400,21.82,Summer,Summer,2024-12
B01582,P029,"Whole dried red chili, bag 100g",Chili,Primary,Curico Chili & Sauces,2024-12-30,2025-10-26,41,bag 100g,Sold Out,41.0,0.0,0.0,82000,87.7,24600,26.31,Summer,Summer,2024-12
B01583,P029,"Whole dried red chili, bag 100g",Chili,Primary,Curico Chili & Sauces,2025-01-24,2025-11-20,29,bag 100g,Partial Loss,28.13,0.87,3.0,56260,60.17,15660,16.75,Summer,Summer,2025-01
B01584,P029,"Whole dried red chili, bag 100g",Chili,Primary,Curico Chili & Sauces,2025-03-01,2025-12-26,35,bag 100g,Sold Out,35.0,0.0,0.0,70000,74.87,21000,22.46,Autumn,Autumn,2025-03
B01585,P029,"Whole dried red chili, bag 100g",Chili,Primary,Curico Chili & Sauces,2025-03-31,2026-01-25,33,bag 100g,Partial Loss,32.31,0.69,2.1,64620,69.11,18420,19.7,Autumn,Autumn,2025-03
B01586,P029,"Whole dried red chili, bag 100g",Chili,Primary,Curico Chili & Sauces,2025-04-30,2026-02-24,94,bag 100g,Sold Out,94.0,0.0,0.0,188000,201.07,56400,60.32,Autumn,Autumn,2025-04
B01587,P029,"Whole dried red chili, bag 100g",Chili,Primary,Curico Chili & Sauces,2025-06-12,2026-04-08,78,bag 100g,Sold Out,78.0,0.0,0.0,156000,166.84,46800,50.05,Winter,Winter,2025-06
B01588,P030,"All-purpose seasoning, bag 100g",Seasonings,Primary,Valley Spices SpA,2023-07-31,2025-01-21,53,bag 100g,Partial Loss,52.68,0.32,0.6,79020,84.51,23370,24.99,Winter,Winter,2023-07
B01589,P030,"All-purpose seasoning, bag 100g",Seasonings,Primary,Valley Spices SpA,2023-10-04,2025-03-27,44,bag 100g,Sold Out,44.0,0.0,0.0,66000,70.59,19800,21.18,Spring,Spring,2023-10
B01590,P030,"All-purpose seasoning, bag 100g",Seasonings,Primary,Valley Spices SpA,2023-11-24,2025-05-17,43,bag 100g,Partial Loss,42.48,0.52,1.2,63720,68.15,18570,19.86,Spring,Spring,2023-11
B01591,P030,"All-purpose seasoning, bag 100g",Seasonings,Primary,Valley Spices SpA,2024-01-28,2025-07-21,52,bag 100g,Partial Loss,51.22,0.78,1.5,76830,82.17,22230,23.78,Summer,Summer,2024-01
B01592,P030,"All-purpose seasoning, bag 100g",Seasonings,Primary,Valley Spices SpA,2024-03-23,2025-09-14,52,bag 100g,Partial Loss,51.64,0.36,0.7,77460,82.84,22860,24.45,Autumn,Autumn,2024-03
B01593,P030,"All-purpose seasoning, bag 100g",Seasonings,Backup,Especias Andinas,2024-05-26,2025-11-17,45,bag 100g,Sold Out,45.0,0.0,0.0,67500,72.19,20250,21.66,Autumn,Autumn,2024-05
B01594,P030,"All-purpose seasoning, bag 100g",Seasonings,Backup,Especias Andinas,2024-07-27,2026-01-18,43,bag 100g,Sold Out,43.0,0.0,0.0,64500,68.98,19350,20.7,Winter,Winter,2024-07
B01595,P030,"All-purpose seasoning, bag 100g",Seasonings,Primary,Valley Spices SpA,2024-09-13,2026-03-07,65,bag 100g,Partial Loss,63.89,1.1,1.7,95835,102.5,27585,29.5,Spring,Spring,2024-09
B01596,P030,"All-purpose seasoning, bag 100g",Seasonings,Primary,Valley Spices SpA,2024-10-26,2026-04-19,44,bag 100g,Partial Loss,43.52,0.48,1.1,65280,69.82,19080,20.41,Spring,Spring,2024-10
B01597,P030,"All-purpose seasoning, bag 100g",Seasonings,Primary,Valley Spices SpA,2024-12-28,2026-06-21,64,bag 100g,Partial Loss,63.42,0.58,0.9,95130,101.74,27930,29.87,Summer,Summer,2024-12
B01598,P030,"All-purpose seasoning, bag 100g",Seasonings,Backup,Especias Andinas,2025-02-14,2026-08-08,52,bag 100g,Partial Loss,51.84,0.16,0.3,77760,83.17,23160,24.77,Summer,Summer,2025-02
B01599,P030,"All-purpose seasoning, bag 100g",Seasonings,Primary,Valley Spices SpA,2025-04-30,2026-10-22,49,bag 100g,Sold Out,49.0,0.0,0.0,73500,78.61,22050,23.58,Autumn,Autumn,2025-04
B01600,P031,"Ground cumin, bag 100g",Seasonings,Primary,Valley Spices SpA,2023-07-20,2025-01-10,44,bag 100g,Sold Out,44.0,0.0,0.0,66000,70.59,19800,21.18,Winter,Winter,2023-07
B01601,P031,"Ground cumin, bag 100g",Seasonings,Primary,Valley Spices SpA,2023-09-06,2025-02-27,61,bag 100g,Sold Out,61.0,0.0,0.0,91500,97.86,27450,29.36,Spring,Spring,2023-09
B01602,P031,"Ground cumin, bag 100g",Seasonings,Primary,Valley Spices SpA,2023-11-02,2025-04-25,44,bag 100g,Sold Out,44.0,0.0,0.0,66000,70.59,19800,21.18,Spring,Spring,2023-11
B01603,P031,"Ground cumin, bag 100g",Seasonings,Primary,Valley Spices SpA,2024-01-05,2025-06-28,45,bag 100g,Sold Out,45.0,0.0,0.0,67500,72.19,20250,21.66,Summer,Summer,2024-01
B01604,P031,"Ground cumin, bag 100g",Seasonings,Primary,Valley Spices SpA,2024-02-25,2025-08-18,48,bag 100g,Sold Out,48.0,0.0,0.0,72000,77.01,21600,23.1,Summer,Summer,2024-02
B01605,P031,"Ground cumin, bag 100g",Seasonings,Primary,Valley Spices SpA,2024-04-16,2025-10-08,56,bag 100g,Partial Loss,55.5,0.5,0.9,83250,89.04,24450,26.15,Autumn,Autumn,2024-04
B01606,P031,"Ground cumin, bag 100g",Seasonings,Backup,Especias Andinas,2024-05-27,2025-11-18,57,bag 100g,Partial Loss,56.94,0.06,0.1,85410,91.35,25560,27.34,Autumn,Autumn,2024-05
B01607,P031,"Ground cumin, bag 100g",Seasonings,Primary,Valley Spices SpA,2024-08-07,2026-01-29,47,bag 100g,Sold Out,47.0,0.0,0.0,70500,75.4,21150,22.62,Winter,Winter,2024-08
B01608,P031,"Ground cumin, bag 100g",Seasonings,Primary,Valley Spices SpA,2024-10-06,2026-03-30,44,bag 100g,Sold Out,44.0,0.0,0.0,66000,70.59,19800,21.18,Spring,Spring,2024-10
B01609,P031,"Ground cumin, bag 100g",Seasonings,Backup,Especias Andinas,2024-11-30,2026-05-24,56,bag 100g,Sold Out,56.0,0.0,0.0,84000,89.84,25200,26.95,Spring,Spring,2024-11
B01610,P031,"Ground cumin, bag 100g",Seasonings,Primary,Valley Spices SpA,2025-02-08,2026-08-02,52,bag 100g,Sold Out,52.0,0.0,0.0,78000,83.42,23400,25.03,Summer,Summer,2025-02
B01611,P031,"Ground cumin, bag 100g",Seasonings,Primary,Valley Spices SpA,2025-04-18,2026-10-10,50,bag 100g,Partial Loss,49.45,0.55,1.1,74175,79.33,21675,23.18,Autumn,Autumn,2025-04
B01612,P031,"Ground cumin, bag 100g",Seasonings,Primary,Valley Spices SpA,2025-06-07,2026-11-29,51,bag 100g,Sold Out,51.0,0.0,0.0,76500,81.82,22950,24.55,Winter,Winter,2025-06
B01613,P032,"Oregano, bag 50g",Seasonings,Backup,Especias Andinas,2023-08-13,2025-02-03,55,bag 50g,Sold Out,55.0,0.0,0.0,55000,58.82,16500,17.65,Winter,Winter,2023-08
B01614,P032,"Oregano, bag 50g",Seasonings,Primary,Valley Spices SpA,2023-10-14,2025-04-06,49,bag 50g,Sold Out,49.0,0.0,0.0,49000,52.41,14700,15.72,Spring,Spring,2023-10
B01615,P032,"Oregano, bag 50g",Seasonings,Primary,Valley Spices SpA,2023-11-24,2025-05-17,51,bag 50g,Sold Out,51.0,0.0,0.0,51000,54.55,15300,16.36,Spring,Spring,2023-11
B01616,P032,"Oregano, bag 50g",Seasonings,Primary,Valley Spices SpA,2024-02-05,2025-07-29,52,bag 50g,Sold Out,52.0,0.0,0.0,52000,55.61,15600,16.68,Summer,Summer,2024-02
B01617,P032,"Oregano, bag 50g",Seasonings,Primary,Valley Spices SpA,2024-04-12,2025-10-04,54,bag 50g,Partial Loss,53.08,0.92,1.7,53080,56.77,15280,16.34,Autumn,Autumn,2024-04
B01618,P032,"Oregano, bag 50g",Seasonings,Primary,Valley Spices SpA,2024-06-20,2025-12-12,51,bag 50g,Partial Loss,50.18,0.82,1.6,50180,53.67,14480,15.49,Winter,Winter,2024-06
B01619,P032,"Oregano, bag 50g",Seasonings,Primary,Valley Spices SpA,2024-08-15,2026-02-06,44,bag 50g,Sold Out,44.0,0.0,0.0,44000,47.06,13200,14.12,Winter,Winter,2024-08
B01620,P032,"Oregano, bag 50g",Seasonings,Primary,Valley Spices SpA,2024-10-15,2026-04-08,57,bag 50g,Sold Out,57.0,0.0,0.0,57000,60.96,17100,18.29,Spring,Spring,2024-10
B01621,P032,"Oregano, bag 50g",Seasonings,Backup,Especias Andinas,2024-12-01,2026-05-25,59,bag 50g,Partial Loss,58.47,0.53,0.9,58470,62.53,17170,18.36,Summer,Summer,2024-12
B01622,P032,"Oregano, bag 50g",Seasonings,Primary,Valley Spices SpA,2025-01-25,2026-07-19,56,bag 50g,Sold Out,56.0,0.0,0.0,56000,59.89,16800,17.97,Summer,Summer,2025-01
B01623,P032,"Oregano, bag 50g",Seasonings,Primary,Valley Spices SpA,2025-04-01,2026-09-23,52,bag 50g,Sold Out,52.0,0.0,0.0,52000,55.61,15600,16.68,Autumn,Autumn,2025-04
B01624,P032,"Oregano, bag 50g",Seasonings,Primary,Valley Spices SpA,2025-05-20,2026-11-11,48,bag 50g,Sold Out,48.0,0.0,0.0,48000,51.34,14400,15.4,Autumn,Autumn,2025-05
B01625,P033,"Ground pepper, bag 100g",Seasonings,Primary,Valley Spices SpA,2023-07-14,2025-01-04,44,bag 100g,Sold Out,44.0,0.0,0.0,88000,94.12,24200,25.88,Winter,Winter,2023-07
B01626,P033,"Ground pepper, bag 100g",Seasonings,Primary,Valley Spices SpA,2023-09-09,2025-03-02,58,bag 100g,Sold Out,58.0,0.0,0.0,116000,124.06,31900,34.12,Spring,Spring,2023-09
B01627,P033,"Ground pepper, bag 100g",Seasonings,Primary,Valley Spices SpA,2023-11-13,2025-05-06,44,bag 100g,Sold Out,44.0,0.0,0.0,88000,94.12,24200,25.88,Spring,Spring,2023-11
B01628,P033,"Ground pepper, bag 100g",Seasonings,Primary,Valley Spices SpA,2024-01-21,2025-07-14,57,bag 100g,Sold Out,57.0,0.0,0.0,114000,121.93,31350,33.53,Summer,Summer,2024-01
B01629,P033,"Ground pepper, bag 100g",Seasonings,Primary,Valley Spices SpA,2024-03-14,2025-09-05,53,bag 100g,Partial Loss,52.31,0.69,1.3,104620,111.89,27770,29.7,Autumn,Autumn,2024-03
B01630,P033,"Ground pepper, bag 100g",Seasonings,Backup,Especias Andinas,2024-05-27,2025-11-18,44,bag 100g,Sold Out,44.0,0.0,0.0,88000,94.12,28600,30.59,Autumn,Autumn,2024-05
B01631,P033,"Ground pepper, bag 100g",Seasonings,Primary,Valley Spices SpA,2024-07-29,2026-01-20,54,bag 100g,Sold Out,54.0,0.0,0.0,108000,115.51,29700,31.76,Winter,Winter,2024-07
B01632,P033,"Ground pepper, bag 100g",Seasonings,Primary,Valley Spices SpA,2024-09-22,2026-03-16,59,bag 100g,Sold Out,59.0,0.0,0.0,118000,126.2,32450,34.71,Spring,Spring,2024-09
B01633,P033,"Ground pepper, bag 100g",Seasonings,Primary,Valley Spices SpA,2024-11-12,2026-05-06,52,bag 100g,Sold Out,52.0,0.0,0.0,104000,111.23,28600,30.59,Spring,Spring,2024-11
B01634,P033,"Ground pepper, bag 100g",Seasonings,Backup,Especias Andinas,2025-01-18,2026-07-12,53,bag 100g,Sold Out,53.0,0.0,0.0,106000,113.37,34450,36.84,Summer,Summer,2025-01
B01635,P033,"Ground pepper, bag 100g",Seasonings,Primary,Valley Spices SpA,2025-03-22,2026-09-13,46,bag 100g,Sold Out,46.0,0.0,0.0,92000,98.4,25300,27.06,Autumn,Autumn,2025-03
B01636,P033,"Ground pepper, bag 100g",Seasonings,Primary,Valley Spices SpA,2025-05-08,2026-10-30,55,bag 100g,Partial Loss,54.28,0.71,1.3,108560,116.11,28810,30.81,Autumn,Autumn,2025-05
B01637,P034,"Bay leaves, bag 50g",Seasonings,Primary,Valley Spices SpA,2023-07-02,2024-12-23,43,bag 50g,Partial Loss,42.61,0.39,0.9,42610,45.57,14660,15.68,Winter,Winter,2023-07
B01638,P034,"Bay leaves, bag 50g",Seasonings,Primary,Valley Spices SpA,2023-08-28,2025-02-18,47,bag 50g,Partial Loss,46.77,0.24,0.5,46770,50.02,16220,17.35,Winter,Winter,2023-08
B01639,P034,"Bay leaves, bag 50g",Seasonings,Primary,Valley Spices SpA,2023-10-11,2025-04-03,43,bag 50g,Partial Loss,42.4,0.6,1.4,42400,45.35,14450,15.45,Spring,Spring,2023-10
B01640,P034,"Bay leaves, bag 50g",Seasonings,Primary,Valley Spices SpA,2023-12-04,2025-05-27,73,bag 50g,Sold Out,73.0,0.0,0.0,73000,78.07,25550,27.33,Summer,Summer,2023-12
B01641,P034,"Bay leaves, bag 50g",Seasonings,Primary,Valley Spices SpA,2024-02-01,2025-07-25,57,bag 50g,Sold Out,57.0,0.0,0.0,57000,60.96,19950,21.34,Summer,Summer,2024-02
B01642,P034,"Bay leaves, bag 50g",Seasonings,Backup,Especias Andinas,2024-03-19,2025-09-10,51,bag 50g,Sold Out,51.0,0.0,0.0,51000,54.55,17850,19.09,Autumn,Autumn,2024-03
B01643,P034,"Bay leaves, bag 50g",Seasonings,Backup,Especias Andinas,2024-05-29,2025-11-20,50,bag 50g,Sold Out,50.0,0.0,0.0,50000,53.48,17500,18.72,Autumn,Autumn,2024-05
B01644,P034,"Bay leaves, bag 50g",Seasonings,Backup,Especias Andinas,2024-07-23,2026-01-14,57,bag 50g,Partial Loss,56.14,0.85,1.5,56140,60.04,19090,20.42,Winter,Winter,2024-07
B01645,P034,"Bay leaves, bag 50g",Seasonings,Primary,Valley Spices SpA,2024-09-21,2026-03-15,66,bag 50g,Partial Loss,65.34,0.66,1.0,65340,69.88,22440,24.0,Spring,Spring,2024-09
B01646,P034,"Bay leaves, bag 50g",Seasonings,Primary,Valley Spices SpA,2024-11-12,2026-05-06,57,bag 50g,Partial Loss,56.14,0.85,1.5,56140,60.04,19090,20.42,Spring,Spring,2024-11
B01647,P034,"Bay leaves, bag 50g",Seasonings,Primary,Valley Spices SpA,2024-12-23,2026-06-16,58,bag 50g,Partial Loss,57.25,0.75,1.3,57250,61.23,19550,20.91,Summer,Summer,2024-12
B01648,P034,"Bay leaves, bag 50g",Seasonings,Primary,Valley Spices SpA,2025-02-16,2026-08-10,49,bag 50g,Sold Out,49.0,0.0,0.0,49000,52.41,17150,18.34,Summer,Summer,2025-02
B01649,P034,"Bay leaves, bag 50g",Seasonings,Primary,Valley Spices SpA,2025-04-12,2026-10-04,50,bag 50g,Sold Out,50.0,0.0,0.0,50000,53.48,17500,18.72,Autumn,Autumn,2025-04
B01650,P034,"Bay leaves, bag 50g",Seasonings,Primary,Valley Spices SpA,2025-06-19,2026-12-11,51,bag 50g,Sold Out,51.0,0.0,0.0,51000,54.55,17850,19.09,Winter,Winter,2025-06
B01651,P035,"Paprika, bag 100g",Seasonings,Primary,Valley Spices SpA,2023-08-07,2025-01-28,50,bag 100g,Partial Loss,49.35,0.65,1.3,74025,79.17,21525,23.02,Winter,Winter,2023-08
B01652,P035,"Paprika, bag 100g",Seasonings,Primary,Valley Spices SpA,2023-10-08,2025-03-31,54,bag 100g,Sold Out,54.0,0.0,0.0,81000,86.63,24300,25.99,Spring,Spring,2023-10
B01653,P035,"Paprika, bag 100g",Seasonings,Primary,Valley Spices SpA,2023-12-15,2025-06-07,67,bag 100g,Sold Out,67.0,0.0,0.0,100500,107.49,30150,32.25,Summer,Summer,2023-12
B01654,P035,"Paprika, bag 100g",Seasonings,Primary,Valley Spices SpA,2024-02-16,2025-08-09,48,bag 100g,Partial Loss,47.47,0.53,1.1,71205,76.16,20805,22.25,Summer,Summer,2024-02
B01655,P035,"Paprika, bag 100g",Seasonings,Primary,Valley Spices SpA,2024-04-22,2025-10-14,45,bag 100g,Partial Loss,44.69,0.32,0.7,67035,71.7,19785,21.16,Autumn,Autumn,2024-04
B01656,P035,"Paprika, bag 100g",Seasonings,Primary,Valley Spices SpA,2024-06-27,2025-12-19,54,bag 100g,Sold Out,54.0,0.0,0.0,81000,86.63,24300,25.99,Winter,Winter,2024-06
B01657,P035,"Paprika, bag 100g",Seasonings,Primary,Valley Spices SpA,2024-08-22,2026-02-13,43,bag 100g,Partial Loss,42.4,0.6,1.4,63600,68.02,18450,19.73,Winter,Winter,2024-08
B01658,P035,"Paprika, bag 100g",Seasonings,Primary,Valley Spices SpA,2024-10-03,2026-03-27,45,bag 100g,Sold Out,45.0,0.0,0.0,67500,72.19,20250,21.66,Spring,Spring,2024-10
B01659,P035,"Paprika, bag 100g",Seasonings,Primary,Valley Spices SpA,2024-11-22,2026-05-16,52,bag 100g,Partial Loss,51.43,0.57,1.1,77145,82.51,22545,24.11,Spring,Spring,2024-11
B01660,P035,"Paprika, bag 100g",Seasonings,Primary,Valley Spices SpA,2025-01-20,2026-07-14,58,bag 100g,Sold Out,58.0,0.0,0.0,87000,93.05,26100,27.91,Summer,Summer,2025-01
B01661,P035,"Paprika, bag 100g",Seasonings,Primary,Valley Spices SpA,2025-03-24,2026-09-15,52,bag 100g,Sold Out,52.0,0.0,0.0,78000,83.42,23400,25.03,Autumn,Autumn,2025-03
B01662,P035,"Paprika, bag 100g",Seasonings,Primary,Valley Spices SpA,2025-05-23,2026-11-14,52,bag 100g,Partial Loss,51.01,0.99,1.9,76515,81.83,21915,23.44,Autumn,Autumn,2025-05
B01663,P036,"Garlic powder, bag 100g",Seasonings,Primary,Valley Spices SpA,2023-08-03,2025-01-24,51,bag 100g,Partial Loss,50.59,0.41,0.8,75885,81.16,22335,23.89,Winter,Winter,2023-08
B01664,P036,"Garlic powder, bag 100g",Seasonings,Primary,Valley Spices SpA,2023-09-27,2025-03-20,54,bag 100g,Sold Out,54.0,0.0,0.0,81000,86.63,24300,25.99,Spring,Spring,2023-09
B01665,P036,"Garlic powder, bag 100g",Seasonings,Primary,Valley Spices SpA,2023-11-21,2025-05-14,51,bag 100g,Sold Out,51.0,0.0,0.0,76500,81.82,22950,24.55,Spring,Spring,2023-11
B01666,P036,"Garlic powder, bag 100g",Seasonings,Primary,Valley Spices SpA,2024-02-06,2025-07-30,56,bag 100g,Sold Out,56.0,0.0,0.0,84000,89.84,25200,26.95,Summer,Summer,2024-02
B01667,P036,"Garlic powder, bag 100g",Seasonings,Primary,Valley Spices SpA,2024-04-02,2025-09-24,48,bag 100g,Partial Loss,47.28,0.72,1.5,70920,75.85,20520,21.95,Autumn,Autumn,2024-04
B01668,P036,"Garlic powder, bag 100g",Seasonings,Primary,Valley Spices SpA,2024-05-18,2025-11-09,52,bag 100g,Sold Out,52.0,0.0,0.0,78000,83.42,23400,25.03,Autumn,Autumn,2024-05
B01669,P036,"Garlic powder, bag 100g",Seasonings,Primary,Valley Spices SpA,2024-07-14,2026-01-05,46,bag 100g,Sold Out,46.0,0.0,0.0,69000,73.8,20700,22.14,Winter,Winter,2024-07
B01670,P036,"Garlic powder, bag 100g",Seasonings,Primary,Valley Spices SpA,2024-08-31,2026-02-22,44,bag 100g,Partial Loss,43.34,0.66,1.5,65010,69.53,18810,20.12,Winter,Winter,2024-08
B01671,P036,"Garlic powder, bag 100g",Seasonings,Primary,Valley Spices SpA,2024-11-02,2026-04-26,46,bag 100g,Sold Out,46.0,0.0,0.0,69000,73.8,20700,22.14,Spring,Spring,2024-11
B01672,P036,"Garlic powder, bag 100g",Seasonings,Primary,Valley Spices SpA,2025-01-03,2026-06-27,56,bag 100g,Partial Loss,55.1,0.9,1.6,82650,88.4,23850,25.51,Summer,Summer,2025-01
B01673,P036,"Garlic powder, bag 100g",Seasonings,Primary,Valley Spices SpA,2025-02-27,2026-08-21,46,bag 100g,Partial Loss,45.49,0.51,1.1,68235,72.98,19935,21.32,Summer,Summer,2025-02
B01674,P036,"Garlic powder, bag 100g",Seasonings,Primary,Valley Spices SpA,2025-04-21,2026-10-13,56,bag 100g,Partial Loss,55.44,0.56,1.0,83160,88.94,24360,26.05,Autumn,Autumn,2025-04
B01675,P037,"Curry powder, bag 100g",Seasonings,Primary,Valley Spices SpA,2023-08-04,2025-01-25,46,bag 100g,Partial Loss,45.72,0.28,0.6,68580,73.35,22580,24.15,Winter,Winter,2023-08
B01676,P037,"Curry powder, bag 100g",Seasonings,Primary,Valley Spices SpA,2023-09-28,2025-03-21,58,bag 100g,Partial Loss,57.48,0.52,0.9,86220,92.21,28220,30.18,Spring,Spring,2023-09
B01677,P037,"Curry powder, bag 100g",Seasonings,Primary,Valley Spices SpA,2023-11-07,2025-04-30,53,bag 100g,Sold Out,53.0,0.0,0.0,79500,85.03,26500,28.34,Spring,Spring,2023-11
B01678,P037,"Curry powder, bag 100g",Seasonings,Primary,Valley Spices SpA,2024-01-05,2025-06-28,43,bag 100g,Partial Loss,42.35,0.65,1.5,63525,67.94,20525,21.95,Summer,Summer,2024-01
B01679,P037,"Curry powder, bag 100g",Seasonings,Primary,Valley Spices SpA,2024-03-12,2025-09-03,49,bag 100g,Sold Out,49.0,0.0,0.0,73500,78.61,24500,26.2,Autumn,Autumn,2024-03
B01680,P037,"Curry powder, bag 100g",Seasonings,Backup,Especias Andinas,2024-06-01,2025-11-23,47,bag 100g,Sold Out,47.0,0.0,0.0,70500,75.4,23500,25.13,Winter,Winter,2024-06
B01681,P037,"Curry powder, bag 100g",Seasonings,Primary,Valley Spices SpA,2024-08-02,2026-01-24,45,bag 100g,Sold Out,45.0,0.0,0.0,67500,72.19,22500,24.06,Winter,Winter,2024-08
B01682,P037,"Curry powder, bag 100g",Seasonings,Primary,Valley Spices SpA,2024-09-28,2026-03-22,64,bag 100g,Sold Out,64.0,0.0,0.0,96000,102.67,32000,34.22,Spring,Spring,2024-09
B01683,P037,"Curry powder, bag 100g",Seasonings,Primary,Valley Spices SpA,2024-12-15,2026-06-08,70,bag 100g,Sold Out,70.0,0.0,0.0,105000,112.3,35000,37.43,Summer,Summer,2024-12
B01684,P037,"Curry powder, bag 100g",Seasonings,Primary,Valley Spices SpA,2025-02-04,2026-07-29,49,bag 100g,Sold Out,49.0,0.0,0.0,73500,78.61,24500,26.2,Summer,Summer,2025-02
B01685,P037,"Curry powder, bag 100g",Seasonings,Primary,Valley Spices SpA,2025-04-06,2026-09-28,48,bag 100g,Sold Out,48.0,0.0,0.0,72000,77.01,24000,25.67,Autumn,Autumn,2025-04
B01686,P037,"Curry powder, bag 100g",Seasonings,Primary,Valley Spices SpA,2025-06-03,2026-11-25,58,bag 100g,Sold Out,58.0,0.0,0.0,87000,93.05,29000,31.02,Winter,Winter,2025-06
B01687,P038,"Ground cinnamon, bag 100g",Seasonings,Primary,Valley Spices SpA,2023-07-18,2025-01-08,73,bag 100g,Sold Out,73.0,0.0,0.0,109500,117.11,32850,35.13,Winter,Winter,2023-07
B01688,P038,"Ground cinnamon, bag 100g",Seasonings,Primary,Valley Spices SpA,2023-09-07,2025-02-28,96,bag 100g,Sold Out,96.0,0.0,0.0,144000,154.01,43200,46.2,Spring,Spring,2023-09
B01689,P038,"Ground cinnamon, bag 100g",Seasonings,Primary,Valley Spices SpA,2023-10-23,2025-04-15,27,bag 100g,Partial Loss,26.54,0.46,1.7,39810,42.58,11460,12.26,Spring,Spring,2023-10
B01690,P038,"Ground cinnamon, bag 100g",Seasonings,Primary,Valley Spices SpA,2023-12-02,2025-05-25,43,bag 100g,Sold Out,43.0,0.0,0.0,64500,68.98,19350,20.7,Summer,Summer,2023-12
B01691,P038,"Ground cinnamon, bag 100g",Seasonings,Primary,Valley Spices SpA,2024-01-31,2025-07-24,27,bag 100g,Partial Loss,26.65,0.35,1.3,39975,42.75,11625,12.43,Summer,Summer,2024-01
B01692,P038,"Ground cinnamon, bag 100g",Seasonings,Primary,Valley Spices SpA,2024-03-27,2025-09-18,32,bag 100g,Partial Loss,31.26,0.74,2.3,46890,50.15,13290,14.21,Autumn,Autumn,2024-03
B01693,P038,"Ground cinnamon, bag 100g",Seasonings,Primary,Valley Spices SpA,2024-05-09,2025-10-31,78,bag 100g,Sold Out,78.0,0.0,0.0,117000,125.13,35100,37.54,Autumn,Autumn,2024-05
B01694,P038,"Ground cinnamon, bag 100g",Seasonings,Primary,Valley Spices SpA,2024-07-07,2025-12-29,68,bag 100g,Partial Loss,67.18,0.82,1.2,100770,107.78,29370,31.41,Winter,Winter,2024-07
B01695,P038,"Ground cinnamon, bag 100g",Seasonings,Primary,Valley Spices SpA,2024-09-22,2026-03-16,98,bag 100g,Sold Out,98.0,0.0,0.0,147000,157.22,44100,47.17,Spring,Spring,2024-09
B01696,P038,"Ground cinnamon, bag 100g",Seasonings,Primary,Valley Spices SpA,2024-12-07,2026-05-31,42,bag 100g,Sold Out,42.0,0.0,0.0,63000,67.38,18900,20.21,Summer,Summer,2024-12
B01697,P038,"Ground cinnamon, bag 100g",Seasonings,Primary,Valley Spices SpA,2025-02-03,2026-07-28,36,bag 100g,Partial Loss,35.71,0.29,0.8,53565,57.29,15765,16.86,Summer,Summer,2025-02
B01698,P038,"Ground cinnamon, bag 100g",Seasonings,Primary,Valley Spices SpA,2025-04-13,2026-10-05,82,bag 100g,Partial Loss,81.75,0.25,0.3,122625,131.15,36525,39.06,Autumn,Autumn,2025-04
B01699,P038,"Ground cinnamon, bag 100g",Seasonings,Primary,Valley Spices SpA,2025-06-20,2026-12-12,82,bag 100g,Sold Out,82.0,0.0,0.0,123000,131.55,36900,39.47,Winter,Winter,2025-06
B01700,P039,"Ground turmeric, bag 100g",Seasonings,Primary,Valley Spices SpA,2023-08-15,2025-02-05,45,bag 100g,Sold Out,45.0,0.0,0.0,67500,72.19,20250,21.66,Winter,Winter,2023-08
B01701,P039,"Ground turmeric, bag 100g",Seasonings,Primary,Valley Spices SpA,2023-10-22,2025-04-14,49,bag 100g,Sold Out,49.0,0.0,0.0,73500,78.61,22050,23.58,Spring,Spring,2023-10
B01702,P039,"Ground turmeric, bag 100g",Seasonings,Primary,Valley Spices SpA,2023-12-11,2025-06-03,63,bag 100g,Sold Out,63.0,0.0,0.0,94500,101.07,28350,30.32,Summer,Summer,2023-12
B01703,P039,"Ground turmeric, bag 100g",Seasonings,Primary,Valley Spices SpA,2024-02-06,2025-07-30,55,bag 100g,Sold Out,55.0,0.0,0.0,82500,88.24,24750,26.47,Summer,Summer,2024-02
B01704,P039,"Ground turmeric, bag 100g",Seasonings,Primary,Valley Spices SpA,2024-04-19,2025-10-11,57,bag 100g,Sold Out,57.0,0.0,0.0,85500,91.44,25650,27.43,Autumn,Autumn,2024-04
B01705,P039,"Ground turmeric, bag 100g",Seasonings,Primary,Valley Spices SpA,2024-05-28,2025-11-19,56,bag 100g,Partial Loss,55.33,0.67,1.2,82995,88.76,24195,25.88,Autumn,Autumn,2024-05
B01706,P039,"Ground turmeric, bag 100g",Seasonings,Primary,Valley Spices SpA,2024-07-27,2026-01-18,45,bag 100g,Partial Loss,44.73,0.27,0.6,67095,71.76,19845,21.22,Winter,Winter,2024-07
B01707,P039,"Ground turmeric, bag 100g",Seasonings,Primary,Valley Spices SpA,2024-09-25,2026-03-19,65,bag 100g,Partial Loss,64.28,0.71,1.1,96420,103.12,28170,30.13,Spring,Spring,2024-09
B01708,P039,"Ground turmeric, bag 100g",Seasonings,Primary,Valley Spices SpA,2024-11-23,2026-05-17,43,bag 100g,Sold Out,43.0,0.0,0.0,64500,68.98,19350,20.7,Spring,Spring,2024-11
B01709,P039,"Ground turmeric, bag 100g",Seasonings,Primary,Valley Spices SpA,2025-01-20,2026-07-14,55,bag 100g,Partial Loss,54.67,0.33,0.6,82005,87.71,24255,25.94,Summer,Summer,2025-01
B01710,P039,"Ground turmeric, bag 100g",Seasonings,Primary,Valley Spices SpA,2025-03-15,2026-09-06,54,bag 100g,Sold Out,54.0,0.0,0.0,81000,86.63,24300,25.99,Autumn,Autumn,2025-03
B01711,P039,"Ground turmeric, bag 100g",Seasonings,Primary,Valley Spices SpA,2025-05-06,2026-10-28,55,bag 100g,Partial Loss,54.45,0.55,1.0,81675,87.35,23925,25.59,Autumn,Autumn,2025-05
B01712,P040,"Herbs de Provence mix, bag 50g",Seasonings,Backup,Especias Andinas,2023-08-19,2025-02-09,54,bag 50g,Sold Out,54.0,0.0,0.0,108000,115.51,29700,31.76,Winter,Winter,2023-08
B01713,P040,"Herbs de Provence mix, bag 50g",Seasonings,Primary,Valley Spices SpA,2023-10-27,2025-04-19,57,bag 50g,Sold Out,57.0,0.0,0.0,114000,121.93,37050,39.63,Spring,Spring,2023-10
B01714,P040,"Herbs de Provence mix, bag 50g",Seasonings,Primary,Valley Spices SpA,2024-01-04,2025-06-27,46,bag 50g,Sold Out,46.0,0.0,0.0,92000,98.4,29900,31.98,Summer,Summer,2024-01
B01715,P040,"Herbs de Provence mix, bag 50g",Seasonings,Primary,Valley Spices SpA,2024-03-08,2025-08-30,56,bag 50g,Sold Out,56.0,0.0,0.0,112000,119.79,36400,38.93,Autumn,Autumn,2024-03
B01716,P040,"Herbs de Provence mix, bag 50g",Seasonings,Primary,Valley Spices SpA,2024-05-07,2025-10-29,56,bag 50g,Partial Loss,55.66,0.34,0.6,111320,119.06,35720,38.2,Autumn,Autumn,2024-05
B01717,P040,"Herbs de Provence mix, bag 50g",Seasonings,Backup,Especias Andinas,2024-06-30,2025-12-22,50,bag 50g,Partial Loss,49.15,0.85,1.7,98300,105.13,25800,27.59,Winter,Winter,2024-06
B01718,P040,"Herbs de Provence mix, bag 50g",Seasonings,Primary,Valley Spices SpA,2024-09-02,2026-02-24,56,bag 50g,Partial Loss,55.61,0.39,0.7,111220,118.95,35620,38.1,Spring,Spring,2024-09
B01719,P040,"Herbs de Provence mix, bag 50g",Seasonings,Primary,Valley Spices SpA,2024-10-31,2026-04-24,55,bag 50g,Partial Loss,54.45,0.55,1.0,108900,116.47,34650,37.06,Spring,Spring,2024-10
B01720,P040,"Herbs de Provence mix, bag 50g",Seasonings,Primary,Valley Spices SpA,2024-12-29,2026-06-22,73,bag 50g,Sold Out,73.0,0.0,0.0,146000,156.15,47450,50.75,Summer,Summer,2024-12
B01721,P040,"Herbs de Provence mix, bag 50g",Seasonings,Primary,Valley Spices SpA,2025-02-20,2026-08-14,51,bag 50g,Partial Loss,50.13,0.87,1.7,100260,107.23,31410,33.59,Summer,Summer,2025-02
B01722,P040,"Herbs de Provence mix, bag 50g",Seasonings,Primary,Valley Spices SpA,2025-04-16,2026-10-08,58,bag 50g,Sold Out,58.0,0.0,0.0,116000,124.06,37700,40.32,Autumn,Autumn,2025-04
B01723,P040,"Herbs de Provence mix, bag 50g",Seasonings,Primary,Valley Spices SpA,2025-06-11,2026-12-03,46,bag 50g,Sold Out,46.0,0.0,0.0,92000,98.4,29900,31.98,Winter,Winter,2025-06
B01724,P041,"Multiflora honey, bottle 500g",Honey,Primary,Los Ulmos Apiary,2023-08-29,2025-08-28,24,bottle 500g,Sold Out,24.0,0.0,0.0,108000,115.51,32400,34.65,Winter,Winter,2023-08
B01725,P041,"Multiflora honey, bottle 500g",Honey,Primary,Los Ulmos Apiary,2023-10-14,2025-10-13,21,bottle 500g,Sold Out,21.0,0.0,0.0,94500,101.07,28350,30.32,Spring,Spring,2023-10
B01726,P041,"Multiflora honey, bottle 500g",Honey,Primary,Los Ulmos Apiary,2023-12-12,2025-12-11,35,bottle 500g,Partial Loss,33.91,1.08,3.1,152595,163.2,42345,45.29,Summer,Summer,2023-12
B01727,P041,"Multiflora honey, bottle 500g",Honey,Primary,Los Ulmos Apiary,2024-02-13,2026-02-12,27,bottle 500g,Partial Loss,25.84,1.16,4.3,116280,124.36,31230,33.4,Summer,Summer,2024-02
B01728,P041,"Multiflora honey, bottle 500g",Honey,Primary,Los Ulmos Apiary,2024-03-24,2026-03-24,23,bottle 500g,Sold Out,23.0,0.0,0.0,103500,110.7,31050,33.21,Autumn,Autumn,2024-03
B01729,P041,"Multiflora honey, bottle 500g",Honey,Primary,Los Ulmos Apiary,2024-05-20,2026-05-20,26,bottle 500g,Sold Out,26.0,0.0,0.0,117000,125.13,35100,37.54,Autumn,Autumn,2024-05
B01730,P041,"Multiflora honey, bottle 500g",Honey,Backup,Miel Nativa Ltda.,2024-07-14,2026-07-14,20,bottle 500g,Sold Out,20.0,0.0,0.0,90000,96.26,23000,24.6,Winter,Winter,2024-07
B01731,P041,"Multiflora honey, bottle 500g",Honey,Primary,Los Ulmos Apiary,2024-09-26,2026-09-26,32,bottle 500g,Sold Out,32.0,0.0,0.0,144000,154.01,43200,46.2,Spring,Spring,2024-09
B01732,P041,"Multiflora honey, bottle 500g",Honey,Primary,Los Ulmos Apiary,2024-11-14,2026-11-14,24,bottle 500g,Partial Loss,23.11,0.89,3.7,103995,111.22,28395,30.37,Spring,Spring,2024-11
B01733,P041,"Multiflora honey, bottle 500g",Honey,Primary,Los Ulmos Apiary,2025-01-28,2027-01-28,25,bottle 500g,Partial Loss,24.12,0.88,3.5,108540,116.09,29790,31.86,Summer,Summer,2025-01
B01734,P041,"Multiflora honey, bottle 500g",Honey,Backup,Miel Nativa Ltda.,2025-03-12,2027-03-12,27,bottle 500g,Sold Out,27.0,0.0,0.0,121500,129.95,31050,33.21,Autumn,Autumn,2025-03
B01735,P041,"Multiflora honey, bottle 500g",Honey,Primary,Los Ulmos Apiary,2025-05-26,2027-05-26,23,bottle 500g,Partial Loss,22.43,0.58,2.5,100935,107.95,28485,30.47,Autumn,Autumn,2025-05
B01736,P042,"Ulmo honey, bottle 500g",Honey,Primary,Los Ulmos Apiary,2023-08-03,2025-08-02,26,bottle 500g,Sold Out,26.0,0.0,0.0,143000,152.94,39000,41.71,Winter,Winter,2023-08
B01737,P042,"Ulmo honey, bottle 500g",Honey,Primary,Los Ulmos Apiary,2023-10-02,2025-10-01,26,bottle 500g,Sold Out,26.0,0.0,0.0,143000,152.94,39000,41.71,Spring,Spring,2023-10
B01738,P042,"Ulmo honey, bottle 500g",Honey,Primary,Los Ulmos Apiary,2023-12-02,2025-12-01,30,bottle 500g,Sold Out,30.0,0.0,0.0,165000,176.47,45000,48.13,Summer,Summer,2023-12
B01739,P042,"Ulmo honey, bottle 500g",Honey,Primary,Los Ulmos Apiary,2024-02-01,2026-01-31,28,bottle 500g,Sold Out,28.0,0.0,0.0,154000,164.71,42000,44.92,Summer,Summer,2024-02
B01740,P042,"Ulmo honey, bottle 500g",Honey,Primary,Los Ulmos Apiary,2024-04-11,2026-04-11,27,bottle 500g,Sold Out,27.0,0.0,0.0,148500,158.82,40500,43.32,Autumn,Autumn,2024-04
B01741,P042,"Ulmo honey, bottle 500g",Honey,Primary,Los Ulmos Apiary,2024-06-22,2026-06-22,25,bottle 500g,Partial Loss,24.77,0.22,0.9,136235,145.71,36235,38.75,Winter,Winter,2024-06
B01742,P042,"Ulmo honey, bottle 500g",Honey,Backup,Miel Nativa Ltda.,2024-08-23,2026-08-23,25,bottle 500g,Partial Loss,24.4,0.6,2.4,134200,143.53,32950,35.24,Winter,Winter,2024-08
B01743,P042,"Ulmo honey, bottle 500g",Honey,Primary,Los Ulmos Apiary,2024-10-07,2026-10-07,20,bottle 500g,Sold Out,20.0,0.0,0.0,110000,117.65,30000,32.09,Spring,Spring,2024-10
B01744,P042,"Ulmo honey, bottle 500g",Honey,Primary,Los Ulmos Apiary,2024-12-11,2026-12-11,32,bottle 500g,Sold Out,32.0,0.0,0.0,176000,188.24,48000,51.34,Summer,Summer,2024-12
B01745,P042,"Ulmo honey, bottle 500g",Honey,Primary,Los Ulmos Apiary,2025-02-10,2027-02-10,26,bottle 500g,Sold Out,26.0,0.0,0.0,143000,152.94,39000,41.71,Summer,Summer,2025-02
B01746,P042,"Ulmo honey, bottle 500g",Honey,Primary,Los Ulmos Apiary,2025-04-27,2027-04-27,26,bottle 500g,Sold Out,26.0,0.0,0.0,143000,152.94,39000,41.71,Autumn,Autumn,2025-04
B01747,P042,"Ulmo honey, bottle 500g",Honey,Primary,Los Ulmos Apiary,2025-06-21,2027-06-21,30,bottle 500g,Partial Loss,29.43,0.57,1.9,161865,173.12,41865,44.78,Winter,Winter,2025-06
B01748,P043,"Quillay honey, bottle 500g",Honey,Primary,Los Ulmos Apiary,2023-07-05,2025-07-04,22,bottle 500g,Sold Out,22.0,0.0,0.0,110000,117.65,34100,36.47,Winter,Winter,2023-07
B01749,P043,"Quillay honey, bottle 500g",Honey,Primary,Los Ulmos Apiary,2023-09-04,2025-09-03,27,bottle 500g,Sold Out,27.0,0.0,0.0,135000,144.39,41850,44.76,Spring,Spring,2023-09
B01750,P043,"Quillay honey, bottle 500g",Honey,Primary,Los Ulmos Apiary,2023-11-06,2025-11-05,23,bottle 500g,Partial Loss,22.33,0.67,2.9,111650,119.41,32300,34.55,Spring,Spring,2023-11
B01751,P043,"Quillay honey, bottle 500g",Honey,Primary,Los Ulmos Apiary,2024-02-02,2026-02-01,25,bottle 500g,Sold Out,25.0,0.0,0.0,125000,133.69,38750,41.44,Summer,Summer,2024-02
B01752,P043,"Quillay honey, bottle 500g",Honey,Primary,Los Ulmos Apiary,2024-04-02,2026-04-02,27,bottle 500g,Partial Loss,26.0,1.0,3.7,130000,139.04,36850,39.41,Autumn,Autumn,2024-04
B01753,P043,"Quillay honey, bottle 500g",Honey,Primary,Los Ulmos Apiary,2024-05-26,2026-05-26,27,bottle 500g,Sold Out,27.0,0.0,0.0,135000,144.39,41850,44.76,Autumn,Autumn,2024-05
B01754,P043,"Quillay honey, bottle 500g",Honey,Primary,Los Ulmos Apiary,2024-08-07,2026-08-07,24,bottle 500g,Sold Out,24.0,0.0,0.0,120000,128.34,37200,39.79,Winter,Winter,2024-08
B01755,P043,"Quillay honey, bottle 500g",Honey,Primary,Los Ulmos Apiary,2024-10-06,2026-10-06,25,bottle 500g,Sold Out,25.0,0.0,0.0,125000,133.69,38750,41.44,Spring,Spring,2024-10
B01756,P043,"Quillay honey, bottle 500g",Honey,Primary,Los Ulmos Apiary,2024-11-24,2026-11-24,26,bottle 500g,Sold Out,26.0,0.0,0.0,130000,139.04,40300,43.1,Spring,Spring,2024-11
B01757,P043,"Quillay honey, bottle 500g",Honey,Primary,Los Ulmos Apiary,2025-01-13,2027-01-13,26,bottle 500g,Partial Loss,24.83,1.17,4.5,124150,132.78,34450,36.84,Summer,Summer,2025-01
B01758,P043,"Quillay honey, bottle 500g",Honey,Primary,Los Ulmos Apiary,2025-03-04,2027-03-04,29,bottle 500g,Partial Loss,28.22,0.78,2.7,141100,150.91,41050,43.9,Autumn,Autumn,2025-03
B01759,P043,"Quillay honey, bottle 500g",Honey,Primary,Los Ulmos Apiary,2025-05-05,2027-05-05,24,bottle 500g,Sold Out,24.0,0.0,0.0,120000,128.34,37200,39.79,Autumn,Autumn,2025-05
B01760,P044,"Organic wildflower honey, bottle 500g",Honey,Primary,Los Ulmos Apiary,2023-07-26,2025-07-25,23,bottle 500g,Sold Out,23.0,0.0,0.0,138000,147.59,43700,46.74,Winter,Winter,2023-07
B01761,P044,"Organic wildflower honey, bottle 500g",Honey,Primary,Los Ulmos Apiary,2023-09-12,2025-09-11,27,bottle 500g,Sold Out,27.0,0.0,0.0,162000,173.26,51300,54.87,Spring,Spring,2023-09
B01762,P044,"Organic wildflower honey, bottle 500g",Honey,Primary,Los Ulmos Apiary,2023-10-30,2025-10-29,23,bottle 500g,Sold Out,23.0,0.0,0.0,138000,147.59,43700,46.74,Spring,Spring,2023-10
B01763,P044,"Organic wildflower honey, bottle 500g",Honey,Primary,Los Ulmos Apiary,2023-12-14,2025-12-13,28,bottle 500g,Partial Loss,27.44,0.56,2.0,164640,176.09,49840,53.3,Summer,Summer,2023-12
B01764,P044,"Organic wildflower honey, bottle 500g",Honey,Backup,Miel Nativa Ltda.,2024-02-22,2026-02-21,24,bottle 500g,Sold Out,24.0,0.0,0.0,144000,154.01,37200,39.79,Summer,Summer,2024-02
B01765,P044,"Organic wildflower honey, bottle 500g",Honey,Primary,Los Ulmos Apiary,2024-04-25,2026-04-25,22,bottle 500g,Sold Out,22.0,0.0,0.0,132000,141.18,41800,44.71,Autumn,Autumn,2024-04
B01766,P044,"Organic wildflower honey, bottle 500g",Honey,Primary,Los Ulmos Apiary,2024-06-08,2026-06-08,26,bottle 500g,Sold Out,26.0,0.0,0.0,156000,166.84,49400,52.83,Winter,Winter,2024-06
B01767,P044,"Organic wildflower honey, bottle 500g",Honey,Primary,Los Ulmos Apiary,2024-08-14,2026-08-14,25,bottle 500g,Partial Loss,24.62,0.38,1.5,147720,157.99,45220,48.36,Winter,Winter,2024-08
B01768,P044,"Organic wildflower honey, bottle 500g",Honey,Primary,Los Ulmos Apiary,2024-10-09,2026-10-09,25,bottle 500g,Partial Loss,24.45,0.55,2.2,146700,156.9,44200,47.27,Spring,Spring,2024-10
B01769,P044,"Organic wildflower honey, bottle 500g",Honey,Primary,Los Ulmos Apiary,2024-12-06,2026-12-06,29,bottle 500g,Sold Out,29.0,0.0,0.0,174000,186.1,55100,58.93,Summer,Summer,2024-12
B01770,P044,"Organic wildflower honey, bottle 500g",Honey,Primary,Los Ulmos Apiary,2025-02-01,2027-02-01,24,bottle 500g,Sold Out,24.0,0.0,0.0,144000,154.01,45600,48.77,Summer,Summer,2025-02
B01771,P044,"Organic wildflower honey, bottle 500g",Honey,Primary,Los Ulmos Apiary,2025-04-02,2027-04-02,24,bottle 500g,Sold Out,24.0,0.0,0.0,144000,154.01,45600,48.77,Autumn,Autumn,2025-04
B01772,P044,"Organic wildflower honey, bottle 500g",Honey,Primary,Los Ulmos Apiary,2025-06-04,2027-06-04,27,bottle 500g,Sold Out,27.0,0.0,0.0,162000,173.26,51300,54.87,Winter,Winter,2025-06
B01773,P045,"Honeycomb, box 400g",Honey,Primary,Los Ulmos Apiary,2023-07-28,2025-07-27,26,box 400g,Sold Out,26.0,0.0,0.0,169000,180.75,46800,50.05,Winter,Winter,2023-07
B01774,P045,"Honeycomb, box 400g",Honey,Primary,Los Ulmos Apiary,2023-09-15,2025-09-14,33,box 400g,Sold Out,33.0,0.0,0.0,214500,229.41,59400,63.53,Spring,Spring,2023-09
B01775,P045,"Honeycomb, box 400g",Honey,Primary,Los Ulmos Apiary,2023-11-11,2025-11-10,25,box 400g,Sold Out,25.0,0.0,0.0,162500,173.8,45000,48.13,Spring,Spring,2023-11
B01776,P045,"Honeycomb, box 400g",Honey,Primary,Los Ulmos Apiary,2024-01-29,2026-01-28,25,box 400g,Sold Out,25.0,0.0,0.0,162500,173.8,45000,48.13,Summer,Summer,2024-01
B01777,P045,"Honeycomb, box 400g",Honey,Primary,Los Ulmos Apiary,2024-03-14,2026-03-14,25,box 400g,Sold Out,25.0,0.0,0.0,162500,173.8,45000,48.13,Autumn,Autumn,2024-03
B01778,P045,"Honeycomb, box 400g",Honey,Primary,Los Ulmos Apiary,2024-05-03,2026-05-03,23,box 400g,Partial Loss,22.75,0.25,1.1,147875,158.16,39775,42.54,Autumn,Autumn,2024-05
B01779,P045,"Honeycomb, box 400g",Honey,Primary,Los Ulmos Apiary,2024-06-24,2026-06-24,26,box 400g,Partial Loss,25.53,0.47,1.8,165945,177.48,43745,46.79,Winter,Winter,2024-06
B01780,P045,"Honeycomb, box 400g",Honey,Primary,Los Ulmos Apiary,2024-08-30,2026-08-30,27,box 400g,Partial Loss,26.08,0.92,3.4,169520,181.3,42620,45.58,Winter,Winter,2024-08
B01781,P045,"Honeycomb, box 400g",Honey,Primary,Los Ulmos Apiary,2024-10-28,2026-10-28,27,box 400g,Sold Out,27.0,0.0,0.0,175500,187.7,48600,51.98,Spring,Spring,2024-10
B01782,P045,"Honeycomb, box 400g",Honey,Primary,Los Ulmos Apiary,2024-12-28,2026-12-28,35,box 400g,Sold Out,35.0,0.0,0.0,227500,243.32,63000,67.38,Summer,Summer,2024-12
B01783,P045,"Honeycomb, box 400g",Honey,Primary,Los Ulmos Apiary,2025-02-18,2027-02-18,26,box 400g,Partial Loss,24.91,1.09,4.2,161915,173.17,39715,42.48,Summer,Summer,2025-02
B01784,P045,"Honeycomb, box 400g",Honey,Primary,Los Ulmos Apiary,2025-04-16,2027-04-16,26,box 400g,Partial Loss,25.19,0.81,3.1,163735,175.12,41535,44.42,Autumn,Autumn,2025-04
B01785,P045,"Honeycomb, box 400g",Honey,Primary,Los Ulmos Apiary,2025-06-09,2027-06-09,30,box 400g,Sold Out,30.0,0.0,0.0,195000,208.56,54000,57.75,Winter,Winter,2025-06
B01786,P046,Roasted salted peanuts,Peanuts,Primary,Maipo Nuts Ltd.,2023-07-04,2023-12-31,18,kg,Sold Out,18.0,0.0,0.0,117000,125.13,31500,33.69,Winter,Winter,2023-07
B01787,P046,Roasted salted peanuts,Peanuts,Primary,Maipo Nuts Ltd.,2023-07-22,2024-01-18,17,kg,Partial Loss,16.01,0.99,5.8,104065,111.3,23315,24.94,Winter,Winter,2023-07
B01788,P046,Roasted salted peanuts,Peanuts,Primary,Maipo Nuts Ltd.,2023-08-12,2024-02-08,23,kg,Partial Loss,21.55,1.45,6.3,140075,149.81,30825,32.97,Winter,Winter,2023-08
B01789,P046,Roasted salted peanuts,Peanuts,Primary,Maipo Nuts Ltd.,2023-09-04,2024-03-02,28,kg,Sold Out,28.0,0.0,0.0,182000,194.65,49000,52.41,Spring,Spring,2023-09
B01790,P046,Roasted salted peanuts,Peanuts,Primary,Maipo Nuts Ltd.,2023-09-22,2024-03-20,22,kg,Sold Out,22.0,0.0,0.0,143000,152.94,38500,41.18,Spring,Spring,2023-09
B01791,P046,Roasted salted peanuts,Peanuts,Primary,Maipo Nuts Ltd.,2023-10-09,2024-04-06,19,kg,Partial Loss,18.05,0.95,5.0,117325,125.48,27075,28.96,Spring,Spring,2023-10
B01792,P046,Roasted salted peanuts,Peanuts,Primary,Maipo Nuts Ltd.,2023-11-01,2024-04-29,18,kg,Partial Loss,16.94,1.06,5.9,110110,117.76,24610,26.32,Spring,Spring,2023-11
B01793,P046,Roasted salted peanuts,Peanuts,Primary,Maipo Nuts Ltd.,2023-11-22,2024-05-20,18,kg,Partial Loss,17.05,0.95,5.3,110825,118.53,25325,27.09,Spring,Spring,2023-11
B01794,P046,Roasted salted peanuts,Peanuts,Primary,Maipo Nuts Ltd.,2023-12-09,2024-06-06,25,kg,Sold Out,25.0,0.0,0.0,162500,173.8,43750,46.79,Summer,Summer,2023-12
B01795,P046,Roasted salted peanuts,Peanuts,Primary,Maipo Nuts Ltd.,2024-01-02,2024-06-30,18,kg,Partial Loss,16.4,1.6,8.9,106600,114.01,21100,22.57,Summer,Summer,2024-01
B01796,P046,Roasted salted peanuts,Peanuts,Backup,El Palomo Nuts,2024-01-26,2024-07-24,22,kg,Partial Loss,19.91,2.09,9.5,129415,138.41,17215,18.41,Summer,Summer,2024-01
B01797,P046,Roasted salted peanuts,Peanuts,Backup,El Palomo Nuts,2024-02-15,2024-08-13,17,kg,Partial Loss,15.3,1.7,10.0,99450,106.36,12750,13.64,Summer,Summer,2024-02
B01798,P046,Roasted salted peanuts,Peanuts,Primary,Maipo Nuts Ltd.,2024-03-07,2024-09-03,21,kg,Sold Out,21.0,0.0,0.0,136500,145.99,36750,39.3,Autumn,Autumn,2024-03
B01799,P046,Roasted salted peanuts,Peanuts,Primary,Maipo Nuts Ltd.,2024-03-26,2024-09-22,21,kg,Partial Loss,19.95,1.05,5.0,129675,138.69,29925,32.01,Autumn,Autumn,2024-03
B01800,P046,Roasted salted peanuts,Peanuts,Primary,Maipo Nuts Ltd.,2024-04-09,2024-10-06,19,kg,Sold Out,19.0,0.0,0.0,123500,132.09,33250,35.56,Autumn,Autumn,2024-04
B01801,P046,Roasted salted peanuts,Peanuts,Primary,Maipo Nuts Ltd.,2024-04-29,2024-10-26,17,kg,Partial Loss,16.42,0.58,3.4,106730,114.15,25980,27.79,Autumn,Autumn,2024-04
B01802,P046,Roasted salted peanuts,Peanuts,Primary,Maipo Nuts Ltd.,2024-05-14,2024-11-10,21,kg,Sold Out,21.0,0.0,0.0,136500,145.99,36750,39.3,Autumn,Autumn,2024-05
B01803,P046,Roasted salted peanuts,Peanuts,Primary,Maipo Nuts Ltd.,2024-06-09,2024-12-06,19,kg,Sold Out,19.0,0.0,0.0,123500,132.09,33250,35.56,Winter,Winter,2024-06
B01804,P046,Roasted salted peanuts,Peanuts,Primary,Maipo Nuts Ltd.,2024-06-26,2024-12-23,20,kg,Partial Loss,18.88,1.12,5.6,122720,131.25,27720,29.65,Winter,Winter,2024-06
B01805,P046,Roasted salted peanuts,Peanuts,Primary,Maipo Nuts Ltd.,2024-07-15,2025-01-11,19,kg,Partial Loss,18.28,0.72,3.8,118820,127.08,28570,30.56,Winter,Winter,2024-07
B01806,P046,Roasted salted peanuts,Peanuts,Primary,Maipo Nuts Ltd.,2024-08-10,2025-02-06,19,kg,Sold Out,19.0,0.0,0.0,123500,132.09,33250,35.56,Winter,Winter,2024-08
B01807,P046,Roasted salted peanuts,Peanuts,Primary,Maipo Nuts Ltd.,2024-09-04,2025-03-03,23,kg,Sold Out,23.0,0.0,0.0,149500,159.89,40250,43.05,Spring,Spring,2024-09
B01808,P046,Roasted salted peanuts,Peanuts,Primary,Maipo Nuts Ltd.,2024-09-23,2025-03-22,29,kg,Partial Loss,27.2,1.8,6.2,176800,189.09,39050,41.76,Spring,Spring,2024-09
B01809,P046,Roasted salted peanuts,Peanuts,Primary,Maipo Nuts Ltd.,2024-10-14,2025-04-12,19,kg,Sold Out,19.0,0.0,0.0,123500,132.09,33250,35.56,Spring,Spring,2024-10
B01810,P046,Roasted salted peanuts,Peanuts,Primary,Maipo Nuts Ltd.,2024-11-01,2025-04-30,22,kg,Sold Out,22.0,0.0,0.0,143000,152.94,38500,41.18,Spring,Spring,2024-11
B01811,P046,Roasted salted peanuts,Peanuts,Primary,Maipo Nuts Ltd.,2024-11-21,2025-05-20,18,kg,Partial Loss,16.65,1.35,7.5,108225,115.75,22725,24.3,Spring,Spring,2024-11
B01812,P046,Roasted salted peanuts,Peanuts,Backup,El Palomo Nuts,2024-12-11,2025-06-09,24,kg,Sold Out,24.0,0.0,0.0,156000,166.84,33600,35.94,Summer,Summer,2024-12
B01813,P046,Roasted salted peanuts,Peanuts,Primary,Maipo Nuts Ltd.,2024-12-28,2025-06-26,27,kg,Sold Out,27.0,0.0,0.0,175500,187.7,47250,50.53,Summer,Summer,2024-12
B01814,P046,Roasted salted peanuts,Peanuts,Primary,Maipo Nuts Ltd.,2025-01-21,2025-07-20,23,kg,Sold Out,23.0,0.0,0.0,149500,159.89,40250,43.05,Summer,Summer,2025-01
B01815,P046,Roasted salted peanuts,Peanuts,Primary,Maipo Nuts Ltd.,2025-02-07,2025-08-06,21,kg,Sold Out,21.0,0.0,0.0,136500,145.99,36750,39.3,Summer,Summer,2025-02
B01816,P046,Roasted salted peanuts,Peanuts,Primary,Maipo Nuts Ltd.,2025-02-28,2025-08-27,20,kg,Partial Loss,18.12,1.88,9.4,117780,125.97,22780,24.36,Summer,Summer,2025-02
B01817,P046,Roasted salted peanuts,Peanuts,Backup,El Palomo Nuts,2025-03-17,2025-09-13,19,kg,Partial Loss,17.71,1.29,6.8,115115,123.12,18215,19.48,Autumn,Autumn,2025-03
B01818,P046,Roasted salted peanuts,Peanuts,Backup,El Palomo Nuts,2025-04-05,2025-10-02,22,kg,Partial Loss,20.0,2.0,9.1,130000,139.04,17800,19.04,Autumn,Autumn,2025-04
B01819,P046,Roasted salted peanuts,Peanuts,Backup,El Palomo Nuts,2025-04-24,2025-10-21,23,kg,Sold Out,23.0,0.0,0.0,149500,159.89,32200,34.44,Autumn,Autumn,2025-04
B01820,P046,Roasted salted peanuts,Peanuts,Backup,El Palomo Nuts,2025-05-17,2025-11-13,21,kg,Sold Out,21.0,0.0,0.0,136500,145.99,29400,31.44,Autumn,Autumn,2025-05
B01821,P046,Roasted salted peanuts,Peanuts,Primary,Maipo Nuts Ltd.,2025-06-06,2025-12-03,22,kg,Partial Loss,20.88,1.12,5.1,135720,145.16,31220,33.39,Winter,Winter,2025-06
B01822,P046,Roasted salted peanuts,Peanuts,Primary,Maipo Nuts Ltd.,2025-06-24,2025-12-21,25,kg,Sold Out,25.0,0.0,0.0,162500,173.8,43750,46.79,Winter,Winter,2025-06
B01823,P047,Roasted unsalted peanuts,Peanuts,Primary,Maipo Nuts Ltd.,2023-07-04,2023-12-31,17,kg,Sold Out,17.0,0.0,0.0,110500,118.18,31450,33.64,Winter,Winter,2023-07
B01824,P047,Roasted unsalted peanuts,Peanuts,Backup,El Palomo Nuts,2023-07-24,2024-01-20,22,kg,Sold Out,22.0,0.0,0.0,143000,152.94,39600,42.35,Winter,Winter,2023-07
B01825,P047,Roasted unsalted peanuts,Peanuts,Primary,Maipo Nuts Ltd.,2023-08-15,2024-02-11,21,kg,Partial Loss,19.84,1.16,5.5,128960,137.93,31310,33.49,Winter,Winter,2023-08
B01826,P047,Roasted unsalted peanuts,Peanuts,Primary,Maipo Nuts Ltd.,2023-09-07,2024-03-05,24,kg,Sold Out,24.0,0.0,0.0,156000,166.84,44400,47.49,Spring,Spring,2023-09
B01827,P047,Roasted unsalted peanuts,Peanuts,Primary,Maipo Nuts Ltd.,2023-09-28,2024-03-26,29,kg,Sold Out,29.0,0.0,0.0,188500,201.6,53650,57.38,Spring,Spring,2023-09
B01828,P047,Roasted unsalted peanuts,Peanuts,Primary,Maipo Nuts Ltd.,2023-10-22,2024-04-19,21,kg,Partial Loss,20.54,0.46,2.2,133510,142.79,35860,38.35,Spring,Spring,2023-10
B01829,P047,Roasted unsalted peanuts,Peanuts,Primary,Maipo Nuts Ltd.,2023-11-12,2024-05-10,19,kg,Sold Out,19.0,0.0,0.0,123500,132.09,35150,37.59,Spring,Spring,2023-11
B01830,P047,Roasted unsalted peanuts,Peanuts,Primary,Maipo Nuts Ltd.,2023-12-07,2024-06-04,27,kg,Sold Out,27.0,0.0,0.0,175500,187.7,49950,53.42,Summer,Summer,2023-12
B01831,P047,Roasted unsalted peanuts,Peanuts,Primary,Maipo Nuts Ltd.,2023-12-29,2024-06-26,24,kg,Partial Loss,21.79,2.21,9.2,141635,151.48,30035,32.12,Summer,Summer,2023-12
B01832,P047,Roasted unsalted peanuts,Peanuts,Backup,El Palomo Nuts,2024-01-12,2024-07-10,20,kg,Partial Loss,18.3,1.7,8.5,118950,127.22,24950,26.68,Summer,Summer,2024-01
B01833,P047,Roasted unsalted peanuts,Peanuts,Primary,Maipo Nuts Ltd.,2024-01-26,2024-07-24,18,kg,Sold Out,18.0,0.0,0.0,117000,125.13,33300,35.61,Summer,Summer,2024-01
B01834,P047,Roasted unsalted peanuts,Peanuts,Primary,Maipo Nuts Ltd.,2024-02-16,2024-08-14,22,kg,Sold Out,22.0,0.0,0.0,143000,152.94,40700,43.53,Summer,Summer,2024-02
B01835,P047,Roasted unsalted peanuts,Peanuts,Backup,El Palomo Nuts,2024-03-07,2024-09-03,23,kg,Sold Out,23.0,0.0,0.0,149500,159.89,41400,44.28,Autumn,Autumn,2024-03
B01836,P047,Roasted unsalted peanuts,Peanuts,Primary,Maipo Nuts Ltd.,2024-04-02,2024-09-29,18,kg,Partial Loss,17.69,0.31,1.7,114985,122.98,31285,33.46,Autumn,Autumn,2024-04
B01837,P047,Roasted unsalted peanuts,Peanuts,Primary,Maipo Nuts Ltd.,2024-04-22,2024-10-19,22,kg,Sold Out,22.0,0.0,0.0,143000,152.94,40700,43.53,Autumn,Autumn,2024-04
B01838,P047,Roasted unsalted peanuts,Peanuts,Primary,Maipo Nuts Ltd.,2024-05-12,2024-11-08,22,kg,Partial Loss,21.27,0.73,3.3,138255,147.87,35955,38.45,Autumn,Autumn,2024-05
B01839,P047,Roasted unsalted peanuts,Peanuts,Primary,Maipo Nuts Ltd.,2024-05-24,2024-11-20,21,kg,Sold Out,21.0,0.0,0.0,136500,145.99,38850,41.55,Autumn,Autumn,2024-05
B01840,P047,Roasted unsalted peanuts,Peanuts,Primary,Maipo Nuts Ltd.,2024-06-08,2024-12-05,19,kg,Partial Loss,17.99,1.01,5.3,116935,125.06,28585,30.57,Winter,Winter,2024-06
B01841,P047,Roasted unsalted peanuts,Peanuts,Primary,Maipo Nuts Ltd.,2024-06-27,2024-12-24,19,kg,Partial Loss,17.57,1.43,7.5,114205,122.14,25855,27.65,Winter,Winter,2024-06
B01842,P047,Roasted unsalted peanuts,Peanuts,Primary,Maipo Nuts Ltd.,2024-07-17,2025-01-13,17,kg,Sold Out,17.0,0.0,0.0,110500,118.18,31450,33.64,Winter,Winter,2024-07
B01843,P047,Roasted unsalted peanuts,Peanuts,Primary,Maipo Nuts Ltd.,2024-08-04,2025-01-31,23,kg,Partial Loss,22.63,0.37,1.6,147095,157.32,40145,42.94,Winter,Winter,2024-08
B01844,P047,Roasted unsalted peanuts,Peanuts,Primary,Maipo Nuts Ltd.,2024-08-25,2025-02-21,22,kg,Partial Loss,21.12,0.88,4.0,137280,146.82,34980,37.41,Winter,Winter,2024-08
B01845,P047,Roasted unsalted peanuts,Peanuts,Primary,Maipo Nuts Ltd.,2024-09-14,2025-03-13,25,kg,Sold Out,25.0,0.0,0.0,162500,173.8,46250,49.47,Spring,Spring,2024-09
B01846,P047,Roasted unsalted peanuts,Peanuts,Primary,Maipo Nuts Ltd.,2024-09-29,2025-03-28,24,kg,Sold Out,24.0,0.0,0.0,156000,166.84,44400,47.49,Spring,Spring,2024-09
B01847,P047,Roasted unsalted peanuts,Peanuts,Primary,Maipo Nuts Ltd.,2024-10-19,2025-04-17,19,kg,Sold Out,19.0,0.0,0.0,123500,132.09,35150,37.59,Spring,Spring,2024-10
B01848,P047,Roasted unsalted peanuts,Peanuts,Primary,Maipo Nuts Ltd.,2024-11-05,2025-05-04,21,kg,Partial Loss,19.15,1.85,8.8,124475,133.13,26825,28.69,Spring,Spring,2024-11
B01849,P047,Roasted unsalted peanuts,Peanuts,Primary,Maipo Nuts Ltd.,2024-11-27,2025-05-26,18,kg,Sold Out,18.0,0.0,0.0,117000,125.13,33300,35.61,Spring,Spring,2024-11
B01850,P047,Roasted unsalted peanuts,Peanuts,Primary,Maipo Nuts Ltd.,2024-12-20,2025-06-18,24,kg,Partial Loss,21.62,2.38,9.9,140530,150.3,28930,30.94,Summer,Summer,2024-12
B01851,P047,Roasted unsalted peanuts,Peanuts,Primary,Maipo Nuts Ltd.,2025-01-13,2025-07-12,22,kg,Sold Out,22.0,0.0,0.0,143000,152.94,40700,43.53,Summer,Summer,2025-01
B01852,P047,Roasted unsalted peanuts,Peanuts,Primary,Maipo Nuts Ltd.,2025-02-02,2025-08-01,21,kg,Sold Out,21.0,0.0,0.0,136500,145.99,38850,41.55,Summer,Summer,2025-02
B01853,P047,Roasted unsalted peanuts,Peanuts,Primary,Maipo Nuts Ltd.,2025-03-03,2025-08-30,22,kg,Partial Loss,20.24,1.76,8.0,131560,140.71,29260,31.29,Autumn,Autumn,2025-03
B01854,P047,Roasted unsalted peanuts,Peanuts,Primary,Maipo Nuts Ltd.,2025-03-23,2025-09-19,21,kg,Sold Out,21.0,0.0,0.0,136500,145.99,38850,41.55,Autumn,Autumn,2025-03
B01855,P047,Roasted unsalted peanuts,Peanuts,Backup,El Palomo Nuts,2025-04-10,2025-10-07,20,kg,Sold Out,20.0,0.0,0.0,130000,139.04,36000,38.5,Autumn,Autumn,2025-04
B01856,P047,Roasted unsalted peanuts,Peanuts,Primary,Maipo Nuts Ltd.,2025-05-03,2025-10-30,18,kg,Sold Out,18.0,0.0,0.0,117000,125.13,33300,35.61,Autumn,Autumn,2025-05
B01857,P047,Roasted unsalted peanuts,Peanuts,Backup,El Palomo Nuts,2025-05-18,2025-11-14,19,kg,Sold Out,19.0,0.0,0.0,123500,132.09,34200,36.58,Autumn,Autumn,2025-05
B01858,P047,Roasted unsalted peanuts,Peanuts,Primary,Maipo Nuts Ltd.,2025-06-06,2025-12-03,25,kg,Sold Out,25.0,0.0,0.0,162500,173.8,46250,49.47,Winter,Winter,2025-06
B01859,P047,Roasted unsalted peanuts,Peanuts,Primary,Maipo Nuts Ltd.,2025-06-30,2025-12-27,25,kg,Partial Loss,24.12,0.88,3.5,156780,167.68,40530,43.35,Winter,Winter,2025-06
B01860,P048,Fried peanuts with salt,Peanuts,Primary,Maipo Nuts Ltd.,2023-07-01,2023-12-28,23,kg,Sold Out,23.0,0.0,0.0,161000,172.19,44850,47.97,Winter,Winter,2023-07
B01861,P048,Fried peanuts with salt,Peanuts,Primary,Maipo Nuts Ltd.,2023-07-16,2024-01-12,18,kg,Partial Loss,17.53,0.47,2.6,122710,131.24,31810,34.02,Winter,Winter,2023-07
B01862,P048,Fried peanuts with salt,Peanuts,Primary,Maipo Nuts Ltd.,2023-08-03,2024-01-30,22,kg,Partial Loss,20.92,1.08,4.9,146440,156.62,35340,37.8,Winter,Winter,2023-08
B01863,P048,Fried peanuts with salt,Peanuts,Primary,Maipo Nuts Ltd.,2023-08-29,2024-02-25,23,kg,Partial Loss,22.54,0.46,2.0,157780,168.75,41630,44.52,Winter,Winter,2023-08
B01864,P048,Fried peanuts with salt,Peanuts,Primary,Maipo Nuts Ltd.,2023-09-16,2024-03-14,23,kg,Partial Loss,21.87,1.13,4.9,153090,163.73,36940,39.51,Spring,Spring,2023-09
B01865,P048,Fried peanuts with salt,Peanuts,Primary,Maipo Nuts Ltd.,2023-10-09,2024-04-06,23,kg,Partial Loss,22.7,0.3,1.3,158900,169.95,42750,45.72,Spring,Spring,2023-10
B01866,P048,Fried peanuts with salt,Peanuts,Primary,Maipo Nuts Ltd.,2023-11-02,2024-04-30,21,kg,Sold Out,21.0,0.0,0.0,147000,157.22,40950,43.8,Spring,Spring,2023-11
B01867,P048,Fried peanuts with salt,Peanuts,Primary,Maipo Nuts Ltd.,2023-11-22,2024-05-20,20,kg,Sold Out,20.0,0.0,0.0,140000,149.73,39000,41.71,Spring,Spring,2023-11
B01868,P048,Fried peanuts with salt,Peanuts,Primary,Maipo Nuts Ltd.,2023-12-13,2024-06-10,26,kg,Sold Out,26.0,0.0,0.0,182000,194.65,50700,54.22,Summer,Summer,2023-12
B01869,P048,Fried peanuts with salt,Peanuts,Backup,El Palomo Nuts,2024-01-09,2024-07-07,21,kg,Sold Out,21.0,0.0,0.0,147000,157.22,35700,38.18,Summer,Summer,2024-01
B01870,P048,Fried peanuts with salt,Peanuts,Primary,Maipo Nuts Ltd.,2024-01-26,2024-07-24,18,kg,Sold Out,18.0,0.0,0.0,126000,134.76,35100,37.54,Summer,Summer,2024-01
B01871,P048,Fried peanuts with salt,Peanuts,Primary,Maipo Nuts Ltd.,2024-02-19,2024-08-17,18,kg,Partial Loss,16.09,1.91,10.6,112630,120.46,21730,23.24,Summer,Summer,2024-02
B01872,P048,Fried peanuts with salt,Peanuts,Primary,Maipo Nuts Ltd.,2024-03-18,2024-09-14,21,kg,Sold Out,21.0,0.0,0.0,147000,157.22,40950,43.8,Autumn,Autumn,2024-03
B01873,P048,Fried peanuts with salt,Peanuts,Primary,Maipo Nuts Ltd.,2024-04-05,2024-10-02,19,kg,Sold Out,19.0,0.0,0.0,133000,142.25,37050,39.63,Autumn,Autumn,2024-04
B01874,P048,Fried peanuts with salt,Peanuts,Primary,Maipo Nuts Ltd.,2024-04-24,2024-10-21,18,kg,Sold Out,18.0,0.0,0.0,126000,134.76,35100,37.54,Autumn,Autumn,2024-04
B01875,P048,Fried peanuts with salt,Peanuts,Primary,Maipo Nuts Ltd.,2024-05-14,2024-11-10,19,kg,Sold Out,19.0,0.0,0.0,133000,142.25,37050,39.63,Autumn,Autumn,2024-05
B01876,P048,Fried peanuts with salt,Peanuts,Primary,Maipo Nuts Ltd.,2024-06-04,2024-12-01,21,kg,Sold Out,21.0,0.0,0.0,147000,157.22,40950,43.8,Winter,Winter,2024-06
B01877,P048,Fried peanuts with salt,Peanuts,Primary,Maipo Nuts Ltd.,2024-06-22,2024-12-19,23,kg,Partial Loss,20.98,2.02,8.8,146860,157.07,30710,32.84,Winter,Winter,2024-06
B01878,P048,Fried peanuts with salt,Peanuts,Primary,Maipo Nuts Ltd.,2024-07-13,2025-01-09,23,kg,Partial Loss,22.33,0.67,2.9,156310,167.18,40160,42.95,Winter,Winter,2024-07
B01879,P048,Fried peanuts with salt,Peanuts,Backup,El Palomo Nuts,2024-08-03,2025-01-30,23,kg,Partial Loss,20.49,2.51,10.9,143430,153.4,21530,23.03,Winter,Winter,2024-08
B01880,P048,Fried peanuts with salt,Peanuts,Backup,El Palomo Nuts,2024-08-26,2025-02-22,18,kg,Sold Out,18.0,0.0,0.0,126000,134.76,30600,32.73,Winter,Winter,2024-08
B01881,P048,Fried peanuts with salt,Peanuts,Primary,Maipo Nuts Ltd.,2024-09-20,2025-03-19,24,kg,Partial Loss,22.63,1.37,5.7,158410,169.42,37210,39.8,Spring,Spring,2024-09
B01882,P048,Fried peanuts with salt,Peanuts,Backup,El Palomo Nuts,2024-10-09,2025-04-07,23,kg,Sold Out,23.0,0.0,0.0,161000,172.19,39100,41.82,Spring,Spring,2024-10
B01883,P048,Fried peanuts with salt,Peanuts,Backup,El Palomo Nuts,2024-10-29,2025-04-27,19,kg,Sold Out,19.0,0.0,0.0,133000,142.25,32300,34.55,Spring,Spring,2024-10
B01884,P048,Fried peanuts with salt,Peanuts,Primary,Maipo Nuts Ltd.,2024-11-14,2025-05-13,18,kg,Sold Out,18.0,0.0,0.0,126000,134.76,35100,37.54,Spring,Spring,2024-11
B01885,P048,Fried peanuts with salt,Peanuts,Primary,Maipo Nuts Ltd.,2024-12-02,2025-05-31,27,kg,Sold Out,27.0,0.0,0.0,189000,202.14,52650,56.31,Summer,Summer,2024-12
B01886,P048,Fried peanuts with salt,Peanuts,Primary,Maipo Nuts Ltd.,2024-12-21,2025-06-19,28,kg,Partial Loss,25.37,2.63,9.4,177590,189.94,36190,38.71,Summer,Summer,2024-12
B01887,P048,Fried peanuts with salt,Peanuts,Backup,El Palomo Nuts,2025-01-13,2025-07-12,20,kg,Partial Loss,18.74,1.26,6.3,131180,140.3,25180,26.93,Summer,Summer,2025-01
B01888,P048,Fried peanuts with salt,Peanuts,Primary,Maipo Nuts Ltd.,2025-02-04,2025-08-03,23,kg,Partial Loss,19.89,3.11,13.5,139230,148.91,23080,24.68,Summer,Summer,2025-02
B01889,P048,Fried peanuts with salt,Peanuts,Primary,Maipo Nuts Ltd.,2025-02-19,2025-08-18,22,kg,Sold Out,22.0,0.0,0.0,154000,164.71,42900,45.88,Summer,Summer,2025-02
B01890,P048,Fried peanuts with salt,Peanuts,Backup,El Palomo Nuts,2025-03-14,2025-09-10,22,kg,Partial Loss,20.68,1.32,6.0,144760,154.82,28160,30.12,Autumn,Autumn,2025-03
B01891,P048,Fried peanuts with salt,Peanuts,Primary,Maipo Nuts Ltd.,2025-04-03,2025-09-30,23,kg,Sold Out,23.0,0.0,0.0,161000,172.19,44850,47.97,Autumn,Autumn,2025-04
B01892,P048,Fried peanuts with salt,Peanuts,Primary,Maipo Nuts Ltd.,2025-04-23,2025-10-20,20,kg,Sold Out,20.0,0.0,0.0,140000,149.73,39000,41.71,Autumn,Autumn,2025-04
B01893,P048,Fried peanuts with salt,Peanuts,Primary,Maipo Nuts Ltd.,2025-05-11,2025-11-07,23,kg,Partial Loss,22.68,0.32,1.4,158760,169.8,42610,45.57,Autumn,Autumn,2025-05
B01894,P048,Fried peanuts with salt,Peanuts,Primary,Maipo Nuts Ltd.,2025-05-25,2025-11-21,20,kg,Sold Out,20.0,0.0,0.0,140000,149.73,39000,41.71,Autumn,Autumn,2025-05
B01895,P048,Fried peanuts with salt,Peanuts,Primary,Maipo Nuts Ltd.,2025-06-12,2025-12-09,21,kg,Sold Out,21.0,0.0,0.0,147000,157.22,40950,43.8,Winter,Winter,2025-06
B01896,P049,Japanese peanuts,Peanuts,Primary,Maipo Nuts Ltd.,2023-07-10,2024-01-06,23,kg,Partial Loss,21.71,1.29,5.6,217100,232.19,54950,58.77,Winter,Winter,2023-07
B01897,P049,Japanese peanuts,Peanuts,Primary,Maipo Nuts Ltd.,2023-07-26,2024-01-22,18,kg,Sold Out,18.0,0.0,0.0,180000,192.51,53100,56.79,Winter,Winter,2023-07
B01898,P049,Japanese peanuts,Peanuts,Primary,Maipo Nuts Ltd.,2023-08-12,2024-02-08,21,kg,Partial Loss,19.68,1.32,6.3,196800,210.48,48750,52.14,Winter,Winter,2023-08
B01899,P049,Japanese peanuts,Peanuts,Primary,Maipo Nuts Ltd.,2023-09-07,2024-03-05,27,kg,Sold Out,27.0,0.0,0.0,270000,288.77,79650,85.19,Spring,Spring,2023-09
B01900,P049,Japanese peanuts,Peanuts,Primary,Maipo Nuts Ltd.,2023-10-03,2024-03-31,21,kg,Sold Out,21.0,0.0,0.0,210000,224.6,61950,66.26,Spring,Spring,2023-10
B01901,P049,Japanese peanuts,Peanuts,Primary,Maipo Nuts Ltd.,2023-10-28,2024-04-25,19,kg,Partial Loss,16.99,2.01,10.6,169900,181.71,35950,38.45,Spring,Spring,2023-10
B01902,P049,Japanese peanuts,Peanuts,Primary,Maipo Nuts Ltd.,2023-11-14,2024-05-12,20,kg,Sold Out,20.0,0.0,0.0,200000,213.9,59000,63.1,Spring,Spring,2023-11
B01903,P049,Japanese peanuts,Peanuts,Primary,Maipo Nuts Ltd.,2023-11-30,2024-05-28,22,kg,Partial Loss,20.24,1.76,8.0,202400,216.47,47300,50.59,Spring,Spring,2023-11
B01904,P049,Japanese peanuts,Peanuts,Primary,Maipo Nuts Ltd.,2023-12-20,2024-06-17,25,kg,Partial Loss,22.48,2.53,10.1,224800,240.43,48550,51.93,Summer,Summer,2023-12
B01905,P049,Japanese peanuts,Peanuts,Primary,Maipo Nuts Ltd.,2024-01-14,2024-07-12,22,kg,Partial Loss,19.29,2.71,12.3,192900,206.31,37800,40.43,Summer,Summer,2024-01
B01906,P049,Japanese peanuts,Peanuts,Primary,Maipo Nuts Ltd.,2024-01-29,2024-07-27,20,kg,Partial Loss,17.98,2.02,10.1,179800,192.3,38800,41.5,Summer,Summer,2024-01
B01907,P049,Japanese peanuts,Peanuts,Primary,Maipo Nuts Ltd.,2024-02-17,2024-08-15,20,kg,Sold Out,20.0,0.0,0.0,200000,213.9,59000,63.1,Summer,Summer,2024-02
B01908,P049,Japanese peanuts,Peanuts,Primary,Maipo Nuts Ltd.,2024-03-11,2024-09-07,19,kg,Sold Out,19.0,0.0,0.0,190000,203.21,56050,59.95,Autumn,Autumn,2024-03
B01909,P049,Japanese peanuts,Peanuts,Primary,Maipo Nuts Ltd.,2024-04-03,2024-09-30,17,kg,Sold Out,17.0,0.0,0.0,170000,181.82,50150,53.64,Autumn,Autumn,2024-04
B01910,P049,Japanese peanuts,Peanuts,Primary,Maipo Nuts Ltd.,2024-04-22,2024-10-19,19,kg,Sold Out,19.0,0.0,0.0,190000,203.21,56050,59.95,Autumn,Autumn,2024-04
B01911,P049,Japanese peanuts,Peanuts,Primary,Maipo Nuts Ltd.,2024-05-13,2024-11-09,18,kg,Sold Out,18.0,0.0,0.0,180000,192.51,53100,56.79,Autumn,Autumn,2024-05
B01912,P049,Japanese peanuts,Peanuts,Backup,El Palomo Nuts,2024-06-08,2024-12-05,22,kg,Sold Out,22.0,0.0,0.0,220000,235.29,57200,61.18,Winter,Winter,2024-06
B01913,P049,Japanese peanuts,Peanuts,Primary,Maipo Nuts Ltd.,2024-06-26,2024-12-23,19,kg,Sold Out,19.0,0.0,0.0,190000,203.21,56050,59.95,Winter,Winter,2024-06
B01914,P049,Japanese peanuts,Peanuts,Primary,Maipo Nuts Ltd.,2024-07-15,2025-01-11,20,kg,Sold Out,20.0,0.0,0.0,200000,213.9,59000,63.1,Winter,Winter,2024-07
B01915,P049,Japanese peanuts,Peanuts,Backup,El Palomo Nuts,2024-08-04,2025-01-31,21,kg,Partial Loss,19.36,1.64,7.8,193600,207.06,38200,40.86,Winter,Winter,2024-08
B01916,P049,Japanese peanuts,Peanuts,Primary,Maipo Nuts Ltd.,2024-08-23,2025-02-19,22,kg,Sold Out,22.0,0.0,0.0,220000,235.29,64900,69.41,Winter,Winter,2024-08
B01917,P049,Japanese peanuts,Peanuts,Primary,Maipo Nuts Ltd.,2024-09-12,2025-03-11,24,kg,Sold Out,24.0,0.0,0.0,240000,256.68,70800,75.72,Spring,Spring,2024-09
B01918,P049,Japanese peanuts,Peanuts,Primary,Maipo Nuts Ltd.,2024-10-02,2025-03-31,19,kg,Sold Out,19.0,0.0,0.0,190000,203.21,56050,59.95,Spring,Spring,2024-10
B01919,P049,Japanese peanuts,Peanuts,Backup,El Palomo Nuts,2024-10-18,2025-04-16,21,kg,Partial Loss,20.03,0.97,4.6,200300,214.22,44900,48.02,Spring,Spring,2024-10
B01920,P049,Japanese peanuts,Peanuts,Primary,Maipo Nuts Ltd.,2024-11-07,2025-05-06,18,kg,Partial Loss,16.4,1.6,8.9,164000,175.4,37100,39.68,Spring,Spring,2024-11
B01921,P049,Japanese peanuts,Peanuts,Primary,Maipo Nuts Ltd.,2024-12-04,2025-06-02,25,kg,Partial Loss,23.1,1.9,7.6,231000,247.06,54750,58.56,Summer,Summer,2024-12
B01922,P049,Japanese peanuts,Peanuts,Primary,Maipo Nuts Ltd.,2024-12-22,2025-06-20,28,kg,Sold Out,28.0,0.0,0.0,280000,299.47,82600,88.34,Summer,Summer,2024-12
B01923,P049,Japanese peanuts,Peanuts,Primary,Maipo Nuts Ltd.,2025-01-19,2025-07-18,23,kg,Partial Loss,21.05,1.96,8.5,210500,225.13,48350,51.71,Summer,Summer,2025-01
B01924,P049,Japanese peanuts,Peanuts,Backup,El Palomo Nuts,2025-02-11,2025-08-10,22,kg,Sold Out,22.0,0.0,0.0,220000,235.29,57200,61.18,Summer,Summer,2025-02
B01925,P049,Japanese peanuts,Peanuts,Backup,El Palomo Nuts,2025-03-04,2025-08-31,24,kg,Partial Loss,21.91,2.09,8.7,219100,234.33,41500,44.39,Autumn,Autumn,2025-03
B01926,P049,Japanese peanuts,Peanuts,Primary,Maipo Nuts Ltd.,2025-03-22,2025-09-18,20,kg,Sold Out,20.0,0.0,0.0,200000,213.9,59000,63.1,Autumn,Autumn,2025-03
B01927,P049,Japanese peanuts,Peanuts,Primary,Maipo Nuts Ltd.,2025-04-09,2025-10-06,23,kg,Partial Loss,21.62,1.38,6.0,216200,231.23,54050,57.81,Autumn,Autumn,2025-04
B01928,P049,Japanese peanuts,Peanuts,Primary,Maipo Nuts Ltd.,2025-05-03,2025-10-30,20,kg,Sold Out,20.0,0.0,0.0,200000,213.9,59000,63.1,Autumn,Autumn,2025-05
B01929,P049,Japanese peanuts,Peanuts,Primary,Maipo Nuts Ltd.,2025-05-25,2025-11-21,25,kg,Partial Loss,23.8,1.2,4.8,238000,254.55,61750,66.04,Autumn,Autumn,2025-05
B01930,P049,Japanese peanuts,Peanuts,Primary,Maipo Nuts Ltd.,2025-06-16,2025-12-13,23,kg,Partial Loss,22.17,0.83,3.6,221700,237.11,59550,63.69,Winter,Winter,2025-06
B01931,P050,Candied peanuts (natural),Peanuts,Primary,Maipo Nuts Ltd.,2023-07-11,2024-01-07,20,kg,Sold Out,20.0,0.0,0.0,180000,192.51,51000,54.55,Winter,Winter,2023-07
B01932,P050,Candied peanuts (natural),Peanuts,Primary,Maipo Nuts Ltd.,2023-07-23,2024-01-19,20,kg,Sold Out,20.0,0.0,0.0,180000,192.51,51000,54.55,Winter,Winter,2023-07
B01933,P050,Candied peanuts (natural),Peanuts,Primary,Maipo Nuts Ltd.,2023-08-11,2024-02-07,17,kg,Partial Loss,16.03,0.97,5.7,144270,154.3,34620,37.03,Winter,Winter,2023-08
B01934,P050,Candied peanuts (natural),Peanuts,Primary,Maipo Nuts Ltd.,2023-08-27,2024-02-23,20,kg,Sold Out,20.0,0.0,0.0,180000,192.51,51000,54.55,Winter,Winter,2023-08
B01935,P050,Candied peanuts (natural),Peanuts,Primary,Maipo Nuts Ltd.,2023-09-18,2024-03-16,22,kg,Sold Out,22.0,0.0,0.0,198000,211.76,56100,60.0,Spring,Spring,2023-09
B01936,P050,Candied peanuts (natural),Peanuts,Backup,El Palomo Nuts,2023-10-06,2024-04-03,18,kg,Partial Loss,16.78,1.22,6.8,151020,161.52,31320,33.5,Spring,Spring,2023-10
B01937,P050,Candied peanuts (natural),Peanuts,Primary,Maipo Nuts Ltd.,2023-10-26,2024-04-23,21,kg,Sold Out,21.0,0.0,0.0,189000,202.14,53550,57.27,Spring,Spring,2023-10
B01938,P050,Candied peanuts (natural),Peanuts,Primary,Maipo Nuts Ltd.,2023-11-19,2024-05-17,18,kg,Partial Loss,17.55,0.45,2.5,157950,168.93,41850,44.76,Spring,Spring,2023-11
B01939,P050,Candied peanuts (natural),Peanuts,Backup,El Palomo Nuts,2023-12-16,2024-06-13,26,kg,Partial Loss,23.61,2.39,9.2,212490,227.26,39590,42.34,Summer,Summer,2023-12
B01940,P050,Candied peanuts (natural),Peanuts,Primary,Maipo Nuts Ltd.,2024-01-02,2024-06-30,18,kg,Sold Out,18.0,0.0,0.0,162000,173.26,45900,49.09,Summer,Summer,2024-01
B01941,P050,Candied peanuts (natural),Peanuts,Primary,Maipo Nuts Ltd.,2024-01-19,2024-07-17,20,kg,Partial Loss,19.38,0.62,3.1,174420,186.55,45420,48.58,Summer,Summer,2024-01
B01942,P050,Candied peanuts (natural),Peanuts,Backup,El Palomo Nuts,2024-02-08,2024-08-06,20,kg,Sold Out,20.0,0.0,0.0,180000,192.51,47000,50.27,Summer,Summer,2024-02
B01943,P050,Candied peanuts (natural),Peanuts,Backup,El Palomo Nuts,2024-02-26,2024-08-24,22,kg,Sold Out,22.0,0.0,0.0,198000,211.76,51700,55.29,Summer,Summer,2024-02
B01944,P050,Candied peanuts (natural),Peanuts,Primary,Maipo Nuts Ltd.,2024-03-16,2024-09-12,23,kg,Partial Loss,21.02,1.98,8.6,189180,202.33,40830,43.67,Autumn,Autumn,2024-03
B01945,P050,Candied peanuts (natural),Peanuts,Primary,Maipo Nuts Ltd.,2024-03-31,2024-09-27,18,kg,Partial Loss,16.6,1.4,7.8,149400,159.79,33300,35.61,Autumn,Autumn,2024-03
B01946,P050,Candied peanuts (natural),Peanuts,Primary,Maipo Nuts Ltd.,2024-04-17,2024-10-14,21,kg,Partial Loss,19.8,1.2,5.7,178200,190.59,42750,45.72,Autumn,Autumn,2024-04
B01947,P050,Candied peanuts (natural),Peanuts,Backup,El Palomo Nuts,2024-05-12,2024-11-08,20,kg,Partial Loss,19.7,0.3,1.5,177300,189.63,44300,47.38,Autumn,Autumn,2024-05
B01948,P050,Candied peanuts (natural),Peanuts,Backup,El Palomo Nuts,2024-05-31,2024-11-27,20,kg,Sold Out,20.0,0.0,0.0,180000,192.51,47000,50.27,Autumn,Autumn,2024-05
B01949,P050,Candied peanuts (natural),Peanuts,Primary,Maipo Nuts Ltd.,2024-06-17,2024-12-14,18,kg,Partial Loss,17.75,0.25,1.4,159750,170.86,43650,46.68,Winter,Winter,2024-06
B01950,P050,Candied peanuts (natural),Peanuts,Primary,Maipo Nuts Ltd.,2024-07-14,2025-01-10,20,kg,Partial Loss,19.12,0.88,4.4,172080,184.04,43080,46.07,Winter,Winter,2024-07
B01951,P050,Candied peanuts (natural),Peanuts,Primary,Maipo Nuts Ltd.,2024-08-01,2025-01-28,20,kg,Sold Out,20.0,0.0,0.0,180000,192.51,51000,54.55,Winter,Winter,2024-08
B01952,P050,Candied peanuts (natural),Peanuts,Primary,Maipo Nuts Ltd.,2024-08-17,2025-02-13,21,kg,Sold Out,21.0,0.0,0.0,189000,202.14,53550,57.27,Winter,Winter,2024-08
B01953,P050,Candied peanuts (natural),Peanuts,Backup,El Palomo Nuts,2024-09-09,2025-03-08,25,kg,Sold Out,25.0,0.0,0.0,225000,240.64,58750,62.83,Spring,Spring,2024-09
B01954,P050,Candied peanuts (natural),Peanuts,Backup,El Palomo Nuts,2024-10-05,2025-04-03,21,kg,Partial Loss,20.18,0.82,3.9,181620,194.25,41970,44.89,Spring,Spring,2024-10
B01955,P050,Candied peanuts (natural),Peanuts,Primary,Maipo Nuts Ltd.,2024-10-28,2025-04-26,20,kg,Partial Loss,19.42,0.58,2.9,174780,186.93,45780,48.96,Spring,Spring,2024-10
B01956,P050,Candied peanuts (natural),Peanuts,Primary,Maipo Nuts Ltd.,2024-11-22,2025-05-21,18,kg,Sold Out,18.0,0.0,0.0,162000,173.26,45900,49.09,Spring,Spring,2024-11
B01957,P050,Candied peanuts (natural),Peanuts,Primary,Maipo Nuts Ltd.,2024-12-08,2025-06-06,27,kg,Partial Loss,24.95,2.05,7.6,224550,240.16,50400,53.9,Summer,Summer,2024-12
B01958,P050,Candied peanuts (natural),Peanuts,Backup,El Palomo Nuts,2024-12-28,2025-06-26,24,kg,Sold Out,24.0,0.0,0.0,216000,231.02,56400,60.32,Summer,Summer,2024-12
B01959,P050,Candied peanuts (natural),Peanuts,Backup,El Palomo Nuts,2025-01-14,2025-07-13,22,kg,Partial Loss,19.65,2.35,10.7,176850,189.14,30550,32.67,Summer,Summer,2025-01
B01960,P050,Candied peanuts (natural),Peanuts,Primary,Maipo Nuts Ltd.,2025-02-02,2025-08-01,21,kg,Partial Loss,19.11,1.89,9.0,171990,183.95,36540,39.08,Summer,Summer,2025-02
B01961,P050,Candied peanuts (natural),Peanuts,Backup,El Palomo Nuts,2025-02-22,2025-08-21,23,kg,Sold Out,23.0,0.0,0.0,207000,221.39,54050,57.81,Summer,Summer,2025-02
B01962,P050,Candied peanuts (natural),Peanuts,Primary,Maipo Nuts Ltd.,2025-03-08,2025-09-04,24,kg,Sold Out,24.0,0.0,0.0,216000,231.02,61200,65.45,Autumn,Autumn,2025-03
B01963,P050,Candied peanuts (natural),Peanuts,Backup,El Palomo Nuts,2025-03-25,2025-09-21,21,kg,Sold Out,21.0,0.0,0.0,189000,202.14,49350,52.78,Autumn,Autumn,2025-03
B01964,P050,Candied peanuts (natural),Peanuts,Primary,Maipo Nuts Ltd.,2025-04-16,2025-10-13,19,kg,Sold Out,19.0,0.0,0.0,171000,182.89,48450,51.82,Autumn,Autumn,2025-04
B01965,P050,Candied peanuts (natural),Peanuts,Backup,El Palomo Nuts,2025-05-07,2025-11-03,25,kg,Sold Out,25.0,0.0,0.0,225000,240.64,58750,62.83,Autumn,Autumn,2025-05
B01966,P050,Candied peanuts (natural),Peanuts,Primary,Maipo Nuts Ltd.,2025-05-27,2025-11-23,22,kg,Sold Out,22.0,0.0,0.0,198000,211.76,56100,60.0,Autumn,Autumn,2025-05
B01967,P050,Candied peanuts (natural),Peanuts,Primary,Maipo Nuts Ltd.,2025-06-18,2025-12-15,20,kg,Partial Loss,19.02,0.98,4.9,171180,183.08,42180,45.11,Winter,Winter,2025-06
B01968,P051,Chocolate-coated peanuts,Peanuts,Primary,Maipo Nuts Ltd.,2023-07-20,2024-01-16,36,kg,Sold Out,36.0,0.0,0.0,396000,423.53,118800,127.06,Winter,Winter,2023-07
B01969,P051,Chocolate-coated peanuts,Peanuts,Primary,Maipo Nuts Ltd.,2023-08-07,2024-02-03,30,kg,Sold Out,30.0,0.0,0.0,330000,352.94,99000,105.88,Winter,Winter,2023-08
B01970,P051,Chocolate-coated peanuts,Peanuts,Primary,Maipo Nuts Ltd.,2023-09-01,2024-02-28,37,kg,Sold Out,37.0,0.0,0.0,407000,435.29,122100,130.59,Spring,Spring,2023-09
B01971,P051,Chocolate-coated peanuts,Peanuts,Primary,Maipo Nuts Ltd.,2023-09-24,2024-03-22,38,kg,Partial Loss,35.57,2.43,6.4,391270,418.47,98670,105.53,Spring,Spring,2023-09
B01972,P051,Chocolate-coated peanuts,Peanuts,Primary,Maipo Nuts Ltd.,2023-10-14,2024-04-11,13,kg,Partial Loss,11.49,1.51,11.6,126390,135.18,26290,28.12,Spring,Spring,2023-10
B01973,P051,Chocolate-coated peanuts,Peanuts,Primary,Maipo Nuts Ltd.,2023-10-30,2024-04-27,12,kg,Partial Loss,10.74,1.26,10.5,118140,126.35,25740,27.53,Spring,Spring,2023-10
B01974,P051,Chocolate-coated peanuts,Peanuts,Primary,Maipo Nuts Ltd.,2023-11-15,2024-05-13,11,kg,Partial Loss,10.0,1.0,9.1,110000,117.65,25300,27.06,Spring,Spring,2023-11
B01975,P051,Chocolate-coated peanuts,Peanuts,Primary,Maipo Nuts Ltd.,2023-12-08,2024-06-05,16,kg,Partial Loss,15.14,0.86,5.4,166540,178.12,43340,46.35,Summer,Summer,2023-12
B01976,P051,Chocolate-coated peanuts,Peanuts,Primary,Maipo Nuts Ltd.,2023-12-30,2024-06-27,16,kg,Partial Loss,13.9,2.1,13.1,152900,163.53,29700,31.76,Summer,Summer,2023-12
B01977,P051,Chocolate-coated peanuts,Peanuts,Primary,Maipo Nuts Ltd.,2024-01-22,2024-07-20,11,kg,Partial Loss,9.21,1.79,16.3,101310,108.35,16610,17.76,Summer,Summer,2024-01
B01978,P051,Chocolate-coated peanuts,Peanuts,Primary,Maipo Nuts Ltd.,2024-02-12,2024-08-10,13,kg,Partial Loss,11.13,1.87,14.4,122430,130.94,22330,23.88,Summer,Summer,2024-02
B01979,P051,Chocolate-coated peanuts,Peanuts,Primary,Maipo Nuts Ltd.,2024-02-28,2024-08-26,13,kg,Sold Out,13.0,0.0,0.0,143000,152.94,42900,45.88,Summer,Summer,2024-02
B01980,P051,Chocolate-coated peanuts,Peanuts,Primary,Maipo Nuts Ltd.,2024-03-17,2024-09-13,13,kg,Partial Loss,11.87,1.13,8.7,130570,139.65,30470,32.59,Autumn,Autumn,2024-03
B01981,P051,Chocolate-coated peanuts,Peanuts,Backup,El Palomo Nuts,2024-04-02,2024-09-29,35,kg,Sold Out,35.0,0.0,0.0,385000,411.76,98000,104.81,Autumn,Autumn,2024-04
B01982,P051,Chocolate-coated peanuts,Peanuts,Primary,Maipo Nuts Ltd.,2024-04-21,2024-10-18,30,kg,Partial Loss,29.31,0.69,2.3,322410,344.82,91410,97.76,Autumn,Autumn,2024-04
B01983,P051,Chocolate-coated peanuts,Peanuts,Primary,Maipo Nuts Ltd.,2024-05-17,2024-11-13,28,kg,Sold Out,28.0,0.0,0.0,308000,329.41,92400,98.82,Autumn,Autumn,2024-05
B01984,P051,Chocolate-coated peanuts,Peanuts,Primary,Maipo Nuts Ltd.,2024-06-05,2024-12-02,31,kg,Partial Loss,28.74,2.26,7.3,316140,338.12,77440,82.82,Winter,Winter,2024-06
B01985,P051,Chocolate-coated peanuts,Peanuts,Primary,Maipo Nuts Ltd.,2024-06-25,2024-12-22,27,kg,Sold Out,27.0,0.0,0.0,297000,317.65,89100,95.29,Winter,Winter,2024-06
B01986,P051,Chocolate-coated peanuts,Peanuts,Primary,Maipo Nuts Ltd.,2024-07-14,2025-01-10,28,kg,Partial Loss,27.61,0.39,1.4,303710,324.82,88110,94.24,Winter,Winter,2024-07
B01987,P051,Chocolate-coated peanuts,Peanuts,Primary,Maipo Nuts Ltd.,2024-08-05,2025-02-01,31,kg,Sold Out,31.0,0.0,0.0,341000,364.71,102300,109.41,Winter,Winter,2024-08
B01988,P051,Chocolate-coated peanuts,Peanuts,Primary,Maipo Nuts Ltd.,2024-08-28,2025-02-24,35,kg,Sold Out,35.0,0.0,0.0,385000,411.76,115500,123.53,Winter,Winter,2024-08
B01989,P051,Chocolate-coated peanuts,Peanuts,Backup,El Palomo Nuts,2024-09-20,2025-03-19,45,kg,Sold Out,45.0,0.0,0.0,495000,529.41,126000,134.76,Spring,Spring,2024-09
B01990,P051,Chocolate-coated peanuts,Peanuts,Primary,Maipo Nuts Ltd.,2024-10-13,2025-04-11,13,kg,Sold Out,13.0,0.0,0.0,143000,152.94,42900,45.88,Spring,Spring,2024-10
B01991,P051,Chocolate-coated peanuts,Peanuts,Backup,El Palomo Nuts,2024-11-09,2025-05-08,12,kg,Partial Loss,10.97,1.03,8.6,120670,129.06,22270,23.82,Spring,Spring,2024-11
B01992,P051,Chocolate-coated peanuts,Peanuts,Primary,Maipo Nuts Ltd.,2024-12-01,2025-05-30,14,kg,Partial Loss,12.67,1.33,9.5,139370,149.06,31570,33.76,Summer,Summer,2024-12
B01993,P051,Chocolate-coated peanuts,Peanuts,Primary,Maipo Nuts Ltd.,2024-12-23,2025-06-21,14,kg,Sold Out,14.0,0.0,0.0,154000,164.71,46200,49.41,Summer,Summer,2024-12
B01994,P051,Chocolate-coated peanuts,Peanuts,Primary,Maipo Nuts Ltd.,2025-01-16,2025-07-15,11,kg,Partial Loss,9.05,1.95,17.7,99550,106.47,14850,15.88,Summer,Summer,2025-01
B01995,P051,Chocolate-coated peanuts,Peanuts,Primary,Maipo Nuts Ltd.,2025-02-08,2025-08-07,14,kg,Partial Loss,12.11,1.89,13.5,133210,142.47,25410,27.18,Summer,Summer,2025-02
B01996,P051,Chocolate-coated peanuts,Peanuts,Primary,Maipo Nuts Ltd.,2025-02-23,2025-08-22,13,kg,Partial Loss,11.04,1.96,15.1,121440,129.88,21340,22.82,Summer,Summer,2025-02
B01997,P051,Chocolate-coated peanuts,Peanuts,Primary,Maipo Nuts Ltd.,2025-03-12,2025-09-08,12,kg,Partial Loss,10.57,1.43,11.9,116270,124.35,23870,25.53,Autumn,Autumn,2025-03
B01998,P051,Chocolate-coated peanuts,Peanuts,Primary,Maipo Nuts Ltd.,2025-03-29,2025-09-25,12,kg,Partial Loss,10.24,1.76,14.7,112640,120.47,20240,21.65,Autumn,Autumn,2025-03
B01999,P051,Chocolate-coated peanuts,Peanuts,Primary,Maipo Nuts Ltd.,2025-04-26,2025-10-23,37,kg,Sold Out,37.0,0.0,0.0,407000,435.29,122100,130.59,Autumn,Autumn,2025-04
B02000,P051,Chocolate-coated peanuts,Peanuts,Primary,Maipo Nuts Ltd.,2025-05-12,2025-11-08,37,kg,Sold Out,37.0,0.0,0.0,407000,435.29,122100,130.59,Autumn,Autumn,2025-05
B02001,P051,Chocolate-coated peanuts,Peanuts,Primary,Maipo Nuts Ltd.,2025-06-05,2025-12-02,38,kg,Sold Out,38.0,0.0,0.0,418000,447.06,125400,134.12,Winter,Winter,2025-06
B02002,P051,Chocolate-coated peanuts,Peanuts,Primary,Maipo Nuts Ltd.,2025-06-29,2025-12-26,36,kg,Sold Out,36.0,0.0,0.0,396000,423.53,118800,127.06,Winter,Winter,2025-06
B02003,P052,Peanuts with merken,Peanuts,Primary,Maipo Nuts Ltd.,2023-07-16,2024-01-12,23,kg,Sold Out,23.0,0.0,0.0,172500,184.49,50600,54.12,Winter,Winter,2023-07
B02004,P052,Peanuts with merken,Peanuts,Primary,Maipo Nuts Ltd.,2023-08-07,2024-02-03,22,kg,Partial Loss,21.38,0.62,2.8,160350,171.5,43750,46.79,Winter,Winter,2023-08
B02005,P052,Peanuts with merken,Peanuts,Primary,Maipo Nuts Ltd.,2023-09-03,2024-03-01,23,kg,Partial Loss,22.68,0.32,1.4,170100,181.93,48200,51.55,Spring,Spring,2023-09
B02006,P052,Peanuts with merken,Peanuts,Primary,Maipo Nuts Ltd.,2023-09-23,2024-03-21,26,kg,Partial Loss,25.35,0.65,2.5,190125,203.34,52325,55.96,Spring,Spring,2023-09
B02007,P052,Peanuts with merken,Peanuts,Primary,Maipo Nuts Ltd.,2023-10-13,2024-04-10,19,kg,Partial Loss,18.09,0.91,4.8,135675,145.11,34975,37.41,Spring,Spring,2023-10
B02008,P052,Peanuts with merken,Peanuts,Backup,El Palomo Nuts,2023-11-07,2024-05-05,22,kg,Sold Out,22.0,0.0,0.0,165000,176.47,44000,47.06,Spring,Spring,2023-11
B02009,P052,Peanuts with merken,Peanuts,Primary,Maipo Nuts Ltd.,2023-11-29,2024-05-27,20,kg,Sold Out,20.0,0.0,0.0,150000,160.43,44000,47.06,Spring,Spring,2023-11
B02010,P052,Peanuts with merken,Peanuts,Backup,El Palomo Nuts,2023-12-16,2024-06-13,29,kg,Sold Out,29.0,0.0,0.0,217500,232.62,58000,62.03,Summer,Summer,2023-12
B02011,P052,Peanuts with merken,Peanuts,Primary,Maipo Nuts Ltd.,2024-01-05,2024-07-03,23,kg,Partial Loss,21.14,1.86,8.1,158550,169.57,36650,39.2,Summer,Summer,2024-01
B02012,P052,Peanuts with merken,Peanuts,Primary,Maipo Nuts Ltd.,2024-01-20,2024-07-18,21,kg,Sold Out,21.0,0.0,0.0,157500,168.45,46200,49.41,Summer,Summer,2024-01
B02013,P052,Peanuts with merken,Peanuts,Primary,Maipo Nuts Ltd.,2024-02-07,2024-08-05,19,kg,Partial Loss,16.97,2.03,10.7,127275,136.12,26575,28.42,Summer,Summer,2024-02
B02014,P052,Peanuts with merken,Peanuts,Primary,Maipo Nuts Ltd.,2024-02-24,2024-08-22,23,kg,Partial Loss,21.44,1.56,6.8,160800,171.98,38900,41.6,Summer,Summer,2024-02
B02015,P052,Peanuts with merken,Peanuts,Backup,El Palomo Nuts,2024-03-14,2024-09-10,22,kg,Partial Loss,20.24,1.76,8.0,151800,162.35,30800,32.94,Autumn,Autumn,2024-03
B02016,P052,Peanuts with merken,Peanuts,Primary,Maipo Nuts Ltd.,2024-04-01,2024-09-28,21,kg,Sold Out,21.0,0.0,0.0,157500,168.45,46200,49.41,Autumn,Autumn,2024-04
B02017,P052,Peanuts with merken,Peanuts,Backup,El Palomo Nuts,2024-04-20,2024-10-17,18,kg,Partial Loss,16.69,1.31,7.3,125175,133.88,26175,27.99,Autumn,Autumn,2024-04
B02018,P052,Peanuts with merken,Peanuts,Primary,Maipo Nuts Ltd.,2024-05-11,2024-11-07,22,kg,Sold Out,22.0,0.0,0.0,165000,176.47,48400,51.76,Autumn,Autumn,2024-05
B02019,P052,Peanuts with merken,Peanuts,Primary,Maipo Nuts Ltd.,2024-05-28,2024-11-24,20,kg,Partial Loss,19.6,0.4,2.0,147000,157.22,41000,43.85,Autumn,Autumn,2024-05
B02020,P052,Peanuts with merken,Peanuts,Primary,Maipo Nuts Ltd.,2024-06-19,2024-12-16,18,kg,Sold Out,18.0,0.0,0.0,135000,144.39,39600,42.35,Winter,Winter,2024-06
B02021,P052,Peanuts with merken,Peanuts,Primary,Maipo Nuts Ltd.,2024-07-06,2025-01-02,23,kg,Sold Out,23.0,0.0,0.0,172500,184.49,50600,54.12,Winter,Winter,2024-07
B02022,P052,Peanuts with merken,Peanuts,Primary,Maipo Nuts Ltd.,2024-07-25,2025-01-21,19,kg,Sold Out,19.0,0.0,0.0,142500,152.41,41800,44.71,Winter,Winter,2024-07
B02023,P052,Peanuts with merken,Peanuts,Primary,Maipo Nuts Ltd.,2024-08-16,2025-02-12,23,kg,Partial Loss,21.76,1.24,5.4,163200,174.55,41300,44.17,Winter,Winter,2024-08
B02024,P052,Peanuts with merken,Peanuts,Primary,Maipo Nuts Ltd.,2024-09-14,2025-03-13,22,kg,Partial Loss,20.9,1.1,5.0,156750,167.65,40150,42.94,Spring,Spring,2024-09
B02025,P052,Peanuts with merken,Peanuts,Primary,Maipo Nuts Ltd.,2024-10-04,2025-04-02,22,kg,Sold Out,22.0,0.0,0.0,165000,176.47,48400,51.76,Spring,Spring,2024-10
B02026,P052,Peanuts with merken,Peanuts,Primary,Maipo Nuts Ltd.,2024-10-27,2025-04-25,23,kg,Partial Loss,21.92,1.08,4.7,164400,175.83,42500,45.45,Spring,Spring,2024-10
B02027,P052,Peanuts with merken,Peanuts,Primary,Maipo Nuts Ltd.,2024-11-19,2025-05-18,21,kg,Sold Out,21.0,0.0,0.0,157500,168.45,46200,49.41,Spring,Spring,2024-11
B02028,P052,Peanuts with merken,Peanuts,Primary,Maipo Nuts Ltd.,2024-12-05,2025-06-03,27,kg,Sold Out,27.0,0.0,0.0,202500,216.58,59400,63.53,Summer,Summer,2024-12
B02029,P052,Peanuts with merken,Peanuts,Primary,Maipo Nuts Ltd.,2024-12-27,2025-06-25,28,kg,Sold Out,28.0,0.0,0.0,210000,224.6,61600,65.88,Summer,Summer,2024-12
B02030,P052,Peanuts with merken,Peanuts,Primary,Maipo Nuts Ltd.,2025-01-15,2025-07-14,19,kg,Partial Loss,17.59,1.41,7.4,131925,141.1,31225,33.4,Summer,Summer,2025-01
B02031,P052,Peanuts with merken,Peanuts,Primary,Maipo Nuts Ltd.,2025-02-04,2025-08-03,21,kg,Sold Out,21.0,0.0,0.0,157500,168.45,46200,49.41,Summer,Summer,2025-02
B02032,P052,Peanuts with merken,Peanuts,Primary,Maipo Nuts Ltd.,2025-02-23,2025-08-22,19,kg,Sold Out,19.0,0.0,0.0,142500,152.41,41800,44.71,Summer,Summer,2025-02
B02033,P052,Peanuts with merken,Peanuts,Primary,Maipo Nuts Ltd.,2025-03-18,2025-09-14,22,kg,Sold Out,22.0,0.0,0.0,165000,176.47,48400,51.76,Autumn,Autumn,2025-03
B02034,P052,Peanuts with merken,Peanuts,Primary,Maipo Nuts Ltd.,2025-04-05,2025-10-02,23,kg,Sold Out,23.0,0.0,0.0,172500,184.49,50600,54.12,Autumn,Autumn,2025-04
B02035,P052,Peanuts with merken,Peanuts,Primary,Maipo Nuts Ltd.,2025-04-27,2025-10-24,21,kg,Sold Out,21.0,0.0,0.0,157500,168.45,46200,49.41,Autumn,Autumn,2025-04
B02036,P052,Peanuts with merken,Peanuts,Primary,Maipo Nuts Ltd.,2025-05-10,2025-11-06,25,kg,Sold Out,25.0,0.0,0.0,187500,200.53,55000,58.82,Autumn,Autumn,2025-05
B02037,P052,Peanuts with merken,Peanuts,Primary,Maipo Nuts Ltd.,2025-05-28,2025-11-24,21,kg,Sold Out,21.0,0.0,0.0,157500,168.45,46200,49.41,Autumn,Autumn,2025-05
B02038,P052,Peanuts with merken,Peanuts,Primary,Maipo Nuts Ltd.,2025-06-22,2025-12-19,18,kg,Partial Loss,16.76,1.24,6.9,125700,134.44,30300,32.41,Winter,Winter,2025-06
B02039,P053,Honey-glazed peanuts,Peanuts,Primary,Maipo Nuts Ltd.,2023-07-03,2023-12-30,21,kg,Sold Out,21.0,0.0,0.0,178500,190.91,54600,58.4,Winter,Winter,2023-07
B02040,P053,Honey-glazed peanuts,Peanuts,Primary,Maipo Nuts Ltd.,2023-07-22,2024-01-18,19,kg,Sold Out,19.0,0.0,0.0,161500,172.73,49400,52.83,Winter,Winter,2023-07
B02041,P053,Honey-glazed peanuts,Peanuts,Primary,Maipo Nuts Ltd.,2023-08-09,2024-02-05,18,kg,Partial Loss,17.33,0.67,3.7,147305,157.55,41105,43.96,Winter,Winter,2023-08
B02042,P053,Honey-glazed peanuts,Peanuts,Primary,Maipo Nuts Ltd.,2023-09-02,2024-02-29,26,kg,Partial Loss,24.67,1.33,5.1,209695,224.27,56295,60.21,Spring,Spring,2023-09
B02043,P053,Honey-glazed peanuts,Peanuts,Primary,Maipo Nuts Ltd.,2023-09-25,2024-03-23,26,kg,Sold Out,26.0,0.0,0.0,221000,236.36,67600,72.3,Spring,Spring,2023-09
B02044,P053,Honey-glazed peanuts,Peanuts,Primary,Maipo Nuts Ltd.,2023-10-15,2024-04-12,22,kg,Partial Loss,20.02,1.98,9.0,170170,182.0,40370,43.18,Spring,Spring,2023-10
B02045,P053,Honey-glazed peanuts,Peanuts,Primary,Maipo Nuts Ltd.,2023-11-03,2024-05-01,19,kg,Sold Out,19.0,0.0,0.0,161500,172.73,49400,52.83,Spring,Spring,2023-11
B02046,P053,Honey-glazed peanuts,Peanuts,Primary,Maipo Nuts Ltd.,2023-11-18,2024-05-16,21,kg,Partial Loss,20.03,0.97,4.6,170255,182.09,46355,49.58,Spring,Spring,2023-11
B02047,P053,Honey-glazed peanuts,Peanuts,Primary,Maipo Nuts Ltd.,2023-12-10,2024-06-07,29,kg,Partial Loss,27.32,1.68,5.8,232220,248.36,61120,65.37,Summer,Summer,2023-12
B02048,P053,Honey-glazed peanuts,Peanuts,Primary,Maipo Nuts Ltd.,2023-12-27,2024-06-24,28,kg,Partial Loss,26.04,1.96,7.0,221340,236.73,56140,60.04,Summer,Summer,2023-12
B02049,P053,Honey-glazed peanuts,Peanuts,Primary,Maipo Nuts Ltd.,2024-01-15,2024-07-13,23,kg,Partial Loss,20.98,2.02,8.8,178330,190.73,42630,45.59,Summer,Summer,2024-01
B02050,P053,Honey-glazed peanuts,Peanuts,Primary,Maipo Nuts Ltd.,2024-02-07,2024-08-05,18,kg,Sold Out,18.0,0.0,0.0,153000,163.64,46800,50.05,Summer,Summer,2024-02
B02051,P053,Honey-glazed peanuts,Peanuts,Primary,Maipo Nuts Ltd.,2024-02-27,2024-08-25,21,kg,Partial Loss,19.05,1.95,9.3,161925,173.18,38025,40.67,Summer,Summer,2024-02
B02052,P053,Honey-glazed peanuts,Peanuts,Primary,Maipo Nuts Ltd.,2024-03-24,2024-09-20,18,kg,Sold Out,18.0,0.0,0.0,153000,163.64,46800,50.05,Autumn,Autumn,2024-03
B02053,P053,Honey-glazed peanuts,Peanuts,Primary,Maipo Nuts Ltd.,2024-04-12,2024-10-09,19,kg,Sold Out,19.0,0.0,0.0,161500,172.73,49400,52.83,Autumn,Autumn,2024-04
B02054,P053,Honey-glazed peanuts,Peanuts,Primary,Maipo Nuts Ltd.,2024-05-01,2024-10-28,19,kg,Sold Out,19.0,0.0,0.0,161500,172.73,49400,52.83,Autumn,Autumn,2024-05
B02055,P053,Honey-glazed peanuts,Peanuts,Primary,Maipo Nuts Ltd.,2024-05-25,2024-11-21,17,kg,Sold Out,17.0,0.0,0.0,144500,154.55,44200,47.27,Autumn,Autumn,2024-05
B02056,P053,Honey-glazed peanuts,Peanuts,Primary,Maipo Nuts Ltd.,2024-06-13,2024-12-10,23,kg,Sold Out,23.0,0.0,0.0,195500,209.09,59800,63.96,Winter,Winter,2024-06
B02057,P053,Honey-glazed peanuts,Peanuts,Primary,Maipo Nuts Ltd.,2024-07-02,2024-12-29,20,kg,Sold Out,20.0,0.0,0.0,170000,181.82,52000,55.61,Winter,Winter,2024-07
B02058,P053,Honey-glazed peanuts,Peanuts,Primary,Maipo Nuts Ltd.,2024-07-23,2025-01-19,22,kg,Sold Out,22.0,0.0,0.0,187000,200.0,57200,61.18,Winter,Winter,2024-07
B02059,P053,Honey-glazed peanuts,Peanuts,Primary,Maipo Nuts Ltd.,2024-08-16,2025-02-12,18,kg,Sold Out,18.0,0.0,0.0,153000,163.64,46800,50.05,Winter,Winter,2024-08
B02060,P053,Honey-glazed peanuts,Peanuts,Primary,Maipo Nuts Ltd.,2024-09-09,2025-03-08,28,kg,Partial Loss,27.16,0.84,3.0,230860,246.91,65660,70.22,Spring,Spring,2024-09
B02061,P053,Honey-glazed peanuts,Peanuts,Primary,Maipo Nuts Ltd.,2024-10-01,2025-03-30,19,kg,Partial Loss,18.6,0.4,2.1,158100,169.09,46000,49.2,Spring,Spring,2024-10
B02062,P053,Honey-glazed peanuts,Peanuts,Primary,Maipo Nuts Ltd.,2024-10-17,2025-04-15,19,kg,Sold Out,19.0,0.0,0.0,161500,172.73,49400,52.83,Spring,Spring,2024-10
B02063,P053,Honey-glazed peanuts,Peanuts,Primary,Maipo Nuts Ltd.,2024-10-29,2025-04-27,19,kg,Sold Out,19.0,0.0,0.0,161500,172.73,49400,52.83,Spring,Spring,2024-10
B02064,P053,Honey-glazed peanuts,Peanuts,Primary,Maipo Nuts Ltd.,2024-11-25,2025-05-24,23,kg,Partial Loss,20.98,2.02,8.8,178330,190.73,42630,45.59,Spring,Spring,2024-11
B02065,P053,Honey-glazed peanuts,Peanuts,Primary,Maipo Nuts Ltd.,2024-12-15,2025-06-13,28,kg,Sold Out,28.0,0.0,0.0,238000,254.55,72800,77.86,Summer,Summer,2024-12
B02066,P053,Honey-glazed peanuts,Peanuts,Primary,Maipo Nuts Ltd.,2025-01-12,2025-07-11,21,kg,Partial Loss,19.09,1.91,9.1,162265,173.55,38365,41.03,Summer,Summer,2025-01
B02067,P053,Honey-glazed peanuts,Peanuts,Primary,Maipo Nuts Ltd.,2025-01-27,2025-07-26,20,kg,Sold Out,20.0,0.0,0.0,170000,181.82,52000,55.61,Summer,Summer,2025-01
B02068,P053,Honey-glazed peanuts,Peanuts,Primary,Maipo Nuts Ltd.,2025-02-15,2025-08-14,19,kg,Partial Loss,17.52,1.48,7.8,148920,159.27,36820,39.38,Summer,Summer,2025-02
B02069,P053,Honey-glazed peanuts,Peanuts,Primary,Maipo Nuts Ltd.,2025-03-08,2025-09-04,23,kg,Sold Out,23.0,0.0,0.0,195500,209.09,59800,63.96,Autumn,Autumn,2025-03
B02070,P053,Honey-glazed peanuts,Peanuts,Primary,Maipo Nuts Ltd.,2025-04-02,2025-09-29,24,kg,Partial Loss,21.62,2.38,9.9,183770,196.55,42170,45.1,Autumn,Autumn,2025-04
B02071,P053,Honey-glazed peanuts,Peanuts,Primary,Maipo Nuts Ltd.,2025-04-15,2025-10-12,19,kg,Sold Out,19.0,0.0,0.0,161500,172.73,49400,52.83,Autumn,Autumn,2025-04
B02072,P053,Honey-glazed peanuts,Peanuts,Primary,Maipo Nuts Ltd.,2025-05-08,2025-11-04,23,kg,Partial Loss,22.84,0.16,0.7,194140,207.64,58440,62.5,Autumn,Autumn,2025-05
B02073,P053,Honey-glazed peanuts,Peanuts,Primary,Maipo Nuts Ltd.,2025-05-25,2025-11-21,21,kg,Sold Out,21.0,0.0,0.0,178500,190.91,54600,58.4,Autumn,Autumn,2025-05
B02074,P053,Honey-glazed peanuts,Peanuts,Primary,Maipo Nuts Ltd.,2025-06-13,2025-12-10,21,kg,Sold Out,21.0,0.0,0.0,178500,190.91,54600,58.4,Winter,Winter,2025-06
B02075,P054,Salted peanuts in shell,Peanuts,Backup,El Palomo Nuts,2023-07-05,2024-01-01,23,kg,Sold Out,23.0,0.0,0.0,126500,135.29,27600,29.52,Winter,Winter,2023-07
B02076,P054,Salted peanuts in shell,Peanuts,Primary,Maipo Nuts Ltd.,2023-07-19,2024-01-15,22,kg,Sold Out,22.0,0.0,0.0,121000,129.41,31900,34.12,Winter,Winter,2023-07
B02077,P054,Salted peanuts in shell,Peanuts,Primary,Maipo Nuts Ltd.,2023-08-11,2024-02-07,19,kg,Sold Out,19.0,0.0,0.0,104500,111.76,27550,29.47,Winter,Winter,2023-08
B02078,P054,Salted peanuts in shell,Peanuts,Primary,Maipo Nuts Ltd.,2023-08-27,2024-02-23,20,kg,Sold Out,20.0,0.0,0.0,110000,117.65,29000,31.02,Winter,Winter,2023-08
B02079,P054,Salted peanuts in shell,Peanuts,Primary,Maipo Nuts Ltd.,2023-09-17,2024-03-15,23,kg,Sold Out,23.0,0.0,0.0,126500,135.29,33350,35.67,Spring,Spring,2023-09
B02080,P054,Salted peanuts in shell,Peanuts,Primary,Maipo Nuts Ltd.,2023-10-07,2024-04-04,21,kg,Sold Out,21.0,0.0,0.0,115500,123.53,30450,32.57,Spring,Spring,2023-10
B02081,P054,Salted peanuts in shell,Peanuts,Primary,Maipo Nuts Ltd.,2023-10-26,2024-04-23,18,kg,Sold Out,18.0,0.0,0.0,99000,105.88,26100,27.91,Spring,Spring,2023-10
B02082,P054,Salted peanuts in shell,Peanuts,Primary,Maipo Nuts Ltd.,2023-11-14,2024-05-12,19,kg,Partial Loss,17.31,1.69,8.9,95205,101.82,18255,19.52,Spring,Spring,2023-11
B02083,P054,Salted peanuts in shell,Peanuts,Primary,Maipo Nuts Ltd.,2023-12-03,2024-05-31,29,kg,Partial Loss,26.07,2.93,10.1,143385,153.35,25935,27.74,Summer,Summer,2023-12
B02084,P054,Salted peanuts in shell,Peanuts,Primary,Maipo Nuts Ltd.,2023-12-24,2024-06-21,23,kg,Partial Loss,21.87,1.13,4.9,120285,128.65,27135,29.02,Summer,Summer,2023-12
B02085,P054,Salted peanuts in shell,Peanuts,Primary,Maipo Nuts Ltd.,2024-01-12,2024-07-10,22,kg,Partial Loss,19.87,2.13,9.7,109285,116.88,20185,21.59,Summer,Summer,2024-01
B02086,P054,Salted peanuts in shell,Peanuts,Backup,El Palomo Nuts,2024-02-04,2024-08-02,18,kg,Sold Out,18.0,0.0,0.0,99000,105.88,21600,23.1,Summer,Summer,2024-02
B02087,P054,Salted peanuts in shell,Peanuts,Primary,Maipo Nuts Ltd.,2024-02-24,2024-08-22,21,kg,Sold Out,21.0,0.0,0.0,115500,123.53,30450,32.57,Summer,Summer,2024-02
B02088,P054,Salted peanuts in shell,Peanuts,Primary,Maipo Nuts Ltd.,2024-03-21,2024-09-17,19,kg,Sold Out,19.0,0.0,0.0,104500,111.76,27550,29.47,Autumn,Autumn,2024-03
B02089,P054,Salted peanuts in shell,Peanuts,Primary,Maipo Nuts Ltd.,2024-04-08,2024-10-05,17,kg,Partial Loss,15.86,1.14,6.7,87230,93.29,18380,19.66,Autumn,Autumn,2024-04
B02090,P054,Salted peanuts in shell,Peanuts,Primary,Maipo Nuts Ltd.,2024-04-28,2024-10-25,23,kg,Sold Out,23.0,0.0,0.0,126500,135.29,33350,35.67,Autumn,Autumn,2024-04
B02091,P054,Salted peanuts in shell,Peanuts,Primary,Maipo Nuts Ltd.,2024-05-16,2024-11-12,19,kg,Sold Out,19.0,0.0,0.0,104500,111.76,27550,29.47,Autumn,Autumn,2024-05
B02092,P054,Salted peanuts in shell,Peanuts,Primary,Maipo Nuts Ltd.,2024-05-29,2024-11-25,19,kg,Sold Out,19.0,0.0,0.0,104500,111.76,27550,29.47,Autumn,Autumn,2024-05
B02093,P054,Salted peanuts in shell,Peanuts,Primary,Maipo Nuts Ltd.,2024-06-15,2024-12-12,19,kg,Partial Loss,17.54,1.46,7.7,96470,103.18,19520,20.88,Winter,Winter,2024-06
B02094,P054,Salted peanuts in shell,Peanuts,Primary,Maipo Nuts Ltd.,2024-07-06,2025-01-02,19,kg,Sold Out,19.0,0.0,0.0,104500,111.76,27550,29.47,Winter,Winter,2024-07
B02095,P054,Salted peanuts in shell,Peanuts,Primary,Maipo Nuts Ltd.,2024-07-24,2025-01-20,23,kg,Sold Out,23.0,0.0,0.0,126500,135.29,33350,35.67,Winter,Winter,2024-07
B02096,P054,Salted peanuts in shell,Peanuts,Primary,Maipo Nuts Ltd.,2024-08-07,2025-02-03,22,kg,Sold Out,22.0,0.0,0.0,121000,129.41,31900,34.12,Winter,Winter,2024-08
B02097,P054,Salted peanuts in shell,Peanuts,Primary,Maipo Nuts Ltd.,2024-08-30,2025-02-26,21,kg,Sold Out,21.0,0.0,0.0,115500,123.53,30450,32.57,Winter,Winter,2024-08
B02098,P054,Salted peanuts in shell,Peanuts,Backup,El Palomo Nuts,2024-09-26,2025-03-25,23,kg,Sold Out,23.0,0.0,0.0,126500,135.29,27600,29.52,Spring,Spring,2024-09
B02099,P054,Salted peanuts in shell,Peanuts,Primary,Maipo Nuts Ltd.,2024-10-17,2025-04-15,18,kg,Partial Loss,17.48,0.52,2.9,96140,102.82,23240,24.86,Spring,Spring,2024-10
B02100,P054,Salted peanuts in shell,Peanuts,Primary,Maipo Nuts Ltd.,2024-11-06,2025-05-05,22,kg,Partial Loss,20.22,1.78,8.1,111210,118.94,22110,23.65,Spring,Spring,2024-11
B02101,P054,Salted peanuts in shell,Peanuts,Primary,Maipo Nuts Ltd.,2024-11-29,2025-05-28,19,kg,Sold Out,19.0,0.0,0.0,104500,111.76,27550,29.47,Spring,Spring,2024-11
B02102,P054,Salted peanuts in shell,Peanuts,Primary,Maipo Nuts Ltd.,2024-12-18,2025-06-16,26,kg,Sold Out,26.0,0.0,0.0,143000,152.94,37700,40.32,Summer,Summer,2024-12
B02103,P054,Salted peanuts in shell,Peanuts,Primary,Maipo Nuts Ltd.,2025-01-05,2025-07-04,25,kg,Partial Loss,22.95,2.05,8.2,126225,135.0,24975,26.71,Summer,Summer,2025-01
B02104,P054,Salted peanuts in shell,Peanuts,Primary,Maipo Nuts Ltd.,2025-01-24,2025-07-23,21,kg,Partial Loss,18.69,2.31,11.0,102795,109.94,17745,18.98,Summer,Summer,2025-01
B02105,P054,Salted peanuts in shell,Peanuts,Primary,Maipo Nuts Ltd.,2025-02-19,2025-08-18,20,kg,Sold Out,20.0,0.0,0.0,110000,117.65,29000,31.02,Summer,Summer,2025-02
B02106,P054,Salted peanuts in shell,Peanuts,Primary,Maipo Nuts Ltd.,2025-03-11,2025-09-07,20,kg,Partial Loss,18.9,1.1,5.5,103950,111.18,22950,24.55,Autumn,Autumn,2025-03
B02107,P054,Salted peanuts in shell,Peanuts,Primary,Maipo Nuts Ltd.,2025-04-01,2025-09-28,19,kg,Sold Out,19.0,0.0,0.0,104500,111.76,27550,29.47,Autumn,Autumn,2025-04
B02108,P054,Salted peanuts in shell,Peanuts,Primary,Maipo Nuts Ltd.,2025-04-20,2025-10-17,21,kg,Sold Out,21.0,0.0,0.0,115500,123.53,30450,32.57,Autumn,Autumn,2025-04
B02109,P054,Salted peanuts in shell,Peanuts,Primary,Maipo Nuts Ltd.,2025-05-11,2025-11-07,25,kg,Partial Loss,24.12,0.88,3.5,132660,141.88,31410,33.59,Autumn,Autumn,2025-05
B02110,P054,Salted peanuts in shell,Peanuts,Primary,Maipo Nuts Ltd.,2025-06-02,2025-11-29,21,kg,Sold Out,21.0,0.0,0.0,115500,123.53,30450,32.57,Winter,Winter,2025-06
B02111,P054,Salted peanuts in shell,Peanuts,Primary,Maipo Nuts Ltd.,2025-06-26,2025-12-23,22,kg,Sold Out,22.0,0.0,0.0,121000,129.41,31900,34.12,Winter,Winter,2025-06
B02112,P055,Walnuts (shelled),Nuts,Primary,Maipo Nuts Ltd.,2023-07-13,2024-02-08,22,kg,Sold Out,22.0,0.0,0.0,198000,211.76,48400,51.76,Winter,Winter,2023-07
B02113,P055,Walnuts (shelled),Nuts,Primary,Maipo Nuts Ltd.,2023-08-07,2024-03-04,22,kg,Sold Out,22.0,0.0,0.0,198000,211.76,48400,51.76,Winter,Winter,2023-08
B02114,P055,Walnuts (shelled),Nuts,Primary,Maipo Nuts Ltd.,2023-08-30,2024-03-27,21,kg,Sold Out,21.0,0.0,0.0,189000,202.14,46200,49.41,Winter,Winter,2023-08
B02115,P055,Walnuts (shelled),Nuts,Primary,Maipo Nuts Ltd.,2023-09-21,2024-04-18,22,kg,Partial Loss,20.99,1.01,4.6,188910,202.04,39310,42.04,Spring,Spring,2023-09
B02116,P055,Walnuts (shelled),Nuts,Primary,Maipo Nuts Ltd.,2023-10-07,2024-05-04,8,kg,Sold Out,8.0,0.0,0.0,72000,77.01,17600,18.82,Spring,Spring,2023-10
B02117,P055,Walnuts (shelled),Nuts,Primary,Maipo Nuts Ltd.,2023-10-27,2024-05-24,6,kg,Sold Out,6.0,0.0,0.0,54000,57.75,13200,14.12,Spring,Spring,2023-10
B02118,P055,Walnuts (shelled),Nuts,Primary,Maipo Nuts Ltd.,2023-11-18,2024-06-15,6,kg,Partial Loss,5.39,0.61,10.1,48510,51.88,7710,8.25,Spring,Spring,2023-11
B02119,P055,Walnuts (shelled),Nuts,Primary,Maipo Nuts Ltd.,2023-12-04,2024-07-01,9,kg,Partial Loss,8.66,0.34,3.8,77940,83.36,16740,17.9,Summer,Summer,2023-12
B02120,P055,Walnuts (shelled),Nuts,Primary,Maipo Nuts Ltd.,2023-12-25,2024-07-22,9,kg,Sold Out,9.0,0.0,0.0,81000,86.63,19800,21.18,Summer,Summer,2023-12
B02121,P055,Walnuts (shelled),Nuts,Primary,Maipo Nuts Ltd.,2024-01-16,2024-08-13,8,kg,Partial Loss,7.74,0.26,3.3,69660,74.5,15260,16.32,Summer,Summer,2024-01
B02122,P055,Walnuts (shelled),Nuts,Primary,Maipo Nuts Ltd.,2024-02-12,2024-09-09,7,kg,Partial Loss,6.12,0.88,12.5,55080,58.91,7480,8.0,Summer,Summer,2024-02
B02123,P055,Walnuts (shelled),Nuts,Primary,Maipo Nuts Ltd.,2024-03-01,2024-09-27,7,kg,Partial Loss,6.48,0.52,7.4,58320,62.37,10720,11.47,Autumn,Autumn,2024-03
B02124,P055,Walnuts (shelled),Nuts,Primary,Maipo Nuts Ltd.,2024-03-20,2024-10-16,6,kg,Sold Out,6.0,0.0,0.0,54000,57.75,13200,14.12,Autumn,Autumn,2024-03
B02125,P055,Walnuts (shelled),Nuts,Primary,Maipo Nuts Ltd.,2024-04-07,2024-11-03,19,kg,Partial Loss,17.56,1.44,7.6,158040,169.03,28840,30.84,Autumn,Autumn,2024-04
B02126,P055,Walnuts (shelled),Nuts,Primary,Maipo Nuts Ltd.,2024-04-25,2024-11-21,20,kg,Partial Loss,19.14,0.86,4.3,172260,184.24,36260,38.78,Autumn,Autumn,2024-04
B02127,P055,Walnuts (shelled),Nuts,Primary,Maipo Nuts Ltd.,2024-05-19,2024-12-15,20,kg,Sold Out,20.0,0.0,0.0,180000,192.51,44000,47.06,Autumn,Autumn,2024-05
B02128,P055,Walnuts (shelled),Nuts,Primary,Maipo Nuts Ltd.,2024-06-05,2025-01-01,22,kg,Sold Out,22.0,0.0,0.0,198000,211.76,48400,51.76,Winter,Winter,2024-06
B02129,P055,Walnuts (shelled),Nuts,Backup,Nogal Dryfruits,2024-06-28,2025-01-24,20,kg,Sold Out,20.0,0.0,0.0,180000,192.51,34000,36.36,Winter,Winter,2024-06
B02130,P055,Walnuts (shelled),Nuts,Backup,Nogal Dryfruits,2024-07-16,2025-02-11,19,kg,Sold Out,19.0,0.0,0.0,171000,182.89,32300,34.55,Winter,Winter,2024-07
B02131,P055,Walnuts (shelled),Nuts,Primary,Maipo Nuts Ltd.,2024-07-28,2025-02-23,18,kg,Partial Loss,17.35,0.65,3.6,156150,167.01,33750,36.1,Winter,Winter,2024-07
B02132,P055,Walnuts (shelled),Nuts,Primary,Maipo Nuts Ltd.,2024-08-23,2025-03-21,22,kg,Sold Out,22.0,0.0,0.0,198000,211.76,48400,51.76,Winter,Winter,2024-08
B02133,P055,Walnuts (shelled),Nuts,Backup,Nogal Dryfruits,2024-09-12,2025-04-10,28,kg,Sold Out,28.0,0.0,0.0,252000,269.52,47600,50.91,Spring,Spring,2024-09
B02134,P055,Walnuts (shelled),Nuts,Primary,Maipo Nuts Ltd.,2024-10-09,2025-05-07,6,kg,Sold Out,6.0,0.0,0.0,54000,57.75,13200,14.12,Spring,Spring,2024-10
B02135,P055,Walnuts (shelled),Nuts,Backup,Nogal Dryfruits,2024-10-30,2025-05-28,7,kg,Partial Loss,6.84,0.16,2.3,61560,65.84,10460,11.19,Spring,Spring,2024-10
B02136,P055,Walnuts (shelled),Nuts,Backup,Nogal Dryfruits,2024-11-20,2025-06-18,8,kg,Sold Out,8.0,0.0,0.0,72000,77.01,13600,14.55,Spring,Spring,2024-11
B02137,P055,Walnuts (shelled),Nuts,Backup,Nogal Dryfruits,2024-12-12,2025-07-10,10,kg,Partial Loss,9.11,0.89,8.9,81990,87.69,8990,9.61,Summer,Summer,2024-12
B02138,P055,Walnuts (shelled),Nuts,Primary,Maipo Nuts Ltd.,2025-01-01,2025-07-30,7,kg,Sold Out,7.0,0.0,0.0,63000,67.38,15400,16.47,Summer,Summer,2025-01
B02139,P055,Walnuts (shelled),Nuts,Primary,Maipo Nuts Ltd.,2025-01-19,2025-08-17,7,kg,Sold Out,7.0,0.0,0.0,63000,67.38,15400,16.47,Summer,Summer,2025-01
B02140,P055,Walnuts (shelled),Nuts,Primary,Maipo Nuts Ltd.,2025-02-13,2025-09-11,7,kg,Sold Out,7.0,0.0,0.0,63000,67.38,15400,16.47,Summer,Summer,2025-02
B02141,P055,Walnuts (shelled),Nuts,Primary,Maipo Nuts Ltd.,2025-02-27,2025-09-25,7,kg,Sold Out,7.0,0.0,0.0,63000,67.38,15400,16.47,Summer,Summer,2025-02
B02142,P055,Walnuts (shelled),Nuts,Primary,Maipo Nuts Ltd.,2025-03-23,2025-10-19,7,kg,Partial Loss,6.5,0.5,7.1,58500,62.57,10900,11.66,Autumn,Autumn,2025-03
B02143,P055,Walnuts (shelled),Nuts,Primary,Maipo Nuts Ltd.,2025-04-13,2025-11-09,19,kg,Sold Out,19.0,0.0,0.0,171000,182.89,41800,44.71,Autumn,Autumn,2025-04
B02144,P055,Walnuts (shelled),Nuts,Primary,Maipo Nuts Ltd.,2025-05-05,2025-12-01,18,kg,Sold Out,18.0,0.0,0.0,162000,173.26,39600,42.35,Autumn,Autumn,2025-05
B02145,P055,Walnuts (shelled),Nuts,Primary,Maipo Nuts Ltd.,2025-05-22,2025-12-18,23,kg,Sold Out,23.0,0.0,0.0,207000,221.39,50600,54.12,Autumn,Autumn,2025-05
B02146,P055,Walnuts (shelled),Nuts,Primary,Maipo Nuts Ltd.,2025-06-14,2026-01-10,22,kg,Sold Out,22.0,0.0,0.0,198000,211.76,48400,51.76,Winter,Winter,2025-06
B02147,P056,Premium light-half walnuts,Nuts,Primary,Maipo Nuts Ltd.,2023-07-15,2024-02-10,18,kg,Sold Out,18.0,0.0,0.0,234000,250.27,54000,57.75,Winter,Winter,2023-07
B02148,P056,Premium light-half walnuts,Nuts,Primary,Maipo Nuts Ltd.,2023-08-10,2024-03-07,18,kg,Partial Loss,17.08,0.92,5.1,222040,237.48,42040,44.96,Winter,Winter,2023-08
B02149,P056,Premium light-half walnuts,Nuts,Primary,Maipo Nuts Ltd.,2023-09-02,2024-03-30,28,kg,Sold Out,28.0,0.0,0.0,364000,389.3,84000,89.84,Spring,Spring,2023-09
B02150,P056,Premium light-half walnuts,Nuts,Primary,Maipo Nuts Ltd.,2023-09-18,2024-04-15,22,kg,Partial Loss,21.69,0.31,1.4,281970,301.57,61970,66.28,Spring,Spring,2023-09
B02151,P056,Premium light-half walnuts,Nuts,Primary,Maipo Nuts Ltd.,2023-10-09,2024-05-06,8,kg,Partial Loss,7.43,0.57,7.1,96590,103.3,16590,17.74,Spring,Spring,2023-10
B02152,P056,Premium light-half walnuts,Nuts,Primary,Maipo Nuts Ltd.,2023-10-31,2024-05-28,8,kg,Partial Loss,7.18,0.82,10.3,93340,99.83,13340,14.27,Spring,Spring,2023-10
B02153,P056,Premium light-half walnuts,Nuts,Primary,Maipo Nuts Ltd.,2023-11-21,2024-06-18,8,kg,Sold Out,8.0,0.0,0.0,104000,111.23,24000,25.67,Spring,Spring,2023-11
B02154,P056,Premium light-half walnuts,Nuts,Primary,Maipo Nuts Ltd.,2023-12-16,2024-07-13,10,kg,Sold Out,10.0,0.0,0.0,130000,139.04,30000,32.09,Summer,Summer,2023-12
B02155,P056,Premium light-half walnuts,Nuts,Primary,Maipo Nuts Ltd.,2024-01-08,2024-08-05,7,kg,Sold Out,7.0,0.0,0.0,91000,97.33,21000,22.46,Summer,Summer,2024-01
B02156,P056,Premium light-half walnuts,Nuts,Primary,Maipo Nuts Ltd.,2024-01-25,2024-08-22,7,kg,Sold Out,7.0,0.0,0.0,91000,97.33,21000,22.46,Summer,Summer,2024-01
B02157,P056,Premium light-half walnuts,Nuts,Backup,Nogal Dryfruits,2024-02-13,2024-09-10,7,kg,Partial Loss,6.04,0.96,13.7,78520,83.98,10970,11.73,Summer,Summer,2024-02
B02158,P056,Premium light-half walnuts,Nuts,Primary,Maipo Nuts Ltd.,2024-02-28,2024-09-25,8,kg,Sold Out,8.0,0.0,0.0,104000,111.23,24000,25.67,Summer,Summer,2024-02
B02159,P056,Premium light-half walnuts,Nuts,Primary,Maipo Nuts Ltd.,2024-03-19,2024-10-15,6,kg,Partial Loss,5.58,0.42,7.0,72540,77.58,12540,13.41,Autumn,Autumn,2024-03
B02160,P056,Premium light-half walnuts,Nuts,Primary,Maipo Nuts Ltd.,2024-04-11,2024-11-07,20,kg,Sold Out,20.0,0.0,0.0,260000,278.07,60000,64.17,Autumn,Autumn,2024-04
B02161,P056,Premium light-half walnuts,Nuts,Primary,Maipo Nuts Ltd.,2024-05-05,2024-12-01,21,kg,Sold Out,21.0,0.0,0.0,273000,291.98,63000,67.38,Autumn,Autumn,2024-05
B02162,P056,Premium light-half walnuts,Nuts,Primary,Maipo Nuts Ltd.,2024-05-25,2024-12-21,22,kg,Sold Out,22.0,0.0,0.0,286000,305.88,66000,70.59,Autumn,Autumn,2024-05
B02163,P056,Premium light-half walnuts,Nuts,Primary,Maipo Nuts Ltd.,2024-06-14,2025-01-10,17,kg,Sold Out,17.0,0.0,0.0,221000,236.36,51000,54.55,Winter,Winter,2024-06
B02164,P056,Premium light-half walnuts,Nuts,Primary,Maipo Nuts Ltd.,2024-06-28,2025-01-24,22,kg,Sold Out,22.0,0.0,0.0,286000,305.88,66000,70.59,Winter,Winter,2024-06
B02165,P056,Premium light-half walnuts,Nuts,Primary,Maipo Nuts Ltd.,2024-07-16,2025-02-11,16,kg,Sold Out,16.0,0.0,0.0,208000,222.46,48000,51.34,Winter,Winter,2024-07
B02166,P056,Premium light-half walnuts,Nuts,Primary,Maipo Nuts Ltd.,2024-08-08,2025-03-06,21,kg,Partial Loss,19.87,1.13,5.4,258310,276.27,48310,51.67,Winter,Winter,2024-08
B02167,P056,Premium light-half walnuts,Nuts,Primary,Maipo Nuts Ltd.,2024-08-26,2025-03-24,16,kg,Sold Out,16.0,0.0,0.0,208000,222.46,48000,51.34,Winter,Winter,2024-08
B02168,P056,Premium light-half walnuts,Nuts,Backup,Nogal Dryfruits,2024-09-16,2025-04-14,28,kg,Sold Out,28.0,0.0,0.0,364000,389.3,93800,100.32,Spring,Spring,2024-09
B02169,P056,Premium light-half walnuts,Nuts,Primary,Maipo Nuts Ltd.,2024-10-08,2025-05-06,7,kg,Sold Out,7.0,0.0,0.0,91000,97.33,21000,22.46,Spring,Spring,2024-10
B02170,P056,Premium light-half walnuts,Nuts,Primary,Maipo Nuts Ltd.,2024-10-31,2025-05-29,7,kg,Partial Loss,6.74,0.26,3.7,87620,93.71,17620,18.84,Spring,Spring,2024-10
B02171,P056,Premium light-half walnuts,Nuts,Primary,Maipo Nuts Ltd.,2024-11-22,2025-06-20,8,kg,Partial Loss,7.35,0.65,8.1,95550,102.19,15550,16.63,Spring,Spring,2024-11
B02172,P056,Premium light-half walnuts,Nuts,Primary,Maipo Nuts Ltd.,2024-12-15,2025-07-13,9,kg,Partial Loss,8.93,0.07,0.8,116090,124.16,26090,27.9,Summer,Summer,2024-12
B02173,P056,Premium light-half walnuts,Nuts,Backup,Nogal Dryfruits,2025-01-04,2025-08-02,7,kg,Partial Loss,6.73,0.27,3.8,87490,93.57,19940,21.33,Summer,Summer,2025-01
B02174,P056,Premium light-half walnuts,Nuts,Primary,Maipo Nuts Ltd.,2025-01-26,2025-08-24,8,kg,Partial Loss,7.41,0.59,7.4,96330,103.03,16330,17.47,Summer,Summer,2025-01
B02175,P056,Premium light-half walnuts,Nuts,Primary,Maipo Nuts Ltd.,2025-02-17,2025-09-15,8,kg,Partial Loss,7.31,0.69,8.6,95030,101.64,15030,16.07,Summer,Summer,2025-02
B02176,P056,Premium light-half walnuts,Nuts,Primary,Maipo Nuts Ltd.,2025-03-07,2025-10-03,8,kg,Partial Loss,7.45,0.55,6.9,96850,103.58,16850,18.02,Autumn,Autumn,2025-03
B02177,P056,Premium light-half walnuts,Nuts,Primary,Maipo Nuts Ltd.,2025-04-01,2025-10-28,19,kg,Sold Out,19.0,0.0,0.0,247000,264.17,57000,60.96,Autumn,Autumn,2025-04
B02178,P056,Premium light-half walnuts,Nuts,Primary,Maipo Nuts Ltd.,2025-04-23,2025-11-19,21,kg,Sold Out,21.0,0.0,0.0,273000,291.98,63000,67.38,Autumn,Autumn,2025-04
B02179,P056,Premium light-half walnuts,Nuts,Primary,Maipo Nuts Ltd.,2025-05-11,2025-12-07,22,kg,Partial Loss,21.52,0.48,2.2,279760,299.21,59760,63.91,Autumn,Autumn,2025-05
B02180,P056,Premium light-half walnuts,Nuts,Primary,Maipo Nuts Ltd.,2025-06-06,2026-01-02,22,kg,Sold Out,22.0,0.0,0.0,286000,305.88,66000,70.59,Winter,Winter,2025-06
B02181,P056,Premium light-half walnuts,Nuts,Backup,Nogal Dryfruits,2025-06-26,2026-01-22,23,kg,Sold Out,23.0,0.0,0.0,299000,319.79,77050,82.41,Winter,Winter,2025-06
B02182,P057,Walnuts in shell,Nuts,Primary,Maipo Nuts Ltd.,2023-07-06,2024-02-01,18,kg,Sold Out,18.0,0.0,0.0,108000,115.51,24300,25.99,Winter,Winter,2023-07
B02183,P057,Walnuts in shell,Nuts,Primary,Maipo Nuts Ltd.,2023-07-30,2024-02-25,21,kg,Partial Loss,20.29,0.71,3.4,121740,130.2,24090,25.76,Winter,Winter,2023-07
B02184,P057,Walnuts in shell,Nuts,Primary,Maipo Nuts Ltd.,2023-08-26,2024-03-23,18,kg,Sold Out,18.0,0.0,0.0,108000,115.51,24300,25.99,Winter,Winter,2023-08
B02185,P057,Walnuts in shell,Nuts,Primary,Maipo Nuts Ltd.,2023-09-10,2024-04-07,22,kg,Sold Out,22.0,0.0,0.0,132000,141.18,29700,31.76,Spring,Spring,2023-09
B02186,P057,Walnuts in shell,Nuts,Primary,Maipo Nuts Ltd.,2023-09-25,2024-04-22,25,kg,Sold Out,25.0,0.0,0.0,150000,160.43,33750,36.1,Spring,Spring,2023-09
B02187,P057,Walnuts in shell,Nuts,Primary,Maipo Nuts Ltd.,2023-10-15,2024-05-12,7,kg,Sold Out,7.0,0.0,0.0,42000,44.92,9450,10.11,Spring,Spring,2023-10
B02188,P057,Walnuts in shell,Nuts,Primary,Maipo Nuts Ltd.,2023-11-10,2024-06-07,6,kg,Partial Loss,5.69,0.31,5.1,34140,36.51,6240,6.67,Spring,Spring,2023-11
B02189,P057,Walnuts in shell,Nuts,Backup,Nogal Dryfruits,2023-11-29,2024-06-26,7,kg,Partial Loss,6.42,0.58,8.3,38520,41.2,6320,6.76,Spring,Spring,2023-11
B02190,P057,Walnuts in shell,Nuts,Primary,Maipo Nuts Ltd.,2023-12-17,2024-07-14,9,kg,Partial Loss,8.5,0.49,5.5,51000,54.55,9150,9.79,Summer,Summer,2023-12
B02191,P057,Walnuts in shell,Nuts,Primary,Maipo Nuts Ltd.,2024-01-04,2024-08-01,8,kg,Sold Out,8.0,0.0,0.0,48000,51.34,10800,11.55,Summer,Summer,2024-01
B02192,P057,Walnuts in shell,Nuts,Primary,Maipo Nuts Ltd.,2024-01-23,2024-08-20,8,kg,Partial Loss,7.54,0.46,5.8,45240,48.39,8040,8.6,Summer,Summer,2024-01
B02193,P057,Walnuts in shell,Nuts,Primary,Maipo Nuts Ltd.,2024-02-13,2024-09-10,8,kg,Sold Out,8.0,0.0,0.0,48000,51.34,10800,11.55,Summer,Summer,2024-02
B02194,P057,Walnuts in shell,Nuts,Primary,Maipo Nuts Ltd.,2024-03-03,2024-09-29,7,kg,Partial Loss,6.69,0.31,4.4,40140,42.93,7590,8.12,Autumn,Autumn,2024-03
B02195,P057,Walnuts in shell,Nuts,Backup,Nogal Dryfruits,2024-03-21,2024-10-17,7,kg,Sold Out,7.0,0.0,0.0,42000,44.92,9800,10.48,Autumn,Autumn,2024-03
B02196,P057,Walnuts in shell,Nuts,Primary,Maipo Nuts Ltd.,2024-04-11,2024-11-07,17,kg,Sold Out,17.0,0.0,0.0,102000,109.09,22950,24.55,Autumn,Autumn,2024-04
B02197,P057,Walnuts in shell,Nuts,Primary,Maipo Nuts Ltd.,2024-05-04,2024-11-30,20,kg,Sold Out,20.0,0.0,0.0,120000,128.34,27000,28.88,Autumn,Autumn,2024-05
B02198,P057,Walnuts in shell,Nuts,Primary,Maipo Nuts Ltd.,2024-05-25,2024-12-21,18,kg,Sold Out,18.0,0.0,0.0,108000,115.51,24300,25.99,Autumn,Autumn,2024-05
B02199,P057,Walnuts in shell,Nuts,Primary,Maipo Nuts Ltd.,2024-06-14,2025-01-10,17,kg,Sold Out,17.0,0.0,0.0,102000,109.09,22950,24.55,Winter,Winter,2024-06
B02200,P057,Walnuts in shell,Nuts,Primary,Maipo Nuts Ltd.,2024-07-04,2025-01-30,19,kg,Sold Out,19.0,0.0,0.0,114000,121.93,25650,27.43,Winter,Winter,2024-07
B02201,P057,Walnuts in shell,Nuts,Backup,Nogal Dryfruits,2024-07-19,2025-02-14,19,kg,Sold Out,19.0,0.0,0.0,114000,121.93,26600,28.45,Winter,Winter,2024-07
B02202,P057,Walnuts in shell,Nuts,Primary,Maipo Nuts Ltd.,2024-08-14,2025-03-12,18,kg,Sold Out,18.0,0.0,0.0,108000,115.51,24300,25.99,Winter,Winter,2024-08
B02203,P057,Walnuts in shell,Nuts,Primary,Maipo Nuts Ltd.,2024-09-01,2025-03-30,22,kg,Sold Out,22.0,0.0,0.0,132000,141.18,29700,31.76,Spring,Spring,2024-09
B02204,P057,Walnuts in shell,Nuts,Primary,Maipo Nuts Ltd.,2024-09-21,2025-04-19,24,kg,Sold Out,24.0,0.0,0.0,144000,154.01,32400,34.65,Spring,Spring,2024-09
B02205,P057,Walnuts in shell,Nuts,Primary,Maipo Nuts Ltd.,2024-10-18,2025-05-16,6,kg,Sold Out,6.0,0.0,0.0,36000,38.5,8100,8.66,Spring,Spring,2024-10
B02206,P057,Walnuts in shell,Nuts,Primary,Maipo Nuts Ltd.,2024-11-08,2025-06-06,8,kg,Sold Out,8.0,0.0,0.0,48000,51.34,10800,11.55,Spring,Spring,2024-11
B02207,P057,Walnuts in shell,Nuts,Primary,Maipo Nuts Ltd.,2024-11-29,2025-06-27,8,kg,Sold Out,8.0,0.0,0.0,48000,51.34,10800,11.55,Spring,Spring,2024-11
B02208,P057,Walnuts in shell,Nuts,Primary,Maipo Nuts Ltd.,2024-12-12,2025-07-10,9,kg,Partial Loss,8.33,0.67,7.4,49980,53.45,8130,8.7,Summer,Summer,2024-12
B02209,P057,Walnuts in shell,Nuts,Primary,Maipo Nuts Ltd.,2025-01-01,2025-07-30,8,kg,Partial Loss,7.54,0.46,5.8,45240,48.39,8040,8.6,Summer,Summer,2025-01
B02210,P057,Walnuts in shell,Nuts,Primary,Maipo Nuts Ltd.,2025-01-23,2025-08-21,9,kg,Sold Out,9.0,0.0,0.0,54000,57.75,12150,12.99,Summer,Summer,2025-01
B02211,P057,Walnuts in shell,Nuts,Backup,Nogal Dryfruits,2025-02-14,2025-09-12,8,kg,Sold Out,8.0,0.0,0.0,48000,51.34,11200,11.98,Summer,Summer,2025-02
B02212,P057,Walnuts in shell,Nuts,Primary,Maipo Nuts Ltd.,2025-03-10,2025-10-06,9,kg,Partial Loss,8.29,0.71,7.9,49740,53.2,7890,8.44,Autumn,Autumn,2025-03
B02213,P057,Walnuts in shell,Nuts,Primary,Maipo Nuts Ltd.,2025-04-06,2025-11-02,21,kg,Sold Out,21.0,0.0,0.0,126000,134.76,28350,30.32,Autumn,Autumn,2025-04
B02214,P057,Walnuts in shell,Nuts,Primary,Maipo Nuts Ltd.,2025-04-23,2025-11-19,20,kg,Sold Out,20.0,0.0,0.0,120000,128.34,27000,28.88,Autumn,Autumn,2025-04
B02215,P057,Walnuts in shell,Nuts,Primary,Maipo Nuts Ltd.,2025-05-14,2025-12-10,19,kg,Sold Out,19.0,0.0,0.0,114000,121.93,25650,27.43,Autumn,Autumn,2025-05
B02216,P057,Walnuts in shell,Nuts,Primary,Maipo Nuts Ltd.,2025-06-05,2026-01-01,22,kg,Partial Loss,19.67,2.33,10.6,118020,126.22,15720,16.81,Winter,Winter,2025-06
B02217,P057,Walnuts in shell,Nuts,Primary,Maipo Nuts Ltd.,2025-06-21,2026-01-17,23,kg,Sold Out,23.0,0.0,0.0,138000,147.59,31050,33.21,Winter,Winter,2025-06
B02218,P058,Almonds (shelled),Nuts,Primary,Maipo Nuts Ltd.,2023-07-02,2024-01-28,19,kg,Partial Loss,17.77,1.24,6.5,177700,190.05,34250,36.63,Winter,Winter,2023-07
B02219,P058,Almonds (shelled),Nuts,Primary,Maipo Nuts Ltd.,2023-07-27,2024-02-22,22,kg,Sold Out,22.0,0.0,0.0,220000,235.29,53900,57.65,Winter,Winter,2023-07
B02220,P058,Almonds (shelled),Nuts,Primary,Maipo Nuts Ltd.,2023-08-12,2024-03-09,20,kg,Sold Out,20.0,0.0,0.0,200000,213.9,49000,52.41,Winter,Winter,2023-08
B02221,P058,Almonds (shelled),Nuts,Backup,Nogal Dryfruits,2023-08-28,2024-03-25,21,kg,Partial Loss,19.53,1.47,7.0,195300,208.88,34650,37.06,Winter,Winter,2023-08
B02222,P058,Almonds (shelled),Nuts,Backup,Nogal Dryfruits,2023-09-20,2024-04-17,26,kg,Partial Loss,25.79,0.21,0.8,257900,275.83,59000,63.1,Spring,Spring,2023-09
B02223,P058,Almonds (shelled),Nuts,Primary,Maipo Nuts Ltd.,2023-10-13,2024-05-10,6,kg,Partial Loss,5.39,0.61,10.1,53900,57.65,8600,9.2,Spring,Spring,2023-10
B02224,P058,Almonds (shelled),Nuts,Primary,Maipo Nuts Ltd.,2023-11-07,2024-06-04,7,kg,Sold Out,7.0,0.0,0.0,70000,74.87,17150,18.34,Spring,Spring,2023-11
B02225,P058,Almonds (shelled),Nuts,Primary,Maipo Nuts Ltd.,2023-11-29,2024-06-26,7,kg,Partial Loss,6.56,0.44,6.3,65600,70.16,12750,13.64,Spring,Spring,2023-11
B02226,P058,Almonds (shelled),Nuts,Primary,Maipo Nuts Ltd.,2023-12-21,2024-07-18,10,kg,Sold Out,10.0,0.0,0.0,100000,106.95,24500,26.2,Summer,Summer,2023-12
B02227,P058,Almonds (shelled),Nuts,Primary,Maipo Nuts Ltd.,2024-01-11,2024-08-08,7,kg,Partial Loss,6.45,0.55,7.9,64500,68.98,11650,12.46,Summer,Summer,2024-01
B02228,P058,Almonds (shelled),Nuts,Primary,Maipo Nuts Ltd.,2024-02-04,2024-09-01,6,kg,Sold Out,6.0,0.0,0.0,60000,64.17,14700,15.72,Summer,Summer,2024-02
B02229,P058,Almonds (shelled),Nuts,Primary,Maipo Nuts Ltd.,2024-02-25,2024-09-22,8,kg,Partial Loss,7.21,0.79,9.9,72100,77.11,11700,12.51,Summer,Summer,2024-02
B02230,P058,Almonds (shelled),Nuts,Backup,Nogal Dryfruits,2024-03-15,2024-10-11,6,kg,Sold Out,6.0,0.0,0.0,60000,64.17,14100,15.08,Autumn,Autumn,2024-03
B02231,P058,Almonds (shelled),Nuts,Primary,Maipo Nuts Ltd.,2024-03-27,2024-10-23,8,kg,Partial Loss,7.48,0.52,6.5,74800,80.0,14400,15.4,Autumn,Autumn,2024-03
B02232,P058,Almonds (shelled),Nuts,Primary,Maipo Nuts Ltd.,2024-04-18,2024-11-14,20,kg,Sold Out,20.0,0.0,0.0,200000,213.9,49000,52.41,Autumn,Autumn,2024-04
B02233,P058,Almonds (shelled),Nuts,Primary,Maipo Nuts Ltd.,2024-05-14,2024-12-10,21,kg,Sold Out,21.0,0.0,0.0,210000,224.6,51450,55.03,Autumn,Autumn,2024-05
B02234,P058,Almonds (shelled),Nuts,Primary,Maipo Nuts Ltd.,2024-06-03,2024-12-30,19,kg,Partial Loss,17.48,1.52,8.0,174800,186.95,31350,33.53,Winter,Winter,2024-06
B02235,P058,Almonds (shelled),Nuts,Primary,Maipo Nuts Ltd.,2024-06-19,2025-01-15,19,kg,Sold Out,19.0,0.0,0.0,190000,203.21,46550,49.79,Winter,Winter,2024-06
B02236,P058,Almonds (shelled),Nuts,Primary,Maipo Nuts Ltd.,2024-07-05,2025-01-31,20,kg,Partial Loss,18.84,1.16,5.8,188400,201.5,37400,40.0,Winter,Winter,2024-07
B02237,P058,Almonds (shelled),Nuts,Primary,Maipo Nuts Ltd.,2024-07-27,2025-02-22,18,kg,Sold Out,18.0,0.0,0.0,180000,192.51,44100,47.17,Winter,Winter,2024-07
B02238,P058,Almonds (shelled),Nuts,Primary,Maipo Nuts Ltd.,2024-08-15,2025-03-13,17,kg,Partial Loss,15.83,1.17,6.9,158300,169.3,29950,32.03,Winter,Winter,2024-08
B02239,P058,Almonds (shelled),Nuts,Primary,Maipo Nuts Ltd.,2024-09-04,2025-04-02,26,kg,Sold Out,26.0,0.0,0.0,260000,278.07,63700,68.13,Spring,Spring,2024-09
B02240,P058,Almonds (shelled),Nuts,Primary,Maipo Nuts Ltd.,2024-09-28,2025-04-26,21,kg,Sold Out,21.0,0.0,0.0,210000,224.6,51450,55.03,Spring,Spring,2024-09
B02241,P058,Almonds (shelled),Nuts,Primary,Maipo Nuts Ltd.,2024-10-16,2025-05-14,7,kg,Sold Out,7.0,0.0,0.0,70000,74.87,17150,18.34,Spring,Spring,2024-10
B02242,P058,Almonds (shelled),Nuts,Primary,Maipo Nuts Ltd.,2024-11-04,2025-06-02,7,kg,Sold Out,7.0,0.0,0.0,70000,74.87,17150,18.34,Spring,Spring,2024-11
B02243,P058,Almonds (shelled),Nuts,Primary,Maipo Nuts Ltd.,2024-11-25,2025-06-23,7,kg,Sold Out,7.0,0.0,0.0,70000,74.87,17150,18.34,Spring,Spring,2024-11
B02244,P058,Almonds (shelled),Nuts,Primary,Maipo Nuts Ltd.,2024-12-18,2025-07-16,8,kg,Partial Loss,7.53,0.47,5.9,75300,80.53,14900,15.94,Summer,Summer,2024-12
B02245,P058,Almonds (shelled),Nuts,Primary,Maipo Nuts Ltd.,2025-01-08,2025-08-06,7,kg,Partial Loss,6.42,0.58,8.3,64200,68.66,11350,12.14,Summer,Summer,2025-01
B02246,P058,Almonds (shelled),Nuts,Primary,Maipo Nuts Ltd.,2025-01-31,2025-08-29,8,kg,Partial Loss,7.17,0.83,10.4,71700,76.68,11300,12.09,Summer,Summer,2025-01
B02247,P058,Almonds (shelled),Nuts,Primary,Maipo Nuts Ltd.,2025-02-19,2025-09-17,7,kg,Partial Loss,6.34,0.66,9.4,63400,67.81,10550,11.28,Summer,Summer,2025-02
B02248,P058,Almonds (shelled),Nuts,Primary,Maipo Nuts Ltd.,2025-03-14,2025-10-10,9,kg,Partial Loss,8.09,0.91,10.1,80900,86.52,12950,13.85,Autumn,Autumn,2025-03
B02249,P058,Almonds (shelled),Nuts,Primary,Maipo Nuts Ltd.,2025-04-06,2025-11-02,22,kg,Sold Out,22.0,0.0,0.0,220000,235.29,53900,57.65,Autumn,Autumn,2025-04
B02250,P058,Almonds (shelled),Nuts,Primary,Maipo Nuts Ltd.,2025-04-26,2025-11-22,23,kg,Sold Out,23.0,0.0,0.0,230000,245.99,56350,60.27,Autumn,Autumn,2025-04
B02251,P058,Almonds (shelled),Nuts,Primary,Maipo Nuts Ltd.,2025-05-17,2025-12-13,20,kg,Sold Out,20.0,0.0,0.0,200000,213.9,49000,52.41,Autumn,Autumn,2025-05
B02252,P058,Almonds (shelled),Nuts,Primary,Maipo Nuts Ltd.,2025-06-02,2025-12-29,22,kg,Sold Out,22.0,0.0,0.0,220000,235.29,53900,57.65,Winter,Winter,2025-06
B02253,P058,Almonds (shelled),Nuts,Primary,Maipo Nuts Ltd.,2025-06-22,2026-01-18,19,kg,Sold Out,19.0,0.0,0.0,190000,203.21,46550,49.79,Winter,Winter,2025-06
B02254,P059,Sliced almonds,Nuts,Primary,Maipo Nuts Ltd.,2023-07-14,2024-02-09,20,kg,Sold Out,20.0,0.0,0.0,240000,256.68,55000,58.82,Winter,Winter,2023-07
B02255,P059,Sliced almonds,Nuts,Primary,Maipo Nuts Ltd.,2023-08-02,2024-02-28,21,kg,Sold Out,21.0,0.0,0.0,252000,269.52,57750,61.76,Winter,Winter,2023-08
B02256,P059,Sliced almonds,Nuts,Primary,Maipo Nuts Ltd.,2023-08-24,2024-03-21,18,kg,Sold Out,18.0,0.0,0.0,216000,231.02,49500,52.94,Winter,Winter,2023-08
B02257,P059,Sliced almonds,Nuts,Primary,Maipo Nuts Ltd.,2023-09-14,2024-04-11,27,kg,Sold Out,27.0,0.0,0.0,324000,346.52,74250,79.41,Spring,Spring,2023-09
B02258,P059,Sliced almonds,Nuts,Primary,Maipo Nuts Ltd.,2023-10-05,2024-05-02,8,kg,Partial Loss,7.64,0.36,4.5,91680,98.05,17680,18.91,Spring,Spring,2023-10
B02259,P059,Sliced almonds,Nuts,Primary,Maipo Nuts Ltd.,2023-10-22,2024-05-19,7,kg,Partial Loss,6.45,0.55,7.8,77400,82.78,12650,13.53,Spring,Spring,2023-10
B02260,P059,Sliced almonds,Nuts,Primary,Maipo Nuts Ltd.,2023-11-10,2024-06-07,7,kg,Sold Out,7.0,0.0,0.0,84000,89.84,19250,20.59,Spring,Spring,2023-11
B02261,P059,Sliced almonds,Nuts,Primary,Maipo Nuts Ltd.,2023-11-29,2024-06-26,8,kg,Partial Loss,7.14,0.86,10.8,85680,91.64,11680,12.49,Spring,Spring,2023-11
B02262,P059,Sliced almonds,Nuts,Primary,Maipo Nuts Ltd.,2023-12-18,2024-07-15,8,kg,Sold Out,8.0,0.0,0.0,96000,102.67,22000,23.53,Summer,Summer,2023-12
B02263,P059,Sliced almonds,Nuts,Primary,Maipo Nuts Ltd.,2024-01-06,2024-08-03,8,kg,Sold Out,8.0,0.0,0.0,96000,102.67,22000,23.53,Summer,Summer,2024-01
B02264,P059,Sliced almonds,Nuts,Backup,Nogal Dryfruits,2024-01-24,2024-08-21,7,kg,Partial Loss,6.25,0.75,10.7,75000,80.21,8150,8.72,Summer,Summer,2024-01
B02265,P059,Sliced almonds,Nuts,Primary,Maipo Nuts Ltd.,2024-02-11,2024-09-08,7,kg,Sold Out,7.0,0.0,0.0,84000,89.84,19250,20.59,Summer,Summer,2024-02
B02266,P059,Sliced almonds,Nuts,Primary,Maipo Nuts Ltd.,2024-03-02,2024-09-28,7,kg,Sold Out,7.0,0.0,0.0,84000,89.84,19250,20.59,Autumn,Autumn,2024-03
B02267,P059,Sliced almonds,Nuts,Primary,Maipo Nuts Ltd.,2024-03-30,2024-10-26,8,kg,Sold Out,8.0,0.0,0.0,96000,102.67,22000,23.53,Autumn,Autumn,2024-03
B02268,P059,Sliced almonds,Nuts,Backup,Nogal Dryfruits,2024-04-19,2024-11-15,18,kg,Sold Out,18.0,0.0,0.0,216000,231.02,44100,47.17,Autumn,Autumn,2024-04
B02269,P059,Sliced almonds,Nuts,Primary,Maipo Nuts Ltd.,2024-05-10,2024-12-06,20,kg,Sold Out,20.0,0.0,0.0,240000,256.68,55000,58.82,Autumn,Autumn,2024-05
B02270,P059,Sliced almonds,Nuts,Backup,Nogal Dryfruits,2024-05-25,2024-12-21,21,kg,Sold Out,21.0,0.0,0.0,252000,269.52,51450,55.03,Autumn,Autumn,2024-05
B02271,P059,Sliced almonds,Nuts,Primary,Maipo Nuts Ltd.,2024-06-13,2025-01-09,18,kg,Sold Out,18.0,0.0,0.0,216000,231.02,49500,52.94,Winter,Winter,2024-06
B02272,P059,Sliced almonds,Nuts,Primary,Maipo Nuts Ltd.,2024-06-30,2025-01-26,19,kg,Sold Out,19.0,0.0,0.0,228000,243.85,52250,55.88,Winter,Winter,2024-06
B02273,P059,Sliced almonds,Nuts,Primary,Maipo Nuts Ltd.,2024-07-21,2025-02-16,21,kg,Sold Out,21.0,0.0,0.0,252000,269.52,57750,61.76,Winter,Winter,2024-07
B02274,P059,Sliced almonds,Nuts,Primary,Maipo Nuts Ltd.,2024-08-09,2025-03-07,20,kg,Sold Out,20.0,0.0,0.0,240000,256.68,55000,58.82,Winter,Winter,2024-08
B02275,P059,Sliced almonds,Nuts,Backup,Nogal Dryfruits,2024-09-02,2025-03-31,24,kg,Partial Loss,21.98,2.02,8.4,263760,282.1,34560,36.96,Spring,Spring,2024-09
B02276,P059,Sliced almonds,Nuts,Primary,Maipo Nuts Ltd.,2024-09-30,2025-04-28,21,kg,Sold Out,21.0,0.0,0.0,252000,269.52,57750,61.76,Spring,Spring,2024-09
B02277,P059,Sliced almonds,Nuts,Primary,Maipo Nuts Ltd.,2024-10-18,2025-05-16,6,kg,Sold Out,6.0,0.0,0.0,72000,77.01,16500,17.65,Spring,Spring,2024-10
B02278,P059,Sliced almonds,Nuts,Primary,Maipo Nuts Ltd.,2024-11-03,2025-06-01,7,kg,Partial Loss,6.52,0.48,6.8,78240,83.68,13490,14.43,Spring,Spring,2024-11
B02279,P059,Sliced almonds,Nuts,Primary,Maipo Nuts Ltd.,2024-11-18,2025-06-16,7,kg,Partial Loss,6.33,0.67,9.5,75960,81.24,11210,11.99,Spring,Spring,2024-11
B02280,P059,Sliced almonds,Nuts,Primary,Maipo Nuts Ltd.,2024-12-07,2025-07-05,8,kg,Sold Out,8.0,0.0,0.0,96000,102.67,22000,23.53,Summer,Summer,2024-12
B02281,P059,Sliced almonds,Nuts,Backup,Nogal Dryfruits,2024-12-26,2025-07-24,8,kg,Partial Loss,7.38,0.62,7.7,88560,94.72,12160,13.01,Summer,Summer,2024-12
B02282,P059,Sliced almonds,Nuts,Primary,Maipo Nuts Ltd.,2025-01-14,2025-08-12,7,kg,Sold Out,7.0,0.0,0.0,84000,89.84,19250,20.59,Summer,Summer,2025-01
B02283,P059,Sliced almonds,Nuts,Primary,Maipo Nuts Ltd.,2025-02-02,2025-08-31,8,kg,Sold Out,8.0,0.0,0.0,96000,102.67,22000,23.53,Summer,Summer,2025-02
B02284,P059,Sliced almonds,Nuts,Primary,Maipo Nuts Ltd.,2025-02-27,2025-09-25,8,kg,Sold Out,8.0,0.0,0.0,96000,102.67,22000,23.53,Summer,Summer,2025-02
B02285,P059,Sliced almonds,Nuts,Primary,Maipo Nuts Ltd.,2025-03-25,2025-10-21,7,kg,Partial Loss,6.12,0.88,12.6,73440,78.55,8690,9.29,Autumn,Autumn,2025-03
B02286,P059,Sliced almonds,Nuts,Primary,Maipo Nuts Ltd.,2025-04-21,2025-11-17,21,kg,Sold Out,21.0,0.0,0.0,252000,269.52,57750,61.76,Autumn,Autumn,2025-04
B02287,P059,Sliced almonds,Nuts,Primary,Maipo Nuts Ltd.,2025-05-17,2025-12-13,19,kg,Sold Out,19.0,0.0,0.0,228000,243.85,52250,55.88,Autumn,Autumn,2025-05
B02288,P059,Sliced almonds,Nuts,Primary,Maipo Nuts Ltd.,2025-06-08,2026-01-04,22,kg,Sold Out,22.0,0.0,0.0,264000,282.35,60500,64.71,Winter,Winter,2025-06
B02289,P059,Sliced almonds,Nuts,Primary,Maipo Nuts Ltd.,2025-06-24,2026-01-20,23,kg,Sold Out,23.0,0.0,0.0,276000,295.19,63250,67.65,Winter,Winter,2025-06
B02290,P060,Roasted salted almonds,Nuts,Primary,Maipo Nuts Ltd.,2023-07-21,2024-02-16,20,kg,Sold Out,20.0,0.0,0.0,220000,235.29,50000,53.48,Winter,Winter,2023-07
B02291,P060,Roasted salted almonds,Nuts,Primary,Maipo Nuts Ltd.,2023-08-12,2024-03-09,22,kg,Sold Out,22.0,0.0,0.0,242000,258.82,55000,58.82,Winter,Winter,2023-08
B02292,P060,Roasted salted almonds,Nuts,Primary,Maipo Nuts Ltd.,2023-08-31,2024-03-28,19,kg,Sold Out,19.0,0.0,0.0,209000,223.53,47500,50.8,Winter,Winter,2023-08
B02293,P060,Roasted salted almonds,Nuts,Backup,Nogal Dryfruits,2023-09-27,2024-04-24,23,kg,Sold Out,23.0,0.0,0.0,253000,270.59,50600,54.12,Spring,Spring,2023-09
B02294,P060,Roasted salted almonds,Nuts,Primary,Maipo Nuts Ltd.,2023-10-12,2024-05-09,8,kg,Partial Loss,7.34,0.66,8.3,80740,86.35,12740,13.63,Spring,Spring,2023-10
B02295,P060,Roasted salted almonds,Nuts,Backup,Nogal Dryfruits,2023-10-27,2024-05-24,8,kg,Partial Loss,7.39,0.61,7.6,81290,86.94,10890,11.65,Spring,Spring,2023-10
B02296,P060,Roasted salted almonds,Nuts,Primary,Maipo Nuts Ltd.,2023-11-20,2024-06-17,8,kg,Sold Out,8.0,0.0,0.0,88000,94.12,20000,21.39,Spring,Spring,2023-11
B02297,P060,Roasted salted almonds,Nuts,Primary,Maipo Nuts Ltd.,2023-12-12,2024-07-09,8,kg,Sold Out,8.0,0.0,0.0,88000,94.12,20000,21.39,Summer,Summer,2023-12
B02298,P060,Roasted salted almonds,Nuts,Primary,Maipo Nuts Ltd.,2023-12-31,2024-07-28,10,kg,Partial Loss,9.19,0.81,8.1,101090,108.12,16090,17.21,Summer,Summer,2023-12
B02299,P060,Roasted salted almonds,Nuts,Primary,Maipo Nuts Ltd.,2024-01-16,2024-08-13,6,kg,Partial Loss,5.5,0.5,8.3,60500,64.71,9500,10.16,Summer,Summer,2024-01
B02300,P060,Roasted salted almonds,Nuts,Primary,Maipo Nuts Ltd.,2024-02-07,2024-09-04,7,kg,Partial Loss,6.36,0.64,9.1,69960,74.82,10460,11.19,Summer,Summer,2024-02
B02301,P060,Roasted salted almonds,Nuts,Primary,Maipo Nuts Ltd.,2024-03-02,2024-09-28,8,kg,Partial Loss,7.25,0.75,9.4,79750,85.29,11750,12.57,Autumn,Autumn,2024-03
B02302,P060,Roasted salted almonds,Nuts,Primary,Maipo Nuts Ltd.,2024-03-20,2024-10-16,7,kg,Partial Loss,6.76,0.24,3.4,74360,79.53,14860,15.89,Autumn,Autumn,2024-03
B02303,P060,Roasted salted almonds,Nuts,Primary,Maipo Nuts Ltd.,2024-04-08,2024-11-04,20,kg,Sold Out,20.0,0.0,0.0,220000,235.29,50000,53.48,Autumn,Autumn,2024-04
B02304,P060,Roasted salted almonds,Nuts,Primary,Maipo Nuts Ltd.,2024-04-29,2024-11-25,22,kg,Sold Out,22.0,0.0,0.0,242000,258.82,55000,58.82,Autumn,Autumn,2024-04
B02305,P060,Roasted salted almonds,Nuts,Primary,Maipo Nuts Ltd.,2024-05-17,2024-12-13,22,kg,Sold Out,22.0,0.0,0.0,242000,258.82,55000,58.82,Autumn,Autumn,2024-05
B02306,P060,Roasted salted almonds,Nuts,Primary,Maipo Nuts Ltd.,2024-06-06,2025-01-02,19,kg,Sold Out,19.0,0.0,0.0,209000,223.53,47500,50.8,Winter,Winter,2024-06
B02307,P060,Roasted salted almonds,Nuts,Primary,Maipo Nuts Ltd.,2024-06-26,2025-01-22,19,kg,Sold Out,19.0,0.0,0.0,209000,223.53,47500,50.8,Winter,Winter,2024-06
B02308,P060,Roasted salted almonds,Nuts,Primary,Maipo Nuts Ltd.,2024-07-16,2025-02-11,19,kg,Sold Out,19.0,0.0,0.0,209000,223.53,47500,50.8,Winter,Winter,2024-07
B02309,P060,Roasted salted almonds,Nuts,Primary,Maipo Nuts Ltd.,2024-08-09,2025-03-07,19,kg,Sold Out,19.0,0.0,0.0,209000,223.53,47500,50.8,Winter,Winter,2024-08
B02310,P060,Roasted salted almonds,Nuts,Primary,Maipo Nuts Ltd.,2024-08-31,2025-03-29,20,kg,Sold Out,20.0,0.0,0.0,220000,235.29,50000,53.48,Winter,Winter,2024-08
B02311,P060,Roasted salted almonds,Nuts,Primary,Maipo Nuts Ltd.,2024-09-20,2025-04-18,27,kg,Sold Out,27.0,0.0,0.0,297000,317.65,67500,72.19,Spring,Spring,2024-09
B02312,P060,Roasted salted almonds,Nuts,Primary,Maipo Nuts Ltd.,2024-10-11,2025-05-09,7,kg,Sold Out,7.0,0.0,0.0,77000,82.35,17500,18.72,Spring,Spring,2024-10
B02313,P060,Roasted salted almonds,Nuts,Primary,Maipo Nuts Ltd.,2024-10-30,2025-05-28,7,kg,Sold Out,7.0,0.0,0.0,77000,82.35,17500,18.72,Spring,Spring,2024-10
B02314,P060,Roasted salted almonds,Nuts,Primary,Maipo Nuts Ltd.,2024-11-20,2025-06-18,7,kg,Sold Out,7.0,0.0,0.0,77000,82.35,17500,18.72,Spring,Spring,2024-11
B02315,P060,Roasted salted almonds,Nuts,Primary,Maipo Nuts Ltd.,2024-12-08,2025-07-06,10,kg,Partial Loss,9.56,0.44,4.4,105160,112.47,20160,21.56,Summer,Summer,2024-12
B02316,P060,Roasted salted almonds,Nuts,Primary,Maipo Nuts Ltd.,2024-12-25,2025-07-23,8,kg,Partial Loss,7.08,0.92,11.5,77880,83.29,9880,10.57,Summer,Summer,2024-12
B02317,P060,Roasted salted almonds,Nuts,Primary,Maipo Nuts Ltd.,2025-01-12,2025-08-10,7,kg,Sold Out,7.0,0.0,0.0,77000,82.35,17500,18.72,Summer,Summer,2025-01
B02318,P060,Roasted salted almonds,Nuts,Primary,Maipo Nuts Ltd.,2025-02-02,2025-08-31,7,kg,Partial Loss,6.71,0.29,4.2,73810,78.94,14310,15.3,Summer,Summer,2025-02
B02319,P060,Roasted salted almonds,Nuts,Primary,Maipo Nuts Ltd.,2025-02-25,2025-09-23,7,kg,Partial Loss,6.52,0.48,6.8,71720,76.71,12220,13.07,Summer,Summer,2025-02
B02320,P060,Roasted salted almonds,Nuts,Primary,Maipo Nuts Ltd.,2025-03-22,2025-10-18,8,kg,Partial Loss,7.26,0.74,9.2,79860,85.41,11860,12.68,Autumn,Autumn,2025-03
B02321,P060,Roasted salted almonds,Nuts,Primary,Maipo Nuts Ltd.,2025-04-13,2025-11-09,20,kg,Sold Out,20.0,0.0,0.0,220000,235.29,50000,53.48,Autumn,Autumn,2025-04
B02322,P060,Roasted salted almonds,Nuts,Primary,Maipo Nuts Ltd.,2025-05-02,2025-11-28,20,kg,Sold Out,20.0,0.0,0.0,220000,235.29,50000,53.48,Autumn,Autumn,2025-05
B02323,P060,Roasted salted almonds,Nuts,Primary,Maipo Nuts Ltd.,2025-05-28,2025-12-24,20,kg,Sold Out,20.0,0.0,0.0,220000,235.29,50000,53.48,Autumn,Autumn,2025-05
B02324,P060,Roasted salted almonds,Nuts,Primary,Maipo Nuts Ltd.,2025-06-16,2026-01-12,21,kg,Sold Out,21.0,0.0,0.0,231000,247.06,52500,56.15,Winter,Winter,2025-06
B02325,P061,Hazelnuts,Nuts,Primary,Maipo Nuts Ltd.,2023-07-13,2024-02-08,17,kg,Sold Out,17.0,0.0,0.0,127500,136.36,35700,38.18,Winter,Winter,2023-07
B02326,P061,Hazelnuts,Nuts,Primary,Maipo Nuts Ltd.,2023-07-31,2024-02-26,18,kg,Sold Out,18.0,0.0,0.0,135000,144.39,37800,40.43,Winter,Winter,2023-07
B02327,P061,Hazelnuts,Nuts,Backup,Nogal Dryfruits,2023-08-22,2024-03-19,19,kg,Sold Out,19.0,0.0,0.0,142500,152.41,23750,25.4,Winter,Winter,2023-08
B02328,P061,Hazelnuts,Nuts,Primary,Maipo Nuts Ltd.,2023-09-13,2024-04-10,23,kg,Partial Loss,22.15,0.85,3.7,166125,177.67,41925,44.84,Spring,Spring,2023-09
B02329,P061,Hazelnuts,Nuts,Primary,Maipo Nuts Ltd.,2023-10-03,2024-04-30,8,kg,Partial Loss,7.42,0.58,7.2,55650,59.52,12450,13.32,Spring,Spring,2023-10
B02330,P061,Hazelnuts,Nuts,Primary,Maipo Nuts Ltd.,2023-10-24,2024-05-21,7,kg,Sold Out,7.0,0.0,0.0,52500,56.15,14700,15.72,Spring,Spring,2023-10
B02331,P061,Hazelnuts,Nuts,Primary,Maipo Nuts Ltd.,2023-11-18,2024-06-15,8,kg,Sold Out,8.0,0.0,0.0,60000,64.17,16800,17.97,Spring,Spring,2023-11
B02332,P061,Hazelnuts,Nuts,Primary,Maipo Nuts Ltd.,2023-12-14,2024-07-11,10,kg,Sold Out,10.0,0.0,0.0,75000,80.21,21000,22.46,Summer,Summer,2023-12
B02333,P061,Hazelnuts,Nuts,Primary,Maipo Nuts Ltd.,2024-01-05,2024-08-02,6,kg,Partial Loss,5.46,0.54,9.0,40950,43.8,8550,9.14,Summer,Summer,2024-01
B02334,P061,Hazelnuts,Nuts,Primary,Maipo Nuts Ltd.,2024-01-28,2024-08-25,7,kg,Sold Out,7.0,0.0,0.0,52500,56.15,14700,15.72,Summer,Summer,2024-01
B02335,P061,Hazelnuts,Nuts,Primary,Maipo Nuts Ltd.,2024-02-24,2024-09-21,8,kg,Partial Loss,7.06,0.94,11.7,52950,56.63,9750,10.43,Summer,Summer,2024-02
B02336,P061,Hazelnuts,Nuts,Primary,Maipo Nuts Ltd.,2024-03-19,2024-10-15,6,kg,Sold Out,6.0,0.0,0.0,45000,48.13,12600,13.48,Autumn,Autumn,2024-03
B02337,P061,Hazelnuts,Nuts,Primary,Maipo Nuts Ltd.,2024-04-13,2024-11-09,17,kg,Partial Loss,15.66,1.34,7.9,117450,125.61,25650,27.43,Autumn,Autumn,2024-04
B02338,P061,Hazelnuts,Nuts,Primary,Maipo Nuts Ltd.,2024-04-30,2024-11-26,18,kg,Sold Out,18.0,0.0,0.0,135000,144.39,37800,40.43,Autumn,Autumn,2024-04
B02339,P061,Hazelnuts,Nuts,Backup,Nogal Dryfruits,2024-05-25,2024-12-21,19,kg,Sold Out,19.0,0.0,0.0,142500,152.41,23750,25.4,Autumn,Autumn,2024-05
B02340,P061,Hazelnuts,Nuts,Primary,Maipo Nuts Ltd.,2024-06-16,2025-01-12,17,kg,Sold Out,17.0,0.0,0.0,127500,136.36,35700,38.18,Winter,Winter,2024-06
B02341,P061,Hazelnuts,Nuts,Primary,Maipo Nuts Ltd.,2024-07-03,2025-01-29,17,kg,Partial Loss,15.78,1.22,7.2,118350,126.58,26550,28.4,Winter,Winter,2024-07
B02342,P061,Hazelnuts,Nuts,Primary,Maipo Nuts Ltd.,2024-07-26,2025-02-21,19,kg,Sold Out,19.0,0.0,0.0,142500,152.41,39900,42.67,Winter,Winter,2024-07
B02343,P061,Hazelnuts,Nuts,Primary,Maipo Nuts Ltd.,2024-08-16,2025-03-14,21,kg,Sold Out,21.0,0.0,0.0,157500,168.45,44100,47.17,Winter,Winter,2024-08
B02344,P061,Hazelnuts,Nuts,Primary,Maipo Nuts Ltd.,2024-09-05,2025-04-03,26,kg,Sold Out,26.0,0.0,0.0,195000,208.56,54600,58.4,Spring,Spring,2024-09
B02345,P061,Hazelnuts,Nuts,Primary,Maipo Nuts Ltd.,2024-10-01,2025-04-29,8,kg,Partial Loss,7.57,0.43,5.4,56775,60.72,13575,14.52,Spring,Spring,2024-10
B02346,P061,Hazelnuts,Nuts,Primary,Maipo Nuts Ltd.,2024-10-19,2025-05-17,8,kg,Sold Out,8.0,0.0,0.0,60000,64.17,16800,17.97,Spring,Spring,2024-10
B02347,P061,Hazelnuts,Nuts,Primary,Maipo Nuts Ltd.,2024-11-11,2025-06-09,7,kg,Partial Loss,6.38,0.62,8.8,47850,51.18,10050,10.75,Spring,Spring,2024-11
B02348,P061,Hazelnuts,Nuts,Primary,Maipo Nuts Ltd.,2024-11-30,2025-06-28,7,kg,Sold Out,7.0,0.0,0.0,52500,56.15,14700,15.72,Spring,Spring,2024-11
B02349,P061,Hazelnuts,Nuts,Backup,Nogal Dryfruits,2024-12-21,2025-07-19,11,kg,Sold Out,11.0,0.0,0.0,82500,88.24,13750,14.71,Summer,Summer,2024-12
B02350,P061,Hazelnuts,Nuts,Primary,Maipo Nuts Ltd.,2025-01-12,2025-08-10,7,kg,Sold Out,7.0,0.0,0.0,52500,56.15,14700,15.72,Summer,Summer,2025-01
B02351,P061,Hazelnuts,Nuts,Primary,Maipo Nuts Ltd.,2025-01-31,2025-08-29,7,kg,Partial Loss,6.31,0.69,9.8,47325,50.61,9525,10.19,Summer,Summer,2025-01
B02352,P061,Hazelnuts,Nuts,Primary,Maipo Nuts Ltd.,2025-02-23,2025-09-21,7,kg,Sold Out,7.0,0.0,0.0,52500,56.15,14700,15.72,Summer,Summer,2025-02
B02353,P061,Hazelnuts,Nuts,Primary,Maipo Nuts Ltd.,2025-03-17,2025-10-13,8,kg,Partial Loss,7.59,0.41,5.1,56925,60.88,13725,14.68,Autumn,Autumn,2025-03
B02354,P061,Hazelnuts,Nuts,Primary,Maipo Nuts Ltd.,2025-04-07,2025-11-03,22,kg,Sold Out,22.0,0.0,0.0,165000,176.47,46200,49.41,Autumn,Autumn,2025-04
B02355,P061,Hazelnuts,Nuts,Primary,Maipo Nuts Ltd.,2025-05-03,2025-11-29,23,kg,Sold Out,23.0,0.0,0.0,172500,184.49,48300,51.66,Autumn,Autumn,2025-05
B02356,P061,Hazelnuts,Nuts,Primary,Maipo Nuts Ltd.,2025-05-27,2025-12-23,20,kg,Partial Loss,19.38,0.62,3.1,145350,155.45,37350,39.95,Autumn,Autumn,2025-05
B02357,P061,Hazelnuts,Nuts,Primary,Maipo Nuts Ltd.,2025-06-17,2026-01-13,22,kg,Sold Out,22.0,0.0,0.0,165000,176.47,46200,49.41,Winter,Winter,2025-06
B02358,P062,European hazelnuts (premium),Nuts,Backup,Nogal Dryfruits,2023-07-18,2024-02-13,20,kg,Sold Out,20.0,0.0,0.0,440000,470.59,106000,113.37,Winter,Winter,2023-07
B02359,P062,European hazelnuts (premium),Nuts,Primary,Maipo Nuts Ltd.,2023-08-14,2024-03-11,18,kg,Partial Loss,17.1,0.9,5.0,376200,402.35,77400,82.78,Winter,Winter,2023-08
B02360,P062,European hazelnuts (premium),Nuts,Primary,Maipo Nuts Ltd.,2023-08-29,2024-03-26,18,kg,Sold Out,18.0,0.0,0.0,396000,423.53,97200,103.96,Winter,Winter,2023-08
B02361,P062,European hazelnuts (premium),Nuts,Primary,Maipo Nuts Ltd.,2023-09-12,2024-04-09,27,kg,Sold Out,27.0,0.0,0.0,594000,635.29,145800,155.94,Spring,Spring,2023-09
B02362,P062,European hazelnuts (premium),Nuts,Primary,Maipo Nuts Ltd.,2023-10-05,2024-05-02,7,kg,Sold Out,7.0,0.0,0.0,154000,164.71,37800,40.43,Spring,Spring,2023-10
B02363,P062,European hazelnuts (premium),Nuts,Primary,Maipo Nuts Ltd.,2023-10-27,2024-05-24,7,kg,Partial Loss,6.22,0.78,11.2,136840,146.35,20640,22.07,Spring,Spring,2023-10
B02364,P062,European hazelnuts (premium),Nuts,Primary,Maipo Nuts Ltd.,2023-11-17,2024-06-14,6,kg,Sold Out,6.0,0.0,0.0,132000,141.18,32400,34.65,Spring,Spring,2023-11
B02365,P062,European hazelnuts (premium),Nuts,Primary,Maipo Nuts Ltd.,2023-12-04,2024-07-01,10,kg,Partial Loss,9.82,0.18,1.8,216040,231.06,50040,53.52,Summer,Summer,2023-12
B02366,P062,European hazelnuts (premium),Nuts,Primary,Maipo Nuts Ltd.,2023-12-30,2024-07-27,10,kg,Partial Loss,9.18,0.82,8.2,201960,216.0,35960,38.46,Summer,Summer,2023-12
B02367,P062,European hazelnuts (premium),Nuts,Primary,Maipo Nuts Ltd.,2024-01-18,2024-08-15,8,kg,Sold Out,8.0,0.0,0.0,176000,188.24,43200,46.2,Summer,Summer,2024-01
B02368,P062,European hazelnuts (premium),Nuts,Primary,Maipo Nuts Ltd.,2024-02-08,2024-09-05,7,kg,Sold Out,7.0,0.0,0.0,154000,164.71,37800,40.43,Summer,Summer,2024-02
B02369,P062,European hazelnuts (premium),Nuts,Primary,Maipo Nuts Ltd.,2024-03-01,2024-09-27,8,kg,Partial Loss,7.32,0.68,8.5,161040,172.24,28240,30.2,Autumn,Autumn,2024-03
B02370,P062,European hazelnuts (premium),Nuts,Primary,Maipo Nuts Ltd.,2024-03-21,2024-10-17,7,kg,Partial Loss,6.41,0.59,8.4,141020,150.82,24820,26.55,Autumn,Autumn,2024-03
B02371,P062,European hazelnuts (premium),Nuts,Primary,Maipo Nuts Ltd.,2024-04-16,2024-11-12,18,kg,Sold Out,18.0,0.0,0.0,396000,423.53,97200,103.96,Autumn,Autumn,2024-04
B02372,P062,European hazelnuts (premium),Nuts,Backup,Nogal Dryfruits,2024-05-06,2024-12-02,22,kg,Sold Out,22.0,0.0,0.0,484000,517.65,116600,124.71,Autumn,Autumn,2024-05
B02373,P062,European hazelnuts (premium),Nuts,Backup,Nogal Dryfruits,2024-05-22,2024-12-18,19,kg,Sold Out,19.0,0.0,0.0,418000,447.06,100700,107.7,Autumn,Autumn,2024-05
B02374,P062,European hazelnuts (premium),Nuts,Primary,Maipo Nuts Ltd.,2024-06-11,2025-01-07,21,kg,Sold Out,21.0,0.0,0.0,462000,494.12,113400,121.28,Winter,Winter,2024-06
B02375,P062,European hazelnuts (premium),Nuts,Primary,Maipo Nuts Ltd.,2024-06-28,2025-01-24,20,kg,Partial Loss,18.38,1.62,8.1,404360,432.47,72360,77.39,Winter,Winter,2024-06
B02376,P062,European hazelnuts (premium),Nuts,Primary,Maipo Nuts Ltd.,2024-07-11,2025-02-06,21,kg,Partial Loss,18.84,2.16,10.3,414480,443.29,65880,70.46,Winter,Winter,2024-07
B02377,P062,European hazelnuts (premium),Nuts,Primary,Maipo Nuts Ltd.,2024-07-30,2025-02-25,20,kg,Partial Loss,18.94,1.06,5.3,416680,445.65,84680,90.57,Winter,Winter,2024-07
B02378,P062,European hazelnuts (premium),Nuts,Primary,Maipo Nuts Ltd.,2024-08-18,2025-03-16,21,kg,Partial Loss,19.4,1.6,7.6,426800,456.47,78200,83.64,Winter,Winter,2024-08
B02379,P062,European hazelnuts (premium),Nuts,Primary,Maipo Nuts Ltd.,2024-09-08,2025-04-06,24,kg,Sold Out,24.0,0.0,0.0,528000,564.71,129600,138.61,Spring,Spring,2024-09
B02380,P062,European hazelnuts (premium),Nuts,Primary,Maipo Nuts Ltd.,2024-10-01,2025-04-29,8,kg,Partial Loss,7.51,0.49,6.1,165220,176.71,32420,34.67,Spring,Spring,2024-10
B02381,P062,European hazelnuts (premium),Nuts,Backup,Nogal Dryfruits,2024-10-25,2025-05-23,8,kg,Sold Out,8.0,0.0,0.0,176000,188.24,42400,45.35,Spring,Spring,2024-10
B02382,P062,European hazelnuts (premium),Nuts,Primary,Maipo Nuts Ltd.,2024-11-17,2025-06-15,8,kg,Sold Out,8.0,0.0,0.0,176000,188.24,43200,46.2,Spring,Spring,2024-11
B02383,P062,European hazelnuts (premium),Nuts,Primary,Maipo Nuts Ltd.,2024-12-05,2025-07-03,8,kg,Partial Loss,7.74,0.26,3.3,170280,182.12,37480,40.09,Summer,Summer,2024-12
B02384,P062,European hazelnuts (premium),Nuts,Primary,Maipo Nuts Ltd.,2024-12-23,2025-07-21,10,kg,Sold Out,10.0,0.0,0.0,220000,235.29,54000,57.75,Summer,Summer,2024-12
B02385,P062,European hazelnuts (premium),Nuts,Primary,Maipo Nuts Ltd.,2025-01-13,2025-08-11,8,kg,Sold Out,8.0,0.0,0.0,176000,188.24,43200,46.2,Summer,Summer,2025-01
B02386,P062,European hazelnuts (premium),Nuts,Primary,Maipo Nuts Ltd.,2025-01-30,2025-08-28,8,kg,Partial Loss,7.33,0.67,8.4,161260,172.47,28460,30.44,Summer,Summer,2025-01
B02387,P062,European hazelnuts (premium),Nuts,Primary,Maipo Nuts Ltd.,2025-02-16,2025-09-14,7,kg,Sold Out,7.0,0.0,0.0,154000,164.71,37800,40.43,Summer,Summer,2025-02
B02388,P062,European hazelnuts (premium),Nuts,Primary,Maipo Nuts Ltd.,2025-03-04,2025-09-30,7,kg,Partial Loss,6.68,0.32,4.6,146960,157.18,30760,32.9,Autumn,Autumn,2025-03
B02389,P062,European hazelnuts (premium),Nuts,Backup,Nogal Dryfruits,2025-03-29,2025-10-25,8,kg,Partial Loss,7.2,0.8,10.0,158400,169.41,24800,26.52,Autumn,Autumn,2025-03
B02390,P062,European hazelnuts (premium),Nuts,Primary,Maipo Nuts Ltd.,2025-04-22,2025-11-18,18,kg,Sold Out,18.0,0.0,0.0,396000,423.53,97200,103.96,Autumn,Autumn,2025-04
B02391,P062,European hazelnuts (premium),Nuts,Primary,Maipo Nuts Ltd.,2025-05-10,2025-12-06,23,kg,Sold Out,23.0,0.0,0.0,506000,541.18,124200,132.83,Autumn,Autumn,2025-05
B02392,P062,European hazelnuts (premium),Nuts,Primary,Maipo Nuts Ltd.,2025-05-27,2025-12-23,19,kg,Partial Loss,17.4,1.6,8.4,382800,409.41,67400,72.09,Autumn,Autumn,2025-05
B02393,P062,European hazelnuts (premium),Nuts,Primary,Maipo Nuts Ltd.,2025-06-17,2026-01-13,22,kg,Partial Loss,20.22,1.78,8.1,444840,475.76,79640,85.18,Winter,Winter,2025-06
B02394,P063,Cashews (salted),Nuts,Backup,Nogal Dryfruits,2023-07-21,2024-02-16,19,kg,Partial Loss,18.01,0.99,5.2,468260,500.81,91110,97.44,Winter,Winter,2023-07
B02395,P063,Cashews (salted),Nuts,Primary,Maipo Nuts Ltd.,2023-08-09,2024-03-06,17,kg,Sold Out,17.0,0.0,0.0,442000,472.73,108800,116.36,Winter,Winter,2023-08
B02396,P063,Cashews (salted),Nuts,Primary,Maipo Nuts Ltd.,2023-08-27,2024-03-24,17,kg,Sold Out,17.0,0.0,0.0,442000,472.73,108800,116.36,Winter,Winter,2023-08
B02397,P063,Cashews (salted),Nuts,Primary,Maipo Nuts Ltd.,2023-09-19,2024-04-16,26,kg,Sold Out,26.0,0.0,0.0,676000,722.99,166400,177.97,Spring,Spring,2023-09
B02398,P063,Cashews (salted),Nuts,Primary,Maipo Nuts Ltd.,2023-10-06,2024-05-03,8,kg,Partial Loss,7.33,0.67,8.4,190580,203.83,33780,36.13,Spring,Spring,2023-10
B02399,P063,Cashews (salted),Nuts,Primary,Maipo Nuts Ltd.,2023-10-29,2024-05-26,7,kg,Partial Loss,6.43,0.57,8.1,167180,178.8,29980,32.06,Spring,Spring,2023-10
B02400,P063,Cashews (salted),Nuts,Primary,Maipo Nuts Ltd.,2023-11-18,2024-06-15,8,kg,Sold Out,8.0,0.0,0.0,208000,222.46,51200,54.76,Spring,Spring,2023-11
B02401,P063,Cashews (salted),Nuts,Primary,Maipo Nuts Ltd.,2023-12-05,2024-07-02,9,kg,Sold Out,9.0,0.0,0.0,234000,250.27,57600,61.6,Summer,Summer,2023-12
B02402,P063,Cashews (salted),Nuts,Backup,Nogal Dryfruits,2023-12-25,2024-07-22,9,kg,Partial Loss,8.3,0.7,7.8,215800,230.8,37150,39.73,Summer,Summer,2023-12
B02403,P063,Cashews (salted),Nuts,Primary,Maipo Nuts Ltd.,2024-01-18,2024-08-15,8,kg,Partial Loss,7.21,0.79,9.9,187460,200.49,30660,32.79,Summer,Summer,2024-01
B02404,P063,Cashews (salted),Nuts,Primary,Maipo Nuts Ltd.,2024-02-04,2024-09-01,6,kg,Sold Out,6.0,0.0,0.0,156000,166.84,38400,41.07,Summer,Summer,2024-02
B02405,P063,Cashews (salted),Nuts,Primary,Maipo Nuts Ltd.,2024-02-28,2024-09-25,8,kg,Partial Loss,7.58,0.42,5.2,197080,210.78,40280,43.08,Summer,Summer,2024-02
B02406,P063,Cashews (salted),Nuts,Primary,Maipo Nuts Ltd.,2024-03-14,2024-10-10,8,kg,Partial Loss,7.56,0.44,5.5,196560,210.22,39760,42.52,Autumn,Autumn,2024-03
B02407,P063,Cashews (salted),Nuts,Primary,Maipo Nuts Ltd.,2024-04-10,2024-11-06,18,kg,Sold Out,18.0,0.0,0.0,468000,500.53,115200,123.21,Autumn,Autumn,2024-04
B02408,P063,Cashews (salted),Nuts,Primary,Maipo Nuts Ltd.,2024-04-29,2024-11-25,20,kg,Sold Out,20.0,0.0,0.0,520000,556.15,128000,136.9,Autumn,Autumn,2024-04
B02409,P063,Cashews (salted),Nuts,Primary,Maipo Nuts Ltd.,2024-05-23,2024-12-19,21,kg,Sold Out,21.0,0.0,0.0,546000,583.96,134400,143.74,Autumn,Autumn,2024-05
B02410,P063,Cashews (salted),Nuts,Primary,Maipo Nuts Ltd.,2024-06-11,2025-01-07,20,kg,Sold Out,20.0,0.0,0.0,520000,556.15,128000,136.9,Winter,Winter,2024-06
B02411,P063,Cashews (salted),Nuts,Backup,Nogal Dryfruits,2024-06-28,2025-01-24,20,kg,Partial Loss,19.02,0.98,4.9,494520,528.9,97520,104.3,Winter,Winter,2024-06
B02412,P063,Cashews (salted),Nuts,Primary,Maipo Nuts Ltd.,2024-07-22,2025-02-17,20,kg,Partial Loss,19.18,0.82,4.1,498680,533.35,106680,114.1,Winter,Winter,2024-07
B02413,P063,Cashews (salted),Nuts,Primary,Maipo Nuts Ltd.,2024-08-13,2025-03-11,22,kg,Sold Out,22.0,0.0,0.0,572000,611.76,140800,150.59,Winter,Winter,2024-08
B02414,P063,Cashews (salted),Nuts,Primary,Maipo Nuts Ltd.,2024-09-07,2025-04-05,24,kg,Sold Out,24.0,0.0,0.0,624000,667.38,153600,164.28,Spring,Spring,2024-09
B02415,P063,Cashews (salted),Nuts,Primary,Maipo Nuts Ltd.,2024-09-28,2025-04-26,23,kg,Sold Out,23.0,0.0,0.0,598000,639.57,147200,157.43,Spring,Spring,2024-09
B02416,P063,Cashews (salted),Nuts,Primary,Maipo Nuts Ltd.,2024-10-16,2025-05-14,7,kg,Sold Out,7.0,0.0,0.0,182000,194.65,44800,47.91,Spring,Spring,2024-10
B02417,P063,Cashews (salted),Nuts,Primary,Maipo Nuts Ltd.,2024-11-05,2025-06-03,8,kg,Sold Out,8.0,0.0,0.0,208000,222.46,51200,54.76,Spring,Spring,2024-11
B02418,P063,Cashews (salted),Nuts,Primary,Maipo Nuts Ltd.,2024-11-28,2025-06-26,8,kg,Partial Loss,7.24,0.76,9.5,188240,201.33,31440,33.63,Spring,Spring,2024-11
B02419,P063,Cashews (salted),Nuts,Primary,Maipo Nuts Ltd.,2024-12-13,2025-07-11,8,kg,Sold Out,8.0,0.0,0.0,208000,222.46,51200,54.76,Summer,Summer,2024-12
B02420,P063,Cashews (salted),Nuts,Primary,Maipo Nuts Ltd.,2024-12-30,2025-07-28,10,kg,Sold Out,10.0,0.0,0.0,260000,278.07,64000,68.45,Summer,Summer,2024-12
B02421,P063,Cashews (salted),Nuts,Backup,Nogal Dryfruits,2025-01-20,2025-08-18,9,kg,Sold Out,9.0,0.0,0.0,234000,250.27,55350,59.2,Summer,Summer,2025-01
B02422,P063,Cashews (salted),Nuts,Primary,Maipo Nuts Ltd.,2025-02-07,2025-09-05,8,kg,Partial Loss,7.15,0.85,10.6,185900,198.82,29100,31.12,Summer,Summer,2025-02
B02423,P063,Cashews (salted),Nuts,Primary,Maipo Nuts Ltd.,2025-02-24,2025-09-22,7,kg,Sold Out,7.0,0.0,0.0,182000,194.65,44800,47.91,Summer,Summer,2025-02
B02424,P063,Cashews (salted),Nuts,Primary,Maipo Nuts Ltd.,2025-03-12,2025-10-08,7,kg,Sold Out,7.0,0.0,0.0,182000,194.65,44800,47.91,Autumn,Autumn,2025-03
B02425,P063,Cashews (salted),Nuts,Backup,Nogal Dryfruits,2025-04-05,2025-11-01,20,kg,Sold Out,20.0,0.0,0.0,520000,556.15,123000,131.55,Autumn,Autumn,2025-04
B02426,P063,Cashews (salted),Nuts,Primary,Maipo Nuts Ltd.,2025-04-26,2025-11-22,18,kg,Sold Out,18.0,0.0,0.0,468000,500.53,115200,123.21,Autumn,Autumn,2025-04
B02427,P063,Cashews (salted),Nuts,Primary,Maipo Nuts Ltd.,2025-05-14,2025-12-10,18,kg,Sold Out,18.0,0.0,0.0,468000,500.53,115200,123.21,Autumn,Autumn,2025-05
B02428,P063,Cashews (salted),Nuts,Primary,Maipo Nuts Ltd.,2025-06-02,2025-12-29,22,kg,Sold Out,22.0,0.0,0.0,572000,611.76,140800,150.59,Winter,Winter,2025-06
B02429,P063,Cashews (salted),Nuts,Primary,Maipo Nuts Ltd.,2025-06-24,2026-01-20,19,kg,Sold Out,19.0,0.0,0.0,494000,528.34,121600,130.05,Winter,Winter,2025-06
B02430,P064,Cashews (unsalted),Nuts,Primary,Maipo Nuts Ltd.,2023-07-02,2024-01-28,22,kg,Sold Out,22.0,0.0,0.0,572000,611.76,128700,137.65,Winter,Winter,2023-07
B02431,P064,Cashews (unsalted),Nuts,Primary,Maipo Nuts Ltd.,2023-07-25,2024-02-20,21,kg,Sold Out,21.0,0.0,0.0,546000,583.96,122850,131.39,Winter,Winter,2023-07
B02432,P064,Cashews (unsalted),Nuts,Primary,Maipo Nuts Ltd.,2023-08-20,2024-03-17,17,kg,Sold Out,17.0,0.0,0.0,442000,472.73,99450,106.36,Winter,Winter,2023-08
B02433,P064,Cashews (unsalted),Nuts,Primary,Maipo Nuts Ltd.,2023-09-10,2024-04-07,23,kg,Sold Out,23.0,0.0,0.0,598000,639.57,134550,143.9,Spring,Spring,2023-09
B02434,P064,Cashews (unsalted),Nuts,Primary,Maipo Nuts Ltd.,2023-10-04,2024-05-01,6,kg,Sold Out,6.0,0.0,0.0,156000,166.84,35100,37.54,Spring,Spring,2023-10
B02435,P064,Cashews (unsalted),Nuts,Primary,Maipo Nuts Ltd.,2023-10-24,2024-05-21,8,kg,Partial Loss,7.7,0.3,3.8,200200,214.12,39000,41.71,Spring,Spring,2023-10
B02436,P064,Cashews (unsalted),Nuts,Backup,Nogal Dryfruits,2023-11-06,2024-06-03,6,kg,Partial Loss,5.36,0.64,10.6,139360,149.05,17860,19.1,Spring,Spring,2023-11
B02437,P064,Cashews (unsalted),Nuts,Primary,Maipo Nuts Ltd.,2023-11-25,2024-06-22,7,kg,Partial Loss,6.33,0.67,9.5,164580,176.02,23530,25.17,Spring,Spring,2023-11
B02438,P064,Cashews (unsalted),Nuts,Primary,Maipo Nuts Ltd.,2023-12-22,2024-07-19,11,kg,Sold Out,11.0,0.0,0.0,286000,305.88,64350,68.82,Summer,Summer,2023-12
B02439,P064,Cashews (unsalted),Nuts,Primary,Maipo Nuts Ltd.,2024-01-10,2024-08-07,7,kg,Partial Loss,6.31,0.69,9.8,164060,175.47,23010,24.61,Summer,Summer,2024-01
B02440,P064,Cashews (unsalted),Nuts,Primary,Maipo Nuts Ltd.,2024-02-02,2024-08-30,7,kg,Partial Loss,6.61,0.39,5.6,171860,183.81,30810,32.95,Summer,Summer,2024-02
B02441,P064,Cashews (unsalted),Nuts,Primary,Maipo Nuts Ltd.,2024-02-26,2024-09-23,7,kg,Partial Loss,6.31,0.69,9.8,164060,175.47,23010,24.61,Summer,Summer,2024-02
B02442,P064,Cashews (unsalted),Nuts,Primary,Maipo Nuts Ltd.,2024-03-17,2024-10-13,6,kg,Sold Out,6.0,0.0,0.0,156000,166.84,35100,37.54,Autumn,Autumn,2024-03
B02443,P064,Cashews (unsalted),Nuts,Primary,Maipo Nuts Ltd.,2024-04-02,2024-10-29,19,kg,Sold Out,19.0,0.0,0.0,494000,528.34,111150,118.88,Autumn,Autumn,2024-04
B02444,P064,Cashews (unsalted),Nuts,Primary,Maipo Nuts Ltd.,2024-04-23,2024-11-19,18,kg,Partial Loss,16.9,1.1,6.1,439400,469.95,76700,82.03,Autumn,Autumn,2024-04
B02445,P064,Cashews (unsalted),Nuts,Primary,Maipo Nuts Ltd.,2024-05-17,2024-12-13,20,kg,Sold Out,20.0,0.0,0.0,520000,556.15,117000,125.13,Autumn,Autumn,2024-05
B02446,P064,Cashews (unsalted),Nuts,Primary,Maipo Nuts Ltd.,2024-06-04,2024-12-31,20,kg,Sold Out,20.0,0.0,0.0,520000,556.15,117000,125.13,Winter,Winter,2024-06
B02447,P064,Cashews (unsalted),Nuts,Primary,Maipo Nuts Ltd.,2024-06-26,2025-01-22,19,kg,Sold Out,19.0,0.0,0.0,494000,528.34,111150,118.88,Winter,Winter,2024-06
B02448,P064,Cashews (unsalted),Nuts,Backup,Nogal Dryfruits,2024-07-19,2025-02-14,21,kg,Partial Loss,19.38,1.62,7.7,503880,538.91,78630,84.1,Winter,Winter,2024-07
B02449,P064,Cashews (unsalted),Nuts,Primary,Maipo Nuts Ltd.,2024-08-07,2025-03-05,19,kg,Sold Out,19.0,0.0,0.0,494000,528.34,111150,118.88,Winter,Winter,2024-08
B02450,P064,Cashews (unsalted),Nuts,Primary,Maipo Nuts Ltd.,2024-08-28,2025-03-26,19,kg,Sold Out,19.0,0.0,0.0,494000,528.34,111150,118.88,Winter,Winter,2024-08
B02451,P064,Cashews (unsalted),Nuts,Primary,Maipo Nuts Ltd.,2024-09-13,2025-04-11,27,kg,Sold Out,27.0,0.0,0.0,702000,750.8,157950,168.93,Spring,Spring,2024-09
B02452,P064,Cashews (unsalted),Nuts,Primary,Maipo Nuts Ltd.,2024-10-06,2025-05-04,6,kg,Partial Loss,5.71,0.29,4.9,148460,158.78,27560,29.48,Spring,Spring,2024-10
B02453,P064,Cashews (unsalted),Nuts,Primary,Maipo Nuts Ltd.,2024-10-26,2025-05-24,7,kg,Sold Out,7.0,0.0,0.0,182000,194.65,40950,43.8,Spring,Spring,2024-10
B02454,P064,Cashews (unsalted),Nuts,Primary,Maipo Nuts Ltd.,2024-11-17,2025-06-15,8,kg,Sold Out,8.0,0.0,0.0,208000,222.46,46800,50.05,Spring,Spring,2024-11
B02455,P064,Cashews (unsalted),Nuts,Primary,Maipo Nuts Ltd.,2024-12-07,2025-07-05,9,kg,Sold Out,9.0,0.0,0.0,234000,250.27,52650,56.31,Summer,Summer,2024-12
B02456,P064,Cashews (unsalted),Nuts,Backup,Nogal Dryfruits,2024-12-29,2025-07-27,9,kg,Sold Out,9.0,0.0,0.0,234000,250.27,51750,55.35,Summer,Summer,2024-12
B02457,P064,Cashews (unsalted),Nuts,Primary,Maipo Nuts Ltd.,2025-01-15,2025-08-13,9,kg,Partial Loss,8.23,0.77,8.5,213980,228.86,32630,34.9,Summer,Summer,2025-01
B02458,P064,Cashews (unsalted),Nuts,Primary,Maipo Nuts Ltd.,2025-02-04,2025-09-02,7,kg,Partial Loss,6.17,0.83,11.8,160420,171.57,19370,20.72,Summer,Summer,2025-02
B02459,P064,Cashews (unsalted),Nuts,Primary,Maipo Nuts Ltd.,2025-02-26,2025-09-24,8,kg,Partial Loss,7.4,0.6,7.5,192400,205.78,31200,33.37,Summer,Summer,2025-02
B02460,P064,Cashews (unsalted),Nuts,Primary,Maipo Nuts Ltd.,2025-03-16,2025-10-12,7,kg,Sold Out,7.0,0.0,0.0,182000,194.65,40950,43.8,Autumn,Autumn,2025-03
B02461,P064,Cashews (unsalted),Nuts,Primary,Maipo Nuts Ltd.,2025-04-12,2025-11-08,21,kg,Sold Out,21.0,0.0,0.0,546000,583.96,122850,131.39,Autumn,Autumn,2025-04
B02462,P064,Cashews (unsalted),Nuts,Primary,Maipo Nuts Ltd.,2025-05-03,2025-11-29,21,kg,Sold Out,21.0,0.0,0.0,546000,583.96,122850,131.39,Autumn,Autumn,2025-05
B02463,P064,Cashews (unsalted),Nuts,Primary,Maipo Nuts Ltd.,2025-05-27,2025-12-23,22,kg,Sold Out,22.0,0.0,0.0,572000,611.76,128700,137.65,Autumn,Autumn,2025-05
B02464,P064,Cashews (unsalted),Nuts,Primary,Maipo Nuts Ltd.,2025-06-16,2026-01-12,22,kg,Sold Out,22.0,0.0,0.0,572000,611.76,128700,137.65,Winter,Winter,2025-06
B02465,P065,"Pistachios (roasted, salted)",Nuts,Primary,Maipo Nuts Ltd.,2023-07-16,2024-02-11,21,kg,Partial Loss,20.58,0.42,2.0,617400,660.32,135450,144.87,Winter,Winter,2023-07
B02466,P065,"Pistachios (roasted, salted)",Nuts,Primary,Maipo Nuts Ltd.,2023-08-05,2024-03-02,21,kg,Sold Out,21.0,0.0,0.0,630000,673.8,148050,158.34,Winter,Winter,2023-08
B02467,P065,"Pistachios (roasted, salted)",Nuts,Primary,Maipo Nuts Ltd.,2023-08-21,2024-03-18,20,kg,Sold Out,20.0,0.0,0.0,600000,641.71,141000,150.8,Winter,Winter,2023-08
B02468,P065,"Pistachios (roasted, salted)",Nuts,Primary,Maipo Nuts Ltd.,2023-09-11,2024-04-08,23,kg,Sold Out,23.0,0.0,0.0,690000,737.97,162150,173.42,Spring,Spring,2023-09
B02469,P065,"Pistachios (roasted, salted)",Nuts,Primary,Maipo Nuts Ltd.,2023-10-01,2024-04-28,7,kg,Sold Out,7.0,0.0,0.0,210000,224.6,49350,52.78,Spring,Spring,2023-10
B02470,P065,"Pistachios (roasted, salted)",Nuts,Primary,Maipo Nuts Ltd.,2023-10-24,2024-05-21,8,kg,Sold Out,8.0,0.0,0.0,240000,256.68,56400,60.32,Spring,Spring,2023-10
B02471,P065,"Pistachios (roasted, salted)",Nuts,Primary,Maipo Nuts Ltd.,2023-11-13,2024-06-10,7,kg,Sold Out,7.0,0.0,0.0,210000,224.6,49350,52.78,Spring,Spring,2023-11
B02472,P065,"Pistachios (roasted, salted)",Nuts,Primary,Maipo Nuts Ltd.,2023-12-02,2024-06-29,9,kg,Partial Loss,8.69,0.31,3.4,260700,278.82,54150,57.91,Summer,Summer,2023-12
B02473,P065,"Pistachios (roasted, salted)",Nuts,Primary,Maipo Nuts Ltd.,2023-12-21,2024-07-18,10,kg,Sold Out,10.0,0.0,0.0,300000,320.86,70500,75.4,Summer,Summer,2023-12
B02474,P065,"Pistachios (roasted, salted)",Nuts,Primary,Maipo Nuts Ltd.,2024-01-06,2024-08-03,7,kg,Sold Out,7.0,0.0,0.0,210000,224.6,49350,52.78,Summer,Summer,2024-01
B02475,P065,"Pistachios (roasted, salted)",Nuts,Primary,Maipo Nuts Ltd.,2024-01-20,2024-08-17,8,kg,Partial Loss,7.27,0.73,9.1,218100,233.26,34500,36.9,Summer,Summer,2024-01
B02476,P065,"Pistachios (roasted, salted)",Nuts,Primary,Maipo Nuts Ltd.,2024-02-08,2024-09-05,8,kg,Partial Loss,7.46,0.54,6.8,223800,239.36,40200,42.99,Summer,Summer,2024-02
B02477,P065,"Pistachios (roasted, salted)",Nuts,Primary,Maipo Nuts Ltd.,2024-03-03,2024-09-29,7,kg,Sold Out,7.0,0.0,0.0,210000,224.6,49350,52.78,Autumn,Autumn,2024-03
B02478,P065,"Pistachios (roasted, salted)",Nuts,Primary,Maipo Nuts Ltd.,2024-03-26,2024-10-22,7,kg,Partial Loss,6.5,0.5,7.2,195000,208.56,34350,36.74,Autumn,Autumn,2024-03
B02479,P065,"Pistachios (roasted, salted)",Nuts,Backup,Nogal Dryfruits,2024-04-16,2024-11-12,20,kg,Sold Out,20.0,0.0,0.0,600000,641.71,122000,130.48,Autumn,Autumn,2024-04
B02480,P065,"Pistachios (roasted, salted)",Nuts,Primary,Maipo Nuts Ltd.,2024-05-06,2024-12-02,20,kg,Sold Out,20.0,0.0,0.0,600000,641.71,141000,150.8,Autumn,Autumn,2024-05
B02481,P065,"Pistachios (roasted, salted)",Nuts,Backup,Nogal Dryfruits,2024-05-23,2024-12-19,20,kg,Partial Loss,18.3,1.7,8.5,549000,587.17,71000,75.94,Autumn,Autumn,2024-05
B02482,P065,"Pistachios (roasted, salted)",Nuts,Primary,Maipo Nuts Ltd.,2024-06-04,2024-12-31,19,kg,Partial Loss,17.78,1.22,6.4,533400,570.48,97350,104.12,Winter,Winter,2024-06
B02483,P065,"Pistachios (roasted, salted)",Nuts,Primary,Maipo Nuts Ltd.,2024-06-25,2025-01-21,22,kg,Sold Out,22.0,0.0,0.0,660000,705.88,155100,165.88,Winter,Winter,2024-06
B02484,P065,"Pistachios (roasted, salted)",Nuts,Primary,Maipo Nuts Ltd.,2024-07-07,2025-02-02,21,kg,Sold Out,21.0,0.0,0.0,630000,673.8,148050,158.34,Winter,Winter,2024-07
B02485,P065,"Pistachios (roasted, salted)",Nuts,Primary,Maipo Nuts Ltd.,2024-07-25,2025-02-20,20,kg,Sold Out,20.0,0.0,0.0,600000,641.71,141000,150.8,Winter,Winter,2024-07
B02486,P065,"Pistachios (roasted, salted)",Nuts,Primary,Maipo Nuts Ltd.,2024-08-17,2025-03-15,19,kg,Sold Out,19.0,0.0,0.0,570000,609.63,133950,143.26,Winter,Winter,2024-08
B02487,P065,"Pistachios (roasted, salted)",Nuts,Primary,Maipo Nuts Ltd.,2024-09-01,2025-03-30,25,kg,Sold Out,25.0,0.0,0.0,750000,802.14,176250,188.5,Spring,Spring,2024-09
B02488,P065,"Pistachios (roasted, salted)",Nuts,Primary,Maipo Nuts Ltd.,2024-09-23,2025-04-21,23,kg,Sold Out,23.0,0.0,0.0,690000,737.97,162150,173.42,Spring,Spring,2024-09
B02489,P065,"Pistachios (roasted, salted)",Nuts,Primary,Maipo Nuts Ltd.,2024-10-15,2025-05-13,7,kg,Sold Out,7.0,0.0,0.0,210000,224.6,49350,52.78,Spring,Spring,2024-10
B02490,P065,"Pistachios (roasted, salted)",Nuts,Primary,Maipo Nuts Ltd.,2024-11-07,2025-06-05,7,kg,Sold Out,7.0,0.0,0.0,210000,224.6,49350,52.78,Spring,Spring,2024-11
B02491,P065,"Pistachios (roasted, salted)",Nuts,Primary,Maipo Nuts Ltd.,2024-11-25,2025-06-23,8,kg,Partial Loss,7.71,0.29,3.6,231300,247.38,47700,51.02,Spring,Spring,2024-11
B02492,P065,"Pistachios (roasted, salted)",Nuts,Primary,Maipo Nuts Ltd.,2024-12-16,2025-07-14,9,kg,Sold Out,9.0,0.0,0.0,270000,288.77,63450,67.86,Summer,Summer,2024-12
B02493,P065,"Pistachios (roasted, salted)",Nuts,Primary,Maipo Nuts Ltd.,2025-01-02,2025-07-31,9,kg,Sold Out,9.0,0.0,0.0,270000,288.77,63450,67.86,Summer,Summer,2025-01
B02494,P065,"Pistachios (roasted, salted)",Nuts,Primary,Maipo Nuts Ltd.,2025-01-25,2025-08-23,8,kg,Partial Loss,7.18,0.82,10.3,215400,230.37,31800,34.01,Summer,Summer,2025-01
B02495,P065,"Pistachios (roasted, salted)",Nuts,Primary,Maipo Nuts Ltd.,2025-02-15,2025-09-13,7,kg,Sold Out,7.0,0.0,0.0,210000,224.6,49350,52.78,Summer,Summer,2025-02
B02496,P065,"Pistachios (roasted, salted)",Nuts,Primary,Maipo Nuts Ltd.,2025-03-08,2025-10-04,7,kg,Partial Loss,6.45,0.55,7.9,193500,206.95,32850,35.13,Autumn,Autumn,2025-03
B02497,P065,"Pistachios (roasted, salted)",Nuts,Primary,Maipo Nuts Ltd.,2025-03-27,2025-10-23,9,kg,Partial Loss,8.27,0.73,8.1,248100,265.35,41550,44.44,Autumn,Autumn,2025-03
B02498,P065,"Pistachios (roasted, salted)",Nuts,Primary,Maipo Nuts Ltd.,2025-04-18,2025-11-14,22,kg,Partial Loss,20.55,1.45,6.6,616500,659.36,111600,119.36,Autumn,Autumn,2025-04
B02499,P065,"Pistachios (roasted, salted)",Nuts,Backup,Nogal Dryfruits,2025-05-08,2025-12-04,19,kg,Sold Out,19.0,0.0,0.0,570000,609.63,115900,123.96,Autumn,Autumn,2025-05
B02500,P065,"Pistachios (roasted, salted)",Nuts,Primary,Maipo Nuts Ltd.,2025-06-03,2025-12-30,23,kg,Sold Out,23.0,0.0,0.0,690000,737.97,162150,173.42,Winter,Winter,2025-06
B02501,P065,"Pistachios (roasted, salted)",Nuts,Primary,Maipo Nuts Ltd.,2025-06-22,2026-01-18,22,kg,Sold Out,22.0,0.0,0.0,660000,705.88,155100,165.88,Winter,Winter,2025-06
B02502,P066,Pistachios (unsalted),Nuts,Primary,Maipo Nuts Ltd.,2023-07-18,2024-02-13,21,kg,Sold Out,21.0,0.0,0.0,630000,673.8,158550,169.57,Winter,Winter,2023-07
B02503,P066,Pistachios (unsalted),Nuts,Primary,Maipo Nuts Ltd.,2023-08-11,2024-03-08,17,kg,Sold Out,17.0,0.0,0.0,510000,545.45,128350,137.27,Winter,Winter,2023-08
B02504,P066,Pistachios (unsalted),Nuts,Primary,Maipo Nuts Ltd.,2023-08-30,2024-03-27,18,kg,Sold Out,18.0,0.0,0.0,540000,577.54,135900,145.35,Winter,Winter,2023-08
B02505,P066,Pistachios (unsalted),Nuts,Primary,Maipo Nuts Ltd.,2023-09-16,2024-04-13,25,kg,Sold Out,25.0,0.0,0.0,750000,802.14,188750,201.87,Spring,Spring,2023-09
B02506,P066,Pistachios (unsalted),Nuts,Primary,Maipo Nuts Ltd.,2023-10-06,2024-05-03,6,kg,Partial Loss,5.48,0.52,8.7,164400,175.83,29700,31.76,Spring,Spring,2023-10
B02507,P066,Pistachios (unsalted),Nuts,Primary,Maipo Nuts Ltd.,2023-10-28,2024-05-25,8,kg,Sold Out,8.0,0.0,0.0,240000,256.68,60400,64.6,Spring,Spring,2023-10
B02508,P066,Pistachios (unsalted),Nuts,Primary,Maipo Nuts Ltd.,2023-11-17,2024-06-14,6,kg,Partial Loss,5.36,0.64,10.7,160800,171.98,26100,27.91,Spring,Spring,2023-11
B02509,P066,Pistachios (unsalted),Nuts,Primary,Maipo Nuts Ltd.,2023-12-08,2024-07-05,10,kg,Partial Loss,9.32,0.68,6.8,279600,299.04,55100,58.93,Summer,Summer,2023-12
B02510,P066,Pistachios (unsalted),Nuts,Primary,Maipo Nuts Ltd.,2023-12-29,2024-07-26,9,kg,Partial Loss,8.43,0.57,6.3,252900,270.48,50850,54.39,Summer,Summer,2023-12
B02511,P066,Pistachios (unsalted),Nuts,Primary,Maipo Nuts Ltd.,2024-01-16,2024-08-13,7,kg,Partial Loss,6.39,0.61,8.7,191700,205.03,34550,36.95,Summer,Summer,2024-01
B02512,P066,Pistachios (unsalted),Nuts,Primary,Maipo Nuts Ltd.,2024-02-02,2024-08-30,7,kg,Partial Loss,6.44,0.56,8.0,193200,206.63,36050,38.56,Summer,Summer,2024-02
B02513,P066,Pistachios (unsalted),Nuts,Primary,Maipo Nuts Ltd.,2024-03-01,2024-09-27,7,kg,Partial Loss,6.14,0.86,12.3,184200,197.01,27050,28.93,Autumn,Autumn,2024-03
B02514,P066,Pistachios (unsalted),Nuts,Primary,Maipo Nuts Ltd.,2024-03-15,2024-10-11,8,kg,Partial Loss,7.06,0.94,11.7,211800,226.52,32200,34.44,Autumn,Autumn,2024-03
B02515,P066,Pistachios (unsalted),Nuts,Primary,Maipo Nuts Ltd.,2024-04-04,2024-10-31,18,kg,Sold Out,18.0,0.0,0.0,540000,577.54,135900,145.35,Autumn,Autumn,2024-04
B02516,P066,Pistachios (unsalted),Nuts,Primary,Maipo Nuts Ltd.,2024-04-21,2024-11-17,20,kg,Sold Out,20.0,0.0,0.0,600000,641.71,151000,161.5,Autumn,Autumn,2024-04
B02517,P066,Pistachios (unsalted),Nuts,Primary,Maipo Nuts Ltd.,2024-05-10,2024-12-06,19,kg,Sold Out,19.0,0.0,0.0,570000,609.63,143450,153.42,Autumn,Autumn,2024-05
B02518,P066,Pistachios (unsalted),Nuts,Primary,Maipo Nuts Ltd.,2024-05-27,2024-12-23,21,kg,Sold Out,21.0,0.0,0.0,630000,673.8,158550,169.57,Autumn,Autumn,2024-05
B02519,P066,Pistachios (unsalted),Nuts,Backup,Nogal Dryfruits,2024-06-13,2025-01-09,18,kg,Partial Loss,17.41,0.59,3.3,522300,558.61,83100,88.88,Winter,Winter,2024-06
B02520,P066,Pistachios (unsalted),Nuts,Primary,Maipo Nuts Ltd.,2024-07-03,2025-01-29,21,kg,Sold Out,21.0,0.0,0.0,630000,673.8,158550,169.57,Winter,Winter,2024-07
B02521,P066,Pistachios (unsalted),Nuts,Primary,Maipo Nuts Ltd.,2024-07-27,2025-02-22,22,kg,Sold Out,22.0,0.0,0.0,660000,705.88,166100,177.65,Winter,Winter,2024-07
B02522,P066,Pistachios (unsalted),Nuts,Backup,Nogal Dryfruits,2024-08-15,2025-03-13,22,kg,Sold Out,22.0,0.0,0.0,660000,705.88,123200,131.76,Winter,Winter,2024-08
B02523,P066,Pistachios (unsalted),Nuts,Primary,Maipo Nuts Ltd.,2024-09-09,2025-04-07,26,kg,Sold Out,26.0,0.0,0.0,780000,834.22,196300,209.95,Spring,Spring,2024-09
B02524,P066,Pistachios (unsalted),Nuts,Primary,Maipo Nuts Ltd.,2024-09-30,2025-04-28,27,kg,Sold Out,27.0,0.0,0.0,810000,866.31,203850,218.02,Spring,Spring,2024-09
B02525,P066,Pistachios (unsalted),Nuts,Primary,Maipo Nuts Ltd.,2024-10-18,2025-05-16,6,kg,Partial Loss,5.57,0.43,7.1,167100,178.72,32400,34.65,Spring,Spring,2024-10
B02526,P066,Pistachios (unsalted),Nuts,Primary,Maipo Nuts Ltd.,2024-11-06,2025-06-04,7,kg,Sold Out,7.0,0.0,0.0,210000,224.6,52850,56.52,Spring,Spring,2024-11
B02527,P066,Pistachios (unsalted),Nuts,Primary,Maipo Nuts Ltd.,2024-11-27,2025-06-25,8,kg,Partial Loss,7.61,0.39,4.9,228300,244.17,48700,52.09,Spring,Spring,2024-11
B02528,P066,Pistachios (unsalted),Nuts,Primary,Maipo Nuts Ltd.,2024-12-13,2025-07-11,10,kg,Sold Out,10.0,0.0,0.0,300000,320.86,75500,80.75,Summer,Summer,2024-12
B02529,P066,Pistachios (unsalted),Nuts,Primary,Maipo Nuts Ltd.,2025-01-05,2025-08-03,7,kg,Sold Out,7.0,0.0,0.0,210000,224.6,52850,56.52,Summer,Summer,2025-01
B02530,P066,Pistachios (unsalted),Nuts,Backup,Nogal Dryfruits,2025-01-23,2025-08-21,8,kg,Partial Loss,7.06,0.94,11.8,211800,226.52,16600,17.75,Summer,Summer,2025-01
B02531,P066,Pistachios (unsalted),Nuts,Primary,Maipo Nuts Ltd.,2025-02-11,2025-09-09,7,kg,Sold Out,7.0,0.0,0.0,210000,224.6,52850,56.52,Summer,Summer,2025-02
B02532,P066,Pistachios (unsalted),Nuts,Primary,Maipo Nuts Ltd.,2025-03-08,2025-10-04,9,kg,Partial Loss,8.38,0.62,6.9,251400,268.88,49350,52.78,Autumn,Autumn,2025-03
B02533,P066,Pistachios (unsalted),Nuts,Primary,Maipo Nuts Ltd.,2025-03-28,2025-10-24,9,kg,Partial Loss,8.34,0.66,7.3,250200,267.59,48150,51.5,Autumn,Autumn,2025-03
B02534,P066,Pistachios (unsalted),Nuts,Primary,Maipo Nuts Ltd.,2025-04-21,2025-11-17,19,kg,Partial Loss,18.34,0.67,3.5,550200,588.45,123650,132.25,Autumn,Autumn,2025-04
B02535,P066,Pistachios (unsalted),Nuts,Primary,Maipo Nuts Ltd.,2025-05-10,2025-12-06,20,kg,Sold Out,20.0,0.0,0.0,600000,641.71,151000,161.5,Autumn,Autumn,2025-05
B02536,P066,Pistachios (unsalted),Nuts,Primary,Maipo Nuts Ltd.,2025-05-31,2025-12-27,22,kg,Sold Out,22.0,0.0,0.0,660000,705.88,166100,177.65,Autumn,Autumn,2025-05
B02537,P066,Pistachios (unsalted),Nuts,Primary,Maipo Nuts Ltd.,2025-06-17,2026-01-13,20,kg,Sold Out,20.0,0.0,0.0,600000,641.71,151000,161.5,Winter,Winter,2025-06
B02538,P067,Pecans (shelled),Nuts,Primary,Maipo Nuts Ltd.,2023-07-06,2024-02-01,17,kg,Sold Out,17.0,0.0,0.0,306000,327.27,85000,90.91,Winter,Winter,2023-07
B02539,P067,Pecans (shelled),Nuts,Primary,Maipo Nuts Ltd.,2023-07-18,2024-02-13,19,kg,Sold Out,19.0,0.0,0.0,342000,365.78,95000,101.6,Winter,Winter,2023-07
B02540,P067,Pecans (shelled),Nuts,Primary,Maipo Nuts Ltd.,2023-08-07,2024-03-04,19,kg,Sold Out,19.0,0.0,0.0,342000,365.78,95000,101.6,Winter,Winter,2023-08
B02541,P067,Pecans (shelled),Nuts,Primary,Maipo Nuts Ltd.,2023-08-31,2024-03-28,18,kg,Sold Out,18.0,0.0,0.0,324000,346.52,90000,96.26,Winter,Winter,2023-08
B02542,P067,Pecans (shelled),Nuts,Primary,Maipo Nuts Ltd.,2023-09-20,2024-04-17,26,kg,Sold Out,26.0,0.0,0.0,468000,500.53,130000,139.04,Spring,Spring,2023-09
B02543,P067,Pecans (shelled),Nuts,Primary,Maipo Nuts Ltd.,2023-10-10,2024-05-07,7,kg,Sold Out,7.0,0.0,0.0,126000,134.76,35000,37.43,Spring,Spring,2023-10
B02544,P067,Pecans (shelled),Nuts,Primary,Maipo Nuts Ltd.,2023-10-26,2024-05-23,8,kg,Partial Loss,6.94,1.06,13.3,124920,133.6,20920,22.37,Spring,Spring,2023-10
B02545,P067,Pecans (shelled),Nuts,Primary,Maipo Nuts Ltd.,2023-11-17,2024-06-14,7,kg,Partial Loss,6.18,0.82,11.7,111240,118.97,20240,21.65,Spring,Spring,2023-11
B02546,P067,Pecans (shelled),Nuts,Primary,Maipo Nuts Ltd.,2023-11-30,2024-06-27,7,kg,Partial Loss,6.33,0.67,9.6,113940,121.86,22940,24.53,Spring,Spring,2023-11
B02547,P067,Pecans (shelled),Nuts,Primary,Maipo Nuts Ltd.,2023-12-17,2024-07-14,10,kg,Partial Loss,9.65,0.35,3.5,173700,185.78,43700,46.74,Summer,Summer,2023-12
B02548,P067,Pecans (shelled),Nuts,Primary,Maipo Nuts Ltd.,2024-01-08,2024-08-05,8,kg,Partial Loss,7.26,0.74,9.3,130680,139.76,26680,28.53,Summer,Summer,2024-01
B02549,P067,Pecans (shelled),Nuts,Primary,Maipo Nuts Ltd.,2024-01-26,2024-08-23,7,kg,Sold Out,7.0,0.0,0.0,126000,134.76,35000,37.43,Summer,Summer,2024-01
B02550,P067,Pecans (shelled),Nuts,Backup,Nogal Dryfruits,2024-02-15,2024-09-12,6,kg,Partial Loss,5.72,0.28,4.6,102960,110.12,14160,15.14,Summer,Summer,2024-02
B02551,P067,Pecans (shelled),Nuts,Primary,Maipo Nuts Ltd.,2024-03-06,2024-10-02,7,kg,Sold Out,7.0,0.0,0.0,126000,134.76,35000,37.43,Autumn,Autumn,2024-03
B02552,P067,Pecans (shelled),Nuts,Primary,Maipo Nuts Ltd.,2024-03-23,2024-10-19,8,kg,Sold Out,8.0,0.0,0.0,144000,154.01,40000,42.78,Autumn,Autumn,2024-03
B02553,P067,Pecans (shelled),Nuts,Primary,Maipo Nuts Ltd.,2024-04-14,2024-11-10,22,kg,Partial Loss,21.41,0.59,2.7,385380,412.17,99380,106.29,Autumn,Autumn,2024-04
B02554,P067,Pecans (shelled),Nuts,Primary,Maipo Nuts Ltd.,2024-05-07,2024-12-03,18,kg,Sold Out,18.0,0.0,0.0,324000,346.52,90000,96.26,Autumn,Autumn,2024-05
B02555,P067,Pecans (shelled),Nuts,Primary,Maipo Nuts Ltd.,2024-05-25,2024-12-21,19,kg,Sold Out,19.0,0.0,0.0,342000,365.78,95000,101.6,Autumn,Autumn,2024-05
B02556,P067,Pecans (shelled),Nuts,Primary,Maipo Nuts Ltd.,2024-06-14,2025-01-10,21,kg,Partial Loss,20.52,0.48,2.3,369360,395.04,96360,103.06,Winter,Winter,2024-06
B02557,P067,Pecans (shelled),Nuts,Primary,Maipo Nuts Ltd.,2024-07-01,2025-01-27,16,kg,Sold Out,16.0,0.0,0.0,288000,308.02,80000,85.56,Winter,Winter,2024-07
B02558,P067,Pecans (shelled),Nuts,Primary,Maipo Nuts Ltd.,2024-07-17,2025-02-12,19,kg,Sold Out,19.0,0.0,0.0,342000,365.78,95000,101.6,Winter,Winter,2024-07
B02559,P067,Pecans (shelled),Nuts,Primary,Maipo Nuts Ltd.,2024-08-07,2025-03-05,22,kg,Sold Out,22.0,0.0,0.0,396000,423.53,110000,117.65,Winter,Winter,2024-08
B02560,P067,Pecans (shelled),Nuts,Primary,Maipo Nuts Ltd.,2024-08-28,2025-03-26,17,kg,Sold Out,17.0,0.0,0.0,306000,327.27,85000,90.91,Winter,Winter,2024-08
B02561,P067,Pecans (shelled),Nuts,Primary,Maipo Nuts Ltd.,2024-09-12,2025-04-10,25,kg,Partial Loss,22.3,2.7,10.8,401400,429.3,76400,81.71,Spring,Spring,2024-09
B02562,P067,Pecans (shelled),Nuts,Backup,Nogal Dryfruits,2024-10-03,2025-05-01,8,kg,Sold Out,8.0,0.0,0.0,144000,154.01,25600,27.38,Spring,Spring,2024-10
B02563,P067,Pecans (shelled),Nuts,Primary,Maipo Nuts Ltd.,2024-10-21,2025-05-19,6,kg,Partial Loss,5.27,0.73,12.2,94860,101.45,16860,18.03,Spring,Spring,2024-10
B02564,P067,Pecans (shelled),Nuts,Primary,Maipo Nuts Ltd.,2024-11-14,2025-06-12,7,kg,Sold Out,7.0,0.0,0.0,126000,134.76,35000,37.43,Spring,Spring,2024-11
B02565,P067,Pecans (shelled),Nuts,Primary,Maipo Nuts Ltd.,2024-12-12,2025-07-10,10,kg,Partial Loss,9.46,0.54,5.4,170280,182.12,40280,43.08,Summer,Summer,2024-12
B02566,P067,Pecans (shelled),Nuts,Backup,Nogal Dryfruits,2024-12-31,2025-07-29,10,kg,Sold Out,10.0,0.0,0.0,180000,192.51,32000,34.22,Summer,Summer,2024-12
B02567,P067,Pecans (shelled),Nuts,Primary,Maipo Nuts Ltd.,2025-01-22,2025-08-20,8,kg,Sold Out,8.0,0.0,0.0,144000,154.01,40000,42.78,Summer,Summer,2025-01
B02568,P067,Pecans (shelled),Nuts,Primary,Maipo Nuts Ltd.,2025-02-09,2025-09-07,8,kg,Partial Loss,7.19,0.81,10.1,129420,138.42,25420,27.19,Summer,Summer,2025-02
B02569,P067,Pecans (shelled),Nuts,Primary,Maipo Nuts Ltd.,2025-02-28,2025-09-26,9,kg,Sold Out,9.0,0.0,0.0,162000,173.26,45000,48.13,Summer,Summer,2025-02
B02570,P067,Pecans (shelled),Nuts,Primary,Maipo Nuts Ltd.,2025-03-28,2025-10-24,8,kg,Partial Loss,7.37,0.63,7.9,132660,141.88,28660,30.65,Autumn,Autumn,2025-03
B02571,P067,Pecans (shelled),Nuts,Primary,Maipo Nuts Ltd.,2025-04-17,2025-11-13,18,kg,Sold Out,18.0,0.0,0.0,324000,346.52,90000,96.26,Autumn,Autumn,2025-04
B02572,P067,Pecans (shelled),Nuts,Primary,Maipo Nuts Ltd.,2025-05-10,2025-12-06,18,kg,Sold Out,18.0,0.0,0.0,324000,346.52,90000,96.26,Autumn,Autumn,2025-05
B02573,P067,Pecans (shelled),Nuts,Primary,Maipo Nuts Ltd.,2025-06-06,2026-01-02,18,kg,Partial Loss,16.92,1.08,6.0,304560,325.73,70560,75.47,Winter,Winter,2025-06
B02574,P067,Pecans (shelled),Nuts,Primary,Maipo Nuts Ltd.,2025-06-26,2026-01-22,21,kg,Sold Out,21.0,0.0,0.0,378000,404.28,105000,112.3,Winter,Winter,2025-06
B02575,P068,Brazil nuts,Nuts,Primary,Maipo Nuts Ltd.,2023-07-09,2024-02-04,21,kg,Sold Out,21.0,0.0,0.0,336000,359.36,92400,98.82,Winter,Winter,2023-07
B02576,P068,Brazil nuts,Nuts,Primary,Maipo Nuts Ltd.,2023-07-25,2024-02-20,18,kg,Sold Out,18.0,0.0,0.0,288000,308.02,79200,84.71,Winter,Winter,2023-07
B02577,P068,Brazil nuts,Nuts,Primary,Maipo Nuts Ltd.,2023-08-16,2024-03-13,21,kg,Partial Loss,19.59,1.41,6.7,313440,335.23,69840,74.7,Winter,Winter,2023-08
B02578,P068,Brazil nuts,Nuts,Backup,Nogal Dryfruits,2023-09-10,2024-04-07,25,kg,Sold Out,25.0,0.0,0.0,400000,427.81,97500,104.28,Spring,Spring,2023-09
B02579,P068,Brazil nuts,Nuts,Primary,Maipo Nuts Ltd.,2023-09-22,2024-04-19,24,kg,Partial Loss,23.18,0.82,3.4,370880,396.66,92480,98.91,Spring,Spring,2023-09
B02580,P068,Brazil nuts,Nuts,Primary,Maipo Nuts Ltd.,2023-10-16,2024-05-13,6,kg,Partial Loss,5.52,0.48,8.0,88320,94.46,18720,20.02,Spring,Spring,2023-10
B02581,P068,Brazil nuts,Nuts,Primary,Maipo Nuts Ltd.,2023-11-07,2024-06-04,7,kg,Sold Out,7.0,0.0,0.0,112000,119.79,30800,32.94,Spring,Spring,2023-11
B02582,P068,Brazil nuts,Nuts,Primary,Maipo Nuts Ltd.,2023-11-26,2024-06-23,7,kg,Partial Loss,6.23,0.77,11.0,99680,106.61,18480,19.76,Spring,Spring,2023-11
B02583,P068,Brazil nuts,Nuts,Primary,Maipo Nuts Ltd.,2023-12-19,2024-07-16,8,kg,Sold Out,8.0,0.0,0.0,128000,136.9,35200,37.65,Summer,Summer,2023-12
B02584,P068,Brazil nuts,Nuts,Primary,Maipo Nuts Ltd.,2024-01-14,2024-08-11,8,kg,Partial Loss,7.22,0.78,9.7,115520,123.55,22720,24.3,Summer,Summer,2024-01
B02585,P068,Brazil nuts,Nuts,Primary,Maipo Nuts Ltd.,2024-02-03,2024-08-31,7,kg,Sold Out,7.0,0.0,0.0,112000,119.79,30800,32.94,Summer,Summer,2024-02
B02586,P068,Brazil nuts,Nuts,Primary,Maipo Nuts Ltd.,2024-02-27,2024-09-24,7,kg,Sold Out,7.0,0.0,0.0,112000,119.79,30800,32.94,Summer,Summer,2024-02
B02587,P068,Brazil nuts,Nuts,Primary,Maipo Nuts Ltd.,2024-03-18,2024-10-14,7,kg,Partial Loss,6.5,0.5,7.2,104000,111.23,22800,24.39,Autumn,Autumn,2024-03
B02588,P068,Brazil nuts,Nuts,Primary,Maipo Nuts Ltd.,2024-04-11,2024-11-07,17,kg,Sold Out,17.0,0.0,0.0,272000,290.91,74800,80.0,Autumn,Autumn,2024-04
B02589,P068,Brazil nuts,Nuts,Primary,Maipo Nuts Ltd.,2024-05-04,2024-11-30,18,kg,Partial Loss,16.25,1.75,9.7,260000,278.07,51200,54.76,Autumn,Autumn,2024-05
B02590,P068,Brazil nuts,Nuts,Backup,Nogal Dryfruits,2024-05-25,2024-12-21,21,kg,Sold Out,21.0,0.0,0.0,336000,359.36,81900,87.59,Autumn,Autumn,2024-05
B02591,P068,Brazil nuts,Nuts,Primary,Maipo Nuts Ltd.,2024-06-20,2025-01-16,22,kg,Sold Out,22.0,0.0,0.0,352000,376.47,96800,103.53,Winter,Winter,2024-06
B02592,P068,Brazil nuts,Nuts,Backup,Nogal Dryfruits,2024-07-14,2025-02-09,20,kg,Sold Out,20.0,0.0,0.0,320000,342.25,78000,83.42,Winter,Winter,2024-07
B02593,P068,Brazil nuts,Nuts,Primary,Maipo Nuts Ltd.,2024-08-02,2025-02-28,17,kg,Partial Loss,15.81,1.19,7.0,252960,270.55,55760,59.64,Winter,Winter,2024-08
B02594,P068,Brazil nuts,Nuts,Primary,Maipo Nuts Ltd.,2024-08-24,2025-03-22,19,kg,Sold Out,19.0,0.0,0.0,304000,325.13,83600,89.41,Winter,Winter,2024-08
B02595,P068,Brazil nuts,Nuts,Primary,Maipo Nuts Ltd.,2024-09-14,2025-04-12,25,kg,Sold Out,25.0,0.0,0.0,400000,427.81,110000,117.65,Spring,Spring,2024-09
B02596,P068,Brazil nuts,Nuts,Primary,Maipo Nuts Ltd.,2024-10-04,2025-05-02,7,kg,Partial Loss,6.58,0.42,6.0,105280,112.6,24080,25.75,Spring,Spring,2024-10
B02597,P068,Brazil nuts,Nuts,Primary,Maipo Nuts Ltd.,2024-10-27,2025-05-25,8,kg,Partial Loss,7.44,0.56,7.0,119040,127.32,26240,28.06,Spring,Spring,2024-10
B02598,P068,Brazil nuts,Nuts,Primary,Maipo Nuts Ltd.,2024-11-12,2025-06-10,8,kg,Partial Loss,7.38,0.62,7.7,118080,126.29,25280,27.04,Spring,Spring,2024-11
B02599,P068,Brazil nuts,Nuts,Primary,Maipo Nuts Ltd.,2024-11-30,2025-06-28,8,kg,Sold Out,8.0,0.0,0.0,128000,136.9,35200,37.65,Spring,Spring,2024-11
B02600,P068,Brazil nuts,Nuts,Primary,Maipo Nuts Ltd.,2024-12-22,2025-07-20,8,kg,Partial Loss,7.4,0.6,7.5,118400,126.63,25600,27.38,Summer,Summer,2024-12
B02601,P068,Brazil nuts,Nuts,Primary,Maipo Nuts Ltd.,2025-01-12,2025-08-10,8,kg,Partial Loss,7.37,0.63,7.9,117920,126.12,25120,26.87,Summer,Summer,2025-01
B02602,P068,Brazil nuts,Nuts,Primary,Maipo Nuts Ltd.,2025-01-30,2025-08-28,8,kg,Sold Out,8.0,0.0,0.0,128000,136.9,35200,37.65,Summer,Summer,2025-01
B02603,P068,Brazil nuts,Nuts,Primary,Maipo Nuts Ltd.,2025-02-25,2025-09-23,8,kg,Sold Out,8.0,0.0,0.0,128000,136.9,35200,37.65,Summer,Summer,2025-02
B02604,P068,Brazil nuts,Nuts,Primary,Maipo Nuts Ltd.,2025-03-13,2025-10-09,7,kg,Sold Out,7.0,0.0,0.0,112000,119.79,30800,32.94,Autumn,Autumn,2025-03
B02605,P068,Brazil nuts,Nuts,Primary,Maipo Nuts Ltd.,2025-04-06,2025-11-02,19,kg,Sold Out,19.0,0.0,0.0,304000,325.13,83600,89.41,Autumn,Autumn,2025-04
B02606,P068,Brazil nuts,Nuts,Primary,Maipo Nuts Ltd.,2025-04-24,2025-11-20,23,kg,Partial Loss,22.24,0.76,3.3,355840,380.58,89040,95.23,Autumn,Autumn,2025-04
B02607,P068,Brazil nuts,Nuts,Primary,Maipo Nuts Ltd.,2025-05-14,2025-12-10,22,kg,Sold Out,22.0,0.0,0.0,352000,376.47,96800,103.53,Autumn,Autumn,2025-05
B02608,P068,Brazil nuts,Nuts,Backup,Nogal Dryfruits,2025-06-13,2026-01-09,23,kg,Sold Out,23.0,0.0,0.0,368000,393.58,89700,95.94,Winter,Winter,2025-06
B02609,P069,Macadamia nuts,Nuts,Primary,Maipo Nuts Ltd.,2023-07-04,2024-01-30,20,kg,Sold Out,20.0,0.0,0.0,480000,513.37,136000,145.45,Winter,Winter,2023-07
B02610,P069,Macadamia nuts,Nuts,Primary,Maipo Nuts Ltd.,2023-07-21,2024-02-16,18,kg,Sold Out,18.0,0.0,0.0,432000,462.03,122400,130.91,Winter,Winter,2023-07
B02611,P069,Macadamia nuts,Nuts,Primary,Maipo Nuts Ltd.,2023-08-21,2024-03-18,17,kg,Sold Out,17.0,0.0,0.0,408000,436.36,115600,123.64,Winter,Winter,2023-08
B02612,P069,Macadamia nuts,Nuts,Primary,Maipo Nuts Ltd.,2023-09-10,2024-04-07,24,kg,Sold Out,24.0,0.0,0.0,576000,616.04,163200,174.55,Spring,Spring,2023-09
B02613,P069,Macadamia nuts,Nuts,Backup,Nogal Dryfruits,2023-09-30,2024-04-27,26,kg,Sold Out,26.0,0.0,0.0,624000,667.38,140400,150.16,Spring,Spring,2023-09
B02614,P069,Macadamia nuts,Nuts,Primary,Maipo Nuts Ltd.,2023-10-18,2024-05-15,6,kg,Partial Loss,5.72,0.28,4.7,137280,146.82,34080,36.45,Spring,Spring,2023-10
B02615,P069,Macadamia nuts,Nuts,Primary,Maipo Nuts Ltd.,2023-11-08,2024-06-05,7,kg,Sold Out,7.0,0.0,0.0,168000,179.68,47600,50.91,Spring,Spring,2023-11
B02616,P069,Macadamia nuts,Nuts,Primary,Maipo Nuts Ltd.,2023-11-29,2024-06-26,7,kg,Partial Loss,6.37,0.63,9.0,152880,163.51,32480,34.74,Spring,Spring,2023-11
B02617,P069,Macadamia nuts,Nuts,Primary,Maipo Nuts Ltd.,2023-12-16,2024-07-13,8,kg,Sold Out,8.0,0.0,0.0,192000,205.35,54400,58.18,Summer,Summer,2023-12
B02618,P069,Macadamia nuts,Nuts,Primary,Maipo Nuts Ltd.,2024-01-05,2024-08-02,7,kg,Partial Loss,6.7,0.3,4.3,160800,171.98,40400,43.21,Summer,Summer,2024-01
B02619,P069,Macadamia nuts,Nuts,Primary,Maipo Nuts Ltd.,2024-01-25,2024-08-22,6,kg,Sold Out,6.0,0.0,0.0,144000,154.01,40800,43.64,Summer,Summer,2024-01
B02620,P069,Macadamia nuts,Nuts,Primary,Maipo Nuts Ltd.,2024-02-22,2024-09-19,7,kg,Partial Loss,6.38,0.62,8.9,153120,163.76,32720,34.99,Summer,Summer,2024-02
B02621,P069,Macadamia nuts,Nuts,Primary,Maipo Nuts Ltd.,2024-03-12,2024-10-08,7,kg,Sold Out,7.0,0.0,0.0,168000,179.68,47600,50.91,Autumn,Autumn,2024-03
B02622,P069,Macadamia nuts,Nuts,Primary,Maipo Nuts Ltd.,2024-04-02,2024-10-29,22,kg,Sold Out,22.0,0.0,0.0,528000,564.71,149600,160.0,Autumn,Autumn,2024-04
B02623,P069,Macadamia nuts,Nuts,Primary,Maipo Nuts Ltd.,2024-04-22,2024-11-18,18,kg,Partial Loss,17.48,0.52,2.9,419520,448.68,109920,117.56,Autumn,Autumn,2024-04
B02624,P069,Macadamia nuts,Nuts,Primary,Maipo Nuts Ltd.,2024-05-13,2024-12-09,19,kg,Sold Out,19.0,0.0,0.0,456000,487.7,129200,138.18,Autumn,Autumn,2024-05
B02625,P069,Macadamia nuts,Nuts,Primary,Maipo Nuts Ltd.,2024-06-01,2024-12-28,21,kg,Sold Out,21.0,0.0,0.0,504000,539.04,142800,152.73,Winter,Winter,2024-06
B02626,P069,Macadamia nuts,Nuts,Primary,Maipo Nuts Ltd.,2024-06-25,2025-01-21,18,kg,Sold Out,18.0,0.0,0.0,432000,462.03,122400,130.91,Winter,Winter,2024-06
B02627,P069,Macadamia nuts,Nuts,Primary,Maipo Nuts Ltd.,2024-07-10,2025-02-05,17,kg,Partial Loss,15.35,1.65,9.7,368400,394.01,76000,81.28,Winter,Winter,2024-07
B02628,P069,Macadamia nuts,Nuts,Primary,Maipo Nuts Ltd.,2024-08-02,2025-02-28,17,kg,Sold Out,17.0,0.0,0.0,408000,436.36,115600,123.64,Winter,Winter,2024-08
B02629,P069,Macadamia nuts,Nuts,Primary,Maipo Nuts Ltd.,2024-08-24,2025-03-22,18,kg,Partial Loss,16.45,1.55,8.6,394800,422.25,85200,91.12,Winter,Winter,2024-08
B02630,P069,Macadamia nuts,Nuts,Primary,Maipo Nuts Ltd.,2024-09-19,2025-04-17,23,kg,Sold Out,23.0,0.0,0.0,552000,590.37,156400,167.27,Spring,Spring,2024-09
B02631,P069,Macadamia nuts,Nuts,Primary,Maipo Nuts Ltd.,2024-10-07,2025-05-05,6,kg,Partial Loss,5.47,0.53,8.9,131280,140.41,28080,30.03,Spring,Spring,2024-10
B02632,P069,Macadamia nuts,Nuts,Primary,Maipo Nuts Ltd.,2024-10-26,2025-05-24,7,kg,Sold Out,7.0,0.0,0.0,168000,179.68,47600,50.91,Spring,Spring,2024-10
B02633,P069,Macadamia nuts,Nuts,Primary,Maipo Nuts Ltd.,2024-11-19,2025-06-17,8,kg,Partial Loss,7.78,0.22,2.8,186720,199.7,49120,52.53,Spring,Spring,2024-11
B02634,P069,Macadamia nuts,Nuts,Backup,Nogal Dryfruits,2024-12-02,2025-06-30,8,kg,Sold Out,8.0,0.0,0.0,192000,205.35,43200,46.2,Summer,Summer,2024-12
B02635,P069,Macadamia nuts,Nuts,Primary,Maipo Nuts Ltd.,2024-12-23,2025-07-21,9,kg,Partial Loss,8.43,0.57,6.3,202320,216.39,47520,50.82,Summer,Summer,2024-12
B02636,P069,Macadamia nuts,Nuts,Primary,Maipo Nuts Ltd.,2025-01-14,2025-08-12,9,kg,Partial Loss,8.16,0.84,9.3,195840,209.45,41040,43.89,Summer,Summer,2025-01
B02637,P069,Macadamia nuts,Nuts,Backup,Nogal Dryfruits,2025-02-05,2025-09-03,7,kg,Sold Out,7.0,0.0,0.0,168000,179.68,37800,40.43,Summer,Summer,2025-02
B02638,P069,Macadamia nuts,Nuts,Primary,Maipo Nuts Ltd.,2025-02-24,2025-09-22,8,kg,Partial Loss,7.26,0.74,9.3,174240,186.35,36640,39.19,Summer,Summer,2025-02
B02639,P069,Macadamia nuts,Nuts,Primary,Maipo Nuts Ltd.,2025-03-14,2025-10-10,7,kg,Partial Loss,6.34,0.66,9.4,152160,162.74,31760,33.97,Autumn,Autumn,2025-03
B02640,P069,Macadamia nuts,Nuts,Primary,Maipo Nuts Ltd.,2025-03-30,2025-10-26,7,kg,Sold Out,7.0,0.0,0.0,168000,179.68,47600,50.91,Autumn,Autumn,2025-03
B02641,P069,Macadamia nuts,Nuts,Primary,Maipo Nuts Ltd.,2025-04-13,2025-11-09,18,kg,Sold Out,18.0,0.0,0.0,432000,462.03,122400,130.91,Autumn,Autumn,2025-04
B02642,P069,Macadamia nuts,Nuts,Primary,Maipo Nuts Ltd.,2025-05-04,2025-11-30,19,kg,Sold Out,19.0,0.0,0.0,456000,487.7,129200,138.18,Autumn,Autumn,2025-05
B02643,P069,Macadamia nuts,Nuts,Primary,Maipo Nuts Ltd.,2025-05-22,2025-12-18,18,kg,Sold Out,18.0,0.0,0.0,432000,462.03,122400,130.91,Autumn,Autumn,2025-05
B02644,P069,Macadamia nuts,Nuts,Primary,Maipo Nuts Ltd.,2025-06-13,2026-01-09,19,kg,Sold Out,19.0,0.0,0.0,456000,487.7,129200,138.18,Winter,Winter,2025-06
B02645,P070,Sunflower seeds,Seeds,Primary,Maipo Nuts Ltd.,2023-07-07,2024-03-03,11,kg,Partial Loss,10.66,0.34,3.1,42640,45.6,11840,12.66,Winter,Winter,2023-07
B02646,P070,Sunflower seeds,Seeds,Primary,Maipo Nuts Ltd.,2023-08-11,2024-04-07,11,kg,Sold Out,11.0,0.0,0.0,44000,47.06,13200,14.12,Winter,Winter,2023-08
B02647,P070,Sunflower seeds,Seeds,Primary,Maipo Nuts Ltd.,2023-09-08,2024-05-05,13,kg,Sold Out,13.0,0.0,0.0,52000,55.61,15600,16.68,Spring,Spring,2023-09
B02648,P070,Sunflower seeds,Seeds,Backup,Semillas del Campo,2023-10-07,2024-06-03,9,kg,Partial Loss,8.34,0.66,7.3,33360,35.68,5910,6.32,Spring,Spring,2023-10
B02649,P070,Sunflower seeds,Seeds,Primary,Maipo Nuts Ltd.,2023-11-08,2024-07-05,11,kg,Partial Loss,10.35,0.65,5.9,41400,44.28,10600,11.34,Spring,Spring,2023-11
B02650,P070,Sunflower seeds,Seeds,Primary,Maipo Nuts Ltd.,2023-12-10,2024-08-06,14,kg,Sold Out,14.0,0.0,0.0,56000,59.89,16800,17.97,Summer,Summer,2023-12
B02651,P070,Sunflower seeds,Seeds,Primary,Maipo Nuts Ltd.,2024-01-01,2024-08-28,10,kg,Partial Loss,9.95,0.05,0.5,39800,42.57,11800,12.62,Summer,Summer,2024-01
B02652,P070,Sunflower seeds,Seeds,Primary,Maipo Nuts Ltd.,2024-02-11,2024-10-08,9,kg,Sold Out,9.0,0.0,0.0,36000,38.5,10800,11.55,Summer,Summer,2024-02
B02653,P070,Sunflower seeds,Seeds,Backup,Semillas del Campo,2024-03-19,2024-11-14,10,kg,Partial Loss,9.04,0.96,9.6,36160,38.67,5660,6.05,Autumn,Autumn,2024-03
B02654,P070,Sunflower seeds,Seeds,Primary,Maipo Nuts Ltd.,2024-04-22,2024-12-18,9,kg,Partial Loss,8.28,0.72,8.0,33120,35.42,7920,8.47,Autumn,Autumn,2024-04
B02655,P070,Sunflower seeds,Seeds,Primary,Maipo Nuts Ltd.,2024-05-28,2025-01-23,11,kg,Partial Loss,10.39,0.6,5.5,41560,44.45,10760,11.51,Autumn,Autumn,2024-05
B02656,P070,Sunflower seeds,Seeds,Primary,Maipo Nuts Ltd.,2024-07-03,2025-02-28,9,kg,Sold Out,9.0,0.0,0.0,36000,38.5,10800,11.55,Winter,Winter,2024-07
B02657,P070,Sunflower seeds,Seeds,Primary,Maipo Nuts Ltd.,2024-08-02,2025-03-30,11,kg,Sold Out,11.0,0.0,0.0,44000,47.06,13200,14.12,Winter,Winter,2024-08
B02658,P070,Sunflower seeds,Seeds,Primary,Maipo Nuts Ltd.,2024-09-06,2025-05-04,12,kg,Sold Out,12.0,0.0,0.0,48000,51.34,14400,15.4,Spring,Spring,2024-09
B02659,P070,Sunflower seeds,Seeds,Primary,Maipo Nuts Ltd.,2024-10-12,2025-06-09,10,kg,Partial Loss,9.34,0.66,6.6,37360,39.96,9360,10.01,Spring,Spring,2024-10
B02660,P070,Sunflower seeds,Seeds,Primary,Maipo Nuts Ltd.,2024-11-19,2025-07-17,9,kg,Sold Out,9.0,0.0,0.0,36000,38.5,10800,11.55,Spring,Spring,2024-11
B02661,P070,Sunflower seeds,Seeds,Primary,Maipo Nuts Ltd.,2024-12-22,2025-08-19,13,kg,Sold Out,13.0,0.0,0.0,52000,55.61,15600,16.68,Summer,Summer,2024-12
B02662,P070,Sunflower seeds,Seeds,Primary,Maipo Nuts Ltd.,2025-01-22,2025-09-19,10,kg,Sold Out,10.0,0.0,0.0,40000,42.78,12000,12.83,Summer,Summer,2025-01
B02663,P070,Sunflower seeds,Seeds,Primary,Maipo Nuts Ltd.,2025-02-25,2025-10-23,10,kg,Sold Out,10.0,0.0,0.0,40000,42.78,12000,12.83,Summer,Summer,2025-02
B02664,P070,Sunflower seeds,Seeds,Primary,Maipo Nuts Ltd.,2025-04-04,2025-11-30,10,kg,Sold Out,10.0,0.0,0.0,40000,42.78,12000,12.83,Autumn,Autumn,2025-04
B02665,P070,Sunflower seeds,Seeds,Primary,Maipo Nuts Ltd.,2025-05-14,2026-01-09,12,kg,Partial Loss,11.23,0.77,6.4,44920,48.04,11320,12.11,Autumn,Autumn,2025-05
B02666,P070,Sunflower seeds,Seeds,Primary,Maipo Nuts Ltd.,2025-06-16,2026-02-11,11,kg,Sold Out,11.0,0.0,0.0,44000,47.06,13200,14.12,Winter,Winter,2025-06
B02667,P071,Pumpkin seeds,Seeds,Primary,Maipo Nuts Ltd.,2023-07-31,2024-03-27,9,kg,Partial Loss,8.52,0.48,5.3,51120,54.67,13320,14.25,Winter,Winter,2023-07
B02668,P071,Pumpkin seeds,Seeds,Primary,Maipo Nuts Ltd.,2023-08-26,2024-04-22,9,kg,Sold Out,9.0,0.0,0.0,54000,57.75,16200,17.33,Winter,Winter,2023-08
B02669,P071,Pumpkin seeds,Seeds,Primary,Maipo Nuts Ltd.,2023-09-27,2024-05-24,12,kg,Partial Loss,11.36,0.64,5.3,68160,72.9,17760,18.99,Spring,Spring,2023-09
B02670,P071,Pumpkin seeds,Seeds,Primary,Maipo Nuts Ltd.,2023-11-05,2024-07-02,10,kg,Partial Loss,9.37,0.63,6.3,56220,60.13,14220,15.21,Spring,Spring,2023-11
B02671,P071,Pumpkin seeds,Seeds,Primary,Maipo Nuts Ltd.,2023-12-08,2024-08-04,15,kg,Sold Out,15.0,0.0,0.0,90000,96.26,27000,28.88,Summer,Summer,2023-12
B02672,P071,Pumpkin seeds,Seeds,Primary,Maipo Nuts Ltd.,2024-01-02,2024-08-29,10,kg,Sold Out,10.0,0.0,0.0,60000,64.17,18000,19.25,Summer,Summer,2024-01
B02673,P071,Pumpkin seeds,Seeds,Primary,Maipo Nuts Ltd.,2024-02-08,2024-10-05,11,kg,Sold Out,11.0,0.0,0.0,66000,70.59,19800,21.18,Summer,Summer,2024-02
B02674,P071,Pumpkin seeds,Seeds,Primary,Maipo Nuts Ltd.,2024-03-18,2024-11-13,9,kg,Partial Loss,8.63,0.37,4.1,51780,55.38,13980,14.95,Autumn,Autumn,2024-03
B02675,P071,Pumpkin seeds,Seeds,Primary,Maipo Nuts Ltd.,2024-04-17,2024-12-13,11,kg,Sold Out,11.0,0.0,0.0,66000,70.59,19800,21.18,Autumn,Autumn,2024-04
B02676,P071,Pumpkin seeds,Seeds,Primary,Maipo Nuts Ltd.,2024-05-20,2025-01-15,11,kg,Partial Loss,10.57,0.43,3.9,63420,67.83,17220,18.42,Autumn,Autumn,2024-05
B02677,P071,Pumpkin seeds,Seeds,Primary,Maipo Nuts Ltd.,2024-06-20,2025-02-15,11,kg,Partial Loss,10.42,0.58,5.3,62520,66.87,16320,17.45,Winter,Winter,2024-06
B02678,P071,Pumpkin seeds,Seeds,Primary,Maipo Nuts Ltd.,2024-07-28,2025-03-25,11,kg,Sold Out,11.0,0.0,0.0,66000,70.59,19800,21.18,Winter,Winter,2024-07
B02679,P071,Pumpkin seeds,Seeds,Primary,Maipo Nuts Ltd.,2024-08-24,2025-04-21,10,kg,Partial Loss,9.56,0.44,4.4,57360,61.35,15360,16.43,Winter,Winter,2024-08
B02680,P071,Pumpkin seeds,Seeds,Primary,Maipo Nuts Ltd.,2024-10-02,2025-05-30,10,kg,Sold Out,10.0,0.0,0.0,60000,64.17,18000,19.25,Spring,Spring,2024-10
B02681,P071,Pumpkin seeds,Seeds,Primary,Maipo Nuts Ltd.,2024-11-09,2025-07-07,9,kg,Sold Out,9.0,0.0,0.0,54000,57.75,16200,17.33,Spring,Spring,2024-11
B02682,P071,Pumpkin seeds,Seeds,Primary,Maipo Nuts Ltd.,2024-12-01,2025-07-29,15,kg,Sold Out,15.0,0.0,0.0,90000,96.26,27000,28.88,Summer,Summer,2024-12
B02683,P071,Pumpkin seeds,Seeds,Primary,Maipo Nuts Ltd.,2024-12-29,2025-08-26,12,kg,Sold Out,12.0,0.0,0.0,72000,77.01,21600,23.1,Summer,Summer,2024-12
B02684,P071,Pumpkin seeds,Seeds,Primary,Maipo Nuts Ltd.,2025-02-11,2025-10-09,11,kg,Sold Out,11.0,0.0,0.0,66000,70.59,19800,21.18,Summer,Summer,2025-02
B02685,P071,Pumpkin seeds,Seeds,Primary,Maipo Nuts Ltd.,2025-03-09,2025-11-04,12,kg,Sold Out,12.0,0.0,0.0,72000,77.01,21600,23.1,Autumn,Autumn,2025-03
B02686,P071,Pumpkin seeds,Seeds,Primary,Maipo Nuts Ltd.,2025-04-12,2025-12-08,11,kg,Sold Out,11.0,0.0,0.0,66000,70.59,19800,21.18,Autumn,Autumn,2025-04
B02687,P071,Pumpkin seeds,Seeds,Primary,Maipo Nuts Ltd.,2025-05-19,2026-01-14,10,kg,Sold Out,10.0,0.0,0.0,60000,64.17,18000,19.25,Autumn,Autumn,2025-05
B02688,P072,Chia seeds,Seeds,Primary,Maipo Nuts Ltd.,2023-07-23,2024-03-19,9,kg,Sold Out,9.0,0.0,0.0,45000,48.13,11700,12.51,Winter,Winter,2023-07
B02689,P072,Chia seeds,Seeds,Primary,Maipo Nuts Ltd.,2023-08-23,2024-04-19,9,kg,Partial Loss,8.5,0.5,5.6,42500,45.45,9200,9.84,Winter,Winter,2023-08
B02690,P072,Chia seeds,Seeds,Primary,Maipo Nuts Ltd.,2023-09-23,2024-05-20,11,kg,Sold Out,11.0,0.0,0.0,55000,58.82,14300,15.29,Spring,Spring,2023-09
B02691,P072,Chia seeds,Seeds,Primary,Maipo Nuts Ltd.,2023-10-31,2024-06-27,9,kg,Sold Out,9.0,0.0,0.0,45000,48.13,11700,12.51,Spring,Spring,2023-10
B02692,P072,Chia seeds,Seeds,Primary,Maipo Nuts Ltd.,2023-12-07,2024-08-03,15,kg,Sold Out,15.0,0.0,0.0,75000,80.21,19500,20.86,Summer,Summer,2023-12
B02693,P072,Chia seeds,Seeds,Primary,Maipo Nuts Ltd.,2024-01-11,2024-09-07,11,kg,Sold Out,11.0,0.0,0.0,55000,58.82,14300,15.29,Summer,Summer,2024-01
B02694,P072,Chia seeds,Seeds,Primary,Maipo Nuts Ltd.,2024-02-24,2024-10-21,10,kg,Partial Loss,9.99,0.01,0.1,49950,53.42,12950,13.85,Summer,Summer,2024-02
B02695,P072,Chia seeds,Seeds,Primary,Maipo Nuts Ltd.,2024-03-26,2024-11-21,9,kg,Sold Out,9.0,0.0,0.0,45000,48.13,11700,12.51,Autumn,Autumn,2024-03
B02696,P072,Chia seeds,Seeds,Primary,Maipo Nuts Ltd.,2024-05-05,2024-12-31,9,kg,Sold Out,9.0,0.0,0.0,45000,48.13,11700,12.51,Autumn,Autumn,2024-05
B02697,P072,Chia seeds,Seeds,Primary,Maipo Nuts Ltd.,2024-06-13,2025-02-08,9,kg,Partial Loss,8.65,0.35,3.9,43250,46.26,9950,10.64,Winter,Winter,2024-06
B02698,P072,Chia seeds,Seeds,Primary,Maipo Nuts Ltd.,2024-07-25,2025-03-22,10,kg,Sold Out,10.0,0.0,0.0,50000,53.48,13000,13.9,Winter,Winter,2024-07
B02699,P072,Chia seeds,Seeds,Primary,Maipo Nuts Ltd.,2024-08-27,2025-04-24,11,kg,Partial Loss,10.43,0.57,5.2,52150,55.78,11450,12.25,Winter,Winter,2024-08
B02700,P072,Chia seeds,Seeds,Primary,Maipo Nuts Ltd.,2024-09-28,2025-05-26,11,kg,Sold Out,11.0,0.0,0.0,55000,58.82,14300,15.29,Spring,Spring,2024-09
B02701,P072,Chia seeds,Seeds,Primary,Maipo Nuts Ltd.,2024-11-06,2025-07-04,10,kg,Partial Loss,9.43,0.57,5.7,47150,50.43,10150,10.86,Spring,Spring,2024-11
B02702,P072,Chia seeds,Seeds,Primary,Maipo Nuts Ltd.,2024-12-21,2025-08-18,12,kg,Sold Out,12.0,0.0,0.0,60000,64.17,15600,16.68,Summer,Summer,2024-12
B02703,P072,Chia seeds,Seeds,Primary,Maipo Nuts Ltd.,2025-01-13,2025-09-10,9,kg,Sold Out,9.0,0.0,0.0,45000,48.13,11700,12.51,Summer,Summer,2025-01
B02704,P072,Chia seeds,Seeds,Primary,Maipo Nuts Ltd.,2025-02-15,2025-10-13,11,kg,Partial Loss,10.53,0.47,4.3,52650,56.31,11950,12.78,Summer,Summer,2025-02
B02705,P072,Chia seeds,Seeds,Primary,Maipo Nuts Ltd.,2025-03-18,2025-11-13,10,kg,Partial Loss,9.23,0.77,7.7,46150,49.36,9150,9.79,Autumn,Autumn,2025-03
B02706,P072,Chia seeds,Seeds,Primary,Maipo Nuts Ltd.,2025-04-27,2025-12-23,11,kg,Sold Out,11.0,0.0,0.0,55000,58.82,14300,15.29,Autumn,Autumn,2025-04
B02707,P072,Chia seeds,Seeds,Primary,Maipo Nuts Ltd.,2025-06-04,2026-01-30,10,kg,Partial Loss,9.46,0.54,5.4,47300,50.59,10300,11.02,Winter,Winter,2025-06
B02708,P073,Flax seeds,Seeds,Primary,Maipo Nuts Ltd.,2023-07-16,2024-03-12,10,kg,Sold Out,10.0,0.0,0.0,35000,37.43,9500,10.16,Winter,Winter,2023-07
B02709,P073,Flax seeds,Seeds,Primary,Maipo Nuts Ltd.,2023-08-17,2024-04-13,10,kg,Partial Loss,9.56,0.44,4.4,33460,35.79,7960,8.51,Winter,Winter,2023-08
B02710,P073,Flax seeds,Seeds,Primary,Maipo Nuts Ltd.,2023-09-13,2024-05-10,14,kg,Sold Out,14.0,0.0,0.0,49000,52.41,13300,14.22,Spring,Spring,2023-09
B02711,P073,Flax seeds,Seeds,Primary,Maipo Nuts Ltd.,2023-10-22,2024-06-18,11,kg,Partial Loss,10.43,0.57,5.2,36505,39.04,8455,9.04,Spring,Spring,2023-10
B02712,P073,Flax seeds,Seeds,Primary,Maipo Nuts Ltd.,2023-11-26,2024-07-23,10,kg,Sold Out,10.0,0.0,0.0,35000,37.43,9500,10.16,Spring,Spring,2023-11
B02713,P073,Flax seeds,Seeds,Backup,Semillas del Campo,2024-01-05,2024-09-01,10,kg,Sold Out,10.0,0.0,0.0,35000,37.43,9500,10.16,Summer,Summer,2024-01
B02714,P073,Flax seeds,Seeds,Primary,Maipo Nuts Ltd.,2024-02-21,2024-10-18,9,kg,Sold Out,9.0,0.0,0.0,31500,33.69,8550,9.14,Summer,Summer,2024-02
B02715,P073,Flax seeds,Seeds,Primary,Maipo Nuts Ltd.,2024-03-21,2024-11-16,10,kg,Sold Out,10.0,0.0,0.0,35000,37.43,9500,10.16,Autumn,Autumn,2024-03
B02716,P073,Flax seeds,Seeds,Primary,Maipo Nuts Ltd.,2024-04-23,2024-12-19,9,kg,Sold Out,9.0,0.0,0.0,31500,33.69,8550,9.14,Autumn,Autumn,2024-04
B02717,P073,Flax seeds,Seeds,Primary,Maipo Nuts Ltd.,2024-05-24,2025-01-19,11,kg,Partial Loss,10.44,0.56,5.1,36540,39.08,8490,9.08,Autumn,Autumn,2024-05
B02718,P073,Flax seeds,Seeds,Primary,Maipo Nuts Ltd.,2024-06-29,2025-02-24,9,kg,Partial Loss,8.36,0.64,7.1,29260,31.29,6310,6.75,Winter,Winter,2024-06
B02719,P073,Flax seeds,Seeds,Primary,Maipo Nuts Ltd.,2024-07-26,2025-03-23,9,kg,Sold Out,9.0,0.0,0.0,31500,33.69,8550,9.14,Winter,Winter,2024-07
B02720,P073,Flax seeds,Seeds,Primary,Maipo Nuts Ltd.,2024-08-28,2025-04-25,10,kg,Partial Loss,9.44,0.56,5.6,33040,35.34,7540,8.06,Winter,Winter,2024-08
B02721,P073,Flax seeds,Seeds,Primary,Maipo Nuts Ltd.,2024-10-07,2025-06-04,9,kg,Partial Loss,8.42,0.58,6.5,29470,31.52,6520,6.97,Spring,Spring,2024-10
B02722,P073,Flax seeds,Seeds,Backup,Semillas del Campo,2024-11-19,2025-07-17,11,kg,Partial Loss,9.9,1.1,10.0,34650,37.06,6600,7.06,Spring,Spring,2024-11
B02723,P073,Flax seeds,Seeds,Primary,Maipo Nuts Ltd.,2024-12-26,2025-08-23,12,kg,Sold Out,12.0,0.0,0.0,42000,44.92,11400,12.19,Summer,Summer,2024-12
B02724,P073,Flax seeds,Seeds,Primary,Maipo Nuts Ltd.,2025-01-31,2025-09-28,10,kg,Sold Out,10.0,0.0,0.0,35000,37.43,9500,10.16,Summer,Summer,2025-01
B02725,P073,Flax seeds,Seeds,Backup,Semillas del Campo,2025-03-10,2025-11-05,12,kg,Sold Out,12.0,0.0,0.0,42000,44.92,11400,12.19,Autumn,Autumn,2025-03
B02726,P073,Flax seeds,Seeds,Primary,Maipo Nuts Ltd.,2025-04-12,2025-12-08,11,kg,Sold Out,11.0,0.0,0.0,38500,41.18,10450,11.18,Autumn,Autumn,2025-04
B02727,P073,Flax seeds,Seeds,Primary,Maipo Nuts Ltd.,2025-05-11,2026-01-06,11,kg,Sold Out,11.0,0.0,0.0,38500,41.18,10450,11.18,Autumn,Autumn,2025-05
B02728,P073,Flax seeds,Seeds,Primary,Maipo Nuts Ltd.,2025-06-18,2026-02-13,12,kg,Partial Loss,11.4,0.6,5.0,39900,42.67,9300,9.95,Winter,Winter,2025-06
B02729,P074,Sesame seeds,Seeds,Primary,Maipo Nuts Ltd.,2023-07-29,2024-03-25,11,kg,Sold Out,11.0,0.0,0.0,49500,52.94,13200,14.12,Winter,Winter,2023-07
B02730,P074,Sesame seeds,Seeds,Primary,Maipo Nuts Ltd.,2023-09-03,2024-04-30,13,kg,Sold Out,13.0,0.0,0.0,58500,62.57,15600,16.68,Spring,Spring,2023-09
B02731,P074,Sesame seeds,Seeds,Primary,Maipo Nuts Ltd.,2023-10-03,2024-05-30,11,kg,Sold Out,11.0,0.0,0.0,49500,52.94,13200,14.12,Spring,Spring,2023-10
B02732,P074,Sesame seeds,Seeds,Primary,Maipo Nuts Ltd.,2023-11-08,2024-07-05,10,kg,Partial Loss,9.52,0.48,4.8,42840,45.82,9840,10.52,Spring,Spring,2023-11
B02733,P074,Sesame seeds,Seeds,Primary,Maipo Nuts Ltd.,2023-12-19,2024-08-15,13,kg,Partial Loss,11.92,1.08,8.3,53640,57.37,10740,11.49,Summer,Summer,2023-12
B02734,P074,Sesame seeds,Seeds,Primary,Maipo Nuts Ltd.,2024-01-17,2024-09-13,11,kg,Partial Loss,10.56,0.44,4.0,47520,50.82,11220,12.0,Summer,Summer,2024-01
B02735,P074,Sesame seeds,Seeds,Primary,Maipo Nuts Ltd.,2024-02-29,2024-10-26,10,kg,Sold Out,10.0,0.0,0.0,45000,48.13,12000,12.83,Summer,Summer,2024-02
B02736,P074,Sesame seeds,Seeds,Primary,Maipo Nuts Ltd.,2024-03-25,2024-11-20,11,kg,Sold Out,11.0,0.0,0.0,49500,52.94,13200,14.12,Autumn,Autumn,2024-03
B02737,P074,Sesame seeds,Seeds,Primary,Maipo Nuts Ltd.,2024-05-04,2024-12-30,11,kg,Partial Loss,10.25,0.75,6.8,46125,49.33,9825,10.51,Autumn,Autumn,2024-05
B02738,P074,Sesame seeds,Seeds,Primary,Maipo Nuts Ltd.,2024-06-13,2025-02-08,9,kg,Sold Out,9.0,0.0,0.0,40500,43.32,10800,11.55,Winter,Winter,2024-06
B02739,P074,Sesame seeds,Seeds,Primary,Maipo Nuts Ltd.,2024-07-18,2025-03-15,11,kg,Partial Loss,10.29,0.72,6.5,46305,49.52,10005,10.7,Winter,Winter,2024-07
B02740,P074,Sesame seeds,Seeds,Backup,Semillas del Campo,2024-08-24,2025-04-21,10,kg,Sold Out,10.0,0.0,0.0,45000,48.13,10500,11.23,Winter,Winter,2024-08
B02741,P074,Sesame seeds,Seeds,Primary,Maipo Nuts Ltd.,2024-09-22,2025-05-20,14,kg,Sold Out,14.0,0.0,0.0,63000,67.38,16800,17.97,Spring,Spring,2024-09
B02742,P074,Sesame seeds,Seeds,Primary,Maipo Nuts Ltd.,2024-10-19,2025-06-16,11,kg,Partial Loss,10.63,0.37,3.4,47835,51.16,11535,12.34,Spring,Spring,2024-10
B02743,P074,Sesame seeds,Seeds,Backup,Semillas del Campo,2024-11-20,2025-07-18,11,kg,Sold Out,11.0,0.0,0.0,49500,52.94,11550,12.35,Spring,Spring,2024-11
B02744,P074,Sesame seeds,Seeds,Primary,Maipo Nuts Ltd.,2024-12-22,2025-08-19,14,kg,Sold Out,14.0,0.0,0.0,63000,67.38,16800,17.97,Summer,Summer,2024-12
B02745,P074,Sesame seeds,Seeds,Primary,Maipo Nuts Ltd.,2025-01-26,2025-09-23,10,kg,Partial Loss,9.41,0.59,5.9,42345,45.29,9345,9.99,Summer,Summer,2025-01
B02746,P074,Sesame seeds,Seeds,Primary,Maipo Nuts Ltd.,2025-02-16,2025-10-14,10,kg,Partial Loss,9.69,0.31,3.1,43605,46.64,10605,11.34,Summer,Summer,2025-02
B02747,P074,Sesame seeds,Seeds,Primary,Maipo Nuts Ltd.,2025-03-20,2025-11-15,10,kg,Sold Out,10.0,0.0,0.0,45000,48.13,12000,12.83,Autumn,Autumn,2025-03
B02748,P074,Sesame seeds,Seeds,Primary,Maipo Nuts Ltd.,2025-04-19,2025-12-15,10,kg,Sold Out,10.0,0.0,0.0,45000,48.13,12000,12.83,Autumn,Autumn,2025-04
B02749,P074,Sesame seeds,Seeds,Primary,Maipo Nuts Ltd.,2025-05-31,2026-01-26,10,kg,Partial Loss,9.39,0.61,6.1,42255,45.19,9255,9.9,Autumn,Autumn,2025-05
B02750,P074,Sesame seeds,Seeds,Primary,Maipo Nuts Ltd.,2025-06-30,2026-02-25,10,kg,Partial Loss,9.28,0.72,7.2,41760,44.66,8760,9.37,Winter,Winter,2025-06
B02751,P075,Artisanal alfajores,Candy,Primary,Molina Artisan Sweets,2023-07-09,2024-05-04,44,unit,Sold Out,44.0,0.0,0.0,44000,47.06,13200,14.12,Winter,Winter,2023-07
B02752,P075,Artisanal alfajores,Candy,Primary,Molina Artisan Sweets,2023-08-11,2024-06-06,37,unit,Sold Out,37.0,0.0,0.0,37000,39.57,11100,11.87,Winter,Winter,2023-08
B02753,P075,Artisanal alfajores,Candy,Primary,Molina Artisan Sweets,2023-09-11,2024-07-07,50,unit,Sold Out,50.0,0.0,0.0,50000,53.48,15000,16.04,Spring,Spring,2023-09
B02754,P075,Artisanal alfajores,Candy,Primary,Molina Artisan Sweets,2023-10-10,2024-08-05,36,unit,Partial Loss,34.99,1.01,2.8,34990,37.42,9790,10.47,Spring,Spring,2023-10
B02755,P075,Artisanal alfajores,Candy,Backup,Dulces La Estrella,2023-11-24,2024-09-19,35,unit,Sold Out,35.0,0.0,0.0,35000,37.43,10500,11.23,Spring,Spring,2023-11
B02756,P075,Artisanal alfajores,Candy,Primary,Molina Artisan Sweets,2023-12-29,2024-10-24,48,unit,Partial Loss,46.42,1.58,3.3,46420,49.65,12820,13.71,Summer,Summer,2023-12
B02757,P075,Artisanal alfajores,Candy,Primary,Molina Artisan Sweets,2024-02-01,2024-11-27,42,unit,Partial Loss,41.03,0.97,2.3,41030,43.88,11630,12.44,Summer,Summer,2024-02
B02758,P075,Artisanal alfajores,Candy,Primary,Molina Artisan Sweets,2024-03-13,2025-01-07,44,unit,Sold Out,44.0,0.0,0.0,44000,47.06,13200,14.12,Autumn,Autumn,2024-03
B02759,P075,Artisanal alfajores,Candy,Backup,Dulces La Estrella,2024-04-16,2025-02-10,34,unit,Partial Loss,33.39,0.61,1.8,33390,35.71,9590,10.26,Autumn,Autumn,2024-04
B02760,P075,Artisanal alfajores,Candy,Primary,Molina Artisan Sweets,2024-05-24,2025-03-20,41,unit,Sold Out,41.0,0.0,0.0,41000,43.85,12300,13.16,Autumn,Autumn,2024-05
B02761,P075,Artisanal alfajores,Candy,Primary,Molina Artisan Sweets,2024-07-01,2025-04-27,36,unit,Sold Out,36.0,0.0,0.0,36000,38.5,10800,11.55,Winter,Winter,2024-07
B02762,P075,Artisanal alfajores,Candy,Backup,Dulces La Estrella,2024-07-31,2025-05-27,45,unit,Partial Loss,44.1,0.9,2.0,44100,47.17,12600,13.48,Winter,Winter,2024-07
B02763,P075,Artisanal alfajores,Candy,Primary,Molina Artisan Sweets,2024-09-15,2025-07-12,45,unit,Partial Loss,43.2,1.8,4.0,43200,46.2,11700,12.51,Spring,Spring,2024-09
B02764,P075,Artisanal alfajores,Candy,Primary,Molina Artisan Sweets,2024-10-25,2025-08-21,38,unit,Sold Out,38.0,0.0,0.0,38000,40.64,11400,12.19,Spring,Spring,2024-10
B02765,P075,Artisanal alfajores,Candy,Backup,Dulces La Estrella,2024-11-30,2025-09-26,40,unit,Partial Loss,39.92,0.08,0.2,39920,42.7,11920,12.75,Spring,Spring,2024-11
B02766,P075,Artisanal alfajores,Candy,Backup,Dulces La Estrella,2025-01-06,2025-11-02,45,unit,Sold Out,45.0,0.0,0.0,45000,48.13,13500,14.44,Summer,Summer,2025-01
B02767,P075,Artisanal alfajores,Candy,Primary,Molina Artisan Sweets,2025-02-02,2025-11-29,42,unit,Partial Loss,40.49,1.51,3.6,40490,43.3,11090,11.86,Summer,Summer,2025-02
B02768,P075,Artisanal alfajores,Candy,Primary,Molina Artisan Sweets,2025-03-12,2026-01-06,44,unit,Sold Out,44.0,0.0,0.0,44000,47.06,13200,14.12,Autumn,Autumn,2025-03
B02769,P075,Artisanal alfajores,Candy,Backup,Dulces La Estrella,2025-04-20,2026-02-14,37,unit,Sold Out,37.0,0.0,0.0,37000,39.57,11100,11.87,Autumn,Autumn,2025-04
B02770,P075,Artisanal alfajores,Candy,Primary,Molina Artisan Sweets,2025-05-23,2026-03-19,39,unit,Partial Loss,38.41,0.58,1.5,38410,41.08,11110,11.88,Autumn,Autumn,2025-05
B02771,P075,Artisanal alfajores,Candy,Primary,Molina Artisan Sweets,2025-06-15,2026-04-11,39,unit,Sold Out,39.0,0.0,0.0,39000,41.71,11700,12.51,Winter,Winter,2025-06
B02772,P076,Candied quince (membrillo),Candy,Primary,Molina Artisan Sweets,2023-07-07,2024-05-02,14,kg,Partial Loss,13.66,0.34,2.4,47810,51.13,13510,14.45,Winter,Winter,2023-07
B02773,P076,Candied quince (membrillo),Candy,Primary,Molina Artisan Sweets,2023-08-13,2024-06-08,14,kg,Partial Loss,13.27,0.73,5.2,46445,49.67,12145,12.99,Winter,Winter,2023-08
B02774,P076,Candied quince (membrillo),Candy,Primary,Molina Artisan Sweets,2023-09-26,2024-07-22,18,kg,Sold Out,18.0,0.0,0.0,63000,67.38,18900,20.21,Spring,Spring,2023-09
B02775,P076,Candied quince (membrillo),Candy,Primary,Molina Artisan Sweets,2023-10-22,2024-08-17,5,kg,Sold Out,5.0,0.0,0.0,17500,18.72,5250,5.61,Spring,Spring,2023-10
B02776,P076,Candied quince (membrillo),Candy,Primary,Molina Artisan Sweets,2023-11-29,2024-09-24,5,kg,Partial Loss,4.82,0.18,3.6,16870,18.04,4620,4.94,Spring,Spring,2023-11
B02777,P076,Candied quince (membrillo),Candy,Primary,Molina Artisan Sweets,2024-01-01,2024-10-27,5,kg,Sold Out,5.0,0.0,0.0,17500,18.72,5250,5.61,Summer,Summer,2024-01
B02778,P076,Candied quince (membrillo),Candy,Backup,Dulces La Estrella,2024-02-04,2024-11-30,4,kg,Partial Loss,3.87,0.13,3.2,13545,14.49,3945,4.22,Summer,Summer,2024-02
B02779,P076,Candied quince (membrillo),Candy,Primary,Molina Artisan Sweets,2024-03-14,2025-01-08,5,kg,Partial Loss,4.7,0.3,6.1,16450,17.59,4200,4.49,Autumn,Autumn,2024-03
B02780,P076,Candied quince (membrillo),Candy,Primary,Molina Artisan Sweets,2024-04-21,2025-02-15,13,kg,Partial Loss,12.84,0.16,1.2,44940,48.06,13090,14.0,Autumn,Autumn,2024-04
B02781,P076,Candied quince (membrillo),Candy,Primary,Molina Artisan Sweets,2024-05-29,2025-03-25,12,kg,Sold Out,12.0,0.0,0.0,42000,44.92,12600,13.48,Autumn,Autumn,2024-05
B02782,P076,Candied quince (membrillo),Candy,Primary,Molina Artisan Sweets,2024-07-02,2025-04-28,12,kg,Sold Out,12.0,0.0,0.0,42000,44.92,12600,13.48,Winter,Winter,2024-07
B02783,P076,Candied quince (membrillo),Candy,Backup,Dulces La Estrella,2024-08-08,2025-06-04,14,kg,Sold Out,14.0,0.0,0.0,49000,52.41,15400,16.47,Winter,Winter,2024-08
B02784,P076,Candied quince (membrillo),Candy,Primary,Molina Artisan Sweets,2024-09-13,2025-07-10,16,kg,Sold Out,16.0,0.0,0.0,56000,59.89,16800,17.97,Spring,Spring,2024-09
B02785,P076,Candied quince (membrillo),Candy,Primary,Molina Artisan Sweets,2024-10-16,2025-08-12,4,kg,Sold Out,4.0,0.0,0.0,14000,14.97,4200,4.49,Spring,Spring,2024-10
B02786,P076,Candied quince (membrillo),Candy,Backup,Dulces La Estrella,2024-11-25,2025-09-21,4,kg,Sold Out,4.0,0.0,0.0,14000,14.97,4400,4.71,Spring,Spring,2024-11
B02787,P076,Candied quince (membrillo),Candy,Primary,Molina Artisan Sweets,2024-12-30,2025-10-26,7,kg,Partial Loss,6.85,0.15,2.2,23975,25.64,6825,7.3,Summer,Summer,2024-12
B02788,P076,Candied quince (membrillo),Candy,Primary,Molina Artisan Sweets,2025-02-03,2025-11-30,5,kg,Sold Out,5.0,0.0,0.0,17500,18.72,5250,5.61,Summer,Summer,2025-02
B02789,P076,Candied quince (membrillo),Candy,Primary,Molina Artisan Sweets,2025-03-07,2026-01-01,5,kg,Partial Loss,4.82,0.18,3.6,16870,18.04,4620,4.94,Autumn,Autumn,2025-03
B02790,P076,Candied quince (membrillo),Candy,Primary,Molina Artisan Sweets,2025-04-11,2026-02-05,14,kg,Partial Loss,13.66,0.34,2.4,47810,51.13,13510,14.45,Autumn,Autumn,2025-04
B02791,P076,Candied quince (membrillo),Candy,Primary,Molina Artisan Sweets,2025-05-12,2026-03-08,14,kg,Sold Out,14.0,0.0,0.0,49000,52.41,14700,15.72,Autumn,Autumn,2025-05
B02792,P076,Candied quince (membrillo),Candy,Backup,Dulces La Estrella,2025-06-11,2026-04-07,13,kg,Sold Out,13.0,0.0,0.0,45500,48.66,14300,15.29,Winter,Winter,2025-06
B02793,P077,"Homemade jam, jar 350g",Candy,Primary,Molina Artisan Sweets,2023-07-14,2024-05-09,27,jar 350g,Partial Loss,25.65,1.35,5.0,51300,54.87,14850,15.88,Winter,Winter,2023-07
B02794,P077,"Homemade jam, jar 350g",Candy,Primary,Molina Artisan Sweets,2023-08-16,2024-06-11,21,jar 350g,Partial Loss,20.45,0.55,2.6,40900,43.74,12550,13.42,Winter,Winter,2023-08
B02795,P077,"Homemade jam, jar 350g",Candy,Primary,Molina Artisan Sweets,2023-10-07,2024-08-02,24,jar 350g,Partial Loss,22.7,1.3,5.4,45400,48.56,13000,13.9,Spring,Spring,2023-10
B02796,P077,"Homemade jam, jar 350g",Candy,Backup,Dulces La Estrella,2023-11-11,2024-09-06,24,jar 350g,Sold Out,24.0,0.0,0.0,48000,51.34,13200,14.12,Spring,Spring,2023-11
B02797,P077,"Homemade jam, jar 350g",Candy,Primary,Molina Artisan Sweets,2023-12-11,2024-10-06,35,jar 350g,Sold Out,35.0,0.0,0.0,70000,74.87,22750,24.33,Summer,Summer,2023-12
B02798,P077,"Homemade jam, jar 350g",Candy,Primary,Molina Artisan Sweets,2024-01-17,2024-11-12,26,jar 350g,Sold Out,26.0,0.0,0.0,52000,55.61,16900,18.07,Summer,Summer,2024-01
B02799,P077,"Homemade jam, jar 350g",Candy,Primary,Molina Artisan Sweets,2024-02-28,2024-12-24,27,jar 350g,Partial Loss,26.68,0.32,1.2,53360,57.07,16910,18.09,Summer,Summer,2024-02
B02800,P077,"Homemade jam, jar 350g",Candy,Primary,Molina Artisan Sweets,2024-04-09,2025-02-03,25,jar 350g,Sold Out,25.0,0.0,0.0,50000,53.48,16250,17.38,Autumn,Autumn,2024-04
B02801,P077,"Homemade jam, jar 350g",Candy,Primary,Molina Artisan Sweets,2024-05-09,2025-03-05,23,jar 350g,Partial Loss,21.87,1.13,4.9,43740,46.78,12690,13.57,Autumn,Autumn,2024-05
B02802,P077,"Homemade jam, jar 350g",Candy,Primary,Molina Artisan Sweets,2024-06-16,2025-04-12,22,jar 350g,Sold Out,22.0,0.0,0.0,44000,47.06,14300,15.29,Winter,Winter,2024-06
B02803,P077,"Homemade jam, jar 350g",Candy,Primary,Molina Artisan Sweets,2024-07-30,2025-05-26,27,jar 350g,Partial Loss,26.05,0.95,3.5,52100,55.72,15650,16.74,Winter,Winter,2024-07
B02804,P077,"Homemade jam, jar 350g",Candy,Primary,Molina Artisan Sweets,2024-08-30,2025-06-26,26,jar 350g,Partial Loss,25.12,0.88,3.4,50240,53.73,15140,16.19,Winter,Winter,2024-08
B02805,P077,"Homemade jam, jar 350g",Candy,Backup,Dulces La Estrella,2024-10-02,2025-07-29,22,jar 350g,Sold Out,22.0,0.0,0.0,44000,47.06,12100,12.94,Spring,Spring,2024-10
B02806,P077,"Homemade jam, jar 350g",Candy,Primary,Molina Artisan Sweets,2024-11-04,2025-08-31,21,jar 350g,Sold Out,21.0,0.0,0.0,42000,44.92,13650,14.6,Spring,Spring,2024-11
B02807,P077,"Homemade jam, jar 350g",Candy,Primary,Molina Artisan Sweets,2024-12-10,2025-10-06,31,jar 350g,Sold Out,31.0,0.0,0.0,62000,66.31,20150,21.55,Summer,Summer,2024-12
B02808,P077,"Homemade jam, jar 350g",Candy,Primary,Molina Artisan Sweets,2025-01-08,2025-11-04,27,jar 350g,Sold Out,27.0,0.0,0.0,54000,57.75,17550,18.77,Summer,Summer,2025-01
B02809,P077,"Homemade jam, jar 350g",Candy,Primary,Molina Artisan Sweets,2025-02-10,2025-12-07,23,jar 350g,Partial Loss,22.52,0.48,2.1,45040,48.17,13990,14.96,Summer,Summer,2025-02
B02810,P077,"Homemade jam, jar 350g",Candy,Primary,Molina Artisan Sweets,2025-03-20,2026-01-14,28,jar 350g,Sold Out,28.0,0.0,0.0,56000,59.89,18200,19.47,Autumn,Autumn,2025-03
B02811,P077,"Homemade jam, jar 350g",Candy,Backup,Dulces La Estrella,2025-04-18,2026-02-12,23,jar 350g,Partial Loss,21.87,1.13,4.9,43740,46.78,10390,11.11,Autumn,Autumn,2025-04
B02812,P077,"Homemade jam, jar 350g",Candy,Primary,Molina Artisan Sweets,2025-05-23,2026-03-19,26,jar 350g,Partial Loss,24.6,1.4,5.4,49200,52.62,14100,15.08,Autumn,Autumn,2025-05
B02813,P077,"Homemade jam, jar 350g",Candy,Primary,Molina Artisan Sweets,2025-06-25,2026-04-21,22,jar 350g,Partial Loss,20.94,1.06,4.8,41880,44.79,12180,13.03,Winter,Winter,2025-06
B02814,P078,Artisanal nougat (turron),Candy,Primary,Molina Artisan Sweets,2023-07-09,2024-05-04,45,unit,Partial Loss,43.02,1.98,4.4,43020,46.01,11520,12.32,Winter,Winter,2023-07
B02815,P078,Artisanal nougat (turron),Candy,Primary,Molina Artisan Sweets,2023-08-09,2024-06-04,45,unit,Sold Out,45.0,0.0,0.0,45000,48.13,13500,14.44,Winter,Winter,2023-08
B02816,P078,Artisanal nougat (turron),Candy,Primary,Molina Artisan Sweets,2023-09-04,2024-06-30,45,unit,Partial Loss,44.33,0.67,1.5,44330,47.41,12830,13.72,Spring,Spring,2023-09
B02817,P078,Artisanal nougat (turron),Candy,Primary,Molina Artisan Sweets,2023-10-09,2024-08-04,41,unit,Partial Loss,39.73,1.27,3.1,39730,42.49,11030,11.8,Spring,Spring,2023-10
B02818,P078,Artisanal nougat (turron),Candy,Primary,Molina Artisan Sweets,2023-11-16,2024-09-11,44,unit,Sold Out,44.0,0.0,0.0,44000,47.06,13200,14.12,Spring,Spring,2023-11
B02819,P078,Artisanal nougat (turron),Candy,Primary,Molina Artisan Sweets,2023-12-20,2024-10-15,47,unit,Partial Loss,46.53,0.47,1.0,46530,49.76,13630,14.58,Summer,Summer,2023-12
B02820,P078,Artisanal nougat (turron),Candy,Primary,Molina Artisan Sweets,2024-02-01,2024-11-27,39,unit,Sold Out,39.0,0.0,0.0,39000,41.71,11700,12.51,Summer,Summer,2024-02
B02821,P078,Artisanal nougat (turron),Candy,Primary,Molina Artisan Sweets,2024-03-09,2025-01-03,45,unit,Sold Out,45.0,0.0,0.0,45000,48.13,13500,14.44,Autumn,Autumn,2024-03
B02822,P078,Artisanal nougat (turron),Candy,Primary,Molina Artisan Sweets,2024-04-15,2025-02-09,39,unit,Partial Loss,37.32,1.68,4.3,37320,39.91,10020,10.72,Autumn,Autumn,2024-04
B02823,P078,Artisanal nougat (turron),Candy,Primary,Molina Artisan Sweets,2024-05-14,2025-03-10,44,unit,Partial Loss,41.71,2.29,5.2,41710,44.61,10910,11.67,Autumn,Autumn,2024-05
B02824,P078,Artisanal nougat (turron),Candy,Primary,Molina Artisan Sweets,2024-06-23,2025-04-19,41,unit,Partial Loss,38.83,2.17,5.3,38830,41.53,10130,10.83,Winter,Winter,2024-06
B02825,P078,Artisanal nougat (turron),Candy,Primary,Molina Artisan Sweets,2024-07-24,2025-05-20,42,unit,Sold Out,42.0,0.0,0.0,42000,44.92,12600,13.48,Winter,Winter,2024-07
B02826,P078,Artisanal nougat (turron),Candy,Backup,Dulces La Estrella,2024-08-27,2025-06-23,43,unit,Partial Loss,40.81,2.19,5.1,40810,43.65,8560,9.16,Winter,Winter,2024-08
B02827,P078,Artisanal nougat (turron),Candy,Primary,Molina Artisan Sweets,2024-09-28,2025-07-25,53,unit,Partial Loss,51.36,1.64,3.1,51360,54.93,14260,15.25,Spring,Spring,2024-09
B02828,P078,Artisanal nougat (turron),Candy,Primary,Molina Artisan Sweets,2024-10-28,2025-08-24,37,unit,Partial Loss,35.52,1.48,4.0,35520,37.99,9620,10.29,Spring,Spring,2024-10
B02829,P078,Artisanal nougat (turron),Candy,Primary,Molina Artisan Sweets,2024-11-27,2025-09-23,45,unit,Partial Loss,44.01,0.99,2.2,44010,47.07,12510,13.38,Spring,Spring,2024-11
B02830,P078,Artisanal nougat (turron),Candy,Primary,Molina Artisan Sweets,2025-01-12,2025-11-08,39,unit,Sold Out,39.0,0.0,0.0,39000,41.71,11700,12.51,Summer,Summer,2025-01
B02831,P078,Artisanal nougat (turron),Candy,Primary,Molina Artisan Sweets,2025-02-17,2025-12-14,45,unit,Partial Loss,44.01,0.99,2.2,44010,47.07,12510,13.38,Summer,Summer,2025-02
B02832,P078,Artisanal nougat (turron),Candy,Primary,Molina Artisan Sweets,2025-03-26,2026-01-20,45,unit,Sold Out,45.0,0.0,0.0,45000,48.13,13500,14.44,Autumn,Autumn,2025-03
B02833,P078,Artisanal nougat (turron),Candy,Backup,Dulces La Estrella,2025-05-10,2026-03-06,49,unit,Partial Loss,48.46,0.54,1.1,48460,51.83,11710,12.52,Autumn,Autumn,2025-05
B02834,P078,Artisanal nougat (turron),Candy,Primary,Molina Artisan Sweets,2025-06-07,2026-04-03,45,unit,Partial Loss,43.2,1.8,4.0,43200,46.2,11700,12.51,Winter,Winter,2025-06
B02835,P079,Raw cane sugar loaf (chancaca),Candy,Primary,Molina Artisan Sweets,2023-07-31,2024-05-26,71,unit,Partial Loss,68.3,2.7,3.8,68300,73.05,18600,19.89,Winter,Winter,2023-07
B02836,P079,Raw cane sugar loaf (chancaca),Candy,Primary,Molina Artisan Sweets,2023-08-30,2024-06-25,64,unit,Partial Loss,62.46,1.54,2.4,62460,66.8,17660,18.89,Winter,Winter,2023-08
B02837,P079,Raw cane sugar loaf (chancaca),Candy,Primary,Molina Artisan Sweets,2023-10-02,2024-07-28,23,unit,Sold Out,23.0,0.0,0.0,23000,24.6,6900,7.38,Spring,Spring,2023-10
B02838,P079,Raw cane sugar loaf (chancaca),Candy,Primary,Molina Artisan Sweets,2023-11-02,2024-08-28,25,unit,Sold Out,25.0,0.0,0.0,25000,26.74,7500,8.02,Spring,Spring,2023-11
B02839,P079,Raw cane sugar loaf (chancaca),Candy,Backup,Dulces La Estrella,2023-11-30,2024-09-25,25,unit,Partial Loss,23.0,2.0,8.0,23000,24.6,4250,4.55,Spring,Spring,2023-11
B02840,P079,Raw cane sugar loaf (chancaca),Candy,Primary,Molina Artisan Sweets,2024-01-01,2024-10-27,24,unit,Sold Out,24.0,0.0,0.0,24000,25.67,7200,7.7,Summer,Summer,2024-01
B02841,P079,Raw cane sugar loaf (chancaca),Candy,Primary,Molina Artisan Sweets,2024-02-11,2024-12-07,27,unit,Partial Loss,25.7,1.3,4.8,25700,27.49,6800,7.27,Summer,Summer,2024-02
B02842,P079,Raw cane sugar loaf (chancaca),Candy,Primary,Molina Artisan Sweets,2024-03-13,2025-01-07,23,unit,Partial Loss,22.08,0.92,4.0,22080,23.61,5980,6.4,Autumn,Autumn,2024-03
B02843,P079,Raw cane sugar loaf (chancaca),Candy,Primary,Molina Artisan Sweets,2024-04-20,2025-02-14,68,unit,Sold Out,68.0,0.0,0.0,68000,72.73,20400,21.82,Autumn,Autumn,2024-04
B02844,P079,Raw cane sugar loaf (chancaca),Candy,Primary,Molina Artisan Sweets,2024-05-13,2025-03-09,73,unit,Partial Loss,68.98,4.01,5.5,68980,73.78,17880,19.12,Autumn,Autumn,2024-05
B02845,P079,Raw cane sugar loaf (chancaca),Candy,Backup,Dulces La Estrella,2024-06-21,2025-04-17,73,unit,Sold Out,73.0,0.0,0.0,73000,78.07,18250,19.52,Winter,Winter,2024-06
B02846,P079,Raw cane sugar loaf (chancaca),Candy,Primary,Molina Artisan Sweets,2024-07-26,2025-05-22,66,unit,Sold Out,66.0,0.0,0.0,66000,70.59,19800,21.18,Winter,Winter,2024-07
B02847,P079,Raw cane sugar loaf (chancaca),Candy,Primary,Molina Artisan Sweets,2024-09-09,2025-07-06,80,unit,Sold Out,80.0,0.0,0.0,80000,85.56,24000,25.67,Spring,Spring,2024-09
B02848,P079,Raw cane sugar loaf (chancaca),Candy,Primary,Molina Artisan Sweets,2024-10-12,2025-08-08,26,unit,Sold Out,26.0,0.0,0.0,26000,27.81,7800,8.34,Spring,Spring,2024-10
B02849,P079,Raw cane sugar loaf (chancaca),Candy,Primary,Molina Artisan Sweets,2024-11-14,2025-09-10,24,unit,Partial Loss,23.11,0.89,3.7,23110,24.72,6310,6.75,Spring,Spring,2024-11
B02850,P079,Raw cane sugar loaf (chancaca),Candy,Primary,Molina Artisan Sweets,2024-12-21,2025-10-17,35,unit,Partial Loss,33.21,1.78,5.1,33210,35.52,8710,9.32,Summer,Summer,2024-12
B02851,P079,Raw cane sugar loaf (chancaca),Candy,Primary,Molina Artisan Sweets,2025-01-22,2025-11-18,27,unit,Sold Out,27.0,0.0,0.0,27000,28.88,8100,8.66,Summer,Summer,2025-01
B02852,P079,Raw cane sugar loaf (chancaca),Candy,Primary,Molina Artisan Sweets,2025-02-27,2025-12-24,26,unit,Sold Out,26.0,0.0,0.0,26000,27.81,7800,8.34,Summer,Summer,2025-02
B02853,P079,Raw cane sugar loaf (chancaca),Candy,Backup,Dulces La Estrella,2025-03-23,2026-01-17,28,unit,Partial Loss,26.6,1.4,5.0,26600,28.45,5600,5.99,Autumn,Autumn,2025-03
B02854,P079,Raw cane sugar loaf (chancaca),Candy,Backup,Dulces La Estrella,2025-04-27,2026-02-21,70,unit,Sold Out,70.0,0.0,0.0,70000,74.87,17500,18.72,Autumn,Autumn,2025-04
B02855,P079,Raw cane sugar loaf (chancaca),Candy,Primary,Molina Artisan Sweets,2025-05-29,2026-03-25,67,unit,Sold Out,67.0,0.0,0.0,67000,71.66,20100,21.5,Autumn,Autumn,2025-05
B02856,P080,Gummy candy bag 100g,Candy,Primary,Molina Artisan Sweets,2023-07-07,2024-05-02,46,bag 100g,Partial Loss,45.36,0.64,1.4,45360,48.51,15460,16.53,Winter,Winter,2023-07
B02857,P080,Gummy candy bag 100g,Candy,Primary,Molina Artisan Sweets,2023-08-11,2024-06-06,55,bag 100g,Sold Out,55.0,0.0,0.0,55000,58.82,19250,20.59,Winter,Winter,2023-08
B02858,P080,Gummy candy bag 100g,Candy,Primary,Molina Artisan Sweets,2023-09-13,2024-07-09,57,bag 100g,Partial Loss,54.43,2.56,4.5,54430,58.21,17380,18.59,Spring,Spring,2023-09
B02859,P080,Gummy candy bag 100g,Candy,Primary,Molina Artisan Sweets,2023-10-24,2024-08-19,49,bag 100g,Partial Loss,47.73,1.27,2.6,47730,51.05,15880,16.98,Spring,Spring,2023-10
B02860,P080,Gummy candy bag 100g,Candy,Primary,Molina Artisan Sweets,2023-11-29,2024-09-24,50,bag 100g,Partial Loss,49.3,0.7,1.4,49300,52.73,16800,17.97,Spring,Spring,2023-11
B02861,P080,Gummy candy bag 100g,Candy,Backup,Dulces La Estrella,2023-12-27,2024-10-22,63,bag 100g,Sold Out,63.0,0.0,0.0,63000,67.38,15750,16.84,Summer,Summer,2023-12
B02862,P080,Gummy candy bag 100g,Candy,Primary,Molina Artisan Sweets,2024-01-30,2024-11-25,47,bag 100g,Sold Out,47.0,0.0,0.0,47000,50.27,16450,17.59,Summer,Summer,2024-01
B02863,P080,Gummy candy bag 100g,Candy,Primary,Molina Artisan Sweets,2024-03-04,2024-12-29,51,bag 100g,Partial Loss,48.5,2.5,4.9,48500,51.87,15350,16.42,Autumn,Autumn,2024-03
B02864,P080,Gummy candy bag 100g,Candy,Primary,Molina Artisan Sweets,2024-04-11,2025-02-05,53,bag 100g,Sold Out,53.0,0.0,0.0,53000,56.68,18550,19.84,Autumn,Autumn,2024-04
B02865,P080,Gummy candy bag 100g,Candy,Backup,Dulces La Estrella,2024-05-10,2025-03-06,48,bag 100g,Sold Out,48.0,0.0,0.0,48000,51.34,12000,12.83,Autumn,Autumn,2024-05
B02866,P080,Gummy candy bag 100g,Candy,Primary,Molina Artisan Sweets,2024-06-02,2025-03-29,55,bag 100g,Sold Out,55.0,0.0,0.0,55000,58.82,19250,20.59,Winter,Winter,2024-06
B02867,P080,Gummy candy bag 100g,Candy,Backup,Dulces La Estrella,2024-07-08,2025-05-04,56,bag 100g,Partial Loss,54.21,1.79,3.2,54210,57.98,12210,13.06,Winter,Winter,2024-07
B02868,P080,Gummy candy bag 100g,Candy,Primary,Molina Artisan Sweets,2024-08-13,2025-06-09,53,bag 100g,Partial Loss,50.77,2.23,4.2,50770,54.3,16320,17.45,Winter,Winter,2024-08
B02869,P080,Gummy candy bag 100g,Candy,Backup,Dulces La Estrella,2024-09-17,2025-07-14,61,bag 100g,Sold Out,61.0,0.0,0.0,61000,65.24,15250,16.31,Spring,Spring,2024-09
B02870,P080,Gummy candy bag 100g,Candy,Primary,Molina Artisan Sweets,2024-10-17,2025-08-13,54,bag 100g,Partial Loss,52.43,1.57,2.9,52430,56.07,17330,18.53,Spring,Spring,2024-10
B02871,P080,Gummy candy bag 100g,Candy,Primary,Molina Artisan Sweets,2024-11-18,2025-09-14,57,bag 100g,Partial Loss,55.86,1.14,2.0,55860,59.74,18810,20.12,Spring,Spring,2024-11
B02872,P080,Gummy candy bag 100g,Candy,Primary,Molina Artisan Sweets,2024-12-25,2025-10-21,65,bag 100g,Sold Out,65.0,0.0,0.0,65000,69.52,22750,24.33,Summer,Summer,2024-12
B02873,P080,Gummy candy bag 100g,Candy,Backup,Dulces La Estrella,2025-01-29,2025-11-25,50,bag 100g,Sold Out,50.0,0.0,0.0,50000,53.48,12500,13.37,Summer,Summer,2025-01
B02874,P080,Gummy candy bag 100g,Candy,Primary,Molina Artisan Sweets,2025-03-02,2025-12-27,48,bag 100g,Partial Loss,47.66,0.34,0.7,47660,50.97,16460,17.6,Autumn,Autumn,2025-03
B02875,P080,Gummy candy bag 100g,Candy,Primary,Molina Artisan Sweets,2025-04-06,2026-01-31,59,bag 100g,Sold Out,59.0,0.0,0.0,59000,63.1,20650,22.09,Autumn,Autumn,2025-04
B02876,P080,Gummy candy bag 100g,Candy,Primary,Molina Artisan Sweets,2025-05-01,2026-02-25,54,bag 100g,Sold Out,54.0,0.0,0.0,54000,57.75,18900,20.21,Autumn,Autumn,2025-05
B02877,P080,Gummy candy bag 100g,Candy,Primary,Molina Artisan Sweets,2025-06-02,2026-03-29,55,bag 100g,Sold Out,55.0,0.0,0.0,55000,58.82,19250,20.59,Winter,Winter,2025-06
B02878,P081,Gummy candy bag 50g,Candy,Primary,Molina Artisan Sweets,2023-07-12,2024-05-07,56,bag 50g,Sold Out,56.0,0.0,0.0,28000,29.95,8400,8.98,Winter,Winter,2023-07
B02879,P081,Gummy candy bag 50g,Candy,Backup,Dulces La Estrella,2023-08-22,2024-06-17,51,bag 50g,Sold Out,51.0,0.0,0.0,25500,27.27,7650,8.18,Winter,Winter,2023-08
B02880,P081,Gummy candy bag 50g,Candy,Primary,Molina Artisan Sweets,2023-09-28,2024-07-24,60,bag 50g,Sold Out,60.0,0.0,0.0,30000,32.09,9000,9.63,Spring,Spring,2023-09
B02881,P081,Gummy candy bag 50g,Candy,Primary,Molina Artisan Sweets,2023-11-05,2024-08-31,46,bag 50g,Sold Out,46.0,0.0,0.0,23000,24.6,6900,7.38,Spring,Spring,2023-11
B02882,P081,Gummy candy bag 50g,Candy,Primary,Molina Artisan Sweets,2023-12-05,2024-09-30,59,bag 50g,Partial Loss,57.17,1.83,3.1,28585,30.57,7935,8.49,Summer,Summer,2023-12
B02883,P081,Gummy candy bag 50g,Candy,Backup,Dulces La Estrella,2024-01-01,2024-10-27,52,bag 50g,Sold Out,52.0,0.0,0.0,26000,27.81,7800,8.34,Summer,Summer,2024-01
B02884,P081,Gummy candy bag 50g,Candy,Primary,Molina Artisan Sweets,2024-02-06,2024-12-02,44,bag 50g,Partial Loss,42.42,1.58,3.6,21210,22.68,5810,6.21,Summer,Summer,2024-02
B02885,P081,Gummy candy bag 50g,Candy,Primary,Molina Artisan Sweets,2024-03-13,2025-01-07,56,bag 50g,Sold Out,56.0,0.0,0.0,28000,29.95,8400,8.98,Autumn,Autumn,2024-03
B02886,P081,Gummy candy bag 50g,Candy,Primary,Molina Artisan Sweets,2024-04-21,2025-02-15,49,bag 50g,Sold Out,49.0,0.0,0.0,24500,26.2,7350,7.86,Autumn,Autumn,2024-04
B02887,P081,Gummy candy bag 50g,Candy,Primary,Molina Artisan Sweets,2024-05-27,2025-03-23,44,bag 50g,Sold Out,44.0,0.0,0.0,22000,23.53,6600,7.06,Autumn,Autumn,2024-05
B02888,P081,Gummy candy bag 50g,Candy,Primary,Molina Artisan Sweets,2024-06-25,2025-04-21,46,bag 50g,Sold Out,46.0,0.0,0.0,23000,24.6,6900,7.38,Winter,Winter,2024-06
B02889,P081,Gummy candy bag 50g,Candy,Primary,Molina Artisan Sweets,2024-07-27,2025-05-23,46,bag 50g,Sold Out,46.0,0.0,0.0,23000,24.6,6900,7.38,Winter,Winter,2024-07
B02890,P081,Gummy candy bag 50g,Candy,Primary,Molina Artisan Sweets,2024-08-26,2025-06-22,50,bag 50g,Sold Out,50.0,0.0,0.0,25000,26.74,7500,8.02,Winter,Winter,2024-08
B02891,P081,Gummy candy bag 50g,Candy,Primary,Molina Artisan Sweets,2024-09-17,2025-07-14,69,bag 50g,Partial Loss,66.24,2.76,4.0,33120,35.42,8970,9.59,Spring,Spring,2024-09
B02892,P081,Gummy candy bag 50g,Candy,Primary,Molina Artisan Sweets,2024-10-12,2025-08-08,48,bag 50g,Sold Out,48.0,0.0,0.0,24000,25.67,7200,7.7,Spring,Spring,2024-10
B02893,P081,Gummy candy bag 50g,Candy,Primary,Molina Artisan Sweets,2024-11-12,2025-09-08,57,bag 50g,Sold Out,57.0,0.0,0.0,28500,30.48,8550,9.14,Spring,Spring,2024-11
B02894,P081,Gummy candy bag 50g,Candy,Primary,Molina Artisan Sweets,2024-12-19,2025-10-15,68,bag 50g,Sold Out,68.0,0.0,0.0,34000,36.36,10200,10.91,Summer,Summer,2024-12
B02895,P081,Gummy candy bag 50g,Candy,Primary,Molina Artisan Sweets,2025-01-19,2025-11-15,47,bag 50g,Partial Loss,44.74,2.26,4.8,22370,23.93,5920,6.33,Summer,Summer,2025-01
B02896,P081,Gummy candy bag 50g,Candy,Primary,Molina Artisan Sweets,2025-02-28,2025-12-25,59,bag 50g,Sold Out,59.0,0.0,0.0,29500,31.55,8850,9.47,Summer,Summer,2025-02
B02897,P081,Gummy candy bag 50g,Candy,Primary,Molina Artisan Sweets,2025-04-03,2026-01-28,58,bag 50g,Sold Out,58.0,0.0,0.0,29000,31.02,8700,9.3,Autumn,Autumn,2025-04
B02898,P081,Gummy candy bag 50g,Candy,Primary,Molina Artisan Sweets,2025-05-09,2026-03-05,59,bag 50g,Partial Loss,55.75,3.25,5.5,27875,29.81,7225,7.73,Autumn,Autumn,2025-05
B02899,P081,Gummy candy bag 50g,Candy,Primary,Molina Artisan Sweets,2025-06-23,2026-04-19,61,bag 50g,Sold Out,61.0,0.0,0.0,30500,32.62,9150,9.79,Winter,Winter,2025-06
B02900,P082,Sour gummy bag 100g,Candy,Primary,Molina Artisan Sweets,2023-07-28,2024-05-23,46,bag 100g,Sold Out,46.0,0.0,0.0,46000,49.2,13800,14.76,Winter,Winter,2023-07
B02901,P082,Sour gummy bag 100g,Candy,Primary,Molina Artisan Sweets,2023-09-03,2024-06-29,61,bag 100g,Sold Out,61.0,0.0,0.0,61000,65.24,18300,19.57,Spring,Spring,2023-09
B02902,P082,Sour gummy bag 100g,Candy,Primary,Molina Artisan Sweets,2023-10-03,2024-07-29,51,bag 100g,Partial Loss,49.47,1.53,3.0,49470,52.91,13770,14.73,Spring,Spring,2023-10
B02903,P082,Sour gummy bag 100g,Candy,Primary,Molina Artisan Sweets,2023-10-29,2024-08-24,43,bag 100g,Sold Out,43.0,0.0,0.0,43000,45.99,12900,13.8,Spring,Spring,2023-10
B02904,P082,Sour gummy bag 100g,Candy,Primary,Molina Artisan Sweets,2023-11-29,2024-09-24,55,bag 100g,Sold Out,55.0,0.0,0.0,55000,58.82,16500,17.65,Spring,Spring,2023-11
B02905,P082,Sour gummy bag 100g,Candy,Backup,Dulces La Estrella,2024-01-07,2024-11-02,48,bag 100g,Partial Loss,46.42,1.58,3.3,46420,49.65,12820,13.71,Summer,Summer,2024-01
B02906,P082,Sour gummy bag 100g,Candy,Primary,Molina Artisan Sweets,2024-02-06,2024-12-02,46,bag 100g,Sold Out,46.0,0.0,0.0,46000,49.2,13800,14.76,Summer,Summer,2024-02
B02907,P082,Sour gummy bag 100g,Candy,Primary,Molina Artisan Sweets,2024-03-10,2025-01-04,47,bag 100g,Partial Loss,45.5,1.5,3.2,45500,48.66,12600,13.48,Autumn,Autumn,2024-03
B02908,P082,Sour gummy bag 100g,Candy,Primary,Molina Artisan Sweets,2024-04-02,2025-01-27,56,bag 100g,Partial Loss,55.1,0.9,1.6,55100,58.93,15900,17.01,Autumn,Autumn,2024-04
B02909,P082,Sour gummy bag 100g,Candy,Primary,Molina Artisan Sweets,2024-05-13,2025-03-09,45,bag 100g,Partial Loss,43.7,1.31,2.9,43700,46.74,12200,13.05,Autumn,Autumn,2024-05
B02910,P082,Sour gummy bag 100g,Candy,Primary,Molina Artisan Sweets,2024-06-19,2025-04-15,50,bag 100g,Partial Loss,49.3,0.7,1.4,49300,52.73,14300,15.29,Winter,Winter,2024-06
B02911,P082,Sour gummy bag 100g,Candy,Primary,Molina Artisan Sweets,2024-07-14,2025-05-10,56,bag 100g,Sold Out,56.0,0.0,0.0,56000,59.89,16800,17.97,Winter,Winter,2024-07
B02912,P082,Sour gummy bag 100g,Candy,Primary,Molina Artisan Sweets,2024-08-24,2025-06-20,53,bag 100g,Sold Out,53.0,0.0,0.0,53000,56.68,15900,17.01,Winter,Winter,2024-08
B02913,P082,Sour gummy bag 100g,Candy,Primary,Molina Artisan Sweets,2024-09-24,2025-07-21,62,bag 100g,Sold Out,62.0,0.0,0.0,62000,66.31,18600,19.89,Spring,Spring,2024-09
B02914,P082,Sour gummy bag 100g,Candy,Primary,Molina Artisan Sweets,2024-10-29,2025-08-25,52,bag 100g,Sold Out,52.0,0.0,0.0,52000,55.61,15600,16.68,Spring,Spring,2024-10
B02915,P082,Sour gummy bag 100g,Candy,Primary,Molina Artisan Sweets,2024-12-02,2025-09-28,72,bag 100g,Sold Out,72.0,0.0,0.0,72000,77.01,21600,23.1,Summer,Summer,2024-12
B02916,P082,Sour gummy bag 100g,Candy,Primary,Molina Artisan Sweets,2025-01-03,2025-10-30,56,bag 100g,Sold Out,56.0,0.0,0.0,56000,59.89,16800,17.97,Summer,Summer,2025-01
B02917,P082,Sour gummy bag 100g,Candy,Primary,Molina Artisan Sweets,2025-02-02,2025-11-29,62,bag 100g,Partial Loss,57.85,4.15,6.7,57850,61.87,14450,15.45,Summer,Summer,2025-02
B02918,P082,Sour gummy bag 100g,Candy,Primary,Molina Artisan Sweets,2025-03-12,2026-01-06,52,bag 100g,Sold Out,52.0,0.0,0.0,52000,55.61,15600,16.68,Autumn,Autumn,2025-03
B02919,P082,Sour gummy bag 100g,Candy,Backup,Dulces La Estrella,2025-04-25,2026-02-19,46,bag 100g,Partial Loss,44.67,1.33,2.9,44670,47.78,12470,13.34,Autumn,Autumn,2025-04
B02920,P082,Sour gummy bag 100g,Candy,Primary,Molina Artisan Sweets,2025-05-26,2026-03-22,52,bag 100g,Sold Out,52.0,0.0,0.0,52000,55.61,15600,16.68,Autumn,Autumn,2025-05
B02921,P083,Wine gums bag 50g,Candy,Primary,Molina Artisan Sweets,2023-07-20,2024-05-15,46,bag 50g,Sold Out,46.0,0.0,0.0,23000,24.6,6900,7.38,Winter,Winter,2023-07
B02922,P083,Wine gums bag 50g,Candy,Primary,Molina Artisan Sweets,2023-08-21,2024-06-16,56,bag 50g,Sold Out,56.0,0.0,0.0,28000,29.95,8400,8.98,Winter,Winter,2023-08
B02923,P083,Wine gums bag 50g,Candy,Primary,Molina Artisan Sweets,2023-09-28,2024-07-24,57,bag 50g,Sold Out,57.0,0.0,0.0,28500,30.48,8550,9.14,Spring,Spring,2023-09
B02924,P083,Wine gums bag 50g,Candy,Primary,Molina Artisan Sweets,2023-10-22,2024-08-17,55,bag 50g,Sold Out,55.0,0.0,0.0,27500,29.41,8250,8.82,Spring,Spring,2023-10
B02925,P083,Wine gums bag 50g,Candy,Primary,Molina Artisan Sweets,2023-11-30,2024-09-25,47,bag 50g,Sold Out,47.0,0.0,0.0,23500,25.13,7050,7.54,Spring,Spring,2023-11
B02926,P083,Wine gums bag 50g,Candy,Primary,Molina Artisan Sweets,2024-01-08,2024-11-03,55,bag 50g,Partial Loss,53.24,1.76,3.2,26620,28.47,7370,7.88,Summer,Summer,2024-01
B02927,P083,Wine gums bag 50g,Candy,Primary,Molina Artisan Sweets,2024-02-14,2024-12-10,49,bag 50g,Partial Loss,47.73,1.27,2.6,23865,25.52,6715,7.18,Summer,Summer,2024-02
B02928,P083,Wine gums bag 50g,Candy,Primary,Molina Artisan Sweets,2024-03-29,2025-01-23,53,bag 50g,Sold Out,53.0,0.0,0.0,26500,28.34,7950,8.5,Autumn,Autumn,2024-03
B02929,P083,Wine gums bag 50g,Candy,Primary,Molina Artisan Sweets,2024-04-24,2025-02-18,46,bag 50g,Sold Out,46.0,0.0,0.0,23000,24.6,6900,7.38,Autumn,Autumn,2024-04
B02930,P083,Wine gums bag 50g,Candy,Primary,Molina Artisan Sweets,2024-06-04,2025-03-31,51,bag 50g,Sold Out,51.0,0.0,0.0,25500,27.27,7650,8.18,Winter,Winter,2024-06
B02931,P083,Wine gums bag 50g,Candy,Primary,Molina Artisan Sweets,2024-07-09,2025-05-05,48,bag 50g,Sold Out,48.0,0.0,0.0,24000,25.67,7200,7.7,Winter,Winter,2024-07
B02932,P083,Wine gums bag 50g,Candy,Primary,Molina Artisan Sweets,2024-08-06,2025-06-02,57,bag 50g,Partial Loss,54.43,2.56,4.5,27215,29.11,7265,7.77,Winter,Winter,2024-08
B02933,P083,Wine gums bag 50g,Candy,Primary,Molina Artisan Sweets,2024-09-09,2025-07-06,61,bag 50g,Sold Out,61.0,0.0,0.0,30500,32.62,9150,9.79,Spring,Spring,2024-09
B02934,P083,Wine gums bag 50g,Candy,Primary,Molina Artisan Sweets,2024-10-10,2025-08-06,49,bag 50g,Sold Out,49.0,0.0,0.0,24500,26.2,7350,7.86,Spring,Spring,2024-10
B02935,P083,Wine gums bag 50g,Candy,Primary,Molina Artisan Sweets,2024-11-16,2025-09-12,50,bag 50g,Partial Loss,48.95,1.05,2.1,24475,26.18,6975,7.46,Spring,Spring,2024-11
B02936,P083,Wine gums bag 50g,Candy,Primary,Molina Artisan Sweets,2025-01-06,2025-11-02,47,bag 50g,Partial Loss,45.78,1.22,2.6,22890,24.48,6440,6.89,Summer,Summer,2025-01
B02937,P083,Wine gums bag 50g,Candy,Primary,Molina Artisan Sweets,2025-02-07,2025-12-04,53,bag 50g,Sold Out,53.0,0.0,0.0,26500,28.34,7950,8.5,Summer,Summer,2025-02
B02938,P083,Wine gums bag 50g,Candy,Primary,Molina Artisan Sweets,2025-03-17,2026-01-11,51,bag 50g,Partial Loss,49.21,1.79,3.5,24605,26.32,6755,7.22,Autumn,Autumn,2025-03
B02939,P083,Wine gums bag 50g,Candy,Primary,Molina Artisan Sweets,2025-04-16,2026-02-10,62,bag 50g,Sold Out,62.0,0.0,0.0,31000,33.16,9300,9.95,Autumn,Autumn,2025-04
B02940,P083,Wine gums bag 50g,Candy,Primary,Molina Artisan Sweets,2025-05-19,2026-03-15,48,bag 50g,Partial Loss,46.03,1.97,4.1,23015,24.61,6215,6.65,Autumn,Autumn,2025-05
B02941,P083,Wine gums bag 50g,Candy,Primary,Molina Artisan Sweets,2025-06-16,2026-04-12,59,bag 50g,Sold Out,59.0,0.0,0.0,29500,31.55,8850,9.47,Winter,Winter,2025-06
B02942,P084,Chocolate-coated raisins bag 100g,Candy,Primary,Molina Artisan Sweets,2023-07-01,2024-04-26,78,bag 100g,Sold Out,78.0,0.0,0.0,78000,83.42,23400,25.03,Winter,Winter,2023-07
B02943,P084,Chocolate-coated raisins bag 100g,Candy,Primary,Molina Artisan Sweets,2023-07-29,2024-05-24,73,bag 100g,Partial Loss,71.25,1.75,2.4,71250,76.2,20150,21.55,Winter,Winter,2023-07
B02944,P084,Chocolate-coated raisins bag 100g,Candy,Backup,Dulces La Estrella,2023-09-03,2024-06-29,106,bag 100g,Sold Out,106.0,0.0,0.0,106000,113.37,31800,34.01,Spring,Spring,2023-09
B02945,P084,Chocolate-coated raisins bag 100g,Candy,Primary,Molina Artisan Sweets,2023-10-02,2024-07-28,32,bag 100g,Partial Loss,29.79,2.21,6.9,29790,31.86,7390,7.9,Spring,Spring,2023-10
B02946,P084,Chocolate-coated raisins bag 100g,Candy,Primary,Molina Artisan Sweets,2023-11-02,2024-08-28,26,bag 100g,Partial Loss,24.6,1.4,5.4,24600,26.31,6400,6.84,Spring,Spring,2023-11
B02947,P084,Chocolate-coated raisins bag 100g,Candy,Primary,Molina Artisan Sweets,2023-12-06,2024-10-01,33,bag 100g,Partial Loss,32.11,0.89,2.7,32110,34.34,9010,9.64,Summer,Summer,2023-12
B02948,P084,Chocolate-coated raisins bag 100g,Candy,Primary,Molina Artisan Sweets,2024-01-08,2024-11-03,34,bag 100g,Sold Out,34.0,0.0,0.0,34000,36.36,10200,10.91,Summer,Summer,2024-01
B02949,P084,Chocolate-coated raisins bag 100g,Candy,Primary,Molina Artisan Sweets,2024-02-21,2024-12-17,26,bag 100g,Partial Loss,24.8,1.2,4.6,24800,26.52,6600,7.06,Summer,Summer,2024-02
B02950,P084,Chocolate-coated raisins bag 100g,Candy,Primary,Molina Artisan Sweets,2024-03-22,2025-01-16,28,bag 100g,Partial Loss,26.6,1.4,5.0,26600,28.45,7000,7.49,Autumn,Autumn,2024-03
B02951,P084,Chocolate-coated raisins bag 100g,Candy,Primary,Molina Artisan Sweets,2024-04-21,2025-02-15,73,bag 100g,Sold Out,73.0,0.0,0.0,73000,78.07,21900,23.42,Autumn,Autumn,2024-04
B02952,P084,Chocolate-coated raisins bag 100g,Candy,Primary,Molina Artisan Sweets,2024-05-26,2025-03-22,86,bag 100g,Partial Loss,83.16,2.84,3.3,83160,88.94,22960,24.56,Autumn,Autumn,2024-05
B02953,P084,Chocolate-coated raisins bag 100g,Candy,Primary,Molina Artisan Sweets,2024-06-22,2025-04-18,70,bag 100g,Partial Loss,67.83,2.17,3.1,67830,72.55,18830,20.14,Winter,Winter,2024-06
B02954,P084,Chocolate-coated raisins bag 100g,Candy,Primary,Molina Artisan Sweets,2024-07-31,2025-05-27,70,bag 100g,Sold Out,70.0,0.0,0.0,70000,74.87,21000,22.46,Winter,Winter,2024-07
B02955,P084,Chocolate-coated raisins bag 100g,Candy,Primary,Molina Artisan Sweets,2024-09-08,2025-07-05,98,bag 100g,Partial Loss,95.26,2.74,2.8,95260,101.88,26660,28.51,Spring,Spring,2024-09
B02956,P084,Chocolate-coated raisins bag 100g,Candy,Primary,Molina Artisan Sweets,2024-10-13,2025-08-09,33,bag 100g,Partial Loss,31.71,1.29,3.9,31710,33.91,8610,9.21,Spring,Spring,2024-10
B02957,P084,Chocolate-coated raisins bag 100g,Candy,Backup,Dulces La Estrella,2024-11-22,2025-09-18,33,bag 100g,Partial Loss,30.86,2.15,6.5,30860,33.01,7760,8.3,Spring,Spring,2024-11
B02958,P084,Chocolate-coated raisins bag 100g,Candy,Primary,Molina Artisan Sweets,2024-12-20,2025-10-16,44,bag 100g,Sold Out,44.0,0.0,0.0,44000,47.06,13200,14.12,Summer,Summer,2024-12
B02959,P084,Chocolate-coated raisins bag 100g,Candy,Primary,Molina Artisan Sweets,2025-01-23,2025-11-19,29,bag 100g,Sold Out,29.0,0.0,0.0,29000,31.02,8700,9.3,Summer,Summer,2025-01
B02960,P084,Chocolate-coated raisins bag 100g,Candy,Primary,Molina Artisan Sweets,2025-02-21,2025-12-18,32,bag 100g,Partial Loss,29.79,2.21,6.9,29790,31.86,7390,7.9,Summer,Summer,2025-02
B02961,P084,Chocolate-coated raisins bag 100g,Candy,Primary,Molina Artisan Sweets,2025-03-24,2026-01-18,35,bag 100g,Partial Loss,33.63,1.36,3.9,33630,35.97,9130,9.76,Autumn,Autumn,2025-03
B02962,P084,Chocolate-coated raisins bag 100g,Candy,Primary,Molina Artisan Sweets,2025-05-02,2026-02-26,91,bag 100g,Partial Loss,88.72,2.27,2.5,88720,94.89,25020,26.76,Autumn,Autumn,2025-05
B02963,P084,Chocolate-coated raisins bag 100g,Candy,Primary,Molina Artisan Sweets,2025-05-23,2026-03-19,96,bag 100g,Sold Out,96.0,0.0,0.0,96000,102.67,28800,30.8,Autumn,Autumn,2025-05
B02964,P085,Chocolate-coated peanuts bag 100g,Candy,Backup,Dulces La Estrella,2023-07-08,2024-05-03,81,bag 100g,Partial Loss,77.03,3.97,4.9,77030,82.39,20330,21.74,Winter,Winter,2023-07
B02965,P085,Chocolate-coated peanuts bag 100g,Candy,Primary,Molina Artisan Sweets,2023-08-14,2024-06-09,83,bag 100g,Sold Out,83.0,0.0,0.0,83000,88.77,24900,26.63,Winter,Winter,2023-08
B02966,P085,Chocolate-coated peanuts bag 100g,Candy,Primary,Molina Artisan Sweets,2023-09-24,2024-07-20,88,bag 100g,Sold Out,88.0,0.0,0.0,88000,94.12,26400,28.24,Spring,Spring,2023-09
B02967,P085,Chocolate-coated peanuts bag 100g,Candy,Primary,Molina Artisan Sweets,2023-10-31,2024-08-26,31,bag 100g,Partial Loss,29.85,1.15,3.7,29850,31.93,8150,8.72,Spring,Spring,2023-10
B02968,P085,Chocolate-coated peanuts bag 100g,Candy,Primary,Molina Artisan Sweets,2023-11-30,2024-09-25,32,bag 100g,Sold Out,32.0,0.0,0.0,32000,34.22,9600,10.27,Spring,Spring,2023-11
B02969,P085,Chocolate-coated peanuts bag 100g,Candy,Primary,Molina Artisan Sweets,2024-01-04,2024-10-30,31,bag 100g,Partial Loss,30.07,0.93,3.0,30070,32.16,8370,8.95,Summer,Summer,2024-01
B02970,P085,Chocolate-coated peanuts bag 100g,Candy,Primary,Molina Artisan Sweets,2024-02-05,2024-12-01,28,bag 100g,Partial Loss,26.26,1.74,6.2,26260,28.09,6660,7.12,Summer,Summer,2024-02
B02971,P085,Chocolate-coated peanuts bag 100g,Candy,Primary,Molina Artisan Sweets,2024-03-10,2025-01-04,26,bag 100g,Sold Out,26.0,0.0,0.0,26000,27.81,7800,8.34,Autumn,Autumn,2024-03
B02972,P085,Chocolate-coated peanuts bag 100g,Candy,Primary,Molina Artisan Sweets,2024-04-08,2025-02-02,82,bag 100g,Sold Out,82.0,0.0,0.0,82000,87.7,24600,26.31,Autumn,Autumn,2024-04
B02973,P085,Chocolate-coated peanuts bag 100g,Candy,Primary,Molina Artisan Sweets,2024-05-13,2025-03-09,82,bag 100g,Partial Loss,78.47,3.53,4.3,78470,83.93,21070,22.53,Autumn,Autumn,2024-05
B02974,P085,Chocolate-coated peanuts bag 100g,Candy,Primary,Molina Artisan Sweets,2024-06-23,2025-04-19,72,bag 100g,Sold Out,72.0,0.0,0.0,72000,77.01,21600,23.1,Winter,Winter,2024-06
B02975,P085,Chocolate-coated peanuts bag 100g,Candy,Primary,Molina Artisan Sweets,2024-07-26,2025-05-22,89,bag 100g,Sold Out,89.0,0.0,0.0,89000,95.19,26700,28.56,Winter,Winter,2024-07
B02976,P085,Chocolate-coated peanuts bag 100g,Candy,Primary,Molina Artisan Sweets,2024-08-20,2025-06-16,71,bag 100g,Sold Out,71.0,0.0,0.0,71000,75.94,21300,22.78,Winter,Winter,2024-08
B02977,P085,Chocolate-coated peanuts bag 100g,Candy,Primary,Molina Artisan Sweets,2024-09-21,2025-07-18,98,bag 100g,Partial Loss,97.12,0.88,0.9,97120,103.87,28520,30.5,Spring,Spring,2024-09
B02978,P085,Chocolate-coated peanuts bag 100g,Candy,Primary,Molina Artisan Sweets,2024-10-27,2025-08-23,31,bag 100g,Partial Loss,30.1,0.9,2.9,30100,32.19,8400,8.98,Spring,Spring,2024-10
B02979,P085,Chocolate-coated peanuts bag 100g,Candy,Primary,Molina Artisan Sweets,2024-12-02,2025-09-28,36,bag 100g,Sold Out,36.0,0.0,0.0,36000,38.5,10800,11.55,Summer,Summer,2024-12
B02980,P085,Chocolate-coated peanuts bag 100g,Candy,Primary,Molina Artisan Sweets,2025-01-09,2025-11-05,33,bag 100g,Partial Loss,32.08,0.92,2.8,32080,34.31,8980,9.6,Summer,Summer,2025-01
B02981,P085,Chocolate-coated peanuts bag 100g,Candy,Primary,Molina Artisan Sweets,2025-02-11,2025-12-08,29,bag 100g,Partial Loss,27.61,1.39,4.8,27610,29.53,7310,7.82,Summer,Summer,2025-02
B02982,P085,Chocolate-coated peanuts bag 100g,Candy,Primary,Molina Artisan Sweets,2025-03-21,2026-01-15,30,bag 100g,Partial Loss,28.32,1.68,5.6,28320,30.29,7320,7.83,Autumn,Autumn,2025-03
B02983,P085,Chocolate-coated peanuts bag 100g,Candy,Primary,Molina Artisan Sweets,2025-04-17,2026-02-11,75,bag 100g,Sold Out,75.0,0.0,0.0,75000,80.21,22500,24.06,Autumn,Autumn,2025-04
B02984,P085,Chocolate-coated peanuts bag 100g,Candy,Primary,Molina Artisan Sweets,2025-06-01,2026-03-28,78,bag 100g,Sold Out,78.0,0.0,0.0,78000,83.42,23400,25.03,Winter,Winter,2025-06
B02985,P086,Toffee caramels bag 100g,Candy,Primary,Molina Artisan Sweets,2023-07-18,2024-05-13,53,bag 100g,Partial Loss,51.94,1.06,2.0,51940,55.55,17490,18.71,Winter,Winter,2023-07
B02986,P086,Toffee caramels bag 100g,Candy,Primary,Molina Artisan Sweets,2023-08-28,2024-06-23,56,bag 100g,Partial Loss,54.43,1.57,2.8,54430,58.21,18030,19.28,Winter,Winter,2023-08
B02987,P086,Toffee caramels bag 100g,Candy,Primary,Molina Artisan Sweets,2023-10-07,2024-08-02,45,bag 100g,Partial Loss,43.02,1.98,4.4,43020,46.01,13770,14.73,Spring,Spring,2023-10
B02988,P086,Toffee caramels bag 100g,Candy,Primary,Molina Artisan Sweets,2023-11-09,2024-09-04,55,bag 100g,Sold Out,55.0,0.0,0.0,55000,58.82,19250,20.59,Spring,Spring,2023-11
B02989,P086,Toffee caramels bag 100g,Candy,Primary,Molina Artisan Sweets,2023-12-09,2024-10-04,59,bag 100g,Sold Out,59.0,0.0,0.0,59000,63.1,20650,22.09,Summer,Summer,2023-12
B02990,P086,Toffee caramels bag 100g,Candy,Primary,Molina Artisan Sweets,2024-01-21,2024-11-16,51,bag 100g,Partial Loss,49.52,1.48,2.9,49520,52.96,16370,17.51,Summer,Summer,2024-01
B02991,P086,Toffee caramels bag 100g,Candy,Primary,Molina Artisan Sweets,2024-02-28,2024-12-24,54,bag 100g,Partial Loss,51.41,2.59,4.8,51410,54.98,16310,17.44,Summer,Summer,2024-02
B02992,P086,Toffee caramels bag 100g,Candy,Backup,Dulces La Estrella,2024-03-30,2025-01-24,56,bag 100g,Sold Out,56.0,0.0,0.0,56000,59.89,16800,17.97,Autumn,Autumn,2024-03
B02993,P086,Toffee caramels bag 100g,Candy,Primary,Molina Artisan Sweets,2024-05-01,2025-02-25,55,bag 100g,Sold Out,55.0,0.0,0.0,55000,58.82,19250,20.59,Autumn,Autumn,2024-05
B02994,P086,Toffee caramels bag 100g,Candy,Backup,Dulces La Estrella,2024-05-24,2025-03-20,49,bag 100g,Sold Out,49.0,0.0,0.0,49000,52.41,14700,15.72,Autumn,Autumn,2024-05
B02995,P086,Toffee caramels bag 100g,Candy,Primary,Molina Artisan Sweets,2024-07-03,2025-04-29,52,bag 100g,Sold Out,52.0,0.0,0.0,52000,55.61,18200,19.47,Winter,Winter,2024-07
B02996,P086,Toffee caramels bag 100g,Candy,Backup,Dulces La Estrella,2024-08-12,2025-06-08,49,bag 100g,Sold Out,49.0,0.0,0.0,49000,52.41,14700,15.72,Winter,Winter,2024-08
B02997,P086,Toffee caramels bag 100g,Candy,Primary,Molina Artisan Sweets,2024-09-09,2025-07-06,59,bag 100g,Partial Loss,57.58,1.42,2.4,57580,61.58,19230,20.57,Spring,Spring,2024-09
B02998,P086,Toffee caramels bag 100g,Candy,Primary,Molina Artisan Sweets,2024-10-15,2025-08-11,48,bag 100g,Sold Out,48.0,0.0,0.0,48000,51.34,16800,17.97,Spring,Spring,2024-10
B02999,P086,Toffee caramels bag 100g,Candy,Primary,Molina Artisan Sweets,2024-11-22,2025-09-18,51,bag 100g,Sold Out,51.0,0.0,0.0,51000,54.55,17850,19.09,Spring,Spring,2024-11
B03000,P086,Toffee caramels bag 100g,Candy,Primary,Molina Artisan Sweets,2024-12-24,2025-10-20,57,bag 100g,Sold Out,57.0,0.0,0.0,57000,60.96,19950,21.34,Summer,Summer,2024-12
B03001,P086,Toffee caramels bag 100g,Candy,Primary,Molina Artisan Sweets,2025-01-26,2025-11-22,48,bag 100g,Partial Loss,46.27,1.73,3.6,46270,49.49,15070,16.12,Summer,Summer,2025-01
B03002,P086,Toffee caramels bag 100g,Candy,Primary,Molina Artisan Sweets,2025-03-13,2026-01-07,47,bag 100g,Sold Out,47.0,0.0,0.0,47000,50.27,16450,17.59,Autumn,Autumn,2025-03
B03003,P086,Toffee caramels bag 100g,Candy,Backup,Dulces La Estrella,2025-04-17,2026-02-11,54,bag 100g,Partial Loss,52.22,1.78,3.3,52220,55.85,14420,15.42,Autumn,Autumn,2025-04
B03004,P086,Toffee caramels bag 100g,Candy,Primary,Molina Artisan Sweets,2025-05-20,2026-03-16,48,bag 100g,Partial Loss,46.94,1.06,2.2,46940,50.2,15740,16.83,Autumn,Autumn,2025-05
B03005,P086,Toffee caramels bag 100g,Candy,Primary,Molina Artisan Sweets,2025-06-22,2026-04-18,61,bag 100g,Partial Loss,57.58,3.42,5.6,57580,61.58,17930,19.18,Winter,Winter,2025-06
B03006,P087,Mint candy bag 50g,Candy,Primary,Molina Artisan Sweets,2023-07-15,2024-05-10,54,bag 50g,Sold Out,54.0,0.0,0.0,27000,28.88,8100,8.66,Winter,Winter,2023-07
B03007,P087,Mint candy bag 50g,Candy,Primary,Molina Artisan Sweets,2023-08-24,2024-06-19,53,bag 50g,Partial Loss,51.52,1.48,2.8,25760,27.55,7210,7.71,Winter,Winter,2023-08
B03008,P087,Mint candy bag 50g,Candy,Primary,Molina Artisan Sweets,2023-10-03,2024-07-29,56,bag 50g,Partial Loss,52.92,3.08,5.5,26460,28.3,6860,7.34,Spring,Spring,2023-10
B03009,P087,Mint candy bag 50g,Candy,Primary,Molina Artisan Sweets,2023-11-03,2024-08-29,49,bag 50g,Sold Out,49.0,0.0,0.0,24500,26.2,7350,7.86,Spring,Spring,2023-11
B03010,P087,Mint candy bag 50g,Candy,Primary,Molina Artisan Sweets,2023-12-05,2024-09-30,61,bag 50g,Sold Out,61.0,0.0,0.0,30500,32.62,9150,9.79,Summer,Summer,2023-12
B03011,P087,Mint candy bag 50g,Candy,Primary,Molina Artisan Sweets,2024-01-02,2024-10-28,45,bag 50g,Sold Out,45.0,0.0,0.0,22500,24.06,6750,7.22,Summer,Summer,2024-01
B03012,P087,Mint candy bag 50g,Candy,Primary,Molina Artisan Sweets,2024-01-26,2024-11-21,48,bag 50g,Partial Loss,46.03,1.97,4.1,23015,24.61,6215,6.65,Summer,Summer,2024-01
B03013,P087,Mint candy bag 50g,Candy,Primary,Molina Artisan Sweets,2024-03-05,2024-12-30,52,bag 50g,Sold Out,52.0,0.0,0.0,26000,27.81,7800,8.34,Autumn,Autumn,2024-03
B03014,P087,Mint candy bag 50g,Candy,Primary,Molina Artisan Sweets,2024-04-08,2025-02-02,45,bag 50g,Sold Out,45.0,0.0,0.0,22500,24.06,6750,7.22,Autumn,Autumn,2024-04
B03015,P087,Mint candy bag 50g,Candy,Primary,Molina Artisan Sweets,2024-05-11,2025-03-07,49,bag 50g,Sold Out,49.0,0.0,0.0,24500,26.2,7350,7.86,Autumn,Autumn,2024-05
B03016,P087,Mint candy bag 50g,Candy,Primary,Molina Artisan Sweets,2024-06-24,2025-04-20,57,bag 50g,Partial Loss,56.71,0.29,0.5,28355,30.33,8405,8.99,Winter,Winter,2024-06
B03017,P087,Mint candy bag 50g,Candy,Primary,Molina Artisan Sweets,2024-07-29,2025-05-25,45,bag 50g,Sold Out,45.0,0.0,0.0,22500,24.06,6750,7.22,Winter,Winter,2024-07
B03018,P087,Mint candy bag 50g,Candy,Primary,Molina Artisan Sweets,2024-09-13,2025-07-10,68,bag 50g,Sold Out,68.0,0.0,0.0,34000,36.36,10200,10.91,Spring,Spring,2024-09
B03019,P087,Mint candy bag 50g,Candy,Backup,Dulces La Estrella,2024-10-10,2025-08-06,52,bag 50g,Sold Out,52.0,0.0,0.0,26000,27.81,7800,8.34,Spring,Spring,2024-10
B03020,P087,Mint candy bag 50g,Candy,Primary,Molina Artisan Sweets,2024-11-08,2025-09-04,50,bag 50g,Sold Out,50.0,0.0,0.0,25000,26.74,7500,8.02,Spring,Spring,2024-11
B03021,P087,Mint candy bag 50g,Candy,Primary,Molina Artisan Sweets,2024-12-17,2025-10-13,56,bag 50g,Sold Out,56.0,0.0,0.0,28000,29.95,8400,8.98,Summer,Summer,2024-12
B03022,P087,Mint candy bag 50g,Candy,Primary,Molina Artisan Sweets,2025-01-14,2025-11-10,50,bag 50g,Partial Loss,48.5,1.5,3.0,24250,25.94,6750,7.22,Summer,Summer,2025-01
B03023,P087,Mint candy bag 50g,Candy,Primary,Molina Artisan Sweets,2025-02-22,2025-12-19,57,bag 50g,Partial Loss,54.95,2.05,3.6,27475,29.39,7525,8.05,Summer,Summer,2025-02
B03024,P087,Mint candy bag 50g,Candy,Primary,Molina Artisan Sweets,2025-04-03,2026-01-28,58,bag 50g,Sold Out,58.0,0.0,0.0,29000,31.02,8700,9.3,Autumn,Autumn,2025-04
B03025,P087,Mint candy bag 50g,Candy,Primary,Molina Artisan Sweets,2025-05-04,2026-02-28,53,bag 50g,Sold Out,53.0,0.0,0.0,26500,28.34,7950,8.5,Autumn,Autumn,2025-05
B03026,P087,Mint candy bag 50g,Candy,Primary,Molina Artisan Sweets,2025-06-02,2026-03-29,55,bag 50g,Partial Loss,53.9,1.1,2.0,26950,28.82,7700,8.24,Winter,Winter,2025-06
B03027,P088,Licorice bag 100g,Candy,Backup,Dulces La Estrella,2023-07-11,2024-05-06,54,bag 100g,Sold Out,54.0,0.0,0.0,54000,57.75,13500,14.44,Winter,Winter,2023-07
B03028,P088,Licorice bag 100g,Candy,Primary,Molina Artisan Sweets,2023-08-14,2024-06-09,44,bag 100g,Sold Out,44.0,0.0,0.0,44000,47.06,15400,16.47,Winter,Winter,2023-08
B03029,P088,Licorice bag 100g,Candy,Primary,Molina Artisan Sweets,2023-09-19,2024-07-15,53,bag 100g,Sold Out,53.0,0.0,0.0,53000,56.68,18550,19.84,Spring,Spring,2023-09
B03030,P088,Licorice bag 100g,Candy,Primary,Molina Artisan Sweets,2023-10-28,2024-08-23,54,bag 100g,Sold Out,54.0,0.0,0.0,54000,57.75,18900,20.21,Spring,Spring,2023-10
B03031,P088,Licorice bag 100g,Candy,Primary,Molina Artisan Sweets,2023-11-27,2024-09-22,52,bag 100g,Sold Out,52.0,0.0,0.0,52000,55.61,18200,19.47,Spring,Spring,2023-11
B03032,P088,Licorice bag 100g,Candy,Backup,Dulces La Estrella,2024-01-02,2024-10-28,55,bag 100g,Partial Loss,54.12,0.88,1.6,54120,57.88,12870,13.76,Summer,Summer,2024-01
B03033,P088,Licorice bag 100g,Candy,Primary,Molina Artisan Sweets,2024-02-08,2024-12-04,48,bag 100g,Partial Loss,46.66,1.34,2.8,46660,49.9,15460,16.53,Summer,Summer,2024-02
B03034,P088,Licorice bag 100g,Candy,Backup,Dulces La Estrella,2024-03-09,2025-01-03,54,bag 100g,Partial Loss,52.76,1.24,2.3,52760,56.43,12260,13.11,Autumn,Autumn,2024-03
B03035,P088,Licorice bag 100g,Candy,Primary,Molina Artisan Sweets,2024-04-19,2025-02-13,57,bag 100g,Sold Out,57.0,0.0,0.0,57000,60.96,19950,21.34,Autumn,Autumn,2024-04
B03036,P088,Licorice bag 100g,Candy,Primary,Molina Artisan Sweets,2024-05-16,2025-03-12,52,bag 100g,Sold Out,52.0,0.0,0.0,52000,55.61,18200,19.47,Autumn,Autumn,2024-05
B03037,P088,Licorice bag 100g,Candy,Primary,Molina Artisan Sweets,2024-06-14,2025-04-10,51,bag 100g,Partial Loss,49.37,1.63,3.2,49370,52.8,16220,17.35,Winter,Winter,2024-06
B03038,P088,Licorice bag 100g,Candy,Primary,Molina Artisan Sweets,2024-07-23,2025-05-19,48,bag 100g,Partial Loss,47.23,0.77,1.6,47230,50.51,16030,17.14,Winter,Winter,2024-07
B03039,P088,Licorice bag 100g,Candy,Primary,Molina Artisan Sweets,2024-08-26,2025-06-22,51,bag 100g,Partial Loss,49.37,1.63,3.2,49370,52.8,16220,17.35,Winter,Winter,2024-08
B03040,P088,Licorice bag 100g,Candy,Primary,Molina Artisan Sweets,2024-10-02,2025-07-29,46,bag 100g,Partial Loss,44.57,1.43,3.1,44570,47.67,14670,15.69,Spring,Spring,2024-10
B03041,P088,Licorice bag 100g,Candy,Primary,Molina Artisan Sweets,2024-11-06,2025-09-02,44,bag 100g,Partial Loss,43.34,0.66,1.5,43340,46.35,14740,15.76,Spring,Spring,2024-11
B03042,P088,Licorice bag 100g,Candy,Primary,Molina Artisan Sweets,2024-12-09,2025-10-05,57,bag 100g,Sold Out,57.0,0.0,0.0,57000,60.96,19950,21.34,Summer,Summer,2024-12
B03043,P088,Licorice bag 100g,Candy,Primary,Molina Artisan Sweets,2025-01-02,2025-10-29,59,bag 100g,Sold Out,59.0,0.0,0.0,59000,63.1,20650,22.09,Summer,Summer,2025-01
B03044,P088,Licorice bag 100g,Candy,Primary,Molina Artisan Sweets,2025-02-07,2025-12-04,51,bag 100g,Sold Out,51.0,0.0,0.0,51000,54.55,17850,19.09,Summer,Summer,2025-02
B03045,P088,Licorice bag 100g,Candy,Primary,Molina Artisan Sweets,2025-03-16,2026-01-10,51,bag 100g,Sold Out,51.0,0.0,0.0,51000,54.55,17850,19.09,Autumn,Autumn,2025-03
B03046,P088,Licorice bag 100g,Candy,Primary,Molina Artisan Sweets,2025-04-23,2026-02-17,51,bag 100g,Partial Loss,49.21,1.79,3.5,49210,52.63,16060,17.18,Autumn,Autumn,2025-04
B03047,P088,Licorice bag 100g,Candy,Primary,Molina Artisan Sweets,2025-05-15,2026-03-11,59,bag 100g,Sold Out,59.0,0.0,0.0,59000,63.1,20650,22.09,Autumn,Autumn,2025-05
B03048,P088,Licorice bag 100g,Candy,Backup,Dulces La Estrella,2025-06-17,2026-04-13,61,bag 100g,Partial Loss,59.6,1.4,2.3,59600,63.74,13850,14.81,Winter,Winter,2025-06
B03049,P089,Mixed hard candy bag 50g,Candy,Primary,Molina Artisan Sweets,2023-07-21,2024-05-16,51,bag 50g,Partial Loss,49.47,1.53,3.0,24735,26.45,6885,7.36,Winter,Winter,2023-07
B03050,P089,Mixed hard candy bag 50g,Candy,Backup,Dulces La Estrella,2023-08-26,2024-06-21,45,bag 50g,Partial Loss,44.05,0.95,2.1,22025,23.56,6275,6.71,Winter,Winter,2023-08
B03051,P089,Mixed hard candy bag 50g,Candy,Primary,Molina Artisan Sweets,2023-09-28,2024-07-24,54,bag 50g,Sold Out,54.0,0.0,0.0,27000,28.88,8100,8.66,Spring,Spring,2023-09
B03052,P089,Mixed hard candy bag 50g,Candy,Backup,Dulces La Estrella,2023-11-05,2024-08-31,43,bag 50g,Sold Out,43.0,0.0,0.0,21500,22.99,6450,6.9,Spring,Spring,2023-11
B03053,P089,Mixed hard candy bag 50g,Candy,Primary,Molina Artisan Sweets,2023-12-14,2024-10-09,58,bag 50g,Sold Out,58.0,0.0,0.0,29000,31.02,8700,9.3,Summer,Summer,2023-12
B03054,P089,Mixed hard candy bag 50g,Candy,Backup,Dulces La Estrella,2024-01-14,2024-11-09,44,bag 50g,Sold Out,44.0,0.0,0.0,22000,23.53,6600,7.06,Summer,Summer,2024-01
B03055,P089,Mixed hard candy bag 50g,Candy,Primary,Molina Artisan Sweets,2024-02-18,2024-12-14,43,bag 50g,Partial Loss,41.97,1.03,2.4,20985,22.44,5935,6.35,Summer,Summer,2024-02
B03056,P089,Mixed hard candy bag 50g,Candy,Primary,Molina Artisan Sweets,2024-03-17,2025-01-11,46,bag 50g,Partial Loss,44.3,1.7,3.7,22150,23.69,6050,6.47,Autumn,Autumn,2024-03
B03057,P089,Mixed hard candy bag 50g,Candy,Primary,Molina Artisan Sweets,2024-04-18,2025-02-12,56,bag 50g,Sold Out,56.0,0.0,0.0,28000,29.95,8400,8.98,Autumn,Autumn,2024-04
B03058,P089,Mixed hard candy bag 50g,Candy,Primary,Molina Artisan Sweets,2024-05-25,2025-03-21,55,bag 50g,Sold Out,55.0,0.0,0.0,27500,29.41,8250,8.82,Autumn,Autumn,2024-05
B03059,P089,Mixed hard candy bag 50g,Candy,Primary,Molina Artisan Sweets,2024-07-08,2025-05-04,43,bag 50g,Sold Out,43.0,0.0,0.0,21500,22.99,6450,6.9,Winter,Winter,2024-07
B03060,P089,Mixed hard candy bag 50g,Candy,Backup,Dulces La Estrella,2024-08-09,2025-06-05,52,bag 50g,Sold Out,52.0,0.0,0.0,26000,27.81,7800,8.34,Winter,Winter,2024-08
B03061,P089,Mixed hard candy bag 50g,Candy,Primary,Molina Artisan Sweets,2024-09-23,2025-07-20,63,bag 50g,Sold Out,63.0,0.0,0.0,31500,33.69,9450,10.11,Spring,Spring,2024-09
B03062,P089,Mixed hard candy bag 50g,Candy,Primary,Molina Artisan Sweets,2024-10-27,2025-08-23,54,bag 50g,Sold Out,54.0,0.0,0.0,27000,28.88,8100,8.66,Spring,Spring,2024-10
B03063,P089,Mixed hard candy bag 50g,Candy,Primary,Molina Artisan Sweets,2024-12-04,2025-09-30,57,bag 50g,Sold Out,57.0,0.0,0.0,28500,30.48,8550,9.14,Summer,Summer,2024-12
B03064,P089,Mixed hard candy bag 50g,Candy,Primary,Molina Artisan Sweets,2025-01-03,2025-10-30,59,bag 50g,Sold Out,59.0,0.0,0.0,29500,31.55,8850,9.47,Summer,Summer,2025-01
B03065,P089,Mixed hard candy bag 50g,Candy,Primary,Molina Artisan Sweets,2025-02-15,2025-12-12,46,bag 50g,Sold Out,46.0,0.0,0.0,23000,24.6,6900,7.38,Summer,Summer,2025-02
B03066,P089,Mixed hard candy bag 50g,Candy,Primary,Molina Artisan Sweets,2025-03-19,2026-01-13,53,bag 50g,Partial Loss,51.3,1.7,3.2,25650,27.43,7100,7.59,Autumn,Autumn,2025-03
B03067,P089,Mixed hard candy bag 50g,Candy,Primary,Molina Artisan Sweets,2025-04-27,2026-02-21,57,bag 50g,Partial Loss,56.26,0.74,1.3,28130,30.09,8180,8.75,Autumn,Autumn,2025-04
B03068,P089,Mixed hard candy bag 50g,Candy,Primary,Molina Artisan Sweets,2025-05-30,2026-03-26,52,bag 50g,Sold Out,52.0,0.0,0.0,26000,27.81,7800,8.34,Autumn,Autumn,2025-05
B03069,P090,Coconut candy bag 100g,Candy,Primary,Molina Artisan Sweets,2023-07-02,2024-04-27,56,bag 100g,Sold Out,56.0,0.0,0.0,56000,59.89,19600,20.96,Winter,Winter,2023-07
B03070,P090,Coconut candy bag 100g,Candy,Primary,Molina Artisan Sweets,2023-08-10,2024-06-05,53,bag 100g,Partial Loss,51.14,1.86,3.5,51140,54.7,16690,17.85,Winter,Winter,2023-08
B03071,P090,Coconut candy bag 100g,Candy,Primary,Molina Artisan Sweets,2023-09-23,2024-07-19,55,bag 100g,Sold Out,55.0,0.0,0.0,55000,58.82,19250,20.59,Spring,Spring,2023-09
B03072,P090,Coconut candy bag 100g,Candy,Primary,Molina Artisan Sweets,2023-10-21,2024-08-16,52,bag 100g,Sold Out,52.0,0.0,0.0,52000,55.61,18200,19.47,Spring,Spring,2023-10
B03073,P090,Coconut candy bag 100g,Candy,Primary,Molina Artisan Sweets,2023-11-22,2024-09-17,54,bag 100g,Sold Out,54.0,0.0,0.0,54000,57.75,18900,20.21,Spring,Spring,2023-11
B03074,P090,Coconut candy bag 100g,Candy,Primary,Molina Artisan Sweets,2023-12-26,2024-10-21,57,bag 100g,Partial Loss,55.35,1.65,2.9,55350,59.2,18300,19.57,Summer,Summer,2023-12
B03075,P090,Coconut candy bag 100g,Candy,Primary,Molina Artisan Sweets,2024-02-02,2024-11-28,57,bag 100g,Partial Loss,55.92,1.08,1.9,55920,59.81,18870,20.18,Summer,Summer,2024-02
B03076,P090,Coconut candy bag 100g,Candy,Primary,Molina Artisan Sweets,2024-03-10,2025-01-04,53,bag 100g,Partial Loss,50.09,2.92,5.5,50090,53.57,15640,16.73,Autumn,Autumn,2024-03
B03077,P090,Coconut candy bag 100g,Candy,Primary,Molina Artisan Sweets,2024-04-21,2025-02-15,48,bag 100g,Sold Out,48.0,0.0,0.0,48000,51.34,16800,17.97,Autumn,Autumn,2024-04
B03078,P090,Coconut candy bag 100g,Candy,Primary,Molina Artisan Sweets,2024-05-20,2025-03-16,51,bag 100g,Partial Loss,49.62,1.38,2.7,49620,53.07,16470,17.61,Autumn,Autumn,2024-05
B03079,P090,Coconut candy bag 100g,Candy,Primary,Molina Artisan Sweets,2024-06-18,2025-04-14,54,bag 100g,Partial Loss,53.14,0.86,1.6,53140,56.83,18040,19.29,Winter,Winter,2024-06
B03080,P090,Coconut candy bag 100g,Candy,Primary,Molina Artisan Sweets,2024-07-23,2025-05-19,52,bag 100g,Partial Loss,49.61,2.39,4.6,49610,53.06,15810,16.91,Winter,Winter,2024-07
B03081,P090,Coconut candy bag 100g,Candy,Primary,Molina Artisan Sweets,2024-08-24,2025-06-20,43,bag 100g,Partial Loss,40.81,2.19,5.1,40810,43.65,12860,13.75,Winter,Winter,2024-08
B03082,P090,Coconut candy bag 100g,Candy,Primary,Molina Artisan Sweets,2024-10-01,2025-07-28,54,bag 100g,Sold Out,54.0,0.0,0.0,54000,57.75,18900,20.21,Spring,Spring,2024-10
B03083,P090,Coconut candy bag 100g,Candy,Primary,Molina Artisan Sweets,2024-10-28,2025-08-24,55,bag 100g,Partial Loss,52.91,2.09,3.8,52910,56.59,17160,18.35,Spring,Spring,2024-10
B03084,P090,Coconut candy bag 100g,Candy,Primary,Molina Artisan Sweets,2024-11-28,2025-09-24,49,bag 100g,Partial Loss,47.68,1.32,2.7,47680,50.99,15830,16.93,Spring,Spring,2024-11
B03085,P090,Coconut candy bag 100g,Candy,Primary,Molina Artisan Sweets,2024-12-30,2025-10-26,62,bag 100g,Sold Out,62.0,0.0,0.0,62000,66.31,21700,23.21,Summer,Summer,2024-12
B03086,P090,Coconut candy bag 100g,Candy,Backup,Dulces La Estrella,2025-01-27,2025-11-23,48,bag 100g,Partial Loss,47.95,0.05,0.1,47950,51.28,11950,12.78,Summer,Summer,2025-01
B03087,P090,Coconut candy bag 100g,Candy,Primary,Molina Artisan Sweets,2025-03-08,2026-01-02,47,bag 100g,Sold Out,47.0,0.0,0.0,47000,50.27,16450,17.59,Autumn,Autumn,2025-03
B03088,P090,Coconut candy bag 100g,Candy,Primary,Molina Artisan Sweets,2025-04-16,2026-02-10,62,bag 100g,Sold Out,62.0,0.0,0.0,62000,66.31,21700,23.21,Autumn,Autumn,2025-04
B03089,P090,Coconut candy bag 100g,Candy,Primary,Molina Artisan Sweets,2025-05-24,2026-03-20,48,bag 100g,Partial Loss,46.18,1.82,3.8,46180,49.39,14980,16.02,Autumn,Autumn,2025-05
B03090,P091,Dulce de leche cookies bag 100g,Candy,Primary,Molina Artisan Sweets,2023-07-04,2024-04-29,49,bag 100g,Partial Loss,47.38,1.62,3.3,47380,50.67,13080,13.99,Winter,Winter,2023-07
B03091,P091,Dulce de leche cookies bag 100g,Candy,Primary,Molina Artisan Sweets,2023-08-09,2024-06-04,54,bag 100g,Sold Out,54.0,0.0,0.0,54000,57.75,16200,17.33,Winter,Winter,2023-08
B03092,P091,Dulce de leche cookies bag 100g,Candy,Primary,Molina Artisan Sweets,2023-09-09,2024-07-05,59,bag 100g,Sold Out,59.0,0.0,0.0,59000,63.1,17700,18.93,Spring,Spring,2023-09
B03093,P091,Dulce de leche cookies bag 100g,Candy,Primary,Molina Artisan Sweets,2023-10-11,2024-08-06,46,bag 100g,Sold Out,46.0,0.0,0.0,46000,49.2,13800,14.76,Spring,Spring,2023-10
B03094,P091,Dulce de leche cookies bag 100g,Candy,Backup,Dulces La Estrella,2023-11-12,2024-09-07,53,bag 100g,Partial Loss,51.36,1.64,3.1,51360,54.93,14260,15.25,Spring,Spring,2023-11
B03095,P091,Dulce de leche cookies bag 100g,Candy,Primary,Molina Artisan Sweets,2023-12-10,2024-10-05,68,bag 100g,Partial Loss,65.08,2.92,4.3,65080,69.6,17480,18.7,Summer,Summer,2023-12
B03096,P091,Dulce de leche cookies bag 100g,Candy,Primary,Molina Artisan Sweets,2024-01-15,2024-11-10,49,bag 100g,Partial Loss,48.31,0.69,1.4,48310,51.67,14010,14.98,Summer,Summer,2024-01
B03097,P091,Dulce de leche cookies bag 100g,Candy,Primary,Molina Artisan Sweets,2024-03-01,2024-12-26,53,bag 100g,Sold Out,53.0,0.0,0.0,53000,56.68,15900,17.01,Autumn,Autumn,2024-03
B03098,P091,Dulce de leche cookies bag 100g,Candy,Primary,Molina Artisan Sweets,2024-03-28,2025-01-22,55,bag 100g,Partial Loss,53.3,1.71,3.1,53300,57.01,14800,15.83,Autumn,Autumn,2024-03
B03099,P091,Dulce de leche cookies bag 100g,Candy,Primary,Molina Artisan Sweets,2024-05-05,2025-03-01,52,bag 100g,Sold Out,52.0,0.0,0.0,52000,55.61,15600,16.68,Autumn,Autumn,2024-05
B03100,P091,Dulce de leche cookies bag 100g,Candy,Primary,Molina Artisan Sweets,2024-06-07,2025-04-03,44,bag 100g,Partial Loss,41.71,2.29,5.2,41710,44.61,10910,11.67,Winter,Winter,2024-06
B03101,P091,Dulce de leche cookies bag 100g,Candy,Primary,Molina Artisan Sweets,2024-07-13,2025-05-09,43,bag 100g,Sold Out,43.0,0.0,0.0,43000,45.99,12900,13.8,Winter,Winter,2024-07
B03102,P091,Dulce de leche cookies bag 100g,Candy,Primary,Molina Artisan Sweets,2024-08-20,2025-06-16,52,bag 100g,Sold Out,52.0,0.0,0.0,52000,55.61,15600,16.68,Winter,Winter,2024-08
B03103,P091,Dulce de leche cookies bag 100g,Candy,Primary,Molina Artisan Sweets,2024-09-22,2025-07-19,67,bag 100g,Sold Out,67.0,0.0,0.0,67000,71.66,20100,21.5,Spring,Spring,2024-09
B03104,P091,Dulce de leche cookies bag 100g,Candy,Primary,Molina Artisan Sweets,2024-10-29,2025-08-25,55,bag 100g,Partial Loss,52.8,2.2,4.0,52800,56.47,14300,15.29,Spring,Spring,2024-10
B03105,P091,Dulce de leche cookies bag 100g,Candy,Primary,Molina Artisan Sweets,2024-11-29,2025-09-25,52,bag 100g,Partial Loss,50.28,1.72,3.3,50280,53.78,13880,14.84,Spring,Spring,2024-11
B03106,P091,Dulce de leche cookies bag 100g,Candy,Primary,Molina Artisan Sweets,2025-01-09,2025-11-05,47,bag 100g,Sold Out,47.0,0.0,0.0,47000,50.27,14100,15.08,Summer,Summer,2025-01
B03107,P091,Dulce de leche cookies bag 100g,Candy,Primary,Molina Artisan Sweets,2025-02-12,2025-12-09,60,bag 100g,Partial Loss,59.16,0.84,1.4,59160,63.27,17160,18.35,Summer,Summer,2025-02
B03108,P091,Dulce de leche cookies bag 100g,Candy,Primary,Molina Artisan Sweets,2025-03-05,2025-12-30,61,bag 100g,Partial Loss,59.17,1.83,3.0,59170,63.28,16470,17.61,Autumn,Autumn,2025-03
B03109,P091,Dulce de leche cookies bag 100g,Candy,Primary,Molina Artisan Sweets,2025-04-14,2026-02-08,48,bag 100g,Partial Loss,46.13,1.87,3.9,46130,49.34,12530,13.4,Autumn,Autumn,2025-04
B03110,P091,Dulce de leche cookies bag 100g,Candy,Primary,Molina Artisan Sweets,2025-05-11,2026-03-07,60,bag 100g,Sold Out,60.0,0.0,0.0,60000,64.17,18000,19.25,Autumn,Autumn,2025-05
B03111,P091,Dulce de leche cookies bag 100g,Candy,Primary,Molina Artisan Sweets,2025-06-07,2026-04-03,62,bag 100g,Sold Out,62.0,0.0,0.0,62000,66.31,18600,19.89,Winter,Winter,2025-06
B03112,P092,Golden raisins,Raisins,Primary,San Fernando Dried Goods,2023-07-13,2024-05-08,25,kg,Sold Out,25.0,0.0,0.0,187500,200.53,53750,57.49,Winter,Winter,2023-07
B03113,P092,Golden raisins,Raisins,Primary,San Fernando Dried Goods,2023-08-12,2024-06-07,24,kg,Partial Loss,23.33,0.67,2.8,174975,187.14,46575,49.81,Winter,Winter,2023-08
B03114,P092,Golden raisins,Raisins,Primary,San Fernando Dried Goods,2023-09-22,2024-07-18,29,kg,Sold Out,29.0,0.0,0.0,217500,232.62,62350,66.68,Spring,Spring,2023-09
B03115,P092,Golden raisins,Raisins,Primary,San Fernando Dried Goods,2023-10-23,2024-08-18,9,kg,Partial Loss,8.74,0.26,2.9,65550,70.11,17400,18.61,Spring,Spring,2023-10
B03116,P092,Golden raisins,Raisins,Primary,San Fernando Dried Goods,2023-11-25,2024-09-20,9,kg,Sold Out,9.0,0.0,0.0,67500,72.19,19350,20.7,Spring,Spring,2023-11
B03117,P092,Golden raisins,Raisins,Backup,Deshidratados Elqui,2023-12-21,2024-10-16,12,kg,Sold Out,12.0,0.0,0.0,90000,96.26,23400,25.03,Summer,Summer,2023-12
B03118,P092,Golden raisins,Raisins,Backup,Deshidratados Elqui,2024-02-02,2024-11-28,9,kg,Partial Loss,8.31,0.69,7.7,62325,66.66,12375,13.24,Summer,Summer,2024-02
B03119,P092,Golden raisins,Raisins,Primary,San Fernando Dried Goods,2024-03-04,2024-12-29,9,kg,Partial Loss,8.6,0.4,4.4,64500,68.98,16350,17.49,Autumn,Autumn,2024-03
B03120,P092,Golden raisins,Raisins,Primary,San Fernando Dried Goods,2024-04-02,2025-01-27,26,kg,Sold Out,26.0,0.0,0.0,195000,208.56,55900,59.79,Autumn,Autumn,2024-04
B03121,P092,Golden raisins,Raisins,Primary,San Fernando Dried Goods,2024-05-09,2025-03-05,27,kg,Sold Out,27.0,0.0,0.0,202500,216.58,58050,62.09,Autumn,Autumn,2024-05
B03122,P092,Golden raisins,Raisins,Primary,San Fernando Dried Goods,2024-06-08,2025-04-04,22,kg,Partial Loss,20.83,1.17,5.3,156225,167.09,38525,41.2,Winter,Winter,2024-06
B03123,P092,Golden raisins,Raisins,Primary,San Fernando Dried Goods,2024-07-16,2025-05-12,21,kg,Sold Out,21.0,0.0,0.0,157500,168.45,45150,48.29,Winter,Winter,2024-07
B03124,P092,Golden raisins,Raisins,Primary,San Fernando Dried Goods,2024-08-24,2025-06-20,21,kg,Sold Out,21.0,0.0,0.0,157500,168.45,45150,48.29,Winter,Winter,2024-08
B03125,P092,Golden raisins,Raisins,Primary,San Fernando Dried Goods,2024-10-01,2025-07-28,9,kg,Sold Out,9.0,0.0,0.0,67500,72.19,19350,20.7,Spring,Spring,2024-10
B03126,P092,Golden raisins,Raisins,Backup,Deshidratados Elqui,2024-10-28,2025-08-24,9,kg,Partial Loss,8.52,0.48,5.3,63900,68.34,13950,14.92,Spring,Spring,2024-10
B03127,P092,Golden raisins,Raisins,Primary,San Fernando Dried Goods,2024-12-07,2025-10-03,12,kg,Partial Loss,11.87,0.13,1.1,89025,95.21,24825,26.55,Summer,Summer,2024-12
B03128,P092,Golden raisins,Raisins,Primary,San Fernando Dried Goods,2025-01-14,2025-11-10,10,kg,Partial Loss,9.75,0.25,2.5,73125,78.21,19625,20.99,Summer,Summer,2025-01
B03129,P092,Golden raisins,Raisins,Primary,San Fernando Dried Goods,2025-02-20,2025-12-17,9,kg,Partial Loss,8.51,0.49,5.4,63825,68.26,15675,16.76,Summer,Summer,2025-02
B03130,P092,Golden raisins,Raisins,Primary,San Fernando Dried Goods,2025-03-21,2026-01-15,9,kg,Partial Loss,8.78,0.23,2.5,65850,70.43,17700,18.93,Autumn,Autumn,2025-03
B03131,P092,Golden raisins,Raisins,Primary,San Fernando Dried Goods,2025-04-25,2026-02-19,28,kg,Sold Out,28.0,0.0,0.0,210000,224.6,60200,64.39,Autumn,Autumn,2025-04
B03132,P092,Golden raisins,Raisins,Primary,San Fernando Dried Goods,2025-05-25,2026-03-21,30,kg,Sold Out,30.0,0.0,0.0,225000,240.64,64500,68.98,Autumn,Autumn,2025-05
B03133,P092,Golden raisins,Raisins,Primary,San Fernando Dried Goods,2025-06-27,2026-04-23,27,kg,Sold Out,27.0,0.0,0.0,202500,216.58,58050,62.09,Winter,Winter,2025-06
B03134,P093,Brown raisins,Raisins,Primary,San Fernando Dried Goods,2023-07-10,2024-05-05,24,kg,Sold Out,24.0,0.0,0.0,168000,179.68,44400,47.49,Winter,Winter,2023-07
B03135,P093,Brown raisins,Raisins,Primary,San Fernando Dried Goods,2023-08-20,2024-06-15,24,kg,Sold Out,24.0,0.0,0.0,168000,179.68,44400,47.49,Winter,Winter,2023-08
B03136,P093,Brown raisins,Raisins,Primary,San Fernando Dried Goods,2023-09-25,2024-07-21,29,kg,Sold Out,29.0,0.0,0.0,203000,217.11,53650,57.38,Spring,Spring,2023-09
B03137,P093,Brown raisins,Raisins,Primary,San Fernando Dried Goods,2023-11-12,2024-09-07,9,kg,Partial Loss,8.74,0.26,2.9,61180,65.43,14830,15.86,Spring,Spring,2023-11
B03138,P093,Brown raisins,Raisins,Primary,San Fernando Dried Goods,2023-12-13,2024-10-08,13,kg,Sold Out,13.0,0.0,0.0,91000,97.33,24050,25.72,Summer,Summer,2023-12
B03139,P093,Brown raisins,Raisins,Primary,San Fernando Dried Goods,2024-01-24,2024-11-19,9,kg,Partial Loss,8.72,0.28,3.1,61040,65.28,14690,15.71,Summer,Summer,2024-01
B03140,P093,Brown raisins,Raisins,Primary,San Fernando Dried Goods,2024-02-24,2024-12-20,9,kg,Partial Loss,8.58,0.42,4.7,60060,64.24,13710,14.66,Summer,Summer,2024-02
B03141,P093,Brown raisins,Raisins,Backup,Deshidratados Elqui,2024-03-23,2025-01-17,8,kg,Sold Out,8.0,0.0,0.0,56000,59.89,15200,16.26,Autumn,Autumn,2024-03
B03142,P093,Brown raisins,Raisins,Backup,Deshidratados Elqui,2024-04-25,2025-02-19,23,kg,Sold Out,23.0,0.0,0.0,161000,172.19,43700,46.74,Autumn,Autumn,2024-04
B03143,P093,Brown raisins,Raisins,Backup,Deshidratados Elqui,2024-05-30,2025-03-26,22,kg,Sold Out,22.0,0.0,0.0,154000,164.71,41800,44.71,Autumn,Autumn,2024-05
B03144,P093,Brown raisins,Raisins,Backup,Deshidratados Elqui,2024-07-11,2025-05-07,24,kg,Sold Out,24.0,0.0,0.0,168000,179.68,45600,48.77,Winter,Winter,2024-07
B03145,P093,Brown raisins,Raisins,Primary,San Fernando Dried Goods,2024-08-11,2025-06-07,26,kg,Partial Loss,25.09,0.91,3.5,175630,187.84,41730,44.63,Winter,Winter,2024-08
B03146,P093,Brown raisins,Raisins,Primary,San Fernando Dried Goods,2024-09-16,2025-07-13,30,kg,Partial Loss,28.95,1.05,3.5,202650,216.74,48150,51.5,Spring,Spring,2024-09
B03147,P093,Brown raisins,Raisins,Backup,Deshidratados Elqui,2024-10-21,2025-08-17,8,kg,Sold Out,8.0,0.0,0.0,56000,59.89,15200,16.26,Spring,Spring,2024-10
B03148,P093,Brown raisins,Raisins,Primary,San Fernando Dried Goods,2024-11-21,2025-09-17,9,kg,Partial Loss,8.68,0.32,3.6,60760,64.98,14410,15.41,Spring,Spring,2024-11
B03149,P093,Brown raisins,Raisins,Primary,San Fernando Dried Goods,2024-12-20,2025-10-16,11,kg,Partial Loss,10.6,0.4,3.6,74200,79.36,17550,18.77,Summer,Summer,2024-12
B03150,P093,Brown raisins,Raisins,Primary,San Fernando Dried Goods,2025-01-19,2025-11-15,9,kg,Sold Out,9.0,0.0,0.0,63000,67.38,16650,17.81,Summer,Summer,2025-01
B03151,P093,Brown raisins,Raisins,Primary,San Fernando Dried Goods,2025-03-01,2025-12-26,8,kg,Sold Out,8.0,0.0,0.0,56000,59.89,14800,15.83,Autumn,Autumn,2025-03
B03152,P093,Brown raisins,Raisins,Primary,San Fernando Dried Goods,2025-04-05,2026-01-30,27,kg,Sold Out,27.0,0.0,0.0,189000,202.14,49950,53.42,Autumn,Autumn,2025-04
B03153,P093,Brown raisins,Raisins,Primary,San Fernando Dried Goods,2025-05-05,2026-03-01,29,kg,Sold Out,29.0,0.0,0.0,203000,217.11,53650,57.38,Autumn,Autumn,2025-05
B03154,P093,Brown raisins,Raisins,Backup,Deshidratados Elqui,2025-06-12,2026-04-08,26,kg,Sold Out,26.0,0.0,0.0,182000,194.65,49400,52.83,Winter,Winter,2025-06
B03155,P094,Jumbo raisins,Raisins,Backup,Deshidratados Elqui,2023-07-19,2024-05-14,26,kg,Sold Out,26.0,0.0,0.0,208000,222.46,52000,55.61,Winter,Winter,2023-07
B03156,P094,Jumbo raisins,Raisins,Primary,San Fernando Dried Goods,2023-08-26,2024-06-21,26,kg,Sold Out,26.0,0.0,0.0,208000,222.46,52000,55.61,Winter,Winter,2023-08
B03157,P094,Jumbo raisins,Raisins,Primary,San Fernando Dried Goods,2023-09-25,2024-07-21,31,kg,Sold Out,31.0,0.0,0.0,248000,265.24,62000,66.31,Spring,Spring,2023-09
B03158,P094,Jumbo raisins,Raisins,Primary,San Fernando Dried Goods,2023-10-22,2024-08-17,9,kg,Partial Loss,8.58,0.42,4.7,68640,73.41,14640,15.66,Spring,Spring,2023-10
B03159,P094,Jumbo raisins,Raisins,Primary,San Fernando Dried Goods,2023-11-26,2024-09-21,10,kg,Partial Loss,9.7,0.3,3.0,77600,82.99,17600,18.82,Spring,Spring,2023-11
B03160,P094,Jumbo raisins,Raisins,Primary,San Fernando Dried Goods,2023-12-26,2024-10-21,13,kg,Sold Out,13.0,0.0,0.0,104000,111.23,26000,27.81,Summer,Summer,2023-12
B03161,P094,Jumbo raisins,Raisins,Primary,San Fernando Dried Goods,2024-01-27,2024-11-22,9,kg,Partial Loss,8.47,0.53,5.9,67760,72.47,13760,14.72,Summer,Summer,2024-01
B03162,P094,Jumbo raisins,Raisins,Primary,San Fernando Dried Goods,2024-02-29,2024-12-25,9,kg,Sold Out,9.0,0.0,0.0,72000,77.01,18000,19.25,Summer,Summer,2024-02
B03163,P094,Jumbo raisins,Raisins,Backup,Deshidratados Elqui,2024-04-02,2025-01-27,26,kg,Sold Out,26.0,0.0,0.0,208000,222.46,52000,55.61,Autumn,Autumn,2024-04
B03164,P094,Jumbo raisins,Raisins,Backup,Deshidratados Elqui,2024-04-28,2025-02-22,26,kg,Sold Out,26.0,0.0,0.0,208000,222.46,52000,55.61,Autumn,Autumn,2024-04
B03165,P094,Jumbo raisins,Raisins,Primary,San Fernando Dried Goods,2024-05-27,2025-03-23,23,kg,Sold Out,23.0,0.0,0.0,184000,196.79,46000,49.2,Autumn,Autumn,2024-05
B03166,P094,Jumbo raisins,Raisins,Primary,San Fernando Dried Goods,2024-07-07,2025-05-03,27,kg,Sold Out,27.0,0.0,0.0,216000,231.02,54000,57.75,Winter,Winter,2024-07
B03167,P094,Jumbo raisins,Raisins,Primary,San Fernando Dried Goods,2024-08-12,2025-06-08,24,kg,Sold Out,24.0,0.0,0.0,192000,205.35,48000,51.34,Winter,Winter,2024-08
B03168,P094,Jumbo raisins,Raisins,Primary,San Fernando Dried Goods,2024-09-11,2025-07-08,28,kg,Sold Out,28.0,0.0,0.0,224000,239.57,56000,59.89,Spring,Spring,2024-09
B03169,P094,Jumbo raisins,Raisins,Primary,San Fernando Dried Goods,2024-10-11,2025-08-07,8,kg,Sold Out,8.0,0.0,0.0,64000,68.45,16000,17.11,Spring,Spring,2024-10
B03170,P094,Jumbo raisins,Raisins,Primary,San Fernando Dried Goods,2024-11-15,2025-09-11,8,kg,Sold Out,8.0,0.0,0.0,64000,68.45,16000,17.11,Spring,Spring,2024-11
B03171,P094,Jumbo raisins,Raisins,Primary,San Fernando Dried Goods,2024-12-13,2025-10-09,12,kg,Sold Out,12.0,0.0,0.0,96000,102.67,24000,25.67,Summer,Summer,2024-12
B03172,P094,Jumbo raisins,Raisins,Primary,San Fernando Dried Goods,2025-01-13,2025-11-09,9,kg,Partial Loss,8.62,0.38,4.2,68960,73.75,14960,16.0,Summer,Summer,2025-01
B03173,P094,Jumbo raisins,Raisins,Primary,San Fernando Dried Goods,2025-02-12,2025-12-09,11,kg,Sold Out,11.0,0.0,0.0,88000,94.12,22000,23.53,Summer,Summer,2025-02
B03174,P094,Jumbo raisins,Raisins,Primary,San Fernando Dried Goods,2025-03-19,2026-01-13,11,kg,Partial Loss,10.6,0.4,3.6,84800,90.7,18800,20.11,Autumn,Autumn,2025-03
B03175,P094,Jumbo raisins,Raisins,Primary,San Fernando Dried Goods,2025-04-28,2026-02-22,27,kg,Sold Out,27.0,0.0,0.0,216000,231.02,54000,57.75,Autumn,Autumn,2025-04
B03176,P094,Jumbo raisins,Raisins,Primary,San Fernando Dried Goods,2025-06-07,2026-04-03,24,kg,Sold Out,24.0,0.0,0.0,192000,205.35,48000,51.34,Winter,Winter,2025-06
B03177,P095,Dried prunes (with pit),Dried Fruit,Backup,Deshidratados Elqui,2023-07-24,2024-05-19,24,kg,Sold Out,24.0,0.0,0.0,108000,115.51,27600,29.52,Winter,Winter,2023-07
B03178,P095,Dried prunes (with pit),Dried Fruit,Primary,San Fernando Dried Goods,2023-08-31,2024-06-26,22,kg,Sold Out,22.0,0.0,0.0,99000,105.88,24200,25.88,Winter,Winter,2023-08
B03179,P095,Dried prunes (with pit),Dried Fruit,Primary,San Fernando Dried Goods,2023-10-03,2024-07-29,9,kg,Partial Loss,8.31,0.69,7.7,37395,39.99,6795,7.27,Spring,Spring,2023-10
B03180,P095,Dried prunes (with pit),Dried Fruit,Primary,San Fernando Dried Goods,2023-11-09,2024-09-04,9,kg,Partial Loss,8.05,0.95,10.6,36225,38.74,5625,6.02,Spring,Spring,2023-11
B03181,P095,Dried prunes (with pit),Dried Fruit,Primary,San Fernando Dried Goods,2023-12-13,2024-10-08,13,kg,Partial Loss,12.31,0.69,5.3,55395,59.25,11195,11.97,Summer,Summer,2023-12
B03182,P095,Dried prunes (with pit),Dried Fruit,Primary,San Fernando Dried Goods,2024-01-21,2024-11-16,9,kg,Partial Loss,8.48,0.52,5.8,38160,40.81,7560,8.09,Summer,Summer,2024-01
B03183,P095,Dried prunes (with pit),Dried Fruit,Primary,San Fernando Dried Goods,2024-02-25,2024-12-21,10,kg,Partial Loss,9.35,0.65,6.5,42075,45.0,8075,8.64,Summer,Summer,2024-02
B03184,P095,Dried prunes (with pit),Dried Fruit,Primary,San Fernando Dried Goods,2024-04-03,2025-01-28,25,kg,Sold Out,25.0,0.0,0.0,112500,120.32,27500,29.41,Autumn,Autumn,2024-04
B03185,P095,Dried prunes (with pit),Dried Fruit,Primary,San Fernando Dried Goods,2024-05-11,2025-03-07,21,kg,Sold Out,21.0,0.0,0.0,94500,101.07,23100,24.71,Autumn,Autumn,2024-05
B03186,P095,Dried prunes (with pit),Dried Fruit,Primary,San Fernando Dried Goods,2024-06-20,2025-04-16,23,kg,Sold Out,23.0,0.0,0.0,103500,110.7,25300,27.06,Winter,Winter,2024-06
B03187,P095,Dried prunes (with pit),Dried Fruit,Primary,San Fernando Dried Goods,2024-07-20,2025-05-16,24,kg,Sold Out,24.0,0.0,0.0,108000,115.51,26400,28.24,Winter,Winter,2024-07
B03188,P095,Dried prunes (with pit),Dried Fruit,Primary,San Fernando Dried Goods,2024-08-25,2025-06-21,24,kg,Sold Out,24.0,0.0,0.0,108000,115.51,26400,28.24,Winter,Winter,2024-08
B03189,P095,Dried prunes (with pit),Dried Fruit,Primary,San Fernando Dried Goods,2024-09-29,2025-07-26,30,kg,Sold Out,30.0,0.0,0.0,135000,144.39,33000,35.29,Spring,Spring,2024-09
B03190,P095,Dried prunes (with pit),Dried Fruit,Primary,San Fernando Dried Goods,2024-11-02,2025-08-29,10,kg,Partial Loss,9.14,0.86,8.6,41130,43.99,7130,7.63,Spring,Spring,2024-11
B03191,P095,Dried prunes (with pit),Dried Fruit,Primary,San Fernando Dried Goods,2024-11-24,2025-09-20,9,kg,Partial Loss,8.31,0.69,7.7,37395,39.99,6795,7.27,Spring,Spring,2024-11
B03192,P095,Dried prunes (with pit),Dried Fruit,Backup,Deshidratados Elqui,2024-12-24,2025-10-20,11,kg,Partial Loss,10.64,0.36,3.3,47880,51.21,11030,11.8,Summer,Summer,2024-12
B03193,P095,Dried prunes (with pit),Dried Fruit,Primary,San Fernando Dried Goods,2025-01-29,2025-11-25,10,kg,Partial Loss,9.61,0.39,3.9,43245,46.25,9245,9.89,Summer,Summer,2025-01
B03194,P095,Dried prunes (with pit),Dried Fruit,Primary,San Fernando Dried Goods,2025-03-04,2025-12-29,10,kg,Partial Loss,9.37,0.63,6.3,42165,45.1,8165,8.73,Autumn,Autumn,2025-03
B03195,P095,Dried prunes (with pit),Dried Fruit,Primary,San Fernando Dried Goods,2025-04-06,2026-01-31,28,kg,Partial Loss,27.5,0.5,1.8,123750,132.35,28550,30.53,Autumn,Autumn,2025-04
B03196,P095,Dried prunes (with pit),Dried Fruit,Primary,San Fernando Dried Goods,2025-05-14,2026-03-10,26,kg,Sold Out,26.0,0.0,0.0,117000,125.13,28600,30.59,Autumn,Autumn,2025-05
B03197,P095,Dried prunes (with pit),Dried Fruit,Primary,San Fernando Dried Goods,2025-06-20,2026-04-16,24,kg,Sold Out,24.0,0.0,0.0,108000,115.51,26400,28.24,Winter,Winter,2025-06
B03198,P096,Pitted prunes,Dried Fruit,Primary,San Fernando Dried Goods,2023-07-23,2024-05-18,25,kg,Sold Out,25.0,0.0,0.0,137500,147.06,33750,36.1,Winter,Winter,2023-07
B03199,P096,Pitted prunes,Dried Fruit,Primary,San Fernando Dried Goods,2023-08-28,2024-06-23,25,kg,Sold Out,25.0,0.0,0.0,137500,147.06,33750,36.1,Winter,Winter,2023-08
B03200,P096,Pitted prunes,Dried Fruit,Primary,San Fernando Dried Goods,2023-09-25,2024-07-21,31,kg,Sold Out,31.0,0.0,0.0,170500,182.35,41850,44.76,Spring,Spring,2023-09
B03201,P096,Pitted prunes,Dried Fruit,Primary,San Fernando Dried Goods,2023-10-30,2024-08-25,8,kg,Sold Out,8.0,0.0,0.0,44000,47.06,10800,11.55,Spring,Spring,2023-10
B03202,P096,Pitted prunes,Dried Fruit,Primary,San Fernando Dried Goods,2023-12-08,2024-10-03,13,kg,Partial Loss,12.62,0.38,2.9,69410,74.24,15460,16.53,Summer,Summer,2023-12
B03203,P096,Pitted prunes,Dried Fruit,Primary,San Fernando Dried Goods,2024-01-18,2024-11-13,10,kg,Partial Loss,9.55,0.45,4.5,52525,56.18,11025,11.79,Summer,Summer,2024-01
B03204,P096,Pitted prunes,Dried Fruit,Primary,San Fernando Dried Goods,2024-02-15,2024-12-11,8,kg,Sold Out,8.0,0.0,0.0,44000,47.06,10800,11.55,Summer,Summer,2024-02
B03205,P096,Pitted prunes,Dried Fruit,Backup,Deshidratados Elqui,2024-03-16,2025-01-10,8,kg,Partial Loss,7.66,0.34,4.3,42130,45.06,8130,8.7,Autumn,Autumn,2024-03
B03206,P096,Pitted prunes,Dried Fruit,Primary,San Fernando Dried Goods,2024-04-22,2025-02-16,24,kg,Partial Loss,23.06,0.94,3.9,126830,135.65,27230,29.12,Autumn,Autumn,2024-04
B03207,P096,Pitted prunes,Dried Fruit,Primary,San Fernando Dried Goods,2024-05-24,2025-03-20,23,kg,Sold Out,23.0,0.0,0.0,126500,135.29,31050,33.21,Autumn,Autumn,2024-05
B03208,P096,Pitted prunes,Dried Fruit,Backup,Deshidratados Elqui,2024-06-19,2025-04-15,24,kg,Sold Out,24.0,0.0,0.0,132000,141.18,30000,32.09,Winter,Winter,2024-06
B03209,P096,Pitted prunes,Dried Fruit,Primary,San Fernando Dried Goods,2024-07-10,2025-05-06,23,kg,Sold Out,23.0,0.0,0.0,126500,135.29,31050,33.21,Winter,Winter,2024-07
B03210,P096,Pitted prunes,Dried Fruit,Primary,San Fernando Dried Goods,2024-08-13,2025-06-09,25,kg,Sold Out,25.0,0.0,0.0,137500,147.06,33750,36.1,Winter,Winter,2024-08
B03211,P096,Pitted prunes,Dried Fruit,Primary,San Fernando Dried Goods,2024-09-17,2025-07-14,30,kg,Sold Out,30.0,0.0,0.0,165000,176.47,40500,43.32,Spring,Spring,2024-09
B03212,P096,Pitted prunes,Dried Fruit,Primary,San Fernando Dried Goods,2024-10-19,2025-08-15,8,kg,Partial Loss,7.53,0.47,5.9,41415,44.29,8215,8.79,Spring,Spring,2024-10
B03213,P096,Pitted prunes,Dried Fruit,Primary,San Fernando Dried Goods,2024-11-28,2025-09-24,10,kg,Sold Out,10.0,0.0,0.0,55000,58.82,13500,14.44,Spring,Spring,2024-11
B03214,P096,Pitted prunes,Dried Fruit,Primary,San Fernando Dried Goods,2024-12-29,2025-10-25,12,kg,Partial Loss,11.12,0.88,7.3,61160,65.41,11360,12.15,Summer,Summer,2024-12
B03215,P096,Pitted prunes,Dried Fruit,Primary,San Fernando Dried Goods,2025-02-04,2025-12-01,9,kg,Partial Loss,8.53,0.47,5.2,46915,50.18,9565,10.23,Summer,Summer,2025-02
B03216,P096,Pitted prunes,Dried Fruit,Primary,San Fernando Dried Goods,2025-03-20,2026-01-14,10,kg,Partial Loss,9.22,0.78,7.8,50710,54.24,9210,9.85,Autumn,Autumn,2025-03
B03217,P096,Pitted prunes,Dried Fruit,Primary,San Fernando Dried Goods,2025-04-12,2026-02-06,25,kg,Sold Out,25.0,0.0,0.0,137500,147.06,33750,36.1,Autumn,Autumn,2025-04
B03218,P096,Pitted prunes,Dried Fruit,Primary,San Fernando Dried Goods,2025-05-19,2026-03-15,22,kg,Sold Out,22.0,0.0,0.0,121000,129.41,29700,31.76,Autumn,Autumn,2025-05
B03219,P096,Pitted prunes,Dried Fruit,Primary,San Fernando Dried Goods,2025-06-17,2026-04-13,28,kg,Sold Out,28.0,0.0,0.0,154000,164.71,37800,40.43,Winter,Winter,2025-06
B03220,P097,"Dried peaches (huesillos), large",Dried Fruit,Primary,San Fernando Dried Goods,2023-07-19,2024-05-14,25,kg,Sold Out,25.0,0.0,0.0,150000,160.43,45000,48.13,Winter,Winter,2023-07
B03221,P097,"Dried peaches (huesillos), large",Dried Fruit,Primary,San Fernando Dried Goods,2023-08-17,2024-06-12,23,kg,Sold Out,23.0,0.0,0.0,138000,147.59,41400,44.28,Winter,Winter,2023-08
B03222,P097,"Dried peaches (huesillos), large",Dried Fruit,Backup,Deshidratados Elqui,2023-09-26,2024-07-22,33,kg,Sold Out,33.0,0.0,0.0,198000,211.76,46200,49.41,Spring,Spring,2023-09
B03223,P097,"Dried peaches (huesillos), large",Dried Fruit,Primary,San Fernando Dried Goods,2023-10-28,2024-08-23,9,kg,Partial Loss,8.25,0.75,8.3,49500,52.94,11700,12.51,Spring,Spring,2023-10
B03224,P097,"Dried peaches (huesillos), large",Dried Fruit,Primary,San Fernando Dried Goods,2023-12-02,2024-09-27,11,kg,Partial Loss,10.23,0.77,7.0,61380,65.65,15180,16.24,Summer,Summer,2023-12
B03225,P097,"Dried peaches (huesillos), large",Dried Fruit,Primary,San Fernando Dried Goods,2024-01-12,2024-11-07,9,kg,Sold Out,9.0,0.0,0.0,54000,57.75,16200,17.33,Summer,Summer,2024-01
B03226,P097,"Dried peaches (huesillos), large",Dried Fruit,Primary,San Fernando Dried Goods,2024-02-12,2024-12-08,8,kg,Sold Out,8.0,0.0,0.0,48000,51.34,14400,15.4,Summer,Summer,2024-02
B03227,P097,"Dried peaches (huesillos), large",Dried Fruit,Primary,San Fernando Dried Goods,2024-03-22,2025-01-16,8,kg,Partial Loss,7.59,0.41,5.1,45540,48.71,11940,12.77,Autumn,Autumn,2024-03
B03228,P097,"Dried peaches (huesillos), large",Dried Fruit,Primary,San Fernando Dried Goods,2024-04-26,2025-02-20,24,kg,Sold Out,24.0,0.0,0.0,144000,154.01,43200,46.2,Autumn,Autumn,2024-04
B03229,P097,"Dried peaches (huesillos), large",Dried Fruit,Primary,San Fernando Dried Goods,2024-05-28,2025-03-24,22,kg,Sold Out,22.0,0.0,0.0,132000,141.18,39600,42.35,Autumn,Autumn,2024-05
B03230,P097,"Dried peaches (huesillos), large",Dried Fruit,Primary,San Fernando Dried Goods,2024-06-29,2025-04-25,27,kg,Sold Out,27.0,0.0,0.0,162000,173.26,48600,51.98,Winter,Winter,2024-06
B03231,P097,"Dried peaches (huesillos), large",Dried Fruit,Primary,San Fernando Dried Goods,2024-07-30,2025-05-26,24,kg,Sold Out,24.0,0.0,0.0,144000,154.01,43200,46.2,Winter,Winter,2024-07
B03232,P097,"Dried peaches (huesillos), large",Dried Fruit,Primary,San Fernando Dried Goods,2024-09-01,2025-06-28,33,kg,Sold Out,33.0,0.0,0.0,198000,211.76,59400,63.53,Spring,Spring,2024-09
B03233,P097,"Dried peaches (huesillos), large",Dried Fruit,Primary,San Fernando Dried Goods,2024-10-06,2025-08-02,9,kg,Sold Out,9.0,0.0,0.0,54000,57.75,16200,17.33,Spring,Spring,2024-10
B03234,P097,"Dried peaches (huesillos), large",Dried Fruit,Backup,Deshidratados Elqui,2024-11-08,2025-09-04,9,kg,Partial Loss,8.57,0.43,4.8,51420,54.99,10020,10.72,Spring,Spring,2024-11
B03235,P097,"Dried peaches (huesillos), large",Dried Fruit,Primary,San Fernando Dried Goods,2024-12-23,2025-10-19,12,kg,Sold Out,12.0,0.0,0.0,72000,77.01,21600,23.1,Summer,Summer,2024-12
B03236,P097,"Dried peaches (huesillos), large",Dried Fruit,Backup,Deshidratados Elqui,2025-01-29,2025-11-25,9,kg,Partial Loss,8.67,0.33,3.7,52020,55.64,10620,11.36,Summer,Summer,2025-01
B03237,P097,"Dried peaches (huesillos), large",Dried Fruit,Primary,San Fernando Dried Goods,2025-03-05,2025-12-30,9,kg,Partial Loss,8.34,0.66,7.3,50040,53.52,12240,13.09,Autumn,Autumn,2025-03
B03238,P097,"Dried peaches (huesillos), large",Dried Fruit,Primary,San Fernando Dried Goods,2025-04-05,2026-01-30,26,kg,Sold Out,26.0,0.0,0.0,156000,166.84,46800,50.05,Autumn,Autumn,2025-04
B03239,P097,"Dried peaches (huesillos), large",Dried Fruit,Primary,San Fernando Dried Goods,2025-05-19,2026-03-15,24,kg,Sold Out,24.0,0.0,0.0,144000,154.01,43200,46.2,Autumn,Autumn,2025-05
B03240,P097,"Dried peaches (huesillos), large",Dried Fruit,Primary,San Fernando Dried Goods,2025-06-19,2026-04-15,25,kg,Partial Loss,24.55,0.45,1.8,147300,157.54,42300,45.24,Winter,Winter,2025-06
B03241,P098,"Dried peaches (huesillos), medium",Dried Fruit,Backup,Deshidratados Elqui,2023-07-07,2024-05-02,24,kg,Sold Out,24.0,0.0,0.0,120000,128.34,30000,32.09,Winter,Winter,2023-07
B03242,P098,"Dried peaches (huesillos), medium",Dried Fruit,Backup,Deshidratados Elqui,2023-08-20,2024-06-15,22,kg,Sold Out,22.0,0.0,0.0,110000,117.65,27500,29.41,Winter,Winter,2023-08
B03243,P098,"Dried peaches (huesillos), medium",Dried Fruit,Backup,Deshidratados Elqui,2023-09-16,2024-07-12,30,kg,Sold Out,30.0,0.0,0.0,150000,160.43,37500,40.11,Spring,Spring,2023-09
B03244,P098,"Dried peaches (huesillos), medium",Dried Fruit,Primary,San Fernando Dried Goods,2023-10-27,2024-08-22,10,kg,Partial Loss,9.39,0.61,6.1,46950,50.21,10950,11.71,Spring,Spring,2023-10
B03245,P098,"Dried peaches (huesillos), medium",Dried Fruit,Backup,Deshidratados Elqui,2023-12-02,2024-09-27,10,kg,Sold Out,10.0,0.0,0.0,50000,53.48,12500,13.37,Summer,Summer,2023-12
B03246,P098,"Dried peaches (huesillos), medium",Dried Fruit,Primary,San Fernando Dried Goods,2024-01-10,2024-11-05,8,kg,Partial Loss,7.37,0.63,7.9,36850,39.41,8050,8.61,Summer,Summer,2024-01
B03247,P098,"Dried peaches (huesillos), medium",Dried Fruit,Primary,San Fernando Dried Goods,2024-02-19,2024-12-15,10,kg,Sold Out,10.0,0.0,0.0,50000,53.48,14000,14.97,Summer,Summer,2024-02
B03248,P098,"Dried peaches (huesillos), medium",Dried Fruit,Primary,San Fernando Dried Goods,2024-03-24,2025-01-18,10,kg,Partial Loss,9.06,0.94,9.4,45300,48.45,9300,9.95,Autumn,Autumn,2024-03
B03249,P098,"Dried peaches (huesillos), medium",Dried Fruit,Primary,San Fernando Dried Goods,2024-04-22,2025-02-16,27,kg,Sold Out,27.0,0.0,0.0,135000,144.39,37800,40.43,Autumn,Autumn,2024-04
B03250,P098,"Dried peaches (huesillos), medium",Dried Fruit,Primary,San Fernando Dried Goods,2024-05-29,2025-03-25,21,kg,Sold Out,21.0,0.0,0.0,105000,112.3,29400,31.44,Autumn,Autumn,2024-05
B03251,P098,"Dried peaches (huesillos), medium",Dried Fruit,Backup,Deshidratados Elqui,2024-07-10,2025-05-06,27,kg,Sold Out,27.0,0.0,0.0,135000,144.39,33750,36.1,Winter,Winter,2024-07
B03252,P098,"Dried peaches (huesillos), medium",Dried Fruit,Primary,San Fernando Dried Goods,2024-08-10,2025-06-06,21,kg,Partial Loss,20.16,0.84,4.0,100800,107.81,25200,26.95,Winter,Winter,2024-08
B03253,P098,"Dried peaches (huesillos), medium",Dried Fruit,Primary,San Fernando Dried Goods,2024-09-08,2025-07-05,30,kg,Sold Out,30.0,0.0,0.0,150000,160.43,42000,44.92,Spring,Spring,2024-09
B03254,P098,"Dried peaches (huesillos), medium",Dried Fruit,Primary,San Fernando Dried Goods,2024-10-10,2025-08-06,8,kg,Partial Loss,7.56,0.44,5.5,37800,40.43,9000,9.63,Spring,Spring,2024-10
B03255,P098,"Dried peaches (huesillos), medium",Dried Fruit,Primary,San Fernando Dried Goods,2024-11-25,2025-09-21,9,kg,Partial Loss,8.59,0.41,4.6,42950,45.94,10550,11.28,Spring,Spring,2024-11
B03256,P098,"Dried peaches (huesillos), medium",Dried Fruit,Primary,San Fernando Dried Goods,2024-12-28,2025-10-24,11,kg,Sold Out,11.0,0.0,0.0,55000,58.82,15400,16.47,Summer,Summer,2024-12
B03257,P098,"Dried peaches (huesillos), medium",Dried Fruit,Primary,San Fernando Dried Goods,2025-01-29,2025-11-25,9,kg,Sold Out,9.0,0.0,0.0,45000,48.13,12600,13.48,Summer,Summer,2025-01
B03258,P098,"Dried peaches (huesillos), medium",Dried Fruit,Primary,San Fernando Dried Goods,2025-03-08,2026-01-02,9,kg,Partial Loss,8.47,0.53,5.9,42350,45.29,9950,10.64,Autumn,Autumn,2025-03
B03259,P098,"Dried peaches (huesillos), medium",Dried Fruit,Backup,Deshidratados Elqui,2025-04-20,2026-02-14,26,kg,Sold Out,26.0,0.0,0.0,130000,139.04,32500,34.76,Autumn,Autumn,2025-04
B03260,P098,"Dried peaches (huesillos), medium",Dried Fruit,Primary,San Fernando Dried Goods,2025-05-24,2026-03-20,27,kg,Sold Out,27.0,0.0,0.0,135000,144.39,37800,40.43,Autumn,Autumn,2025-05
B03261,P098,"Dried peaches (huesillos), medium",Dried Fruit,Primary,San Fernando Dried Goods,2025-06-29,2026-04-25,28,kg,Partial Loss,26.8,1.2,4.3,134000,143.32,33200,35.51,Winter,Winter,2025-06
B03262,P099,Dried apricots,Dried Fruit,Primary,San Fernando Dried Goods,2023-07-02,2024-04-27,23,kg,Sold Out,23.0,0.0,0.0,161000,172.19,46000,49.2,Winter,Winter,2023-07
B03263,P099,Dried apricots,Dried Fruit,Primary,San Fernando Dried Goods,2023-08-03,2024-05-29,24,kg,Sold Out,24.0,0.0,0.0,168000,179.68,48000,51.34,Winter,Winter,2023-08
B03264,P099,Dried apricots,Dried Fruit,Primary,San Fernando Dried Goods,2023-09-13,2024-07-09,34,kg,Sold Out,34.0,0.0,0.0,238000,254.55,68000,72.73,Spring,Spring,2023-09
B03265,P099,Dried apricots,Dried Fruit,Primary,San Fernando Dried Goods,2023-10-19,2024-08-14,9,kg,Partial Loss,8.44,0.56,6.2,59080,63.19,14080,15.06,Spring,Spring,2023-10
B03266,P099,Dried apricots,Dried Fruit,Primary,San Fernando Dried Goods,2023-11-24,2024-09-19,8,kg,Sold Out,8.0,0.0,0.0,56000,59.89,16000,17.11,Spring,Spring,2023-11
B03267,P099,Dried apricots,Dried Fruit,Primary,San Fernando Dried Goods,2023-12-26,2024-10-21,10,kg,Sold Out,10.0,0.0,0.0,70000,74.87,20000,21.39,Summer,Summer,2023-12
B03268,P099,Dried apricots,Dried Fruit,Primary,San Fernando Dried Goods,2024-01-20,2024-11-15,9,kg,Partial Loss,8.31,0.69,7.7,58170,62.21,13170,14.09,Summer,Summer,2024-01
B03269,P099,Dried apricots,Dried Fruit,Primary,San Fernando Dried Goods,2024-02-29,2024-12-25,8,kg,Partial Loss,7.34,0.66,8.2,51380,54.95,11380,12.17,Summer,Summer,2024-02
B03270,P099,Dried apricots,Dried Fruit,Primary,San Fernando Dried Goods,2024-04-08,2025-02-02,21,kg,Partial Loss,20.77,0.23,1.1,145390,155.5,40390,43.2,Autumn,Autumn,2024-04
B03271,P099,Dried apricots,Dried Fruit,Primary,San Fernando Dried Goods,2024-05-14,2025-03-10,25,kg,Partial Loss,23.6,1.4,5.6,165200,176.68,40200,42.99,Autumn,Autumn,2024-05
B03272,P099,Dried apricots,Dried Fruit,Primary,San Fernando Dried Goods,2024-06-17,2025-04-13,27,kg,Sold Out,27.0,0.0,0.0,189000,202.14,54000,57.75,Winter,Winter,2024-06
B03273,P099,Dried apricots,Dried Fruit,Primary,San Fernando Dried Goods,2024-07-23,2025-05-19,23,kg,Sold Out,23.0,0.0,0.0,161000,172.19,46000,49.2,Winter,Winter,2024-07
B03274,P099,Dried apricots,Dried Fruit,Backup,Deshidratados Elqui,2024-08-24,2025-06-20,25,kg,Sold Out,25.0,0.0,0.0,175000,187.17,48750,52.14,Winter,Winter,2024-08
B03275,P099,Dried apricots,Dried Fruit,Primary,San Fernando Dried Goods,2024-09-30,2025-07-27,31,kg,Sold Out,31.0,0.0,0.0,217000,232.09,62000,66.31,Spring,Spring,2024-09
B03276,P099,Dried apricots,Dried Fruit,Primary,San Fernando Dried Goods,2024-11-07,2025-09-03,9,kg,Partial Loss,8.44,0.56,6.2,59080,63.19,14080,15.06,Spring,Spring,2024-11
B03277,P099,Dried apricots,Dried Fruit,Primary,San Fernando Dried Goods,2024-12-06,2025-10-02,12,kg,Sold Out,12.0,0.0,0.0,84000,89.84,24000,25.67,Summer,Summer,2024-12
B03278,P099,Dried apricots,Dried Fruit,Primary,San Fernando Dried Goods,2025-01-06,2025-11-02,8,kg,Partial Loss,7.45,0.55,6.9,52150,55.78,12150,12.99,Summer,Summer,2025-01
B03279,P099,Dried apricots,Dried Fruit,Primary,San Fernando Dried Goods,2025-02-09,2025-12-06,10,kg,Sold Out,10.0,0.0,0.0,70000,74.87,20000,21.39,Summer,Summer,2025-02
B03280,P099,Dried apricots,Dried Fruit,Primary,San Fernando Dried Goods,2025-03-22,2026-01-16,9,kg,Partial Loss,8.3,0.7,7.8,58100,62.14,13100,14.01,Autumn,Autumn,2025-03
B03281,P099,Dried apricots,Dried Fruit,Primary,San Fernando Dried Goods,2025-04-28,2026-02-22,28,kg,Partial Loss,26.99,1.01,3.6,188930,202.06,48930,52.33,Autumn,Autumn,2025-04
B03282,P099,Dried apricots,Dried Fruit,Primary,San Fernando Dried Goods,2025-05-30,2026-03-26,23,kg,Sold Out,23.0,0.0,0.0,161000,172.19,46000,49.2,Autumn,Autumn,2025-05
B03283,P099,Dried apricots,Dried Fruit,Primary,San Fernando Dried Goods,2025-06-27,2026-04-23,23,kg,Sold Out,23.0,0.0,0.0,161000,172.19,46000,49.2,Winter,Winter,2025-06
B03284,P100,Dried figs,Dried Fruit,Primary,San Fernando Dried Goods,2023-07-14,2024-05-09,24,kg,Sold Out,24.0,0.0,0.0,156000,166.84,48000,51.34,Winter,Winter,2023-07
B03285,P100,Dried figs,Dried Fruit,Primary,San Fernando Dried Goods,2023-08-13,2024-06-08,26,kg,Partial Loss,24.62,1.38,5.3,160030,171.16,43030,46.02,Winter,Winter,2023-08
B03286,P100,Dried figs,Dried Fruit,Primary,San Fernando Dried Goods,2023-09-20,2024-07-16,33,kg,Sold Out,33.0,0.0,0.0,214500,229.41,66000,70.59,Spring,Spring,2023-09
B03287,P100,Dried figs,Dried Fruit,Primary,San Fernando Dried Goods,2023-10-29,2024-08-24,9,kg,Sold Out,9.0,0.0,0.0,58500,62.57,18000,19.25,Spring,Spring,2023-10
B03288,P100,Dried figs,Dried Fruit,Primary,San Fernando Dried Goods,2023-12-05,2024-09-30,11,kg,Sold Out,11.0,0.0,0.0,71500,76.47,22000,23.53,Summer,Summer,2023-12
B03289,P100,Dried figs,Dried Fruit,Primary,San Fernando Dried Goods,2024-01-16,2024-11-11,10,kg,Partial Loss,8.96,1.04,10.4,58240,62.29,13240,14.16,Summer,Summer,2024-01
B03290,P100,Dried figs,Dried Fruit,Primary,San Fernando Dried Goods,2024-02-18,2024-12-14,8,kg,Partial Loss,7.74,0.26,3.3,50310,53.81,14310,15.3,Summer,Summer,2024-02
B03291,P100,Dried figs,Dried Fruit,Primary,San Fernando Dried Goods,2024-03-18,2025-01-12,9,kg,Sold Out,9.0,0.0,0.0,58500,62.57,18000,19.25,Autumn,Autumn,2024-03
B03292,P100,Dried figs,Dried Fruit,Backup,Deshidratados Elqui,2024-04-12,2025-02-06,24,kg,Partial Loss,22.97,1.03,4.3,149305,159.68,30505,32.63,Autumn,Autumn,2024-04
B03293,P100,Dried figs,Dried Fruit,Primary,San Fernando Dried Goods,2024-05-22,2025-03-18,21,kg,Partial Loss,19.59,1.41,6.7,127335,136.19,32835,35.12,Autumn,Autumn,2024-05
B03294,P100,Dried figs,Dried Fruit,Primary,San Fernando Dried Goods,2024-06-29,2025-04-25,27,kg,Sold Out,27.0,0.0,0.0,175500,187.7,54000,57.75,Winter,Winter,2024-06
B03295,P100,Dried figs,Dried Fruit,Primary,San Fernando Dried Goods,2024-07-25,2025-05-21,27,kg,Sold Out,27.0,0.0,0.0,175500,187.7,54000,57.75,Winter,Winter,2024-07
B03296,P100,Dried figs,Dried Fruit,Primary,San Fernando Dried Goods,2024-08-22,2025-06-18,22,kg,Partial Loss,21.34,0.66,3.0,138710,148.35,39710,42.47,Winter,Winter,2024-08
B03297,P100,Dried figs,Dried Fruit,Backup,Deshidratados Elqui,2024-09-23,2025-07-20,33,kg,Sold Out,33.0,0.0,0.0,214500,229.41,51150,54.71,Spring,Spring,2024-09
B03298,P100,Dried figs,Dried Fruit,Primary,San Fernando Dried Goods,2024-10-30,2025-08-26,10,kg,Partial Loss,9.55,0.45,4.5,62075,66.39,17075,18.26,Spring,Spring,2024-10
B03299,P100,Dried figs,Dried Fruit,Primary,San Fernando Dried Goods,2024-12-02,2025-09-28,12,kg,Sold Out,12.0,0.0,0.0,78000,83.42,24000,25.67,Summer,Summer,2024-12
B03300,P100,Dried figs,Dried Fruit,Primary,San Fernando Dried Goods,2025-01-04,2025-10-31,10,kg,Sold Out,10.0,0.0,0.0,65000,69.52,20000,21.39,Summer,Summer,2025-01
B03301,P100,Dried figs,Dried Fruit,Backup,Deshidratados Elqui,2025-02-05,2025-12-02,10,kg,Sold Out,10.0,0.0,0.0,65000,69.52,15500,16.58,Summer,Summer,2025-02
B03302,P100,Dried figs,Dried Fruit,Backup,Deshidratados Elqui,2025-03-20,2026-01-14,10,kg,Sold Out,10.0,0.0,0.0,65000,69.52,15500,16.58,Autumn,Autumn,2025-03
B03303,P100,Dried figs,Dried Fruit,Primary,San Fernando Dried Goods,2025-04-22,2026-02-16,26,kg,Sold Out,26.0,0.0,0.0,169000,180.75,52000,55.61,Autumn,Autumn,2025-04
B03304,P100,Dried figs,Dried Fruit,Primary,San Fernando Dried Goods,2025-05-28,2026-03-24,28,kg,Sold Out,28.0,0.0,0.0,182000,194.65,56000,59.89,Autumn,Autumn,2025-05
B03305,P101,Dried apple rings,Dried Fruit,Backup,Deshidratados Elqui,2023-07-03,2024-04-28,23,kg,Sold Out,23.0,0.0,0.0,126500,135.29,29900,31.98,Winter,Winter,2023-07
B03306,P101,Dried apple rings,Dried Fruit,Primary,San Fernando Dried Goods,2023-08-12,2024-06-07,22,kg,Partial Loss,21.65,0.35,1.6,119075,127.35,34375,36.76,Winter,Winter,2023-08
B03307,P101,Dried apple rings,Dried Fruit,Primary,San Fernando Dried Goods,2023-09-18,2024-07-14,32,kg,Sold Out,32.0,0.0,0.0,176000,188.24,52800,56.47,Spring,Spring,2023-09
B03308,P101,Dried apple rings,Dried Fruit,Primary,San Fernando Dried Goods,2023-10-30,2024-08-25,10,kg,Sold Out,10.0,0.0,0.0,55000,58.82,16500,17.65,Spring,Spring,2023-10
B03309,P101,Dried apple rings,Dried Fruit,Primary,San Fernando Dried Goods,2023-11-29,2024-09-24,8,kg,Partial Loss,7.66,0.34,4.3,42130,45.06,11330,12.12,Spring,Spring,2023-11
B03310,P101,Dried apple rings,Dried Fruit,Primary,San Fernando Dried Goods,2024-01-04,2024-10-30,9,kg,Sold Out,9.0,0.0,0.0,49500,52.94,14850,15.88,Summer,Summer,2024-01
B03311,P101,Dried apple rings,Dried Fruit,Primary,San Fernando Dried Goods,2024-02-19,2024-12-15,10,kg,Partial Loss,9.49,0.51,5.1,52195,55.82,13695,14.65,Summer,Summer,2024-02
B03312,P101,Dried apple rings,Dried Fruit,Primary,San Fernando Dried Goods,2024-03-15,2025-01-09,10,kg,Partial Loss,9.09,0.91,9.1,49995,53.47,11495,12.29,Autumn,Autumn,2024-03
B03313,P101,Dried apple rings,Dried Fruit,Primary,San Fernando Dried Goods,2024-04-23,2025-02-17,25,kg,Sold Out,25.0,0.0,0.0,137500,147.06,41250,44.12,Autumn,Autumn,2024-04
B03314,P101,Dried apple rings,Dried Fruit,Primary,San Fernando Dried Goods,2024-05-25,2025-03-21,25,kg,Partial Loss,24.22,0.78,3.1,133210,142.47,36960,39.53,Autumn,Autumn,2024-05
B03315,P101,Dried apple rings,Dried Fruit,Primary,San Fernando Dried Goods,2024-06-17,2025-04-13,27,kg,Sold Out,27.0,0.0,0.0,148500,158.82,44550,47.65,Winter,Winter,2024-06
B03316,P101,Dried apple rings,Dried Fruit,Primary,San Fernando Dried Goods,2024-07-27,2025-05-23,27,kg,Partial Loss,24.44,2.56,9.5,134420,143.76,30470,32.59,Winter,Winter,2024-07
B03317,P101,Dried apple rings,Dried Fruit,Primary,San Fernando Dried Goods,2024-09-08,2025-07-05,29,kg,Sold Out,29.0,0.0,0.0,159500,170.59,47850,51.18,Spring,Spring,2024-09
B03318,P101,Dried apple rings,Dried Fruit,Primary,San Fernando Dried Goods,2024-10-12,2025-08-08,9,kg,Partial Loss,8.51,0.49,5.4,46805,50.06,12155,13.0,Spring,Spring,2024-10
B03319,P101,Dried apple rings,Dried Fruit,Primary,San Fernando Dried Goods,2024-11-20,2025-09-16,9,kg,Sold Out,9.0,0.0,0.0,49500,52.94,14850,15.88,Spring,Spring,2024-11
B03320,P101,Dried apple rings,Dried Fruit,Backup,Deshidratados Elqui,2024-12-30,2025-10-26,13,kg,Sold Out,13.0,0.0,0.0,71500,76.47,16900,18.07,Summer,Summer,2024-12
B03321,P101,Dried apple rings,Dried Fruit,Primary,San Fernando Dried Goods,2025-02-01,2025-11-28,11,kg,Partial Loss,10.37,0.63,5.7,57035,61.0,14685,15.71,Summer,Summer,2025-02
B03322,P101,Dried apple rings,Dried Fruit,Primary,San Fernando Dried Goods,2025-03-03,2025-12-28,9,kg,Partial Loss,8.45,0.55,6.1,46475,49.71,11825,12.65,Autumn,Autumn,2025-03
B03323,P101,Dried apple rings,Dried Fruit,Primary,San Fernando Dried Goods,2025-04-11,2026-02-05,27,kg,Sold Out,27.0,0.0,0.0,148500,158.82,44550,47.65,Autumn,Autumn,2025-04
B03324,P101,Dried apple rings,Dried Fruit,Backup,Deshidratados Elqui,2025-05-06,2026-03-02,28,kg,Partial Loss,25.87,2.13,7.6,142285,152.18,24685,26.4,Autumn,Autumn,2025-05
B03325,P101,Dried apple rings,Dried Fruit,Backup,Deshidratados Elqui,2025-06-07,2026-04-03,25,kg,Sold Out,25.0,0.0,0.0,137500,147.06,32500,34.76,Winter,Winter,2025-06
B03326,P102,Dried pear halves,Dried Fruit,Primary,San Fernando Dried Goods,2023-07-06,2024-05-01,26,kg,Sold Out,26.0,0.0,0.0,169000,180.75,50700,54.22,Winter,Winter,2023-07
B03327,P102,Dried pear halves,Dried Fruit,Primary,San Fernando Dried Goods,2023-08-03,2024-05-29,25,kg,Sold Out,25.0,0.0,0.0,162500,173.8,48750,52.14,Winter,Winter,2023-08
B03328,P102,Dried pear halves,Dried Fruit,Primary,San Fernando Dried Goods,2023-09-04,2024-06-30,31,kg,Sold Out,31.0,0.0,0.0,201500,215.51,60450,64.65,Spring,Spring,2023-09
B03329,P102,Dried pear halves,Dried Fruit,Primary,San Fernando Dried Goods,2023-10-05,2024-07-31,9,kg,Partial Loss,8.47,0.53,5.9,55055,58.88,14105,15.09,Spring,Spring,2023-10
B03330,P102,Dried pear halves,Dried Fruit,Primary,San Fernando Dried Goods,2023-11-09,2024-09-04,10,kg,Partial Loss,9.47,0.53,5.3,61555,65.83,16055,17.17,Spring,Spring,2023-11
B03331,P102,Dried pear halves,Dried Fruit,Backup,Deshidratados Elqui,2023-12-08,2024-10-03,10,kg,Partial Loss,9.08,0.92,9.2,59020,63.12,9520,10.18,Summer,Summer,2023-12
B03332,P102,Dried pear halves,Dried Fruit,Primary,San Fernando Dried Goods,2024-01-01,2024-10-27,8,kg,Sold Out,8.0,0.0,0.0,52000,55.61,15600,16.68,Summer,Summer,2024-01
B03333,P102,Dried pear halves,Dried Fruit,Primary,San Fernando Dried Goods,2024-02-08,2024-12-04,8,kg,Sold Out,8.0,0.0,0.0,52000,55.61,15600,16.68,Summer,Summer,2024-02
B03334,P102,Dried pear halves,Dried Fruit,Primary,San Fernando Dried Goods,2024-03-09,2025-01-03,10,kg,Partial Loss,9.08,0.92,9.2,59020,63.12,13520,14.46,Autumn,Autumn,2024-03
B03335,P102,Dried pear halves,Dried Fruit,Primary,San Fernando Dried Goods,2024-04-15,2025-02-09,27,kg,Sold Out,27.0,0.0,0.0,175500,187.7,52650,56.31,Autumn,Autumn,2024-04
B03336,P102,Dried pear halves,Dried Fruit,Primary,San Fernando Dried Goods,2024-05-25,2025-03-21,27,kg,Partial Loss,25.89,1.11,4.1,168285,179.98,45435,48.59,Autumn,Autumn,2024-05
B03337,P102,Dried pear halves,Dried Fruit,Primary,San Fernando Dried Goods,2024-07-03,2025-04-29,24,kg,Sold Out,24.0,0.0,0.0,156000,166.84,46800,50.05,Winter,Winter,2024-07
B03338,P102,Dried pear halves,Dried Fruit,Primary,San Fernando Dried Goods,2024-08-09,2025-06-05,22,kg,Partial Loss,21.38,0.62,2.8,138970,148.63,38870,41.57,Winter,Winter,2024-08
B03339,P102,Dried pear halves,Dried Fruit,Backup,Deshidratados Elqui,2024-09-07,2025-07-04,26,kg,Sold Out,26.0,0.0,0.0,169000,180.75,40300,43.1,Spring,Spring,2024-09
B03340,P102,Dried pear halves,Dried Fruit,Primary,San Fernando Dried Goods,2024-10-10,2025-08-06,9,kg,Partial Loss,8.17,0.83,9.2,53105,56.8,12155,13.0,Spring,Spring,2024-10
B03341,P102,Dried pear halves,Dried Fruit,Primary,San Fernando Dried Goods,2024-11-21,2025-09-17,10,kg,Partial Loss,9.28,0.72,7.2,60320,64.51,14820,15.85,Spring,Spring,2024-11
B03342,P102,Dried pear halves,Dried Fruit,Primary,San Fernando Dried Goods,2024-12-21,2025-10-17,12,kg,Sold Out,12.0,0.0,0.0,78000,83.42,23400,25.03,Summer,Summer,2024-12
B03343,P102,Dried pear halves,Dried Fruit,Primary,San Fernando Dried Goods,2025-01-27,2025-11-23,10,kg,Partial Loss,9.45,0.55,5.5,61425,65.7,15925,17.03,Summer,Summer,2025-01
B03344,P102,Dried pear halves,Dried Fruit,Primary,San Fernando Dried Goods,2025-02-23,2025-12-20,9,kg,Partial Loss,8.4,0.6,6.7,54600,58.4,13650,14.6,Summer,Summer,2025-02
B03345,P102,Dried pear halves,Dried Fruit,Backup,Deshidratados Elqui,2025-03-22,2026-01-16,10,kg,Partial Loss,9.47,0.53,5.3,61555,65.83,12055,12.89,Autumn,Autumn,2025-03
B03346,P102,Dried pear halves,Dried Fruit,Primary,San Fernando Dried Goods,2025-04-20,2026-02-14,22,kg,Sold Out,22.0,0.0,0.0,143000,152.94,42900,45.88,Autumn,Autumn,2025-04
B03347,P102,Dried pear halves,Dried Fruit,Primary,San Fernando Dried Goods,2025-05-15,2026-03-11,27,kg,Sold Out,27.0,0.0,0.0,175500,187.7,52650,56.31,Autumn,Autumn,2025-05
B03348,P102,Dried pear halves,Dried Fruit,Primary,San Fernando Dried Goods,2025-06-11,2026-04-07,29,kg,Sold Out,29.0,0.0,0.0,188500,201.6,56550,60.48,Winter,Winter,2025-06
B03349,P103,Cranberries (dried),Dried Fruit,Primary,San Fernando Dried Goods,2023-07-07,2024-05-02,21,kg,Sold Out,21.0,0.0,0.0,178500,190.91,44100,47.17,Winter,Winter,2023-07
B03350,P103,Cranberries (dried),Dried Fruit,Primary,San Fernando Dried Goods,2023-08-12,2024-06-07,27,kg,Sold Out,27.0,0.0,0.0,229500,245.45,56700,60.64,Winter,Winter,2023-08
B03351,P103,Cranberries (dried),Dried Fruit,Primary,San Fernando Dried Goods,2023-09-13,2024-07-09,32,kg,Sold Out,32.0,0.0,0.0,272000,290.91,67200,71.87,Spring,Spring,2023-09
B03352,P103,Cranberries (dried),Dried Fruit,Backup,Deshidratados Elqui,2023-10-14,2024-08-09,10,kg,Sold Out,10.0,0.0,0.0,85000,90.91,19000,20.32,Spring,Spring,2023-10
B03353,P103,Cranberries (dried),Dried Fruit,Primary,San Fernando Dried Goods,2023-11-15,2024-09-10,10,kg,Sold Out,10.0,0.0,0.0,85000,90.91,21000,22.46,Spring,Spring,2023-11
B03354,P103,Cranberries (dried),Dried Fruit,Primary,San Fernando Dried Goods,2023-12-21,2024-10-16,11,kg,Sold Out,11.0,0.0,0.0,93500,100.0,23100,24.71,Summer,Summer,2023-12
B03355,P103,Cranberries (dried),Dried Fruit,Primary,San Fernando Dried Goods,2024-01-15,2024-11-10,10,kg,Sold Out,10.0,0.0,0.0,85000,90.91,21000,22.46,Summer,Summer,2024-01
B03356,P103,Cranberries (dried),Dried Fruit,Primary,San Fernando Dried Goods,2024-02-16,2024-12-12,9,kg,Partial Loss,8.28,0.72,8.0,70380,75.27,12780,13.67,Summer,Summer,2024-02
B03357,P103,Cranberries (dried),Dried Fruit,Backup,Deshidratados Elqui,2024-03-19,2025-01-13,9,kg,Partial Loss,8.63,0.37,4.1,73355,78.45,13955,14.93,Autumn,Autumn,2024-03
B03358,P103,Cranberries (dried),Dried Fruit,Primary,San Fernando Dried Goods,2024-04-19,2025-02-13,22,kg,Sold Out,22.0,0.0,0.0,187000,200.0,46200,49.41,Autumn,Autumn,2024-04
B03359,P103,Cranberries (dried),Dried Fruit,Primary,San Fernando Dried Goods,2024-05-22,2025-03-18,27,kg,Sold Out,27.0,0.0,0.0,229500,245.45,56700,60.64,Autumn,Autumn,2024-05
B03360,P103,Cranberries (dried),Dried Fruit,Primary,San Fernando Dried Goods,2024-06-20,2025-04-16,22,kg,Sold Out,22.0,0.0,0.0,187000,200.0,46200,49.41,Winter,Winter,2024-06
B03361,P103,Cranberries (dried),Dried Fruit,Primary,San Fernando Dried Goods,2024-07-22,2025-05-18,23,kg,Sold Out,23.0,0.0,0.0,195500,209.09,48300,51.66,Winter,Winter,2024-07
B03362,P103,Cranberries (dried),Dried Fruit,Primary,San Fernando Dried Goods,2024-08-27,2025-06-23,27,kg,Sold Out,27.0,0.0,0.0,229500,245.45,56700,60.64,Winter,Winter,2024-08
B03363,P103,Cranberries (dried),Dried Fruit,Primary,San Fernando Dried Goods,2024-09-28,2025-07-25,34,kg,Partial Loss,32.3,1.7,5.0,274550,293.64,56950,60.91,Spring,Spring,2024-09
B03364,P103,Cranberries (dried),Dried Fruit,Primary,San Fernando Dried Goods,2024-11-02,2025-08-29,8,kg,Partial Loss,7.58,0.42,5.2,64430,68.91,13230,14.15,Spring,Spring,2024-11
B03365,P103,Cranberries (dried),Dried Fruit,Primary,San Fernando Dried Goods,2024-12-04,2025-09-30,12,kg,Partial Loss,11.45,0.55,4.6,97325,104.09,20525,21.95,Summer,Summer,2024-12
B03366,P103,Cranberries (dried),Dried Fruit,Primary,San Fernando Dried Goods,2025-01-16,2025-11-12,8,kg,Partial Loss,7.21,0.79,9.9,61285,65.55,10085,10.79,Summer,Summer,2025-01
B03367,P103,Cranberries (dried),Dried Fruit,Primary,San Fernando Dried Goods,2025-02-19,2025-12-16,10,kg,Sold Out,10.0,0.0,0.0,85000,90.91,21000,22.46,Summer,Summer,2025-02
B03368,P103,Cranberries (dried),Dried Fruit,Primary,San Fernando Dried Goods,2025-04-04,2026-01-29,23,kg,Sold Out,23.0,0.0,0.0,195500,209.09,48300,51.66,Autumn,Autumn,2025-04
B03369,P103,Cranberries (dried),Dried Fruit,Primary,San Fernando Dried Goods,2025-05-10,2026-03-06,23,kg,Sold Out,23.0,0.0,0.0,195500,209.09,48300,51.66,Autumn,Autumn,2025-05
B03370,P103,Cranberries (dried),Dried Fruit,Primary,San Fernando Dried Goods,2025-06-10,2026-04-06,28,kg,Sold Out,28.0,0.0,0.0,238000,254.55,58800,62.89,Winter,Winter,2025-06
B03371,P104,Dried dates,Dried Fruit,Primary,San Fernando Dried Goods,2023-07-23,2024-05-18,27,kg,Sold Out,27.0,0.0,0.0,202500,216.58,56700,60.64,Winter,Winter,2023-07
B03372,P104,Dried dates,Dried Fruit,Primary,San Fernando Dried Goods,2023-08-26,2024-06-21,22,kg,Sold Out,22.0,0.0,0.0,165000,176.47,46200,49.41,Winter,Winter,2023-08
B03373,P104,Dried dates,Dried Fruit,Primary,San Fernando Dried Goods,2023-09-29,2024-07-25,31,kg,Sold Out,31.0,0.0,0.0,232500,248.66,65100,69.63,Spring,Spring,2023-09
B03374,P104,Dried dates,Dried Fruit,Primary,San Fernando Dried Goods,2023-11-08,2024-09-03,10,kg,Partial Loss,9.37,0.63,6.3,70275,75.16,16275,17.41,Spring,Spring,2023-11
B03375,P104,Dried dates,Dried Fruit,Primary,San Fernando Dried Goods,2023-12-13,2024-10-08,11,kg,Sold Out,11.0,0.0,0.0,82500,88.24,23100,24.71,Summer,Summer,2023-12
B03376,P104,Dried dates,Dried Fruit,Primary,San Fernando Dried Goods,2024-01-19,2024-11-14,9,kg,Partial Loss,8.23,0.77,8.5,61725,66.02,13125,14.04,Summer,Summer,2024-01
B03377,P104,Dried dates,Dried Fruit,Primary,San Fernando Dried Goods,2024-02-27,2024-12-23,10,kg,Partial Loss,9.32,0.68,6.8,69900,74.76,15900,17.01,Summer,Summer,2024-02
B03378,P104,Dried dates,Dried Fruit,Primary,San Fernando Dried Goods,2024-03-31,2025-01-25,9,kg,Partial Loss,8.5,0.49,5.5,63750,68.18,15150,16.2,Autumn,Autumn,2024-03
B03379,P104,Dried dates,Dried Fruit,Primary,San Fernando Dried Goods,2024-05-10,2025-03-06,22,kg,Partial Loss,21.38,0.62,2.8,160350,171.5,41550,44.44,Autumn,Autumn,2024-05
B03380,P104,Dried dates,Dried Fruit,Primary,San Fernando Dried Goods,2024-06-16,2025-04-12,25,kg,Partial Loss,24.6,0.4,1.6,184500,197.33,49500,52.94,Winter,Winter,2024-06
B03381,P104,Dried dates,Dried Fruit,Primary,San Fernando Dried Goods,2024-07-10,2025-05-06,22,kg,Sold Out,22.0,0.0,0.0,165000,176.47,46200,49.41,Winter,Winter,2024-07
B03382,P104,Dried dates,Dried Fruit,Primary,San Fernando Dried Goods,2024-08-07,2025-06-03,25,kg,Sold Out,25.0,0.0,0.0,187500,200.53,52500,56.15,Winter,Winter,2024-08
B03383,P104,Dried dates,Dried Fruit,Primary,San Fernando Dried Goods,2024-08-31,2025-06-27,25,kg,Sold Out,25.0,0.0,0.0,187500,200.53,52500,56.15,Winter,Winter,2024-08
B03384,P104,Dried dates,Dried Fruit,Primary,San Fernando Dried Goods,2024-09-21,2025-07-18,27,kg,Sold Out,27.0,0.0,0.0,202500,216.58,56700,60.64,Spring,Spring,2024-09
B03385,P104,Dried dates,Dried Fruit,Primary,San Fernando Dried Goods,2024-10-19,2025-08-15,8,kg,Partial Loss,7.8,0.2,2.5,58500,62.57,15300,16.36,Spring,Spring,2024-10
B03386,P104,Dried dates,Dried Fruit,Primary,San Fernando Dried Goods,2024-11-19,2025-09-15,9,kg,Partial Loss,8.44,0.56,6.2,63300,67.7,14700,15.72,Spring,Spring,2024-11
B03387,P104,Dried dates,Dried Fruit,Primary,San Fernando Dried Goods,2024-12-28,2025-10-24,11,kg,Partial Loss,10.68,0.32,2.9,80100,85.67,20700,22.14,Summer,Summer,2024-12
B03388,P104,Dried dates,Dried Fruit,Primary,San Fernando Dried Goods,2025-02-01,2025-11-28,9,kg,Partial Loss,8.33,0.67,7.4,62475,66.82,13875,14.84,Summer,Summer,2025-02
B03389,P104,Dried dates,Dried Fruit,Primary,San Fernando Dried Goods,2025-03-07,2026-01-01,10,kg,Sold Out,10.0,0.0,0.0,75000,80.21,21000,22.46,Autumn,Autumn,2025-03
B03390,P104,Dried dates,Dried Fruit,Primary,San Fernando Dried Goods,2025-04-12,2026-02-06,22,kg,Sold Out,22.0,0.0,0.0,165000,176.47,46200,49.41,Autumn,Autumn,2025-04
B03391,P104,Dried dates,Dried Fruit,Primary,San Fernando Dried Goods,2025-05-19,2026-03-15,29,kg,Sold Out,29.0,0.0,0.0,217500,232.62,60900,65.13,Autumn,Autumn,2025-05
B03392,P104,Dried dates,Dried Fruit,Primary,San Fernando Dried Goods,2025-06-21,2026-04-17,26,kg,Sold Out,26.0,0.0,0.0,195000,208.56,54600,58.4,Winter,Winter,2025-06
B03393,P105,Banana chips,Dried Fruit,Primary,San Fernando Dried Goods,2023-07-09,2024-05-04,17,kg,Partial Loss,16.59,0.41,2.4,99540,106.46,26440,28.28,Winter,Winter,2023-07
B03394,P105,Banana chips,Dried Fruit,Primary,San Fernando Dried Goods,2023-08-16,2024-06-11,13,kg,Sold Out,13.0,0.0,0.0,78000,83.42,22100,23.64,Winter,Winter,2023-08
B03395,P105,Banana chips,Dried Fruit,Primary,San Fernando Dried Goods,2023-09-14,2024-07-10,20,kg,Partial Loss,18.8,1.2,6.0,112800,120.64,26800,28.66,Spring,Spring,2023-09
B03396,P105,Banana chips,Dried Fruit,Primary,San Fernando Dried Goods,2023-10-14,2024-08-09,14,kg,Partial Loss,13.47,0.53,3.8,80820,86.44,20620,22.05,Spring,Spring,2023-10
B03397,P105,Banana chips,Dried Fruit,Primary,San Fernando Dried Goods,2023-11-12,2024-09-07,13,kg,Partial Loss,12.99,0.01,0.1,77940,83.36,22040,23.57,Spring,Spring,2023-11
B03398,P105,Banana chips,Dried Fruit,Primary,San Fernando Dried Goods,2023-12-20,2024-10-15,18,kg,Sold Out,18.0,0.0,0.0,108000,115.51,30600,32.73,Summer,Summer,2023-12
B03399,P105,Banana chips,Dried Fruit,Backup,Deshidratados Elqui,2024-02-02,2024-11-28,14,kg,Sold Out,14.0,0.0,0.0,84000,89.84,16100,17.22,Summer,Summer,2024-02
B03400,P105,Banana chips,Dried Fruit,Primary,San Fernando Dried Goods,2024-03-02,2024-12-27,13,kg,Sold Out,13.0,0.0,0.0,78000,83.42,22100,23.64,Autumn,Autumn,2024-03
B03401,P105,Banana chips,Dried Fruit,Primary,San Fernando Dried Goods,2024-04-02,2025-01-27,15,kg,Partial Loss,14.31,0.69,4.6,85860,91.83,21360,22.84,Autumn,Autumn,2024-04
B03402,P105,Banana chips,Dried Fruit,Primary,San Fernando Dried Goods,2024-05-06,2025-03-02,14,kg,Sold Out,14.0,0.0,0.0,84000,89.84,23800,25.45,Autumn,Autumn,2024-05
B03403,P105,Banana chips,Dried Fruit,Primary,San Fernando Dried Goods,2024-06-10,2025-04-06,16,kg,Sold Out,16.0,0.0,0.0,96000,102.67,27200,29.09,Winter,Winter,2024-06
B03404,P105,Banana chips,Dried Fruit,Primary,San Fernando Dried Goods,2024-07-09,2025-05-05,14,kg,Sold Out,14.0,0.0,0.0,84000,89.84,23800,25.45,Winter,Winter,2024-07
B03405,P105,Banana chips,Dried Fruit,Backup,Deshidratados Elqui,2024-08-11,2025-06-07,13,kg,Partial Loss,12.47,0.53,4.1,74820,80.02,11770,12.59,Winter,Winter,2024-08
B03406,P105,Banana chips,Dried Fruit,Primary,San Fernando Dried Goods,2024-09-15,2025-07-12,19,kg,Sold Out,19.0,0.0,0.0,114000,121.93,32300,34.55,Spring,Spring,2024-09
B03407,P105,Banana chips,Dried Fruit,Primary,San Fernando Dried Goods,2024-10-18,2025-08-14,14,kg,Sold Out,14.0,0.0,0.0,84000,89.84,23800,25.45,Spring,Spring,2024-10
B03408,P105,Banana chips,Dried Fruit,Primary,San Fernando Dried Goods,2024-11-21,2025-09-17,17,kg,Sold Out,17.0,0.0,0.0,102000,109.09,28900,30.91,Spring,Spring,2024-11
B03409,P105,Banana chips,Dried Fruit,Primary,San Fernando Dried Goods,2024-12-28,2025-10-24,22,kg,Sold Out,22.0,0.0,0.0,132000,141.18,37400,40.0,Summer,Summer,2024-12
B03410,P105,Banana chips,Dried Fruit,Primary,San Fernando Dried Goods,2025-01-26,2025-11-22,16,kg,Partial Loss,15.97,0.03,0.2,95820,102.48,27020,28.9,Summer,Summer,2025-01
B03411,P105,Banana chips,Dried Fruit,Primary,San Fernando Dried Goods,2025-02-22,2025-12-19,19,kg,Sold Out,19.0,0.0,0.0,114000,121.93,32300,34.55,Summer,Summer,2025-02
B03412,P105,Banana chips,Dried Fruit,Primary,San Fernando Dried Goods,2025-04-03,2026-01-28,17,kg,Sold Out,17.0,0.0,0.0,102000,109.09,28900,30.91,Autumn,Autumn,2025-04
B03413,P105,Banana chips,Dried Fruit,Backup,Deshidratados Elqui,2025-05-07,2026-03-03,18,kg,Partial Loss,16.56,1.44,8.0,99360,106.27,12060,12.9,Autumn,Autumn,2025-05
B03414,P105,Banana chips,Dried Fruit,Primary,San Fernando Dried Goods,2025-06-07,2026-04-03,15,kg,Sold Out,15.0,0.0,0.0,90000,96.26,25500,27.27,Winter,Winter,2025-06
B03415,P106,Dried mango,Dried Fruit,Primary,San Fernando Dried Goods,2023-07-31,2024-05-26,17,kg,Sold Out,17.0,0.0,0.0,153000,163.64,42500,45.45,Winter,Winter,2023-07
B03416,P106,Dried mango,Dried Fruit,Backup,Deshidratados Elqui,2023-09-15,2024-07-11,20,kg,Sold Out,20.0,0.0,0.0,180000,192.51,44000,47.06,Spring,Spring,2023-09
B03417,P106,Dried mango,Dried Fruit,Primary,San Fernando Dried Goods,2023-10-31,2024-08-26,15,kg,Sold Out,15.0,0.0,0.0,135000,144.39,37500,40.11,Spring,Spring,2023-10
B03418,P106,Dried mango,Dried Fruit,Backup,Deshidratados Elqui,2023-12-07,2024-10-02,21,kg,Partial Loss,20.01,0.99,4.7,180090,192.61,37290,39.88,Summer,Summer,2023-12
B03419,P106,Dried mango,Dried Fruit,Primary,San Fernando Dried Goods,2024-01-05,2024-10-31,16,kg,Sold Out,16.0,0.0,0.0,144000,154.01,40000,42.78,Summer,Summer,2024-01
B03420,P106,Dried mango,Dried Fruit,Primary,San Fernando Dried Goods,2024-02-08,2024-12-04,16,kg,Sold Out,16.0,0.0,0.0,144000,154.01,40000,42.78,Summer,Summer,2024-02
B03421,P106,Dried mango,Dried Fruit,Primary,San Fernando Dried Goods,2024-03-17,2025-01-11,14,kg,Sold Out,14.0,0.0,0.0,126000,134.76,35000,37.43,Autumn,Autumn,2024-03
B03422,P106,Dried mango,Dried Fruit,Primary,San Fernando Dried Goods,2024-04-15,2025-02-09,14,kg,Partial Loss,13.58,0.42,3.0,122220,130.72,31220,33.39,Autumn,Autumn,2024-04
B03423,P106,Dried mango,Dried Fruit,Primary,San Fernando Dried Goods,2024-05-11,2025-03-07,15,kg,Sold Out,15.0,0.0,0.0,135000,144.39,37500,40.11,Autumn,Autumn,2024-05
B03424,P106,Dried mango,Dried Fruit,Primary,San Fernando Dried Goods,2024-06-10,2025-04-06,16,kg,Partial Loss,14.82,1.18,7.4,133380,142.65,29380,31.42,Winter,Winter,2024-06
B03425,P106,Dried mango,Dried Fruit,Backup,Deshidratados Elqui,2024-07-17,2025-05-13,17,kg,Partial Loss,16.08,0.92,5.4,144720,154.78,29120,31.14,Winter,Winter,2024-07
B03426,P106,Dried mango,Dried Fruit,Primary,San Fernando Dried Goods,2024-08-22,2025-06-18,13,kg,Sold Out,13.0,0.0,0.0,117000,125.13,32500,34.76,Winter,Winter,2024-08
B03427,P106,Dried mango,Dried Fruit,Backup,Deshidratados Elqui,2024-09-17,2025-07-14,20,kg,Sold Out,20.0,0.0,0.0,180000,192.51,44000,47.06,Spring,Spring,2024-09
B03428,P106,Dried mango,Dried Fruit,Primary,San Fernando Dried Goods,2024-10-18,2025-08-14,17,kg,Sold Out,17.0,0.0,0.0,153000,163.64,42500,45.45,Spring,Spring,2024-10
B03429,P106,Dried mango,Dried Fruit,Primary,San Fernando Dried Goods,2024-12-01,2025-09-27,19,kg,Sold Out,19.0,0.0,0.0,171000,182.89,47500,50.8,Summer,Summer,2024-12
B03430,P106,Dried mango,Dried Fruit,Primary,San Fernando Dried Goods,2025-01-04,2025-10-31,16,kg,Sold Out,16.0,0.0,0.0,144000,154.01,40000,42.78,Summer,Summer,2025-01
B03431,P106,Dried mango,Dried Fruit,Primary,San Fernando Dried Goods,2025-02-02,2025-11-29,14,kg,Sold Out,14.0,0.0,0.0,126000,134.76,35000,37.43,Summer,Summer,2025-02
B03432,P106,Dried mango,Dried Fruit,Primary,San Fernando Dried Goods,2025-03-18,2026-01-12,16,kg,Sold Out,16.0,0.0,0.0,144000,154.01,40000,42.78,Autumn,Autumn,2025-03
B03433,P106,Dried mango,Dried Fruit,Primary,San Fernando Dried Goods,2025-04-24,2026-02-18,18,kg,Sold Out,18.0,0.0,0.0,162000,173.26,45000,48.13,Autumn,Autumn,2025-04
B03434,P106,Dried mango,Dried Fruit,Primary,San Fernando Dried Goods,2025-05-28,2026-03-24,14,kg,Sold Out,14.0,0.0,0.0,126000,134.76,35000,37.43,Autumn,Autumn,2025-05
B03435,P107,Classic trail mix (nuts & raisins),Trail Mix,Primary,Maipo Nuts Ltd.,2023-07-12,2024-01-08,9,kg,Sold Out,9.0,0.0,0.0,72000,77.01,19350,20.7,Winter,Winter,2023-07
B03436,P107,Classic trail mix (nuts & raisins),Trail Mix,Primary,Maipo Nuts Ltd.,2023-07-29,2024-01-25,9,kg,Partial Loss,8.63,0.37,4.1,69040,73.84,16390,17.53,Winter,Winter,2023-07
B03437,P107,Classic trail mix (nuts & raisins),Trail Mix,Primary,Maipo Nuts Ltd.,2023-08-22,2024-02-18,9,kg,Sold Out,9.0,0.0,0.0,72000,77.01,19350,20.7,Winter,Winter,2023-08
B03438,P107,Classic trail mix (nuts & raisins),Trail Mix,Primary,Maipo Nuts Ltd.,2023-09-09,2024-03-07,13,kg,Sold Out,13.0,0.0,0.0,104000,111.23,27950,29.89,Spring,Spring,2023-09
B03439,P107,Classic trail mix (nuts & raisins),Trail Mix,Backup,San Fernando Dried Goods,2023-09-29,2024-03-27,14,kg,Sold Out,14.0,0.0,0.0,112000,119.79,23800,25.45,Spring,Spring,2023-09
B03440,P107,Classic trail mix (nuts & raisins),Trail Mix,Primary,Maipo Nuts Ltd.,2023-10-21,2024-04-18,10,kg,Sold Out,10.0,0.0,0.0,80000,85.56,21500,22.99,Spring,Spring,2023-10
B03441,P107,Classic trail mix (nuts & raisins),Trail Mix,Primary,Maipo Nuts Ltd.,2023-11-09,2024-05-07,11,kg,Sold Out,11.0,0.0,0.0,88000,94.12,23650,25.29,Spring,Spring,2023-11
B03442,P107,Classic trail mix (nuts & raisins),Trail Mix,Primary,Maipo Nuts Ltd.,2023-11-27,2024-05-25,10,kg,Sold Out,10.0,0.0,0.0,80000,85.56,21500,22.99,Spring,Spring,2023-11
B03443,P107,Classic trail mix (nuts & raisins),Trail Mix,Primary,Maipo Nuts Ltd.,2023-12-19,2024-06-16,12,kg,Sold Out,12.0,0.0,0.0,96000,102.67,25800,27.59,Summer,Summer,2023-12
B03444,P107,Classic trail mix (nuts & raisins),Trail Mix,Primary,Maipo Nuts Ltd.,2024-01-09,2024-07-07,9,kg,Sold Out,9.0,0.0,0.0,72000,77.01,19350,20.7,Summer,Summer,2024-01
B03445,P107,Classic trail mix (nuts & raisins),Trail Mix,Primary,Maipo Nuts Ltd.,2024-01-30,2024-07-28,11,kg,Partial Loss,9.94,1.06,9.6,79520,85.05,15170,16.22,Summer,Summer,2024-01
B03446,P107,Classic trail mix (nuts & raisins),Trail Mix,Primary,Maipo Nuts Ltd.,2024-02-17,2024-08-15,10,kg,Partial Loss,8.95,1.05,10.5,71600,76.58,13100,14.01,Summer,Summer,2024-02
B03447,P107,Classic trail mix (nuts & raisins),Trail Mix,Backup,San Fernando Dried Goods,2024-03-07,2024-09-03,9,kg,Sold Out,9.0,0.0,0.0,72000,77.01,15300,16.36,Autumn,Autumn,2024-03
B03448,P107,Classic trail mix (nuts & raisins),Trail Mix,Primary,Maipo Nuts Ltd.,2024-03-27,2024-09-23,11,kg,Partial Loss,10.21,0.79,7.2,81680,87.36,17330,18.53,Autumn,Autumn,2024-03
B03449,P107,Classic trail mix (nuts & raisins),Trail Mix,Primary,Maipo Nuts Ltd.,2024-04-18,2024-10-15,11,kg,Partial Loss,10.5,0.49,4.5,84000,89.84,19650,21.02,Autumn,Autumn,2024-04
B03450,P107,Classic trail mix (nuts & raisins),Trail Mix,Primary,Maipo Nuts Ltd.,2024-05-09,2024-11-05,10,kg,Partial Loss,9.53,0.47,4.7,76240,81.54,17740,18.97,Autumn,Autumn,2024-05
B03451,P107,Classic trail mix (nuts & raisins),Trail Mix,Primary,Maipo Nuts Ltd.,2024-06-01,2024-11-28,11,kg,Partial Loss,10.32,0.68,6.2,82560,88.3,18210,19.48,Winter,Winter,2024-06
B03452,P107,Classic trail mix (nuts & raisins),Trail Mix,Primary,Maipo Nuts Ltd.,2024-06-21,2024-12-18,11,kg,Partial Loss,10.14,0.86,7.8,81120,86.76,16770,17.94,Winter,Winter,2024-06
B03453,P107,Classic trail mix (nuts & raisins),Trail Mix,Primary,Maipo Nuts Ltd.,2024-07-12,2025-01-08,10,kg,Partial Loss,9.38,0.62,6.2,75040,80.26,16540,17.69,Winter,Winter,2024-07
B03454,P107,Classic trail mix (nuts & raisins),Trail Mix,Primary,Maipo Nuts Ltd.,2024-08-02,2025-01-29,10,kg,Partial Loss,9.46,0.54,5.4,75680,80.94,17180,18.37,Winter,Winter,2024-08
B03455,P107,Classic trail mix (nuts & raisins),Trail Mix,Primary,Maipo Nuts Ltd.,2024-08-24,2025-02-20,9,kg,Sold Out,9.0,0.0,0.0,72000,77.01,19350,20.7,Winter,Winter,2024-08
B03456,P107,Classic trail mix (nuts & raisins),Trail Mix,Primary,Maipo Nuts Ltd.,2024-09-08,2025-03-07,13,kg,Sold Out,13.0,0.0,0.0,104000,111.23,27950,29.89,Spring,Spring,2024-09
B03457,P107,Classic trail mix (nuts & raisins),Trail Mix,Primary,Maipo Nuts Ltd.,2024-09-29,2025-03-28,13,kg,Partial Loss,12.13,0.87,6.7,97040,103.79,20990,22.45,Spring,Spring,2024-09
B03458,P107,Classic trail mix (nuts & raisins),Trail Mix,Primary,Maipo Nuts Ltd.,2024-10-24,2025-04-22,11,kg,Partial Loss,10.29,0.72,6.5,82320,88.04,17970,19.22,Spring,Spring,2024-10
B03459,P107,Classic trail mix (nuts & raisins),Trail Mix,Primary,Maipo Nuts Ltd.,2024-11-15,2025-05-14,10,kg,Sold Out,10.0,0.0,0.0,80000,85.56,21500,22.99,Spring,Spring,2024-11
B03460,P107,Classic trail mix (nuts & raisins),Trail Mix,Backup,San Fernando Dried Goods,2024-12-08,2025-06-06,14,kg,Sold Out,14.0,0.0,0.0,112000,119.79,23800,25.45,Summer,Summer,2024-12
B03461,P107,Classic trail mix (nuts & raisins),Trail Mix,Primary,Maipo Nuts Ltd.,2024-12-29,2025-06-27,14,kg,Sold Out,14.0,0.0,0.0,112000,119.79,30100,32.19,Summer,Summer,2024-12
B03462,P107,Classic trail mix (nuts & raisins),Trail Mix,Primary,Maipo Nuts Ltd.,2025-01-24,2025-07-23,12,kg,Sold Out,12.0,0.0,0.0,96000,102.67,25800,27.59,Summer,Summer,2025-01
B03463,P107,Classic trail mix (nuts & raisins),Trail Mix,Primary,Maipo Nuts Ltd.,2025-02-10,2025-08-09,11,kg,Sold Out,11.0,0.0,0.0,88000,94.12,23650,25.29,Summer,Summer,2025-02
B03464,P107,Classic trail mix (nuts & raisins),Trail Mix,Primary,Maipo Nuts Ltd.,2025-03-07,2025-09-03,11,kg,Sold Out,11.0,0.0,0.0,88000,94.12,23650,25.29,Autumn,Autumn,2025-03
B03465,P107,Classic trail mix (nuts & raisins),Trail Mix,Primary,Maipo Nuts Ltd.,2025-03-31,2025-09-27,11,kg,Partial Loss,10.19,0.81,7.4,81520,87.19,17170,18.36,Autumn,Autumn,2025-03
B03466,P107,Classic trail mix (nuts & raisins),Trail Mix,Primary,Maipo Nuts Ltd.,2025-04-19,2025-10-16,10,kg,Partial Loss,9.52,0.48,4.8,76160,81.45,17660,18.89,Autumn,Autumn,2025-04
B03467,P107,Classic trail mix (nuts & raisins),Trail Mix,Backup,San Fernando Dried Goods,2025-05-07,2025-11-03,10,kg,Sold Out,10.0,0.0,0.0,80000,85.56,17000,18.18,Autumn,Autumn,2025-05
B03468,P107,Classic trail mix (nuts & raisins),Trail Mix,Primary,Maipo Nuts Ltd.,2025-05-28,2025-11-24,10,kg,Partial Loss,9.51,0.49,4.9,76080,81.37,17580,18.8,Autumn,Autumn,2025-05
B03469,P107,Classic trail mix (nuts & raisins),Trail Mix,Primary,Maipo Nuts Ltd.,2025-06-14,2025-12-11,11,kg,Partial Loss,10.34,0.66,6.0,82720,88.47,18370,19.65,Winter,Winter,2025-06
B03470,P108,Tropical trail mix,Trail Mix,Primary,Maipo Nuts Ltd.,2023-07-12,2024-01-08,11,kg,Sold Out,11.0,0.0,0.0,93500,100.0,22000,23.53,Winter,Winter,2023-07
B03471,P108,Tropical trail mix,Trail Mix,Primary,Maipo Nuts Ltd.,2023-08-01,2024-01-28,9,kg,Sold Out,9.0,0.0,0.0,76500,81.82,18000,19.25,Winter,Winter,2023-08
B03472,P108,Tropical trail mix,Trail Mix,Primary,Maipo Nuts Ltd.,2023-08-17,2024-02-13,11,kg,Partial Loss,10.12,0.88,8.0,86020,92.0,14520,15.53,Winter,Winter,2023-08
B03473,P108,Tropical trail mix,Trail Mix,Primary,Maipo Nuts Ltd.,2023-09-05,2024-03-03,13,kg,Sold Out,13.0,0.0,0.0,110500,118.18,26000,27.81,Spring,Spring,2023-09
B03474,P108,Tropical trail mix,Trail Mix,Primary,Maipo Nuts Ltd.,2023-10-01,2024-03-29,10,kg,Sold Out,10.0,0.0,0.0,85000,90.91,20000,21.39,Spring,Spring,2023-10
B03475,P108,Tropical trail mix,Trail Mix,Primary,Maipo Nuts Ltd.,2023-10-23,2024-04-20,10,kg,Partial Loss,9.58,0.42,4.2,81430,87.09,16430,17.57,Spring,Spring,2023-10
B03476,P108,Tropical trail mix,Trail Mix,Primary,Maipo Nuts Ltd.,2023-11-14,2024-05-12,9,kg,Partial Loss,8.26,0.74,8.2,70210,75.09,11710,12.52,Spring,Spring,2023-11
B03477,P108,Tropical trail mix,Trail Mix,Primary,Maipo Nuts Ltd.,2023-12-02,2024-05-30,12,kg,Sold Out,12.0,0.0,0.0,102000,109.09,24000,25.67,Summer,Summer,2023-12
B03478,P108,Tropical trail mix,Trail Mix,Primary,Maipo Nuts Ltd.,2023-12-27,2024-06-24,14,kg,Partial Loss,12.38,1.62,11.6,105230,112.55,14230,15.22,Summer,Summer,2023-12
B03479,P108,Tropical trail mix,Trail Mix,Primary,Maipo Nuts Ltd.,2024-01-19,2024-07-17,11,kg,Sold Out,11.0,0.0,0.0,93500,100.0,22000,23.53,Summer,Summer,2024-01
B03480,P108,Tropical trail mix,Trail Mix,Primary,Maipo Nuts Ltd.,2024-02-09,2024-08-07,10,kg,Sold Out,10.0,0.0,0.0,85000,90.91,20000,21.39,Summer,Summer,2024-02
B03481,P108,Tropical trail mix,Trail Mix,Primary,Maipo Nuts Ltd.,2024-03-03,2024-08-30,9,kg,Sold Out,9.0,0.0,0.0,76500,81.82,18000,19.25,Autumn,Autumn,2024-03
B03482,P108,Tropical trail mix,Trail Mix,Primary,Maipo Nuts Ltd.,2024-03-26,2024-09-22,11,kg,Partial Loss,10.46,0.54,4.9,88910,95.09,17410,18.62,Autumn,Autumn,2024-03
B03483,P108,Tropical trail mix,Trail Mix,Primary,Maipo Nuts Ltd.,2024-04-22,2024-10-19,11,kg,Partial Loss,10.65,0.35,3.2,90525,96.82,19025,20.35,Autumn,Autumn,2024-04
B03484,P108,Tropical trail mix,Trail Mix,Primary,Maipo Nuts Ltd.,2024-05-15,2024-11-11,9,kg,Sold Out,9.0,0.0,0.0,76500,81.82,18000,19.25,Autumn,Autumn,2024-05
B03485,P108,Tropical trail mix,Trail Mix,Primary,Maipo Nuts Ltd.,2024-06-05,2024-12-02,11,kg,Sold Out,11.0,0.0,0.0,93500,100.0,22000,23.53,Winter,Winter,2024-06
B03486,P108,Tropical trail mix,Trail Mix,Primary,Maipo Nuts Ltd.,2024-06-27,2024-12-24,9,kg,Sold Out,9.0,0.0,0.0,76500,81.82,18000,19.25,Winter,Winter,2024-06
B03487,P108,Tropical trail mix,Trail Mix,Primary,Maipo Nuts Ltd.,2024-07-20,2025-01-16,9,kg,Sold Out,9.0,0.0,0.0,76500,81.82,18000,19.25,Winter,Winter,2024-07
B03488,P108,Tropical trail mix,Trail Mix,Primary,Maipo Nuts Ltd.,2024-08-06,2025-02-02,11,kg,Partial Loss,10.81,0.19,1.7,91885,98.27,20385,21.8,Winter,Winter,2024-08
B03489,P108,Tropical trail mix,Trail Mix,Primary,Maipo Nuts Ltd.,2024-08-25,2025-02-21,11,kg,Partial Loss,10.24,0.76,6.9,87040,93.09,15540,16.62,Winter,Winter,2024-08
B03490,P108,Tropical trail mix,Trail Mix,Primary,Maipo Nuts Ltd.,2024-09-13,2025-03-12,11,kg,Sold Out,11.0,0.0,0.0,93500,100.0,22000,23.53,Spring,Spring,2024-09
B03491,P108,Tropical trail mix,Trail Mix,Primary,Maipo Nuts Ltd.,2024-10-06,2025-04-04,9,kg,Sold Out,9.0,0.0,0.0,76500,81.82,18000,19.25,Spring,Spring,2024-10
B03492,P108,Tropical trail mix,Trail Mix,Primary,Maipo Nuts Ltd.,2024-10-29,2025-04-27,9,kg,Sold Out,9.0,0.0,0.0,76500,81.82,18000,19.25,Spring,Spring,2024-10
B03493,P108,Tropical trail mix,Trail Mix,Primary,Maipo Nuts Ltd.,2024-11-16,2025-05-15,9,kg,Sold Out,9.0,0.0,0.0,76500,81.82,18000,19.25,Spring,Spring,2024-11
B03494,P108,Tropical trail mix,Trail Mix,Primary,Maipo Nuts Ltd.,2024-12-05,2025-06-03,15,kg,Sold Out,15.0,0.0,0.0,127500,136.36,30000,32.09,Summer,Summer,2024-12
B03495,P108,Tropical trail mix,Trail Mix,Primary,Maipo Nuts Ltd.,2024-12-28,2025-06-26,13,kg,Sold Out,13.0,0.0,0.0,110500,118.18,26000,27.81,Summer,Summer,2024-12
B03496,P108,Tropical trail mix,Trail Mix,Primary,Maipo Nuts Ltd.,2025-01-25,2025-07-24,12,kg,Sold Out,12.0,0.0,0.0,102000,109.09,24000,25.67,Summer,Summer,2025-01
B03497,P108,Tropical trail mix,Trail Mix,Primary,Maipo Nuts Ltd.,2025-02-13,2025-08-12,12,kg,Sold Out,12.0,0.0,0.0,102000,109.09,24000,25.67,Summer,Summer,2025-02
B03498,P108,Tropical trail mix,Trail Mix,Primary,Maipo Nuts Ltd.,2025-02-27,2025-08-26,11,kg,Partial Loss,9.65,1.35,12.3,82025,87.73,10525,11.26,Summer,Summer,2025-02
B03499,P108,Tropical trail mix,Trail Mix,Primary,Maipo Nuts Ltd.,2025-03-17,2025-09-13,12,kg,Sold Out,12.0,0.0,0.0,102000,109.09,24000,25.67,Autumn,Autumn,2025-03
B03500,P108,Tropical trail mix,Trail Mix,Primary,Maipo Nuts Ltd.,2025-04-01,2025-09-28,10,kg,Partial Loss,9.59,0.41,4.1,81515,87.18,16515,17.66,Autumn,Autumn,2025-04
B03501,P108,Tropical trail mix,Trail Mix,Primary,Maipo Nuts Ltd.,2025-04-25,2025-10-22,12,kg,Sold Out,12.0,0.0,0.0,102000,109.09,24000,25.67,Autumn,Autumn,2025-04
B03502,P108,Tropical trail mix,Trail Mix,Primary,Maipo Nuts Ltd.,2025-05-16,2025-11-12,9,kg,Partial Loss,8.38,0.62,6.9,71230,76.18,12730,13.61,Autumn,Autumn,2025-05
B03503,P108,Tropical trail mix,Trail Mix,Primary,Maipo Nuts Ltd.,2025-06-08,2025-12-05,11,kg,Sold Out,11.0,0.0,0.0,93500,100.0,22000,23.53,Winter,Winter,2025-06
B03504,P109,Energy mix (seeds & fruit),Trail Mix,Primary,Maipo Nuts Ltd.,2023-07-15,2024-01-11,11,kg,Sold Out,11.0,0.0,0.0,82500,88.24,23100,24.71,Winter,Winter,2023-07
B03505,P109,Energy mix (seeds & fruit),Trail Mix,Primary,Maipo Nuts Ltd.,2023-08-07,2024-02-03,10,kg,Sold Out,10.0,0.0,0.0,75000,80.21,21000,22.46,Winter,Winter,2023-08
B03506,P109,Energy mix (seeds & fruit),Trail Mix,Primary,Maipo Nuts Ltd.,2023-09-01,2024-02-28,11,kg,Sold Out,11.0,0.0,0.0,82500,88.24,23100,24.71,Spring,Spring,2023-09
B03507,P109,Energy mix (seeds & fruit),Trail Mix,Primary,Maipo Nuts Ltd.,2023-09-23,2024-03-21,11,kg,Partial Loss,10.78,0.22,2.0,80850,86.47,21450,22.94,Spring,Spring,2023-09
B03508,P109,Energy mix (seeds & fruit),Trail Mix,Primary,Maipo Nuts Ltd.,2023-10-10,2024-04-07,10,kg,Sold Out,10.0,0.0,0.0,75000,80.21,21000,22.46,Spring,Spring,2023-10
B03509,P109,Energy mix (seeds & fruit),Trail Mix,Primary,Maipo Nuts Ltd.,2023-11-02,2024-04-30,9,kg,Partial Loss,8.17,0.83,9.2,61275,65.53,12675,13.56,Spring,Spring,2023-11
B03510,P109,Energy mix (seeds & fruit),Trail Mix,Primary,Maipo Nuts Ltd.,2023-11-26,2024-05-24,10,kg,Partial Loss,9.58,0.42,4.2,71850,76.84,17850,19.09,Spring,Spring,2023-11
B03511,P109,Energy mix (seeds & fruit),Trail Mix,Backup,San Fernando Dried Goods,2023-12-18,2024-06-15,13,kg,Partial Loss,12.34,0.66,5.1,92550,98.98,21700,23.21,Summer,Summer,2023-12
B03512,P109,Energy mix (seeds & fruit),Trail Mix,Primary,Maipo Nuts Ltd.,2024-01-06,2024-07-04,11,kg,Partial Loss,9.61,1.39,12.6,72075,77.09,12675,13.56,Summer,Summer,2024-01
B03513,P109,Energy mix (seeds & fruit),Trail Mix,Primary,Maipo Nuts Ltd.,2024-01-30,2024-07-28,9,kg,Sold Out,9.0,0.0,0.0,67500,72.19,18900,20.21,Summer,Summer,2024-01
B03514,P109,Energy mix (seeds & fruit),Trail Mix,Primary,Maipo Nuts Ltd.,2024-02-16,2024-08-14,9,kg,Sold Out,9.0,0.0,0.0,67500,72.19,18900,20.21,Summer,Summer,2024-02
B03515,P109,Energy mix (seeds & fruit),Trail Mix,Primary,Maipo Nuts Ltd.,2024-03-08,2024-09-04,11,kg,Sold Out,11.0,0.0,0.0,82500,88.24,23100,24.71,Autumn,Autumn,2024-03
B03516,P109,Energy mix (seeds & fruit),Trail Mix,Primary,Maipo Nuts Ltd.,2024-03-24,2024-09-20,10,kg,Sold Out,10.0,0.0,0.0,75000,80.21,21000,22.46,Autumn,Autumn,2024-03
B03517,P109,Energy mix (seeds & fruit),Trail Mix,Primary,Maipo Nuts Ltd.,2024-04-05,2024-10-02,9,kg,Partial Loss,8.55,0.45,5.0,64125,68.58,15525,16.6,Autumn,Autumn,2024-04
B03518,P109,Energy mix (seeds & fruit),Trail Mix,Primary,Maipo Nuts Ltd.,2024-04-19,2024-10-16,10,kg,Partial Loss,9.84,0.16,1.6,73800,78.93,19800,21.18,Autumn,Autumn,2024-04
B03519,P109,Energy mix (seeds & fruit),Trail Mix,Primary,Maipo Nuts Ltd.,2024-05-08,2024-11-04,11,kg,Sold Out,11.0,0.0,0.0,82500,88.24,23100,24.71,Autumn,Autumn,2024-05
B03520,P109,Energy mix (seeds & fruit),Trail Mix,Primary,Maipo Nuts Ltd.,2024-05-30,2024-11-26,9,kg,Sold Out,9.0,0.0,0.0,67500,72.19,18900,20.21,Autumn,Autumn,2024-05
B03521,P109,Energy mix (seeds & fruit),Trail Mix,Primary,Maipo Nuts Ltd.,2024-06-15,2024-12-12,9,kg,Sold Out,9.0,0.0,0.0,67500,72.19,18900,20.21,Winter,Winter,2024-06
B03522,P109,Energy mix (seeds & fruit),Trail Mix,Primary,Maipo Nuts Ltd.,2024-07-05,2025-01-01,9,kg,Partial Loss,8.33,0.67,7.5,62475,66.82,13875,14.84,Winter,Winter,2024-07
B03523,P109,Energy mix (seeds & fruit),Trail Mix,Primary,Maipo Nuts Ltd.,2024-07-23,2025-01-19,10,kg,Sold Out,10.0,0.0,0.0,75000,80.21,21000,22.46,Winter,Winter,2024-07
B03524,P109,Energy mix (seeds & fruit),Trail Mix,Primary,Maipo Nuts Ltd.,2024-08-15,2025-02-11,10,kg,Sold Out,10.0,0.0,0.0,75000,80.21,21000,22.46,Winter,Winter,2024-08
B03525,P109,Energy mix (seeds & fruit),Trail Mix,Primary,Maipo Nuts Ltd.,2024-09-02,2025-03-01,13,kg,Sold Out,13.0,0.0,0.0,97500,104.28,27300,29.2,Spring,Spring,2024-09
B03526,P109,Energy mix (seeds & fruit),Trail Mix,Primary,Maipo Nuts Ltd.,2024-09-25,2025-03-24,11,kg,Partial Loss,10.13,0.87,7.9,75975,81.26,16575,17.73,Spring,Spring,2024-09
B03527,P109,Energy mix (seeds & fruit),Trail Mix,Primary,Maipo Nuts Ltd.,2024-10-16,2025-04-14,10,kg,Partial Loss,8.97,1.03,10.3,67275,71.95,13275,14.2,Spring,Spring,2024-10
B03528,P109,Energy mix (seeds & fruit),Trail Mix,Primary,Maipo Nuts Ltd.,2024-10-31,2025-04-29,11,kg,Sold Out,11.0,0.0,0.0,82500,88.24,23100,24.71,Spring,Spring,2024-10
B03529,P109,Energy mix (seeds & fruit),Trail Mix,Primary,Maipo Nuts Ltd.,2024-11-17,2025-05-16,11,kg,Partial Loss,9.82,1.18,10.7,73650,78.77,14250,15.24,Spring,Spring,2024-11
B03530,P109,Energy mix (seeds & fruit),Trail Mix,Primary,Maipo Nuts Ltd.,2024-12-04,2025-06-02,13,kg,Partial Loss,12.09,0.91,7.0,90675,96.98,20475,21.9,Summer,Summer,2024-12
B03531,P109,Energy mix (seeds & fruit),Trail Mix,Primary,Maipo Nuts Ltd.,2024-12-23,2025-06-21,14,kg,Partial Loss,12.8,1.2,8.6,96000,102.67,20400,21.82,Summer,Summer,2024-12
B03532,P109,Energy mix (seeds & fruit),Trail Mix,Primary,Maipo Nuts Ltd.,2025-01-08,2025-07-07,11,kg,Partial Loss,9.61,1.39,12.6,72075,77.09,12675,13.56,Summer,Summer,2025-01
B03533,P109,Energy mix (seeds & fruit),Trail Mix,Primary,Maipo Nuts Ltd.,2025-01-31,2025-07-30,12,kg,Sold Out,12.0,0.0,0.0,90000,96.26,25200,26.95,Summer,Summer,2025-01
B03534,P109,Energy mix (seeds & fruit),Trail Mix,Primary,Maipo Nuts Ltd.,2025-02-14,2025-08-13,10,kg,Partial Loss,9.45,0.55,5.5,70875,75.8,16875,18.05,Summer,Summer,2025-02
B03535,P109,Energy mix (seeds & fruit),Trail Mix,Primary,Maipo Nuts Ltd.,2025-03-10,2025-09-06,9,kg,Sold Out,9.0,0.0,0.0,67500,72.19,18900,20.21,Autumn,Autumn,2025-03
B03536,P109,Energy mix (seeds & fruit),Trail Mix,Primary,Maipo Nuts Ltd.,2025-03-31,2025-09-27,11,kg,Partial Loss,10.01,0.99,9.0,75075,80.29,15675,16.76,Autumn,Autumn,2025-03
B03537,P109,Energy mix (seeds & fruit),Trail Mix,Primary,Maipo Nuts Ltd.,2025-04-20,2025-10-17,10,kg,Sold Out,10.0,0.0,0.0,75000,80.21,21000,22.46,Autumn,Autumn,2025-04
B03538,P109,Energy mix (seeds & fruit),Trail Mix,Primary,Maipo Nuts Ltd.,2025-05-11,2025-11-07,12,kg,Partial Loss,11.71,0.29,2.4,87825,93.93,23025,24.63,Autumn,Autumn,2025-05
B03539,P109,Energy mix (seeds & fruit),Trail Mix,Primary,Maipo Nuts Ltd.,2025-05-30,2025-11-26,12,kg,Partial Loss,11.33,0.67,5.6,84975,90.88,20175,21.58,Autumn,Autumn,2025-05
B03540,P109,Energy mix (seeds & fruit),Trail Mix,Primary,Maipo Nuts Ltd.,2025-06-18,2025-12-15,10,kg,Sold Out,10.0,0.0,0.0,75000,80.21,21000,22.46,Winter,Winter,2025-06
B03541,P110,Premium nut mix,Trail Mix,Primary,Maipo Nuts Ltd.,2023-07-19,2024-01-15,15,kg,Sold Out,15.0,0.0,0.0,210000,224.6,60750,64.97,Winter,Winter,2023-07
B03542,P110,Premium nut mix,Trail Mix,Primary,Maipo Nuts Ltd.,2023-08-03,2024-01-30,14,kg,Partial Loss,13.51,0.49,3.5,189140,202.29,49840,53.3,Winter,Winter,2023-08
B03543,P110,Premium nut mix,Trail Mix,Primary,Maipo Nuts Ltd.,2023-08-28,2024-02-24,16,kg,Sold Out,16.0,0.0,0.0,224000,239.57,64800,69.3,Winter,Winter,2023-08
B03544,P110,Premium nut mix,Trail Mix,Primary,Maipo Nuts Ltd.,2023-09-18,2024-03-16,20,kg,Partial Loss,19.02,0.98,4.9,266280,284.79,67280,71.96,Spring,Spring,2023-09
B03545,P110,Premium nut mix,Trail Mix,Primary,Maipo Nuts Ltd.,2023-10-09,2024-04-06,6,kg,Sold Out,6.0,0.0,0.0,84000,89.84,24300,25.99,Spring,Spring,2023-10
B03546,P110,Premium nut mix,Trail Mix,Primary,Maipo Nuts Ltd.,2023-10-28,2024-04-25,6,kg,Sold Out,6.0,0.0,0.0,84000,89.84,24300,25.99,Spring,Spring,2023-10
B03547,P110,Premium nut mix,Trail Mix,Primary,Maipo Nuts Ltd.,2023-11-19,2024-05-17,7,kg,Partial Loss,6.13,0.87,12.4,85820,91.79,16170,17.29,Spring,Spring,2023-11
B03548,P110,Premium nut mix,Trail Mix,Primary,Maipo Nuts Ltd.,2023-12-07,2024-06-04,9,kg,Partial Loss,7.93,1.07,11.9,111020,118.74,21470,22.96,Summer,Summer,2023-12
B03549,P110,Premium nut mix,Trail Mix,Primary,Maipo Nuts Ltd.,2023-12-23,2024-06-20,7,kg,Partial Loss,6.06,0.94,13.4,84840,90.74,15190,16.25,Summer,Summer,2023-12
B03550,P110,Premium nut mix,Trail Mix,Primary,Maipo Nuts Ltd.,2024-01-19,2024-07-17,6,kg,Partial Loss,4.88,1.12,18.7,68320,73.07,8620,9.22,Summer,Summer,2024-01
B03551,P110,Premium nut mix,Trail Mix,Primary,Maipo Nuts Ltd.,2024-02-12,2024-08-10,6,kg,Sold Out,6.0,0.0,0.0,84000,89.84,24300,25.99,Summer,Summer,2024-02
B03552,P110,Premium nut mix,Trail Mix,Primary,Maipo Nuts Ltd.,2024-02-29,2024-08-27,6,kg,Sold Out,6.0,0.0,0.0,84000,89.84,24300,25.99,Summer,Summer,2024-02
B03553,P110,Premium nut mix,Trail Mix,Primary,Maipo Nuts Ltd.,2024-03-23,2024-09-19,5,kg,Sold Out,5.0,0.0,0.0,70000,74.87,20250,21.66,Autumn,Autumn,2024-03
B03554,P110,Premium nut mix,Trail Mix,Backup,San Fernando Dried Goods,2024-04-14,2024-10-11,16,kg,Partial Loss,14.96,1.04,6.5,209440,224.0,28640,30.63,Autumn,Autumn,2024-04
B03555,P110,Premium nut mix,Trail Mix,Backup,San Fernando Dried Goods,2024-05-04,2024-10-31,16,kg,Sold Out,16.0,0.0,0.0,224000,239.57,43200,46.2,Autumn,Autumn,2024-05
B03556,P110,Premium nut mix,Trail Mix,Primary,Maipo Nuts Ltd.,2024-05-21,2024-11-17,15,kg,Sold Out,15.0,0.0,0.0,210000,224.6,60750,64.97,Autumn,Autumn,2024-05
B03557,P110,Premium nut mix,Trail Mix,Primary,Maipo Nuts Ltd.,2024-06-19,2024-12-16,18,kg,Sold Out,18.0,0.0,0.0,252000,269.52,72900,77.97,Winter,Winter,2024-06
B03558,P110,Premium nut mix,Trail Mix,Primary,Maipo Nuts Ltd.,2024-07-08,2025-01-04,18,kg,Sold Out,18.0,0.0,0.0,252000,269.52,72900,77.97,Winter,Winter,2024-07
B03559,P110,Premium nut mix,Trail Mix,Backup,San Fernando Dried Goods,2024-07-29,2025-01-25,15,kg,Partial Loss,14.4,0.6,4.0,201600,215.61,32100,34.33,Winter,Winter,2024-07
B03560,P110,Premium nut mix,Trail Mix,Primary,Maipo Nuts Ltd.,2024-08-20,2025-02-16,14,kg,Sold Out,14.0,0.0,0.0,196000,209.63,56700,60.64,Winter,Winter,2024-08
B03561,P110,Premium nut mix,Trail Mix,Primary,Maipo Nuts Ltd.,2024-09-10,2025-03-09,17,kg,Sold Out,17.0,0.0,0.0,238000,254.55,68850,73.64,Spring,Spring,2024-09
B03562,P110,Premium nut mix,Trail Mix,Primary,Maipo Nuts Ltd.,2024-10-03,2025-04-01,6,kg,Sold Out,6.0,0.0,0.0,84000,89.84,24300,25.99,Spring,Spring,2024-10
B03563,P110,Premium nut mix,Trail Mix,Primary,Maipo Nuts Ltd.,2024-10-20,2025-04-18,5,kg,Partial Loss,4.6,0.41,8.1,64400,68.88,14650,15.67,Spring,Spring,2024-10
B03564,P110,Premium nut mix,Trail Mix,Primary,Maipo Nuts Ltd.,2024-11-11,2025-05-10,6,kg,Partial Loss,5.45,0.55,9.2,76300,81.6,16600,17.75,Spring,Spring,2024-11
B03565,P110,Premium nut mix,Trail Mix,Primary,Maipo Nuts Ltd.,2024-12-04,2025-06-02,7,kg,Partial Loss,6.08,0.92,13.1,85120,91.04,15470,16.55,Summer,Summer,2024-12
B03566,P110,Premium nut mix,Trail Mix,Backup,San Fernando Dried Goods,2024-12-22,2025-06-20,7,kg,Partial Loss,6.24,0.76,10.8,87360,93.43,8260,8.83,Summer,Summer,2024-12
B03567,P110,Premium nut mix,Trail Mix,Primary,Maipo Nuts Ltd.,2025-01-07,2025-07-06,7,kg,Sold Out,7.0,0.0,0.0,98000,104.81,28350,30.32,Summer,Summer,2025-01
B03568,P110,Premium nut mix,Trail Mix,Primary,Maipo Nuts Ltd.,2025-01-28,2025-07-27,6,kg,Partial Loss,5.45,0.55,9.2,76300,81.6,16600,17.75,Summer,Summer,2025-01
B03569,P110,Premium nut mix,Trail Mix,Primary,Maipo Nuts Ltd.,2025-02-18,2025-08-17,7,kg,Partial Loss,6.09,0.91,13.0,85260,91.19,15610,16.7,Summer,Summer,2025-02
B03570,P110,Premium nut mix,Trail Mix,Primary,Maipo Nuts Ltd.,2025-03-08,2025-09-04,7,kg,Partial Loss,6.59,0.41,5.8,92260,98.67,22610,24.18,Autumn,Autumn,2025-03
B03571,P110,Premium nut mix,Trail Mix,Backup,San Fernando Dried Goods,2025-03-31,2025-09-27,6,kg,Sold Out,6.0,0.0,0.0,84000,89.84,16200,17.33,Autumn,Autumn,2025-03
B03572,P110,Premium nut mix,Trail Mix,Primary,Maipo Nuts Ltd.,2025-04-17,2025-10-14,15,kg,Sold Out,15.0,0.0,0.0,210000,224.6,60750,64.97,Autumn,Autumn,2025-04
B03573,P110,Premium nut mix,Trail Mix,Primary,Maipo Nuts Ltd.,2025-05-07,2025-11-03,20,kg,Sold Out,20.0,0.0,0.0,280000,299.47,81000,86.63,Autumn,Autumn,2025-05
B03574,P110,Premium nut mix,Trail Mix,Primary,Maipo Nuts Ltd.,2025-05-30,2025-11-26,16,kg,Sold Out,16.0,0.0,0.0,224000,239.57,64800,69.3,Autumn,Autumn,2025-05
B03575,P110,Premium nut mix,Trail Mix,Primary,Maipo Nuts Ltd.,2025-06-21,2025-12-18,18,kg,Sold Out,18.0,0.0,0.0,252000,269.52,72900,77.97,Winter,Winter,2025-06
B03576,P111,"Student mix (peanut, raisin, choc)",Trail Mix,Primary,Maipo Nuts Ltd.,2023-07-20,2024-01-16,10,kg,Partial Loss,9.59,0.41,4.1,62335,66.67,12835,13.73,Winter,Winter,2023-07
B03577,P111,"Student mix (peanut, raisin, choc)",Trail Mix,Primary,Maipo Nuts Ltd.,2023-08-07,2024-02-03,10,kg,Sold Out,10.0,0.0,0.0,65000,69.52,15500,16.58,Winter,Winter,2023-08
B03578,P111,"Student mix (peanut, raisin, choc)",Trail Mix,Primary,Maipo Nuts Ltd.,2023-08-26,2024-02-22,10,kg,Partial Loss,9.43,0.57,5.7,61295,65.56,11795,12.61,Winter,Winter,2023-08
B03579,P111,"Student mix (peanut, raisin, choc)",Trail Mix,Primary,Maipo Nuts Ltd.,2023-09-15,2024-03-13,14,kg,Sold Out,14.0,0.0,0.0,91000,97.33,21700,23.21,Spring,Spring,2023-09
B03580,P111,"Student mix (peanut, raisin, choc)",Trail Mix,Primary,Maipo Nuts Ltd.,2023-10-09,2024-04-06,11,kg,Sold Out,11.0,0.0,0.0,71500,76.47,17050,18.24,Spring,Spring,2023-10
B03581,P111,"Student mix (peanut, raisin, choc)",Trail Mix,Primary,Maipo Nuts Ltd.,2023-10-30,2024-04-27,10,kg,Partial Loss,9.32,0.68,6.8,60580,64.79,11080,11.85,Spring,Spring,2023-10
B03582,P111,"Student mix (peanut, raisin, choc)",Trail Mix,Backup,San Fernando Dried Goods,2023-11-20,2024-05-18,9,kg,Sold Out,9.0,0.0,0.0,58500,62.57,13050,13.96,Spring,Spring,2023-11
B03583,P111,"Student mix (peanut, raisin, choc)",Trail Mix,Primary,Maipo Nuts Ltd.,2023-12-12,2024-06-09,12,kg,Sold Out,12.0,0.0,0.0,78000,83.42,18600,19.89,Summer,Summer,2023-12
B03584,P111,"Student mix (peanut, raisin, choc)",Trail Mix,Primary,Maipo Nuts Ltd.,2024-01-02,2024-06-30,11,kg,Partial Loss,9.76,1.24,11.3,63440,67.85,8990,9.61,Summer,Summer,2024-01
B03585,P111,"Student mix (peanut, raisin, choc)",Trail Mix,Primary,Maipo Nuts Ltd.,2024-01-25,2024-07-23,9,kg,Partial Loss,8.21,0.79,8.8,53365,57.07,8815,9.43,Summer,Summer,2024-01
B03586,P111,"Student mix (peanut, raisin, choc)",Trail Mix,Primary,Maipo Nuts Ltd.,2024-02-12,2024-08-10,9,kg,Sold Out,9.0,0.0,0.0,58500,62.57,13950,14.92,Summer,Summer,2024-02
B03587,P111,"Student mix (peanut, raisin, choc)",Trail Mix,Primary,Maipo Nuts Ltd.,2024-02-29,2024-08-27,11,kg,Partial Loss,10.04,0.96,8.7,65260,69.8,10810,11.56,Summer,Summer,2024-02
B03588,P111,"Student mix (peanut, raisin, choc)",Trail Mix,Primary,Maipo Nuts Ltd.,2024-03-20,2024-09-16,10,kg,Partial Loss,9.34,0.66,6.6,60710,64.93,11210,11.99,Autumn,Autumn,2024-03
B03589,P111,"Student mix (peanut, raisin, choc)",Trail Mix,Primary,Maipo Nuts Ltd.,2024-04-09,2024-10-06,9,kg,Sold Out,9.0,0.0,0.0,58500,62.57,13950,14.92,Autumn,Autumn,2024-04
B03590,P111,"Student mix (peanut, raisin, choc)",Trail Mix,Primary,Maipo Nuts Ltd.,2024-04-28,2024-10-25,10,kg,Partial Loss,9.58,0.42,4.2,62270,66.6,12770,13.66,Autumn,Autumn,2024-04
B03591,P111,"Student mix (peanut, raisin, choc)",Trail Mix,Primary,Maipo Nuts Ltd.,2024-05-19,2024-11-15,11,kg,Partial Loss,10.04,0.96,8.7,65260,69.8,10810,11.56,Autumn,Autumn,2024-05
B03592,P111,"Student mix (peanut, raisin, choc)",Trail Mix,Primary,Maipo Nuts Ltd.,2024-06-07,2024-12-04,10,kg,Partial Loss,9.48,0.52,5.2,61620,65.9,12120,12.96,Winter,Winter,2024-06
B03593,P111,"Student mix (peanut, raisin, choc)",Trail Mix,Primary,Maipo Nuts Ltd.,2024-06-27,2024-12-24,11,kg,Sold Out,11.0,0.0,0.0,71500,76.47,17050,18.24,Winter,Winter,2024-06
B03594,P111,"Student mix (peanut, raisin, choc)",Trail Mix,Primary,Maipo Nuts Ltd.,2024-07-12,2025-01-08,9,kg,Sold Out,9.0,0.0,0.0,58500,62.57,13950,14.92,Winter,Winter,2024-07
B03595,P111,"Student mix (peanut, raisin, choc)",Trail Mix,Primary,Maipo Nuts Ltd.,2024-08-01,2025-01-28,11,kg,Partial Loss,10.45,0.55,5.0,67925,72.65,13475,14.41,Winter,Winter,2024-08
B03596,P111,"Student mix (peanut, raisin, choc)",Trail Mix,Primary,Maipo Nuts Ltd.,2024-08-21,2025-02-17,11,kg,Partial Loss,10.7,0.3,2.7,69550,74.39,15100,16.15,Winter,Winter,2024-08
B03597,P111,"Student mix (peanut, raisin, choc)",Trail Mix,Primary,Maipo Nuts Ltd.,2024-09-14,2025-03-13,13,kg,Partial Loss,12.06,0.94,7.2,78390,83.84,14040,15.02,Spring,Spring,2024-09
B03598,P111,"Student mix (peanut, raisin, choc)",Trail Mix,Primary,Maipo Nuts Ltd.,2024-10-11,2025-04-09,11,kg,Sold Out,11.0,0.0,0.0,71500,76.47,17050,18.24,Spring,Spring,2024-10
B03599,P111,"Student mix (peanut, raisin, choc)",Trail Mix,Primary,Maipo Nuts Ltd.,2024-11-06,2025-05-05,11,kg,Sold Out,11.0,0.0,0.0,71500,76.47,17050,18.24,Spring,Spring,2024-11
B03600,P111,"Student mix (peanut, raisin, choc)",Trail Mix,Primary,Maipo Nuts Ltd.,2024-11-26,2025-05-25,11,kg,Sold Out,11.0,0.0,0.0,71500,76.47,17050,18.24,Spring,Spring,2024-11
B03601,P111,"Student mix (peanut, raisin, choc)",Trail Mix,Primary,Maipo Nuts Ltd.,2024-12-17,2025-06-15,12,kg,Partial Loss,10.6,1.4,11.7,68900,73.69,9500,10.16,Summer,Summer,2024-12
B03602,P111,"Student mix (peanut, raisin, choc)",Trail Mix,Backup,San Fernando Dried Goods,2025-01-05,2025-07-04,12,kg,Partial Loss,10.26,1.74,14.5,66690,71.33,6090,6.51,Summer,Summer,2025-01
B03603,P111,"Student mix (peanut, raisin, choc)",Trail Mix,Primary,Maipo Nuts Ltd.,2025-01-29,2025-07-28,12,kg,Partial Loss,11.09,0.91,7.6,72085,77.1,12685,13.57,Summer,Summer,2025-01
B03604,P111,"Student mix (peanut, raisin, choc)",Trail Mix,Primary,Maipo Nuts Ltd.,2025-02-19,2025-08-18,12,kg,Sold Out,12.0,0.0,0.0,78000,83.42,18600,19.89,Summer,Summer,2025-02
B03605,P111,"Student mix (peanut, raisin, choc)",Trail Mix,Primary,Maipo Nuts Ltd.,2025-03-11,2025-09-07,11,kg,Sold Out,11.0,0.0,0.0,71500,76.47,17050,18.24,Autumn,Autumn,2025-03
B03606,P111,"Student mix (peanut, raisin, choc)",Trail Mix,Primary,Maipo Nuts Ltd.,2025-03-27,2025-09-23,10,kg,Partial Loss,9.4,0.6,6.0,61100,65.35,11600,12.41,Autumn,Autumn,2025-03
B03607,P111,"Student mix (peanut, raisin, choc)",Trail Mix,Primary,Maipo Nuts Ltd.,2025-04-19,2025-10-16,10,kg,Sold Out,10.0,0.0,0.0,65000,69.52,15500,16.58,Autumn,Autumn,2025-04
B03608,P111,"Student mix (peanut, raisin, choc)",Trail Mix,Primary,Maipo Nuts Ltd.,2025-05-14,2025-11-10,11,kg,Partial Loss,10.44,0.56,5.1,67860,72.58,13410,14.34,Autumn,Autumn,2025-05
B03609,P111,"Student mix (peanut, raisin, choc)",Trail Mix,Primary,Maipo Nuts Ltd.,2025-06-10,2025-12-07,9,kg,Partial Loss,8.75,0.25,2.8,56875,60.83,12325,13.18,Winter,Winter,2025-06
B03610,P112,Empty PET bottle 200ml (pack of 10),Packaging,Primary,PackChile Wholesale,2023-08-15,2033-08-12,23,pack 10,Sold Out,23.0,0.0,0.0,34500,36.9,11500,12.3,Winter,Winter,2023-08
B03611,P112,Empty PET bottle 200ml (pack of 10),Packaging,Primary,PackChile Wholesale,2023-10-28,2033-10-25,19,pack 10,Sold Out,19.0,0.0,0.0,28500,30.48,9500,10.16,Spring,Spring,2023-10
B03612,P112,Empty PET bottle 200ml (pack of 10),Packaging,Primary,PackChile Wholesale,2024-01-11,2034-01-08,20,pack 10,Sold Out,20.0,0.0,0.0,30000,32.09,10000,10.7,Summer,Summer,2024-01
B03613,P112,Empty PET bottle 200ml (pack of 10),Packaging,Primary,PackChile Wholesale,2024-03-12,2034-03-10,18,pack 10,Sold Out,18.0,0.0,0.0,27000,28.88,9000,9.63,Autumn,Autumn,2024-03
B03614,P112,Empty PET bottle 200ml (pack of 10),Packaging,Primary,PackChile Wholesale,2024-04-22,2034-04-20,20,pack 10,Sold Out,20.0,0.0,0.0,30000,32.09,10000,10.7,Autumn,Autumn,2024-04
B03615,P112,Empty PET bottle 200ml (pack of 10),Packaging,Backup,Envases del Pacifico,2024-06-15,2034-06-13,17,pack 10,Sold Out,17.0,0.0,0.0,25500,27.27,7650,8.18,Winter,Winter,2024-06
B03616,P112,Empty PET bottle 200ml (pack of 10),Packaging,Primary,PackChile Wholesale,2024-08-17,2034-08-15,19,pack 10,Sold Out,19.0,0.0,0.0,28500,30.48,9500,10.16,Winter,Winter,2024-08
B03617,P112,Empty PET bottle 200ml (pack of 10),Packaging,Primary,PackChile Wholesale,2024-10-16,2034-10-14,23,pack 10,Sold Out,23.0,0.0,0.0,34500,36.9,11500,12.3,Spring,Spring,2024-10
B03618,P112,Empty PET bottle 200ml (pack of 10),Packaging,Primary,PackChile Wholesale,2024-12-18,2034-12-16,28,pack 10,Sold Out,28.0,0.0,0.0,42000,44.92,14000,14.97,Summer,Summer,2024-12
B03619,P112,Empty PET bottle 200ml (pack of 10),Packaging,Primary,PackChile Wholesale,2025-02-28,2035-02-26,20,pack 10,Sold Out,20.0,0.0,0.0,30000,32.09,10000,10.7,Summer,Summer,2025-02
B03620,P112,Empty PET bottle 200ml (pack of 10),Packaging,Primary,PackChile Wholesale,2025-04-20,2035-04-18,19,pack 10,Sold Out,19.0,0.0,0.0,28500,30.48,9500,10.16,Autumn,Autumn,2025-04
B03621,P112,Empty PET bottle 200ml (pack of 10),Packaging,Primary,PackChile Wholesale,2025-06-16,2035-06-14,20,pack 10,Sold Out,20.0,0.0,0.0,30000,32.09,10000,10.7,Winter,Winter,2025-06
B03622,P113,Empty PET bottle 350ml (pack of 10),Packaging,Backup,Envases del Pacifico,2023-08-17,2033-08-14,18,pack 10,Sold Out,18.0,0.0,0.0,36000,38.5,10800,11.55,Winter,Winter,2023-08
B03623,P113,Empty PET bottle 350ml (pack of 10),Packaging,Primary,PackChile Wholesale,2023-10-16,2033-10-13,23,pack 10,Sold Out,23.0,0.0,0.0,46000,49.2,14950,15.99,Spring,Spring,2023-10
B03624,P113,Empty PET bottle 350ml (pack of 10),Packaging,Primary,PackChile Wholesale,2023-12-11,2033-12-08,23,pack 10,Sold Out,23.0,0.0,0.0,46000,49.2,14950,15.99,Summer,Summer,2023-12
B03625,P113,Empty PET bottle 350ml (pack of 10),Packaging,Primary,PackChile Wholesale,2024-02-08,2034-02-05,19,pack 10,Sold Out,19.0,0.0,0.0,38000,40.64,12350,13.21,Summer,Summer,2024-02
B03626,P113,Empty PET bottle 350ml (pack of 10),Packaging,Primary,PackChile Wholesale,2024-04-21,2034-04-19,21,pack 10,Sold Out,21.0,0.0,0.0,42000,44.92,13650,14.6,Autumn,Autumn,2024-04
B03627,P113,Empty PET bottle 350ml (pack of 10),Packaging,Primary,PackChile Wholesale,2024-06-25,2034-06-23,19,pack 10,Sold Out,19.0,0.0,0.0,38000,40.64,12350,13.21,Winter,Winter,2024-06
B03628,P113,Empty PET bottle 350ml (pack of 10),Packaging,Primary,PackChile Wholesale,2024-08-23,2034-08-21,22,pack 10,Sold Out,22.0,0.0,0.0,44000,47.06,14300,15.29,Winter,Winter,2024-08
B03629,P113,Empty PET bottle 350ml (pack of 10),Packaging,Primary,PackChile Wholesale,2024-10-08,2034-10-06,21,pack 10,Sold Out,21.0,0.0,0.0,42000,44.92,13650,14.6,Spring,Spring,2024-10
B03630,P113,Empty PET bottle 350ml (pack of 10),Packaging,Primary,PackChile Wholesale,2024-12-04,2034-12-02,23,pack 10,Sold Out,23.0,0.0,0.0,46000,49.2,14950,15.99,Summer,Summer,2024-12
B03631,P113,Empty PET bottle 350ml (pack of 10),Packaging,Primary,PackChile Wholesale,2025-02-17,2035-02-15,21,pack 10,Sold Out,21.0,0.0,0.0,42000,44.92,13650,14.6,Summer,Summer,2025-02
B03632,P113,Empty PET bottle 350ml (pack of 10),Packaging,Backup,Envases del Pacifico,2025-04-29,2035-04-27,20,pack 10,Sold Out,20.0,0.0,0.0,40000,42.78,12000,12.83,Autumn,Autumn,2025-04
B03633,P113,Empty PET bottle 350ml (pack of 10),Packaging,Backup,Envases del Pacifico,2025-06-21,2035-06-19,20,pack 10,Sold Out,20.0,0.0,0.0,40000,42.78,12000,12.83,Winter,Winter,2025-06
B03634,P114,Empty PET bottle 500ml (pack of 10),Packaging,Primary,PackChile Wholesale,2023-07-14,2033-07-11,19,pack 10,Sold Out,19.0,0.0,0.0,47500,50.8,16150,17.27,Winter,Winter,2023-07
B03635,P114,Empty PET bottle 500ml (pack of 10),Packaging,Primary,PackChile Wholesale,2023-09-06,2033-09-03,27,pack 10,Sold Out,27.0,0.0,0.0,67500,72.19,22950,24.55,Spring,Spring,2023-09
B03636,P114,Empty PET bottle 500ml (pack of 10),Packaging,Backup,Envases del Pacifico,2023-11-17,2033-11-14,19,pack 10,Sold Out,19.0,0.0,0.0,47500,50.8,13300,14.22,Spring,Spring,2023-11
B03637,P114,Empty PET bottle 500ml (pack of 10),Packaging,Primary,PackChile Wholesale,2023-12-23,2033-12-20,24,pack 10,Sold Out,24.0,0.0,0.0,60000,64.17,20400,21.82,Summer,Summer,2023-12
B03638,P114,Empty PET bottle 500ml (pack of 10),Packaging,Primary,PackChile Wholesale,2024-02-24,2034-02-21,22,pack 10,Sold Out,22.0,0.0,0.0,55000,58.82,18700,20.0,Summer,Summer,2024-02
B03639,P114,Empty PET bottle 500ml (pack of 10),Packaging,Primary,PackChile Wholesale,2024-05-04,2034-05-02,23,pack 10,Sold Out,23.0,0.0,0.0,57500,61.5,19550,20.91,Autumn,Autumn,2024-05
B03640,P114,Empty PET bottle 500ml (pack of 10),Packaging,Primary,PackChile Wholesale,2024-07-06,2034-07-04,21,pack 10,Sold Out,21.0,0.0,0.0,52500,56.15,17850,19.09,Winter,Winter,2024-07
B03641,P114,Empty PET bottle 500ml (pack of 10),Packaging,Backup,Envases del Pacifico,2024-09-10,2034-09-08,23,pack 10,Sold Out,23.0,0.0,0.0,57500,61.5,16100,17.22,Spring,Spring,2024-09
B03642,P114,Empty PET bottle 500ml (pack of 10),Packaging,Primary,PackChile Wholesale,2024-11-17,2034-11-15,20,pack 10,Sold Out,20.0,0.0,0.0,50000,53.48,17000,18.18,Spring,Spring,2024-11
B03643,P114,Empty PET bottle 500ml (pack of 10),Packaging,Backup,Envases del Pacifico,2025-01-19,2035-01-17,24,pack 10,Sold Out,24.0,0.0,0.0,60000,64.17,16800,17.97,Summer,Summer,2025-01
B03644,P114,Empty PET bottle 500ml (pack of 10),Packaging,Primary,PackChile Wholesale,2025-03-15,2035-03-13,20,pack 10,Sold Out,20.0,0.0,0.0,50000,53.48,17000,18.18,Autumn,Autumn,2025-03
B03645,P114,Empty PET bottle 500ml (pack of 10),Packaging,Primary,PackChile Wholesale,2025-05-15,2035-05-13,24,pack 10,Sold Out,24.0,0.0,0.0,60000,64.17,20400,21.82,Autumn,Autumn,2025-05
B03646,P115,Empty PET bottle 750ml (pack of 10),Packaging,Primary,PackChile Wholesale,2023-08-25,2033-08-22,20,pack 10,Sold Out,20.0,0.0,0.0,60000,64.17,19000,20.32,Winter,Winter,2023-08
B03647,P115,Empty PET bottle 750ml (pack of 10),Packaging,Primary,PackChile Wholesale,2023-10-03,2033-09-30,22,pack 10,Sold Out,22.0,0.0,0.0,66000,70.59,20900,22.35,Spring,Spring,2023-10
B03648,P115,Empty PET bottle 750ml (pack of 10),Packaging,Primary,PackChile Wholesale,2023-12-07,2033-12-04,23,pack 10,Sold Out,23.0,0.0,0.0,69000,73.8,21850,23.37,Summer,Summer,2023-12
B03649,P115,Empty PET bottle 750ml (pack of 10),Packaging,Primary,PackChile Wholesale,2024-01-28,2034-01-25,19,pack 10,Sold Out,19.0,0.0,0.0,57000,60.96,18050,19.3,Summer,Summer,2024-01
B03650,P115,Empty PET bottle 750ml (pack of 10),Packaging,Primary,PackChile Wholesale,2024-03-23,2034-03-21,23,pack 10,Sold Out,23.0,0.0,0.0,69000,73.8,21850,23.37,Autumn,Autumn,2024-03
B03651,P115,Empty PET bottle 750ml (pack of 10),Packaging,Primary,PackChile Wholesale,2024-05-13,2034-05-11,20,pack 10,Sold Out,20.0,0.0,0.0,60000,64.17,19000,20.32,Autumn,Autumn,2024-05
B03652,P115,Empty PET bottle 750ml (pack of 10),Packaging,Primary,PackChile Wholesale,2024-07-11,2034-07-09,18,pack 10,Sold Out,18.0,0.0,0.0,54000,57.75,17100,18.29,Winter,Winter,2024-07
B03653,P115,Empty PET bottle 750ml (pack of 10),Packaging,Primary,PackChile Wholesale,2024-09-16,2034-09-14,28,pack 10,Sold Out,28.0,0.0,0.0,84000,89.84,26600,28.45,Spring,Spring,2024-09
B03654,P115,Empty PET bottle 750ml (pack of 10),Packaging,Primary,PackChile Wholesale,2024-11-19,2034-11-17,18,pack 10,Sold Out,18.0,0.0,0.0,54000,57.75,17100,18.29,Spring,Spring,2024-11
B03655,P115,Empty PET bottle 750ml (pack of 10),Packaging,Primary,PackChile Wholesale,2025-01-21,2035-01-19,19,pack 10,Sold Out,19.0,0.0,0.0,57000,60.96,18050,19.3,Summer,Summer,2025-01
B03656,P115,Empty PET bottle 750ml (pack of 10),Packaging,Primary,PackChile Wholesale,2025-03-19,2035-03-17,23,pack 10,Sold Out,23.0,0.0,0.0,69000,73.8,21850,23.37,Autumn,Autumn,2025-03
B03657,P115,Empty PET bottle 750ml (pack of 10),Packaging,Primary,PackChile Wholesale,2025-05-20,2035-05-18,25,pack 10,Sold Out,25.0,0.0,0.0,75000,80.21,23750,25.4,Autumn,Autumn,2025-05
B03658,P116,Empty PET bottle 1L (pack of 10),Packaging,Primary,PackChile Wholesale,2023-08-13,2033-08-10,21,pack 10,Sold Out,21.0,0.0,0.0,73500,78.61,24150,25.83,Winter,Winter,2023-08
B03659,P116,Empty PET bottle 1L (pack of 10),Packaging,Primary,PackChile Wholesale,2023-10-03,2033-09-30,19,pack 10,Sold Out,19.0,0.0,0.0,66500,71.12,21850,23.37,Spring,Spring,2023-10
B03660,P116,Empty PET bottle 1L (pack of 10),Packaging,Primary,PackChile Wholesale,2023-11-16,2033-11-13,18,pack 10,Sold Out,18.0,0.0,0.0,63000,67.38,20700,22.14,Spring,Spring,2023-11
B03661,P116,Empty PET bottle 1L (pack of 10),Packaging,Primary,PackChile Wholesale,2024-01-18,2034-01-15,19,pack 10,Sold Out,19.0,0.0,0.0,66500,71.12,21850,23.37,Summer,Summer,2024-01
B03662,P116,Empty PET bottle 1L (pack of 10),Packaging,Backup,Envases del Pacifico,2024-03-23,2034-03-21,21,pack 10,Sold Out,21.0,0.0,0.0,73500,78.61,23100,24.71,Autumn,Autumn,2024-03
B03663,P116,Empty PET bottle 1L (pack of 10),Packaging,Primary,PackChile Wholesale,2024-05-08,2034-05-06,21,pack 10,Sold Out,21.0,0.0,0.0,73500,78.61,24150,25.83,Autumn,Autumn,2024-05
B03664,P116,Empty PET bottle 1L (pack of 10),Packaging,Primary,PackChile Wholesale,2024-06-22,2034-06-20,19,pack 10,Sold Out,19.0,0.0,0.0,66500,71.12,21850,23.37,Winter,Winter,2024-06
B03665,P116,Empty PET bottle 1L (pack of 10),Packaging,Primary,PackChile Wholesale,2024-08-17,2034-08-15,21,pack 10,Sold Out,21.0,0.0,0.0,73500,78.61,24150,25.83,Winter,Winter,2024-08
B03666,P116,Empty PET bottle 1L (pack of 10),Packaging,Primary,PackChile Wholesale,2024-10-18,2034-10-16,23,pack 10,Sold Out,23.0,0.0,0.0,80500,86.1,26450,28.29,Spring,Spring,2024-10
B03667,P116,Empty PET bottle 1L (pack of 10),Packaging,Primary,PackChile Wholesale,2024-11-23,2034-11-21,21,pack 10,Sold Out,21.0,0.0,0.0,73500,78.61,24150,25.83,Spring,Spring,2024-11
B03668,P116,Empty PET bottle 1L (pack of 10),Packaging,Primary,PackChile Wholesale,2025-01-06,2035-01-04,21,pack 10,Sold Out,21.0,0.0,0.0,73500,78.61,24150,25.83,Summer,Summer,2025-01
B03669,P116,Empty PET bottle 1L (pack of 10),Packaging,Primary,PackChile Wholesale,2025-03-05,2035-03-03,23,pack 10,Sold Out,23.0,0.0,0.0,80500,86.1,26450,28.29,Autumn,Autumn,2025-03
B03670,P116,Empty PET bottle 1L (pack of 10),Packaging,Primary,PackChile Wholesale,2025-04-22,2035-04-20,24,pack 10,Sold Out,24.0,0.0,0.0,84000,89.84,27600,29.52,Autumn,Autumn,2025-04
B03671,P116,Empty PET bottle 1L (pack of 10),Packaging,Primary,PackChile Wholesale,2025-06-28,2035-06-26,20,pack 10,Sold Out,20.0,0.0,0.0,70000,74.87,23000,24.6,Winter,Winter,2025-06
B03672,P117,Empty PET bottle 1.5L (pack of 10),Packaging,Primary,PackChile Wholesale,2023-07-05,2033-07-02,18,pack 10,Sold Out,18.0,0.0,0.0,81000,86.63,25200,26.95,Winter,Winter,2023-07
B03673,P117,Empty PET bottle 1.5L (pack of 10),Packaging,Primary,PackChile Wholesale,2023-09-05,2033-09-02,29,pack 10,Sold Out,29.0,0.0,0.0,130500,139.57,40600,43.42,Spring,Spring,2023-09
B03674,P117,Empty PET bottle 1.5L (pack of 10),Packaging,Primary,PackChile Wholesale,2023-10-30,2033-10-27,20,pack 10,Sold Out,20.0,0.0,0.0,90000,96.26,28000,29.95,Spring,Spring,2023-10
B03675,P117,Empty PET bottle 1.5L (pack of 10),Packaging,Primary,PackChile Wholesale,2023-12-07,2033-12-04,28,pack 10,Sold Out,28.0,0.0,0.0,126000,134.76,39200,41.93,Summer,Summer,2023-12
B03676,P117,Empty PET bottle 1.5L (pack of 10),Packaging,Primary,PackChile Wholesale,2024-02-06,2034-02-03,23,pack 10,Sold Out,23.0,0.0,0.0,103500,110.7,32200,34.44,Summer,Summer,2024-02
B03677,P117,Empty PET bottle 1.5L (pack of 10),Packaging,Primary,PackChile Wholesale,2024-04-08,2034-04-06,19,pack 10,Sold Out,19.0,0.0,0.0,85500,91.44,26600,28.45,Autumn,Autumn,2024-04
B03678,P117,Empty PET bottle 1.5L (pack of 10),Packaging,Primary,PackChile Wholesale,2024-06-19,2034-06-17,18,pack 10,Sold Out,18.0,0.0,0.0,81000,86.63,25200,26.95,Winter,Winter,2024-06
B03679,P117,Empty PET bottle 1.5L (pack of 10),Packaging,Primary,PackChile Wholesale,2024-08-18,2034-08-16,22,pack 10,Sold Out,22.0,0.0,0.0,99000,105.88,30800,32.94,Winter,Winter,2024-08
B03680,P117,Empty PET bottle 1.5L (pack of 10),Packaging,Primary,PackChile Wholesale,2024-10-05,2034-10-03,22,pack 10,Sold Out,22.0,0.0,0.0,99000,105.88,30800,32.94,Spring,Spring,2024-10
B03681,P117,Empty PET bottle 1.5L (pack of 10),Packaging,Primary,PackChile Wholesale,2024-11-27,2034-11-25,17,pack 10,Sold Out,17.0,0.0,0.0,76500,81.82,23800,25.45,Spring,Spring,2024-11
B03682,P117,Empty PET bottle 1.5L (pack of 10),Packaging,Primary,PackChile Wholesale,2025-01-19,2035-01-17,19,pack 10,Sold Out,19.0,0.0,0.0,85500,91.44,26600,28.45,Summer,Summer,2025-01
B03683,P117,Empty PET bottle 1.5L (pack of 10),Packaging,Primary,PackChile Wholesale,2025-03-17,2035-03-15,20,pack 10,Sold Out,20.0,0.0,0.0,90000,96.26,28000,29.95,Autumn,Autumn,2025-03
B03684,P117,Empty PET bottle 1.5L (pack of 10),Packaging,Primary,PackChile Wholesale,2025-05-26,2035-05-24,25,pack 10,Sold Out,25.0,0.0,0.0,112500,120.32,35000,37.43,Autumn,Autumn,2025-05
B03685,P118,Empty PET bottle 2L (pack of 10),Packaging,Primary,PackChile Wholesale,2023-08-02,2033-07-30,20,pack 10,Sold Out,20.0,0.0,0.0,110000,117.65,38000,40.64,Winter,Winter,2023-08
B03686,P118,Empty PET bottle 2L (pack of 10),Packaging,Primary,PackChile Wholesale,2023-09-25,2033-09-22,27,pack 10,Sold Out,27.0,0.0,0.0,148500,158.82,51300,54.87,Spring,Spring,2023-09
B03687,P118,Empty PET bottle 2L (pack of 10),Packaging,Backup,Envases del Pacifico,2023-11-24,2033-11-21,21,pack 10,Sold Out,21.0,0.0,0.0,115500,123.53,37800,40.43,Spring,Spring,2023-11
B03688,P118,Empty PET bottle 2L (pack of 10),Packaging,Primary,PackChile Wholesale,2024-01-20,2034-01-17,21,pack 10,Sold Out,21.0,0.0,0.0,115500,123.53,39900,42.67,Summer,Summer,2024-01
B03689,P118,Empty PET bottle 2L (pack of 10),Packaging,Primary,PackChile Wholesale,2024-03-20,2034-03-18,18,pack 10,Sold Out,18.0,0.0,0.0,99000,105.88,34200,36.58,Autumn,Autumn,2024-03
B03690,P118,Empty PET bottle 2L (pack of 10),Packaging,Primary,PackChile Wholesale,2024-05-24,2034-05-22,22,pack 10,Sold Out,22.0,0.0,0.0,121000,129.41,41800,44.71,Autumn,Autumn,2024-05
B03691,P118,Empty PET bottle 2L (pack of 10),Packaging,Primary,PackChile Wholesale,2024-07-26,2034-07-24,17,pack 10,Sold Out,17.0,0.0,0.0,93500,100.0,32300,34.55,Winter,Winter,2024-07
B03692,P118,Empty PET bottle 2L (pack of 10),Packaging,Primary,PackChile Wholesale,2024-09-21,2034-09-19,22,pack 10,Sold Out,22.0,0.0,0.0,121000,129.41,41800,44.71,Spring,Spring,2024-09
B03693,P118,Empty PET bottle 2L (pack of 10),Packaging,Backup,Envases del Pacifico,2024-11-24,2034-11-22,19,pack 10,Sold Out,19.0,0.0,0.0,104500,111.76,34200,36.58,Spring,Spring,2024-11
B03694,P118,Empty PET bottle 2L (pack of 10),Packaging,Primary,PackChile Wholesale,2025-01-21,2035-01-19,21,pack 10,Sold Out,21.0,0.0,0.0,115500,123.53,39900,42.67,Summer,Summer,2025-01
B03695,P118,Empty PET bottle 2L (pack of 10),Packaging,Primary,PackChile Wholesale,2025-04-04,2035-04-02,25,pack 10,Sold Out,25.0,0.0,0.0,137500,147.06,47500,50.8,Autumn,Autumn,2025-04
B03696,P118,Empty PET bottle 2L (pack of 10),Packaging,Primary,PackChile Wholesale,2025-06-12,2035-06-10,22,pack 10,Sold Out,22.0,0.0,0.0,121000,129.41,41800,44.71,Winter,Winter,2025-06
B03697,P119,Poly bag 10x15cm (pack of 100),Packaging,Primary,PackChile Wholesale,2023-07-14,2033-07-11,21,pack 100,Sold Out,21.0,0.0,0.0,21000,22.46,7350,7.86,Winter,Winter,2023-07
B03698,P119,Poly bag 10x15cm (pack of 100),Packaging,Primary,PackChile Wholesale,2023-09-13,2033-09-10,25,pack 100,Sold Out,25.0,0.0,0.0,25000,26.74,8750,9.36,Spring,Spring,2023-09
B03699,P119,Poly bag 10x15cm (pack of 100),Packaging,Primary,PackChile Wholesale,2023-11-10,2033-11-07,22,pack 100,Sold Out,22.0,0.0,0.0,22000,23.53,7700,8.24,Spring,Spring,2023-11
B03700,P119,Poly bag 10x15cm (pack of 100),Packaging,Primary,PackChile Wholesale,2024-01-13,2034-01-10,17,pack 100,Sold Out,17.0,0.0,0.0,17000,18.18,5950,6.36,Summer,Summer,2024-01
B03701,P119,Poly bag 10x15cm (pack of 100),Packaging,Primary,PackChile Wholesale,2024-02-28,2034-02-25,22,pack 100,Sold Out,22.0,0.0,0.0,22000,23.53,7700,8.24,Summer,Summer,2024-02
B03702,P119,Poly bag 10x15cm (pack of 100),Packaging,Primary,PackChile Wholesale,2024-04-22,2034-04-20,21,pack 100,Sold Out,21.0,0.0,0.0,21000,22.46,7350,7.86,Autumn,Autumn,2024-04
B03703,P119,Poly bag 10x15cm (pack of 100),Packaging,Backup,Envases del Pacifico,2024-06-24,2034-06-22,18,pack 100,Sold Out,18.0,0.0,0.0,18000,19.25,5400,5.78,Winter,Winter,2024-06
B03704,P119,Poly bag 10x15cm (pack of 100),Packaging,Primary,PackChile Wholesale,2024-09-02,2034-08-31,26,pack 100,Sold Out,26.0,0.0,0.0,26000,27.81,9100,9.73,Spring,Spring,2024-09
B03705,P119,Poly bag 10x15cm (pack of 100),Packaging,Primary,PackChile Wholesale,2024-10-27,2034-10-25,21,pack 100,Sold Out,21.0,0.0,0.0,21000,22.46,7350,7.86,Spring,Spring,2024-10
B03706,P119,Poly bag 10x15cm (pack of 100),Packaging,Primary,PackChile Wholesale,2024-12-23,2034-12-21,28,pack 100,Sold Out,28.0,0.0,0.0,28000,29.95,9800,10.48,Summer,Summer,2024-12
B03707,P119,Poly bag 10x15cm (pack of 100),Packaging,Primary,PackChile Wholesale,2025-02-26,2035-02-24,23,pack 100,Sold Out,23.0,0.0,0.0,23000,24.6,8050,8.61,Summer,Summer,2025-02
B03708,P119,Poly bag 10x15cm (pack of 100),Packaging,Backup,Envases del Pacifico,2025-04-17,2035-04-15,24,pack 100,Sold Out,24.0,0.0,0.0,24000,25.67,7200,7.7,Autumn,Autumn,2025-04
B03709,P119,Poly bag 10x15cm (pack of 100),Packaging,Primary,PackChile Wholesale,2025-06-08,2035-06-06,25,pack 100,Sold Out,25.0,0.0,0.0,25000,26.74,8750,9.36,Winter,Winter,2025-06
B03710,P120,Poly bag 12x20cm (pack of 100),Packaging,Primary,PackChile Wholesale,2023-07-01,2033-06-28,19,pack 100,Sold Out,19.0,0.0,0.0,28500,30.48,10450,11.18,Winter,Winter,2023-07
B03711,P120,Poly bag 12x20cm (pack of 100),Packaging,Backup,Envases del Pacifico,2023-08-26,2033-08-23,17,pack 100,Sold Out,17.0,0.0,0.0,25500,27.27,6800,7.27,Winter,Winter,2023-08
B03712,P120,Poly bag 12x20cm (pack of 100),Packaging,Primary,PackChile Wholesale,2023-10-23,2033-10-20,22,pack 100,Sold Out,22.0,0.0,0.0,33000,35.29,12100,12.94,Spring,Spring,2023-10
B03713,P120,Poly bag 12x20cm (pack of 100),Packaging,Primary,PackChile Wholesale,2023-12-28,2033-12-25,29,pack 100,Sold Out,29.0,0.0,0.0,43500,46.52,15950,17.06,Summer,Summer,2023-12
B03714,P120,Poly bag 12x20cm (pack of 100),Packaging,Primary,PackChile Wholesale,2024-02-19,2034-02-16,22,pack 100,Sold Out,22.0,0.0,0.0,33000,35.29,12100,12.94,Summer,Summer,2024-02
B03715,P120,Poly bag 12x20cm (pack of 100),Packaging,Backup,Envases del Pacifico,2024-04-13,2034-04-11,23,pack 100,Sold Out,23.0,0.0,0.0,34500,36.9,9200,9.84,Autumn,Autumn,2024-04
B03716,P120,Poly bag 12x20cm (pack of 100),Packaging,Primary,PackChile Wholesale,2024-06-19,2034-06-17,19,pack 100,Sold Out,19.0,0.0,0.0,28500,30.48,10450,11.18,Winter,Winter,2024-06
B03717,P120,Poly bag 12x20cm (pack of 100),Packaging,Primary,PackChile Wholesale,2024-08-19,2034-08-17,18,pack 100,Sold Out,18.0,0.0,0.0,27000,28.88,9900,10.59,Winter,Winter,2024-08
B03718,P120,Poly bag 12x20cm (pack of 100),Packaging,Primary,PackChile Wholesale,2024-10-27,2034-10-25,20,pack 100,Sold Out,20.0,0.0,0.0,30000,32.09,11000,11.76,Spring,Spring,2024-10
B03719,P120,Poly bag 12x20cm (pack of 100),Packaging,Primary,PackChile Wholesale,2024-12-20,2034-12-18,28,pack 100,Sold Out,28.0,0.0,0.0,42000,44.92,15400,16.47,Summer,Summer,2024-12
B03720,P120,Poly bag 12x20cm (pack of 100),Packaging,Backup,Envases del Pacifico,2025-02-25,2035-02-23,21,pack 100,Sold Out,21.0,0.0,0.0,31500,33.69,8400,8.98,Summer,Summer,2025-02
B03721,P120,Poly bag 12x20cm (pack of 100),Packaging,Primary,PackChile Wholesale,2025-04-12,2035-04-10,20,pack 100,Sold Out,20.0,0.0,0.0,30000,32.09,11000,11.76,Autumn,Autumn,2025-04
B03722,P120,Poly bag 12x20cm (pack of 100),Packaging,Primary,PackChile Wholesale,2025-06-09,2035-06-07,19,pack 100,Sold Out,19.0,0.0,0.0,28500,30.48,10450,11.18,Winter,Winter,2025-06
B03723,P121,Poly bag 15x25cm (pack of 100),Packaging,Primary,PackChile Wholesale,2023-07-22,2033-07-19,19,pack 100,Sold Out,19.0,0.0,0.0,38000,40.64,13300,14.22,Winter,Winter,2023-07
B03724,P121,Poly bag 15x25cm (pack of 100),Packaging,Primary,PackChile Wholesale,2023-09-15,2033-09-12,24,pack 100,Sold Out,24.0,0.0,0.0,48000,51.34,16800,17.97,Spring,Spring,2023-09
B03725,P121,Poly bag 15x25cm (pack of 100),Packaging,Primary,PackChile Wholesale,2023-10-27,2033-10-24,21,pack 100,Sold Out,21.0,0.0,0.0,42000,44.92,14700,15.72,Spring,Spring,2023-10
B03726,P121,Poly bag 15x25cm (pack of 100),Packaging,Primary,PackChile Wholesale,2024-01-04,2034-01-01,22,pack 100,Sold Out,22.0,0.0,0.0,44000,47.06,15400,16.47,Summer,Summer,2024-01
B03727,P121,Poly bag 15x25cm (pack of 100),Packaging,Primary,PackChile Wholesale,2024-03-08,2034-03-06,23,pack 100,Sold Out,23.0,0.0,0.0,46000,49.2,16100,17.22,Autumn,Autumn,2024-03
B03728,P121,Poly bag 15x25cm (pack of 100),Packaging,Backup,Envases del Pacifico,2024-05-21,2034-05-19,22,pack 100,Sold Out,22.0,0.0,0.0,44000,47.06,13200,14.12,Autumn,Autumn,2024-05
B03729,P121,Poly bag 15x25cm (pack of 100),Packaging,Primary,PackChile Wholesale,2024-07-16,2034-07-14,18,pack 100,Sold Out,18.0,0.0,0.0,36000,38.5,12600,13.48,Winter,Winter,2024-07
B03730,P121,Poly bag 15x25cm (pack of 100),Packaging,Primary,PackChile Wholesale,2024-08-28,2034-08-26,21,pack 100,Sold Out,21.0,0.0,0.0,42000,44.92,14700,15.72,Winter,Winter,2024-08
B03731,P121,Poly bag 15x25cm (pack of 100),Packaging,Primary,PackChile Wholesale,2024-10-15,2034-10-13,23,pack 100,Sold Out,23.0,0.0,0.0,46000,49.2,16100,17.22,Spring,Spring,2024-10
B03732,P121,Poly bag 15x25cm (pack of 100),Packaging,Primary,PackChile Wholesale,2024-12-17,2034-12-15,24,pack 100,Sold Out,24.0,0.0,0.0,48000,51.34,16800,17.97,Summer,Summer,2024-12
B03733,P121,Poly bag 15x25cm (pack of 100),Packaging,Backup,Envases del Pacifico,2025-02-04,2035-02-02,19,pack 100,Sold Out,19.0,0.0,0.0,38000,40.64,11400,12.19,Summer,Summer,2025-02
B03734,P121,Poly bag 15x25cm (pack of 100),Packaging,Backup,Envases del Pacifico,2025-04-04,2035-04-02,23,pack 100,Sold Out,23.0,0.0,0.0,46000,49.2,13800,14.76,Autumn,Autumn,2025-04
B03735,P121,Poly bag 15x25cm (pack of 100),Packaging,Primary,PackChile Wholesale,2025-05-26,2035-05-24,22,pack 100,Sold Out,22.0,0.0,0.0,44000,47.06,15400,16.47,Autumn,Autumn,2025-05
B03736,P122,Poly bag 20x30cm (pack of 100),Packaging,Primary,PackChile Wholesale,2023-07-03,2033-06-30,22,pack 100,Sold Out,22.0,0.0,0.0,55000,58.82,16500,17.65,Winter,Winter,2023-07
B03737,P122,Poly bag 20x30cm (pack of 100),Packaging,Primary,PackChile Wholesale,2023-08-24,2033-08-21,22,pack 100,Sold Out,22.0,0.0,0.0,55000,58.82,16500,17.65,Winter,Winter,2023-08
B03738,P122,Poly bag 20x30cm (pack of 100),Packaging,Primary,PackChile Wholesale,2023-11-05,2033-11-02,22,pack 100,Sold Out,22.0,0.0,0.0,55000,58.82,16500,17.65,Spring,Spring,2023-11
B03739,P122,Poly bag 20x30cm (pack of 100),Packaging,Primary,PackChile Wholesale,2023-12-26,2033-12-23,26,pack 100,Sold Out,26.0,0.0,0.0,65000,69.52,19500,20.86,Summer,Summer,2023-12
B03740,P122,Poly bag 20x30cm (pack of 100),Packaging,Primary,PackChile Wholesale,2024-02-06,2034-02-03,18,pack 100,Sold Out,18.0,0.0,0.0,45000,48.13,13500,14.44,Summer,Summer,2024-02
B03741,P122,Poly bag 20x30cm (pack of 100),Packaging,Primary,PackChile Wholesale,2024-04-04,2034-04-02,21,pack 100,Sold Out,21.0,0.0,0.0,52500,56.15,15750,16.84,Autumn,Autumn,2024-04
B03742,P122,Poly bag 20x30cm (pack of 100),Packaging,Backup,Envases del Pacifico,2024-06-07,2034-06-05,18,pack 100,Sold Out,18.0,0.0,0.0,45000,48.13,14400,15.4,Winter,Winter,2024-06
B03743,P122,Poly bag 20x30cm (pack of 100),Packaging,Primary,PackChile Wholesale,2024-07-13,2034-07-11,19,pack 100,Sold Out,19.0,0.0,0.0,47500,50.8,14250,15.24,Winter,Winter,2024-07
B03744,P122,Poly bag 20x30cm (pack of 100),Packaging,Primary,PackChile Wholesale,2024-09-23,2034-09-21,23,pack 100,Sold Out,23.0,0.0,0.0,57500,61.5,17250,18.45,Spring,Spring,2024-09
B03745,P122,Poly bag 20x30cm (pack of 100),Packaging,Backup,Envases del Pacifico,2024-11-29,2034-11-27,19,pack 100,Sold Out,19.0,0.0,0.0,47500,50.8,15200,16.26,Spring,Spring,2024-11
B03746,P122,Poly bag 20x30cm (pack of 100),Packaging,Primary,PackChile Wholesale,2025-01-12,2035-01-10,21,pack 100,Sold Out,21.0,0.0,0.0,52500,56.15,15750,16.84,Summer,Summer,2025-01
B03747,P122,Poly bag 20x30cm (pack of 100),Packaging,Primary,PackChile Wholesale,2025-03-02,2035-02-28,22,pack 100,Sold Out,22.0,0.0,0.0,55000,58.82,16500,17.65,Autumn,Autumn,2025-03
B03748,P122,Poly bag 20x30cm (pack of 100),Packaging,Primary,PackChile Wholesale,2025-05-11,2035-05-09,23,pack 100,Sold Out,23.0,0.0,0.0,57500,61.5,17250,18.45,Autumn,Autumn,2025-05
B03749,P122,Poly bag 20x30cm (pack of 100),Packaging,Primary,PackChile Wholesale,2025-06-28,2035-06-26,21,pack 100,Sold Out,21.0,0.0,0.0,52500,56.15,15750,16.84,Winter,Winter,2025-06
B03750,P123,Poly bag 25x35cm (pack of 100),Packaging,Primary,PackChile Wholesale,2023-08-02,2033-07-30,19,pack 100,Sold Out,19.0,0.0,0.0,57000,60.96,19950,21.34,Winter,Winter,2023-08
B03751,P123,Poly bag 25x35cm (pack of 100),Packaging,Primary,PackChile Wholesale,2023-09-28,2033-09-25,28,pack 100,Sold Out,28.0,0.0,0.0,84000,89.84,29400,31.44,Spring,Spring,2023-09
B03752,P123,Poly bag 25x35cm (pack of 100),Packaging,Primary,PackChile Wholesale,2023-11-20,2033-11-17,23,pack 100,Sold Out,23.0,0.0,0.0,69000,73.8,24150,25.83,Spring,Spring,2023-11
B03753,P123,Poly bag 25x35cm (pack of 100),Packaging,Primary,PackChile Wholesale,2024-01-09,2034-01-06,18,pack 100,Sold Out,18.0,0.0,0.0,54000,57.75,18900,20.21,Summer,Summer,2024-01
B03754,P123,Poly bag 25x35cm (pack of 100),Packaging,Primary,PackChile Wholesale,2024-03-17,2034-03-15,18,pack 100,Sold Out,18.0,0.0,0.0,54000,57.75,18900,20.21,Autumn,Autumn,2024-03
B03755,P123,Poly bag 25x35cm (pack of 100),Packaging,Backup,Envases del Pacifico,2024-05-07,2034-05-05,18,pack 100,Sold Out,18.0,0.0,0.0,54000,57.75,14400,15.4,Autumn,Autumn,2024-05
B03756,P123,Poly bag 25x35cm (pack of 100),Packaging,Primary,PackChile Wholesale,2024-07-02,2034-06-30,23,pack 100,Sold Out,23.0,0.0,0.0,69000,73.8,24150,25.83,Winter,Winter,2024-07
B03757,P123,Poly bag 25x35cm (pack of 100),Packaging,Primary,PackChile Wholesale,2024-08-29,2034-08-27,23,pack 100,Sold Out,23.0,0.0,0.0,69000,73.8,24150,25.83,Winter,Winter,2024-08
B03758,P123,Poly bag 25x35cm (pack of 100),Packaging,Backup,Envases del Pacifico,2024-10-28,2034-10-26,21,pack 100,Sold Out,21.0,0.0,0.0,63000,67.38,16800,17.97,Spring,Spring,2024-10
B03759,P123,Poly bag 25x35cm (pack of 100),Packaging,Primary,PackChile Wholesale,2024-12-20,2034-12-18,22,pack 100,Sold Out,22.0,0.0,0.0,66000,70.59,23100,24.71,Summer,Summer,2024-12
B03760,P123,Poly bag 25x35cm (pack of 100),Packaging,Primary,PackChile Wholesale,2025-02-19,2035-02-17,24,pack 100,Sold Out,24.0,0.0,0.0,72000,77.01,25200,26.95,Summer,Summer,2025-02
B03761,P123,Poly bag 25x35cm (pack of 100),Packaging,Primary,PackChile Wholesale,2025-04-19,2035-04-17,24,pack 100,Sold Out,24.0,0.0,0.0,72000,77.01,25200,26.95,Autumn,Autumn,2025-04
B03762,P123,Poly bag 25x35cm (pack of 100),Packaging,Primary,PackChile Wholesale,2025-06-04,2035-06-02,20,pack 100,Sold Out,20.0,0.0,0.0,60000,64.17,21000,22.46,Winter,Winter,2025-06
B03763,P124,Poly bag 30x40cm (pack of 100),Packaging,Primary,PackChile Wholesale,2023-07-08,2033-07-05,19,pack 100,Sold Out,19.0,0.0,0.0,76000,81.28,27550,29.47,Winter,Winter,2023-07
B03764,P124,Poly bag 30x40cm (pack of 100),Packaging,Primary,PackChile Wholesale,2023-09-11,2033-09-08,23,pack 100,Sold Out,23.0,0.0,0.0,92000,98.4,33350,35.67,Spring,Spring,2023-09
B03765,P124,Poly bag 30x40cm (pack of 100),Packaging,Primary,PackChile Wholesale,2023-11-09,2033-11-06,19,pack 100,Sold Out,19.0,0.0,0.0,76000,81.28,27550,29.47,Spring,Spring,2023-11
B03766,P124,Poly bag 30x40cm (pack of 100),Packaging,Primary,PackChile Wholesale,2024-01-04,2034-01-01,20,pack 100,Sold Out,20.0,0.0,0.0,80000,85.56,29000,31.02,Summer,Summer,2024-01
B03767,P124,Poly bag 30x40cm (pack of 100),Packaging,Primary,PackChile Wholesale,2024-02-09,2034-02-06,23,pack 100,Sold Out,23.0,0.0,0.0,92000,98.4,33350,35.67,Summer,Summer,2024-02
B03768,P124,Poly bag 30x40cm (pack of 100),Packaging,Primary,PackChile Wholesale,2024-03-26,2034-03-24,23,pack 100,Sold Out,23.0,0.0,0.0,92000,98.4,33350,35.67,Autumn,Autumn,2024-03
B03769,P124,Poly bag 30x40cm (pack of 100),Packaging,Primary,PackChile Wholesale,2024-05-26,2034-05-24,23,pack 100,Sold Out,23.0,0.0,0.0,92000,98.4,33350,35.67,Autumn,Autumn,2024-05
B03770,P124,Poly bag 30x40cm (pack of 100),Packaging,Primary,PackChile Wholesale,2024-07-29,2034-07-27,20,pack 100,Sold Out,20.0,0.0,0.0,80000,85.56,29000,31.02,Winter,Winter,2024-07
B03771,P124,Poly bag 30x40cm (pack of 100),Packaging,Primary,PackChile Wholesale,2024-10-06,2034-10-04,21,pack 100,Sold Out,21.0,0.0,0.0,84000,89.84,30450,32.57,Spring,Spring,2024-10
B03772,P124,Poly bag 30x40cm (pack of 100),Packaging,Primary,PackChile Wholesale,2024-11-16,2034-11-14,19,pack 100,Sold Out,19.0,0.0,0.0,76000,81.28,27550,29.47,Spring,Spring,2024-11
B03773,P124,Poly bag 30x40cm (pack of 100),Packaging,Primary,PackChile Wholesale,2025-01-10,2035-01-08,19,pack 100,Sold Out,19.0,0.0,0.0,76000,81.28,27550,29.47,Summer,Summer,2025-01
B03774,P124,Poly bag 30x40cm (pack of 100),Packaging,Primary,PackChile Wholesale,2025-02-26,2035-02-24,22,pack 100,Sold Out,22.0,0.0,0.0,88000,94.12,31900,34.12,Summer,Summer,2025-02
B03775,P124,Poly bag 30x40cm (pack of 100),Packaging,Backup,Envases del Pacifico,2025-04-27,2035-04-25,23,pack 100,Sold Out,23.0,0.0,0.0,92000,98.4,31050,33.21,Autumn,Autumn,2025-04
B03776,P124,Poly bag 30x40cm (pack of 100),Packaging,Primary,PackChile Wholesale,2025-06-22,2035-06-20,21,pack 100,Sold Out,21.0,0.0,0.0,84000,89.84,30450,32.57,Winter,Winter,2025-06
B03777,P125,Poly bag 35x50cm (pack of 100),Packaging,Primary,PackChile Wholesale,2023-08-18,2033-08-15,21,pack 100,Sold Out,21.0,0.0,0.0,105000,112.3,35700,38.18,Winter,Winter,2023-08
B03778,P125,Poly bag 35x50cm (pack of 100),Packaging,Primary,PackChile Wholesale,2023-10-20,2033-10-17,20,pack 100,Sold Out,20.0,0.0,0.0,100000,106.95,34000,36.36,Spring,Spring,2023-10
B03779,P125,Poly bag 35x50cm (pack of 100),Packaging,Primary,PackChile Wholesale,2023-12-29,2033-12-26,25,pack 100,Sold Out,25.0,0.0,0.0,125000,133.69,42500,45.45,Summer,Summer,2023-12
B03780,P125,Poly bag 35x50cm (pack of 100),Packaging,Primary,PackChile Wholesale,2024-03-04,2034-03-02,19,pack 100,Sold Out,19.0,0.0,0.0,95000,101.6,32300,34.55,Autumn,Autumn,2024-03
B03781,P125,Poly bag 35x50cm (pack of 100),Packaging,Primary,PackChile Wholesale,2024-05-09,2034-05-07,18,pack 100,Sold Out,18.0,0.0,0.0,90000,96.26,30600,32.73,Autumn,Autumn,2024-05
B03782,P125,Poly bag 35x50cm (pack of 100),Packaging,Primary,PackChile Wholesale,2024-07-06,2034-07-04,18,pack 100,Sold Out,18.0,0.0,0.0,90000,96.26,30600,32.73,Winter,Winter,2024-07
B03783,P125,Poly bag 35x50cm (pack of 100),Packaging,Primary,PackChile Wholesale,2024-08-14,2034-08-12,19,pack 100,Sold Out,19.0,0.0,0.0,95000,101.6,32300,34.55,Winter,Winter,2024-08
B03784,P125,Poly bag 35x50cm (pack of 100),Packaging,Primary,PackChile Wholesale,2024-10-07,2034-10-05,23,pack 100,Sold Out,23.0,0.0,0.0,115000,122.99,39100,41.82,Spring,Spring,2024-10
B03785,P125,Poly bag 35x50cm (pack of 100),Packaging,Primary,PackChile Wholesale,2024-11-18,2034-11-16,22,pack 100,Sold Out,22.0,0.0,0.0,110000,117.65,37400,40.0,Spring,Spring,2024-11
B03786,P125,Poly bag 35x50cm (pack of 100),Packaging,Primary,PackChile Wholesale,2025-01-27,2035-01-25,21,pack 100,Sold Out,21.0,0.0,0.0,105000,112.3,35700,38.18,Summer,Summer,2025-01
B03787,P125,Poly bag 35x50cm (pack of 100),Packaging,Primary,PackChile Wholesale,2025-04-02,2035-03-31,22,pack 100,Sold Out,22.0,0.0,0.0,110000,117.65,37400,40.0,Autumn,Autumn,2025-04
B03788,P125,Poly bag 35x50cm (pack of 100),Packaging,Primary,PackChile Wholesale,2025-06-02,2035-05-31,19,pack 100,Sold Out,19.0,0.0,0.0,95000,101.6,32300,34.55,Winter,Winter,2025-06
B03789,P126,Zipper bag 12x18cm (pack of 50),Packaging,Primary,PackChile Wholesale,2023-08-12,2033-08-09,18,pack 50,Sold Out,18.0,0.0,0.0,45000,48.13,14400,15.4,Winter,Winter,2023-08
B03790,P126,Zipper bag 12x18cm (pack of 50),Packaging,Primary,PackChile Wholesale,2023-10-04,2033-10-01,23,pack 50,Sold Out,23.0,0.0,0.0,57500,61.5,18400,19.68,Spring,Spring,2023-10
B03791,P126,Zipper bag 12x18cm (pack of 50),Packaging,Primary,PackChile Wholesale,2023-11-21,2033-11-18,22,pack 50,Sold Out,22.0,0.0,0.0,55000,58.82,17600,18.82,Spring,Spring,2023-11
B03792,P126,Zipper bag 12x18cm (pack of 50),Packaging,Primary,PackChile Wholesale,2024-01-29,2034-01-26,22,pack 50,Sold Out,22.0,0.0,0.0,55000,58.82,17600,18.82,Summer,Summer,2024-01
B03793,P126,Zipper bag 12x18cm (pack of 50),Packaging,Primary,PackChile Wholesale,2024-04-01,2034-03-30,22,pack 50,Sold Out,22.0,0.0,0.0,55000,58.82,17600,18.82,Autumn,Autumn,2024-04
B03794,P126,Zipper bag 12x18cm (pack of 50),Packaging,Primary,PackChile Wholesale,2024-05-26,2034-05-24,22,pack 50,Sold Out,22.0,0.0,0.0,55000,58.82,17600,18.82,Autumn,Autumn,2024-05
B03795,P126,Zipper bag 12x18cm (pack of 50),Packaging,Primary,PackChile Wholesale,2024-07-09,2034-07-07,21,pack 50,Sold Out,21.0,0.0,0.0,52500,56.15,16800,17.97,Winter,Winter,2024-07
B03796,P126,Zipper bag 12x18cm (pack of 50),Packaging,Primary,PackChile Wholesale,2024-09-11,2034-09-09,22,pack 50,Sold Out,22.0,0.0,0.0,55000,58.82,17600,18.82,Spring,Spring,2024-09
B03797,P126,Zipper bag 12x18cm (pack of 50),Packaging,Primary,PackChile Wholesale,2024-11-15,2034-11-13,18,pack 50,Sold Out,18.0,0.0,0.0,45000,48.13,14400,15.4,Spring,Spring,2024-11
B03798,P126,Zipper bag 12x18cm (pack of 50),Packaging,Primary,PackChile Wholesale,2025-01-09,2035-01-07,25,pack 50,Sold Out,25.0,0.0,0.0,62500,66.84,20000,21.39,Summer,Summer,2025-01
B03799,P126,Zipper bag 12x18cm (pack of 50),Packaging,Primary,PackChile Wholesale,2025-03-01,2035-02-27,21,pack 50,Sold Out,21.0,0.0,0.0,52500,56.15,16800,17.97,Autumn,Autumn,2025-03
B03800,P126,Zipper bag 12x18cm (pack of 50),Packaging,Backup,Envases del Pacifico,2025-05-05,2035-05-03,24,pack 50,Sold Out,24.0,0.0,0.0,60000,64.17,16800,17.97,Autumn,Autumn,2025-05
B03801,P126,Zipper bag 12x18cm (pack of 50),Packaging,Primary,PackChile Wholesale,2025-06-30,2035-06-28,24,pack 50,Sold Out,24.0,0.0,0.0,60000,64.17,19200,20.53,Winter,Winter,2025-06
B03802,P127,Zipper bag 18x25cm (pack of 50),Packaging,Primary,PackChile Wholesale,2023-07-25,2033-07-22,18,pack 50,Sold Out,18.0,0.0,0.0,63000,67.38,19800,21.18,Winter,Winter,2023-07
B03803,P127,Zipper bag 18x25cm (pack of 50),Packaging,Primary,PackChile Wholesale,2023-09-26,2033-09-23,28,pack 50,Sold Out,28.0,0.0,0.0,98000,104.81,30800,32.94,Spring,Spring,2023-09
B03804,P127,Zipper bag 18x25cm (pack of 50),Packaging,Primary,PackChile Wholesale,2023-11-22,2033-11-19,17,pack 50,Sold Out,17.0,0.0,0.0,59500,63.64,18700,20.0,Spring,Spring,2023-11
B03805,P127,Zipper bag 18x25cm (pack of 50),Packaging,Primary,PackChile Wholesale,2024-01-22,2034-01-19,21,pack 50,Sold Out,21.0,0.0,0.0,73500,78.61,23100,24.71,Summer,Summer,2024-01
B03806,P127,Zipper bag 18x25cm (pack of 50),Packaging,Primary,PackChile Wholesale,2024-03-28,2034-03-26,21,pack 50,Sold Out,21.0,0.0,0.0,73500,78.61,23100,24.71,Autumn,Autumn,2024-03
B03807,P127,Zipper bag 18x25cm (pack of 50),Packaging,Primary,PackChile Wholesale,2024-05-29,2034-05-27,20,pack 50,Sold Out,20.0,0.0,0.0,70000,74.87,22000,23.53,Autumn,Autumn,2024-05
B03808,P127,Zipper bag 18x25cm (pack of 50),Packaging,Primary,PackChile Wholesale,2024-07-15,2034-07-13,23,pack 50,Sold Out,23.0,0.0,0.0,80500,86.1,25300,27.06,Winter,Winter,2024-07
B03809,P127,Zipper bag 18x25cm (pack of 50),Packaging,Primary,PackChile Wholesale,2024-09-25,2034-09-23,27,pack 50,Sold Out,27.0,0.0,0.0,94500,101.07,29700,31.76,Spring,Spring,2024-09
B03810,P127,Zipper bag 18x25cm (pack of 50),Packaging,Backup,Envases del Pacifico,2024-11-19,2034-11-17,21,pack 50,Sold Out,21.0,0.0,0.0,73500,78.61,23100,24.71,Spring,Spring,2024-11
B03811,P127,Zipper bag 18x25cm (pack of 50),Packaging,Primary,PackChile Wholesale,2025-01-08,2035-01-06,21,pack 50,Sold Out,21.0,0.0,0.0,73500,78.61,23100,24.71,Summer,Summer,2025-01
B03812,P127,Zipper bag 18x25cm (pack of 50),Packaging,Primary,PackChile Wholesale,2025-03-22,2035-03-20,21,pack 50,Sold Out,21.0,0.0,0.0,73500,78.61,23100,24.71,Autumn,Autumn,2025-03
B03813,P127,Zipper bag 18x25cm (pack of 50),Packaging,Primary,PackChile Wholesale,2025-05-29,2035-05-27,23,pack 50,Sold Out,23.0,0.0,0.0,80500,86.1,25300,27.06,Autumn,Autumn,2025-05
B03814,P128,Vacuum bag 20x30cm (pack of 50),Packaging,Primary,PackChile Wholesale,2023-07-30,2033-07-27,17,pack 50,Sold Out,17.0,0.0,0.0,76500,81.82,24650,26.36,Winter,Winter,2023-07
B03815,P128,Vacuum bag 20x30cm (pack of 50),Packaging,Primary,PackChile Wholesale,2023-10-03,2033-09-30,20,pack 50,Sold Out,20.0,0.0,0.0,90000,96.26,29000,31.02,Spring,Spring,2023-10
B03816,P128,Vacuum bag 20x30cm (pack of 50),Packaging,Primary,PackChile Wholesale,2023-11-22,2033-11-19,20,pack 50,Sold Out,20.0,0.0,0.0,90000,96.26,29000,31.02,Spring,Spring,2023-11
B03817,P128,Vacuum bag 20x30cm (pack of 50),Packaging,Primary,PackChile Wholesale,2024-01-10,2034-01-07,18,pack 50,Sold Out,18.0,0.0,0.0,81000,86.63,26100,27.91,Summer,Summer,2024-01
B03818,P128,Vacuum bag 20x30cm (pack of 50),Packaging,Primary,PackChile Wholesale,2024-03-19,2034-03-17,17,pack 50,Sold Out,17.0,0.0,0.0,76500,81.82,24650,26.36,Autumn,Autumn,2024-03
B03819,P128,Vacuum bag 20x30cm (pack of 50),Packaging,Primary,PackChile Wholesale,2024-05-17,2034-05-15,19,pack 50,Sold Out,19.0,0.0,0.0,85500,91.44,27550,29.47,Autumn,Autumn,2024-05
B03820,P128,Vacuum bag 20x30cm (pack of 50),Packaging,Primary,PackChile Wholesale,2024-07-17,2034-07-15,23,pack 50,Sold Out,23.0,0.0,0.0,103500,110.7,33350,35.67,Winter,Winter,2024-07
B03821,P128,Vacuum bag 20x30cm (pack of 50),Packaging,Primary,PackChile Wholesale,2024-09-15,2034-09-13,23,pack 50,Sold Out,23.0,0.0,0.0,103500,110.7,33350,35.67,Spring,Spring,2024-09
B03822,P128,Vacuum bag 20x30cm (pack of 50),Packaging,Primary,PackChile Wholesale,2024-11-12,2034-11-10,17,pack 50,Sold Out,17.0,0.0,0.0,76500,81.82,24650,26.36,Spring,Spring,2024-11
B03823,P128,Vacuum bag 20x30cm (pack of 50),Packaging,Backup,Envases del Pacifico,2025-01-11,2035-01-09,19,pack 50,Sold Out,19.0,0.0,0.0,85500,91.44,24700,26.42,Summer,Summer,2025-01
B03824,P128,Vacuum bag 20x30cm (pack of 50),Packaging,Primary,PackChile Wholesale,2025-03-01,2035-02-27,23,pack 50,Sold Out,23.0,0.0,0.0,103500,110.7,33350,35.67,Autumn,Autumn,2025-03
B03825,P128,Vacuum bag 20x30cm (pack of 50),Packaging,Primary,PackChile Wholesale,2025-05-10,2035-05-08,21,pack 50,Sold Out,21.0,0.0,0.0,94500,101.07,30450,32.57,Autumn,Autumn,2025-05
