BatchID,ProductID,Category,Status,QtyPurchased,QtySold,QtyWasted,WastedPct,CloseDate,Revenue_CLP,Revenue_USD,BatchCost_CLP,GrossProfit_CLP,GrossProfit_USD,ProductID_purchase,UnitCost_CLP,Quantity,PurchaseDate,Unit,WasteCost_CLP,ClosureScope,PurchaseCohort
B00001,P001,Olives,Partial Loss,16,11.78,4.22,26.4,2023-08-23,47120,50.4,47200,-80,-0.09,P001,2950,16,2023-07-09,kg,12449.0,Closed by cutoff,2023-07
B00002,P001,Olives,Partial Loss,13,11.63,1.36,10.5,2023-09-03,46520,49.75,38350,8170,8.74,P001,2950,13,2023-07-20,kg,4012.0000000000005,Closed by cutoff,2023-07
B00003,P001,Olives,Partial Loss,13,11.63,1.36,10.5,2023-09-12,46520,49.75,38350,8170,8.74,P001,2950,13,2023-07-29,kg,4012.0000000000005,Closed by cutoff,2023-07
B00004,P001,Olives,Sold Out,16,16.0,0.0,0.0,2023-08-14,64000,68.45,47200,16800,17.97,P001,2950,16,2023-08-05,kg,0.0,Closed by cutoff,2023-08
B00005,P001,Olives,Partial Loss,15,10.52,4.48,29.9,2023-09-27,42080,45.01,44250,-2170,-2.32,P001,2950,15,2023-08-13,kg,13216.000000000002,Closed by cutoff,2023-08
B00006,P001,Olives,Partial Loss,16,13.58,2.42,15.1,2023-10-05,54320,58.1,47200,7120,7.61,P001,2950,16,2023-08-21,kg,7139.0,Closed by cutoff,2023-08
B00007,P001,Olives,Sold Out,17,17.0,0.0,0.0,2023-09-02,68000,72.73,50150,17850,19.09,P001,2950,17,2023-08-28,kg,0.0,Closed by cutoff,2023-08
B00008,P001,Olives,Partial Loss,19,16.72,2.28,12.0,2023-10-21,66880,71.53,57000,9880,10.57,P001,3000,19,2023-09-06,kg,6839.999999999999,Closed by cutoff,2023-09
B00009,P001,Olives,Partial Loss,18,14.89,3.11,17.3,2023-10-31,59560,63.7,53100,6460,6.91,P001,2950,18,2023-09-16,kg,9174.5,Closed by cutoff,2023-09
B00010,P001,Olives,Partial Loss,20,16.44,3.56,17.8,2023-11-09,65760,70.33,59000,6760,7.23,P001,2950,20,2023-09-25,kg,10502.0,Closed by cutoff,2023-09
B00011,P001,Olives,Sold Out,35,35.0,0.0,0.0,2023-10-11,140000,149.73,103250,36750,39.3,P001,2950,35,2023-10-04,kg,0.0,Closed by cutoff,2023-10
B00012,P001,Olives,Sold Out,34,34.0,0.0,0.0,2023-10-23,136000,145.45,100300,35700,38.18,P001,2950,34,2023-10-12,kg,0.0,Closed by cutoff,2023-10
B00013,P001,Olives,Sold Out,34,34.0,0.0,0.0,2023-10-26,136000,145.45,100300,35700,38.18,P001,2950,34,2023-10-20,kg,0.0,Closed by cutoff,2023-10
B00014,P001,Olives,Partial Loss,34,29.89,4.11,12.1,2023-12-14,119560,127.87,100300,19260,20.6,P001,2950,34,2023-10-30,kg,12124.500000000002,Closed by cutoff,2023-10
B00015,P001,Olives,Sold Out,39,39.0,0.0,0.0,2023-11-18,156000,166.84,115050,40950,43.8,P001,2950,39,2023-11-09,kg,0.0,Closed by cutoff,2023-11
B00016,P001,Olives,Partial Loss,35,30.84,4.17,11.9,2024-01-02,123360,131.94,103250,20110,21.51,P001,2950,35,2023-11-18,kg,12301.5,Closed by cutoff,2023-11
B00017,P001,Olives,Sold Out,37,37.0,0.0,0.0,2023-12-03,148000,158.29,109150,38850,41.55,P001,2950,37,2023-11-27,kg,0.0,Closed by cutoff,2023-11
B00018,P001,Olives,Sold Out,48,48.0,0.0,0.0,2023-12-18,192000,205.35,141600,50400,53.9,P001,2950,48,2023-12-09,kg,0.0,Closed by cutoff,2023-12
B00019,P001,Olives,Sold Out,47,47.0,0.0,0.0,2023-12-23,188000,201.07,141000,47000,50.27,P001,3000,47,2023-12-18,kg,0.0,Closed by cutoff,2023-12
B00020,P001,Olives,Sold Out,53,53.0,0.0,0.0,2024-01-03,212000,226.74,156350,55650,59.52,P001,2950,53,2023-12-27,kg,0.0,Closed by cutoff,2023-12
B00021,P001,Olives,Sold Out,40,40.0,0.0,0.0,2024-01-15,160000,171.12,118000,42000,44.92,P001,2950,40,2024-01-05,kg,0.0,Closed by cutoff,2024-01
B00022,P001,Olives,Partial Loss,41,33.33,7.67,18.7,2024-02-29,133320,142.59,123000,10320,11.04,P001,3000,41,2024-01-15,kg,23010.0,Closed by cutoff,2024-01
B00023,P001,Olives,Partial Loss,35,25.97,9.03,25.8,2024-03-09,103880,111.1,103250,630,0.67,P001,2950,35,2024-01-24,kg,26638.499999999996,Closed by cutoff,2024-01
B00024,P001,Olives,Sold Out,35,35.0,0.0,0.0,2024-02-06,140000,149.73,103250,36750,39.3,P001,2950,35,2024-02-01,kg,0.0,Closed by cutoff,2024-02
B00025,P001,Olives,Sold Out,40,40.0,0.0,0.0,2024-02-21,160000,171.12,118000,42000,44.92,P001,2950,40,2024-02-11,kg,0.0,Closed by cutoff,2024-02
B00026,P001,Olives,Partial Loss,45,36.85,8.14,18.1,2024-04-05,147400,157.65,135000,12400,13.26,P001,3000,45,2024-02-20,kg,24420.0,Closed by cutoff,2024-02
B00027,P001,Olives,Partial Loss,45,29.57,15.44,34.3,2024-04-14,118280,126.5,132750,-14470,-15.48,P001,2950,45,2024-02-29,kg,45548.0,Closed by cutoff,2024-02
B00028,P001,Olives,Sold Out,46,46.0,0.0,0.0,2024-03-21,184000,196.79,135700,48300,51.66,P001,2950,46,2024-03-10,kg,0.0,Closed by cutoff,2024-03
B00029,P001,Olives,Partial Loss,35,33.88,1.12,3.2,2024-05-05,135520,144.94,103250,32270,34.51,P001,2950,35,2024-03-21,kg,3304.0000000000005,Closed by cutoff,2024-03
B00030,P001,Olives,Partial Loss,34,30.36,3.64,10.7,2024-05-15,121440,129.88,100300,21140,22.61,P001,2950,34,2024-03-31,kg,10738.0,Closed by cutoff,2024-03
B00031,P001,Olives,Partial Loss,13,10.59,2.4,18.5,2024-05-24,42360,45.3,38350,4010,4.29,P001,2950,13,2024-04-09,kg,7080.0,Closed by cutoff,2024-04
B00032,P001,Olives,Sold Out,14,14.0,0.0,0.0,2024-04-25,56000,59.89,42000,14000,14.97,P001,3000,14,2024-04-20,kg,0.0,Closed by cutoff,2024-04
B00033,P001,Olives,Partial Loss,16,14.1,1.9,11.9,2024-06-13,56400,60.32,47200,9200,9.84,P001,2950,16,2024-04-29,kg,5605.0,Closed by cutoff,2024-04
B00034,P001,Olives,Sold Out,15,15.0,0.0,0.0,2024-05-19,60000,64.17,44250,15750,16.84,P001,2950,15,2024-05-09,kg,0.0,Closed by cutoff,2024-05
B00035,P001,Olives,Sold Out,13,13.0,0.0,0.0,2024-05-29,52000,55.61,39000,13000,13.9,P001,3000,13,2024-05-18,kg,0.0,Closed by cutoff,2024-05
B00036,P001,Olives,Partial Loss,15,11.51,3.5,23.3,2024-07-11,46040,49.24,44250,1790,1.91,P001,2950,15,2024-05-27,kg,10325.0,Closed by cutoff,2024-05
B00037,P001,Olives,Partial Loss,15,11.27,3.73,24.9,2024-07-19,45080,48.21,44250,830,0.89,P001,2950,15,2024-06-04,kg,11003.5,Closed by cutoff,2024-06
B00038,P001,Olives,Partial Loss,15,11.8,3.19,21.3,2024-07-29,47200,50.48,44250,2950,3.16,P001,2950,15,2024-06-14,kg,9410.5,Closed by cutoff,2024-06
B00039,P001,Olives,Sold Out,13,13.0,0.0,0.0,2024-06-27,52000,55.61,38350,13650,14.6,P001,2950,13,2024-06-21,kg,0.0,Closed by cutoff,2024-06
B00040,P001,Olives,Partial Loss,15,12.25,2.75,18.3,2024-08-14,49000,52.41,44250,4750,5.08,P001,2950,15,2024-06-30,kg,8112.5,Closed by cutoff,2024-06
B00041,P001,Olives,Partial Loss,15,13.38,1.62,10.8,2024-08-25,53520,57.24,44250,9270,9.91,P001,2950,15,2024-07-11,kg,4779.0,Closed by cutoff,2024-07
B00042,P001,Olives,Sold Out,15,15.0,0.0,0.0,2024-07-29,60000,64.17,44250,15750,16.84,P001,2950,15,2024-07-21,kg,0.0,Closed by cutoff,2024-07
B00043,P001,Olives,Partial Loss,14,12.66,1.34,9.6,2024-09-14,50640,54.16,41300,9340,9.99,P001,2950,14,2024-07-31,kg,3953.0000000000005,Closed by cutoff,2024-07
B00044,P001,Olives,Partial Loss,16,13.04,2.96,18.5,2024-09-25,52160,55.79,47200,4960,5.3,P001,2950,16,2024-08-11,kg,8732.0,Closed by cutoff,2024-08
B00045,P001,Olives,Sold Out,14,14.0,0.0,0.0,2024-08-28,56000,59.89,41300,14700,15.72,P001,2950,14,2024-08-22,kg,0.0,Closed by cutoff,2024-08
B00046,P001,Olives,Partial Loss,21,19.38,1.62,7.7,2024-10-17,77520,82.91,61950,15570,16.65,P001,2950,21,2024-09-02,kg,4779.0,Closed by cutoff,2024-09
B00047,P001,Olives,Partial Loss,19,18.13,0.87,4.6,2024-10-26,72520,77.56,57000,15520,16.6,P001,3000,19,2024-09-11,kg,2610.0,Closed by cutoff,2024-09
B00048,P001,Olives,Partial Loss,19,14.31,4.69,24.7,2024-11-04,57240,61.22,57000,240,0.26,P001,3000,19,2024-09-20,kg,14070.000000000002,Closed by cutoff,2024-09
B00049,P001,Olives,Sold Out,36,36.0,0.0,0.0,2024-10-07,144000,154.01,106200,37800,40.43,P001,2950,36,2024-10-01,kg,0.0,Closed by cutoff,2024-10
B00050,P001,Olives,Partial Loss,36,31.75,4.25,11.8,2024-11-24,127000,135.83,108000,19000,20.32,P001,3000,36,2024-10-10,kg,12750.0,Closed by cutoff,2024-10
B00051,P001,Olives,Sold Out,39,39.0,0.0,0.0,2024-10-19,156000,166.84,115050,40950,43.8,P001,2950,39,2024-10-17,kg,0.0,Closed by cutoff,2024-10
B00052,P001,Olives,Sold Out,43,43.0,0.0,0.0,2024-11-05,172000,183.96,126850,45150,48.29,P001,2950,43,2024-10-27,kg,0.0,Closed by cutoff,2024-10
B00053,P001,Olives,Sold Out,41,41.0,0.0,0.0,2024-11-09,164000,175.4,120950,43050,46.04,P001,2950,41,2024-11-04,kg,0.0,Closed by cutoff,2024-11
B00054,P001,Olives,Partial Loss,38,30.13,7.87,20.7,2024-12-29,120520,128.9,112100,8420,9.01,P001,2950,38,2024-11-14,kg,23216.5,Closed by cutoff,2024-11
B00055,P001,Olives,Sold Out,46,46.0,0.0,0.0,2024-12-04,184000,196.79,135700,48300,51.66,P001,2950,46,2024-11-27,kg,0.0,Closed by cutoff,2024-11
B00056,P001,Olives,Sold Out,59,59.0,0.0,0.0,2024-12-17,236000,252.41,174050,61950,66.26,P001,2950,59,2024-12-05,kg,0.0,Closed by cutoff,2024-12
B00057,P001,Olives,Sold Out,53,53.0,0.0,0.0,2024-12-19,212000,226.74,156350,55650,59.52,P001,2950,53,2024-12-13,kg,0.0,Closed by cutoff,2024-12
B00058,P001,Olives,Sold Out,52,52.0,0.0,0.0,2024-12-30,208000,222.46,153400,54600,58.4,P001,2950,52,2024-12-22,kg,0.0,Closed by cutoff,2024-12
B00059,P001,Olives,Sold Out,41,41.0,0.0,0.0,2025-01-11,164000,175.4,120950,43050,46.04,P001,2950,41,2025-01-01,kg,0.0,Closed by cutoff,2025-01
B00060,P001,Olives,Sold Out,43,43.0,0.0,0.0,2025-01-15,172000,183.96,126850,45150,48.29,P001,2950,43,2025-01-11,kg,0.0,Closed by cutoff,2025-01
B00061,P001,Olives,Sold Out,44,44.0,0.0,0.0,2025-02-01,176000,188.24,129800,46200,49.41,P001,2950,44,2025-01-22,kg,0.0,Closed by cutoff,2025-01
B00062,P001,Olives,Partial Loss,39,33.03,5.97,15.3,2025-03-14,132120,141.3,115050,17070,18.26,P001,2950,39,2025-01-28,kg,17611.5,Closed by cutoff,2025-01
B00063,P001,Olives,Sold Out,49,49.0,0.0,0.0,2025-02-17,196000,209.63,144550,51450,55.03,P001,2950,49,2025-02-09,kg,0.0,Closed by cutoff,2025-02
B00064,P001,Olives,Sold Out,37,37.0,0.0,0.0,2025-02-28,148000,158.29,109150,38850,41.55,P001,2950,37,2025-02-20,kg,0.0,Closed by cutoff,2025-02
B00065,P001,Olives,Partial Loss,37,31.49,5.51,14.9,2025-04-15,125960,134.72,109150,16810,17.98,P001,2950,37,2025-03-01,kg,16254.5,Closed by cutoff,2025-03
B00066,P001,Olives,Sold Out,41,41.0,0.0,0.0,2025-03-19,164000,175.4,120950,43050,46.04,P001,2950,41,2025-03-10,kg,0.0,Closed by cutoff,2025-03
B00067,P001,Olives,Sold Out,50,50.0,0.0,0.0,2025-03-26,200000,213.9,147500,52500,56.15,P001,2950,50,2025-03-19,kg,0.0,Closed by cutoff,2025-03
B00068,P001,Olives,Partial Loss,47,39.29,7.71,16.4,2025-05-10,157160,168.09,138650,18510,19.8,P001,2950,47,2025-03-26,kg,22744.5,Closed by cutoff,2025-03
B00069,P001,Olives,Partial Loss,15,11.51,3.5,23.3,2025-05-21,46040,49.24,44250,1790,1.91,P001,2950,15,2025-04-06,kg,10325.0,Closed by cutoff,2025-04
B00070,P001,Olives,Sold Out,16,16.0,0.0,0.0,2025-04-25,64000,68.45,47200,16800,17.97,P001,2950,16,2025-04-14,kg,0.0,Closed by cutoff,2025-04
B00071,P001,Olives,Partial Loss,16,13.04,2.96,18.5,2025-06-08,52160,55.79,47200,4960,5.3,P001,2950,16,2025-04-24,kg,8732.0,Closed by cutoff,2025-04
B00072,P001,Olives,Partial Loss,18,14.72,3.28,18.2,2025-06-16,58880,62.97,53100,5780,6.18,P001,2950,18,2025-05-02,kg,9676.0,Closed by cutoff,2025-05
B00073,P001,Olives,Partial Loss,18,13.99,4.01,22.3,2025-06-27,55960,59.85,53100,2860,3.06,P001,2950,18,2025-05-13,kg,11829.5,Closed by cutoff,2025-05
B00074,P001,Olives,Partial Loss,18,14.22,3.78,21.0,2025-07-05,56880,60.83,53100,3780,4.04,P001,2950,18,2025-05-21,kg,11151.0,After cutoff,2025-05
B00075,P001,Olives,Partial Loss,15,11.13,3.87,25.8,2025-07-15,44520,47.61,44250,270,0.29,P001,2950,15,2025-05-31,kg,11416.5,After cutoff,2025-05
B00076,P001,Olives,Partial Loss,15,13.08,1.92,12.8,2025-07-27,52320,55.96,44250,8070,8.63,P001,2950,15,2025-06-12,kg,5664.0,After cutoff,2025-06
B00077,P001,Olives,Sold Out,15,15.0,0.0,0.0,2025-06-28,60000,64.17,44250,15750,16.84,P001,2950,15,2025-06-21,kg,0.0,Closed by cutoff,2025-06
B00078,P001,Olives,Sold Out,16,16.0,0.0,0.0,2025-07-06,64000,68.45,47200,16800,17.97,P001,2950,16,2025-06-29,kg,0.0,After cutoff,2025-06
B00079,P002,Olives,Partial Loss,15,12.78,2.22,14.8,2023-08-24,44730,47.84,37500,7230,7.73,P002,2500,15,2023-07-10,kg,5550.000000000001,Closed by cutoff,2023-07
B00080,P002,Olives,Sold Out,15,15.0,0.0,0.0,2023-07-29,52500,56.15,40500,12000,12.83,P002,2700,15,2023-07-17,kg,0.0,Closed by cutoff,2023-07
B00081,P002,Olives,Partial Loss,15,12.48,2.52,16.8,2023-09-10,43680,46.72,37500,6180,6.61,P002,2500,15,2023-07-27,kg,6300.0,Closed by cutoff,2023-07
B00082,P002,Olives,Partial Loss,15,10.58,4.42,29.5,2023-09-17,37030,39.6,37500,-470,-0.5,P002,2500,15,2023-08-03,kg,11050.0,Closed by cutoff,2023-08
B00083,P002,Olives,Sold Out,17,17.0,0.0,0.0,2023-08-18,59500,63.64,42500,17000,18.18,P002,2500,17,2023-08-12,kg,0.0,Closed by cutoff,2023-08
B00084,P002,Olives,Partial Loss,17,15.08,1.92,11.3,2023-10-09,52780,56.45,42500,10280,10.99,P002,2500,17,2023-08-25,kg,4800.0,Closed by cutoff,2023-08
B00085,P002,Olives,Sold Out,19,19.0,0.0,0.0,2023-09-09,66500,71.12,47500,19000,20.32,P002,2500,19,2023-09-04,kg,0.0,Closed by cutoff,2023-09
B00086,P002,Olives,Sold Out,19,19.0,0.0,0.0,2023-09-24,66500,71.12,47500,19000,20.32,P002,2500,19,2023-09-17,kg,0.0,Closed by cutoff,2023-09
B00087,P002,Olives,Partial Loss,18,15.16,2.84,15.8,2023-11-13,53060,56.75,45000,8060,8.62,P002,2500,18,2023-09-29,kg,7100.0,Closed by cutoff,2023-09
B00088,P002,Olives,Sold Out,35,35.0,0.0,0.0,2023-10-17,122500,131.02,94500,28000,29.95,P002,2700,35,2023-10-10,kg,0.0,Closed by cutoff,2023-10
B00089,P002,Olives,Sold Out,45,45.0,0.0,0.0,2023-10-26,157500,168.45,112500,45000,48.13,P002,2500,45,2023-10-18,kg,0.0,Closed by cutoff,2023-10
B00090,P002,Olives,Sold Out,36,36.0,0.0,0.0,2023-11-02,126000,134.76,90000,36000,38.5,P002,2500,36,2023-10-27,kg,0.0,Closed by cutoff,2023-10
B00091,P002,Olives,Sold Out,37,37.0,0.0,0.0,2023-11-15,129500,138.5,92500,37000,39.57,P002,2500,37,2023-11-07,kg,0.0,Closed by cutoff,2023-11
B00092,P002,Olives,Partial Loss,42,37.21,4.79,11.4,2024-01-02,130235,139.29,105000,25235,26.99,P002,2500,42,2023-11-18,kg,11975.0,Closed by cutoff,2023-11
B00093,P002,Olives,Sold Out,42,42.0,0.0,0.0,2023-12-14,147000,157.22,105000,42000,44.92,P002,2500,42,2023-11-29,kg,0.0,Closed by cutoff,2023-11
B00094,P002,Olives,Sold Out,49,49.0,0.0,0.0,2023-12-18,171500,183.42,122500,49000,52.41,P002,2500,49,2023-12-09,kg,0.0,Closed by cutoff,2023-12
B00095,P002,Olives,Sold Out,54,54.0,0.0,0.0,2023-12-22,189000,202.14,135000,54000,57.75,P002,2500,54,2023-12-17,kg,0.0,Closed by cutoff,2023-12
B00096,P002,Olives,Sold Out,59,59.0,0.0,0.0,2024-01-02,206500,220.86,147500,59000,63.1,P002,2500,59,2023-12-29,kg,0.0,Closed by cutoff,2023-12
B00097,P002,Olives,Sold Out,37,37.0,0.0,0.0,2024-01-14,129500,138.5,92500,37000,39.57,P002,2500,37,2024-01-06,kg,0.0,Closed by cutoff,2024-01
B00098,P002,Olives,Sold Out,36,36.0,0.0,0.0,2024-01-22,126000,134.76,90000,36000,38.5,P002,2500,36,2024-01-17,kg,0.0,Closed by cutoff,2024-01
B00099,P002,Olives,Sold Out,39,39.0,0.0,0.0,2024-02-06,136500,145.99,97500,39000,41.71,P002,2500,39,2024-01-28,kg,0.0,Closed by cutoff,2024-01
B00100,P002,Olives,Sold Out,37,37.0,0.0,0.0,2024-02-15,129500,138.5,92500,37000,39.57,P002,2500,37,2024-02-09,kg,0.0,Closed by cutoff,2024-02
B00101,P002,Olives,Partial Loss,37,31.45,5.55,15.0,2024-04-02,110075,117.73,99900,10175,10.88,P002,2700,37,2024-02-17,kg,14985.0,Closed by cutoff,2024-02
B00102,P002,Olives,Partial Loss,40,33.48,6.52,16.3,2024-04-12,117180,125.33,100000,17180,18.37,P002,2500,40,2024-02-27,kg,16299.999999999998,Closed by cutoff,2024-02
B00103,P002,Olives,Partial Loss,38,33.02,4.98,13.1,2024-04-23,115570,123.6,95000,20570,22.0,P002,2500,38,2024-03-09,kg,12450.000000000002,Closed by cutoff,2024-03
B00104,P002,Olives,Sold Out,43,43.0,0.0,0.0,2024-03-25,150500,160.96,107500,43000,45.99,P002,2500,43,2024-03-17,kg,0.0,Closed by cutoff,2024-03
B00105,P002,Olives,Sold Out,35,35.0,0.0,0.0,2024-03-29,122500,131.02,87500,35000,37.43,P002,2500,35,2024-03-27,kg,0.0,Closed by cutoff,2024-03
B00106,P002,Olives,Partial Loss,17,12.31,4.69,27.6,2024-05-21,43085,46.08,42500,585,0.63,P002,2500,17,2024-04-06,kg,11725.000000000002,Closed by cutoff,2024-04
B00107,P002,Olives,Partial Loss,16,13.14,2.86,17.9,2024-05-28,45990,49.19,40000,5990,6.41,P002,2500,16,2024-04-13,kg,7150.0,Closed by cutoff,2024-04
B00108,P002,Olives,Partial Loss,13,11.88,1.12,8.6,2024-06-05,41580,44.47,32500,9080,9.71,P002,2500,13,2024-04-21,kg,2800.0000000000005,Closed by cutoff,2024-04
B00109,P002,Olives,Partial Loss,15,10.25,4.75,31.7,2024-06-14,35875,38.37,37500,-1625,-1.74,P002,2500,15,2024-04-30,kg,11875.0,Closed by cutoff,2024-04
B00110,P002,Olives,Partial Loss,17,13.7,3.3,19.4,2024-06-21,47950,51.28,42500,5450,5.83,P002,2500,17,2024-05-07,kg,8250.0,Closed by cutoff,2024-05
B00111,P002,Olives,Partial Loss,14,10.19,3.81,27.2,2024-07-01,35665,38.14,35000,665,0.71,P002,2500,14,2024-05-17,kg,9525.0,Closed by cutoff,2024-05
B00112,P002,Olives,Partial Loss,14,9.83,4.17,29.8,2024-07-11,34405,36.8,35000,-595,-0.64,P002,2500,14,2024-05-27,kg,10425.0,Closed by cutoff,2024-05
B00113,P002,Olives,Sold Out,16,16.0,0.0,0.0,2024-06-10,56000,59.89,40000,16000,17.11,P002,2500,16,2024-06-04,kg,0.0,Closed by cutoff,2024-06
B00114,P002,Olives,Sold Out,17,17.0,0.0,0.0,2024-06-16,59500,63.64,42500,17000,18.18,P002,2500,17,2024-06-10,kg,0.0,Closed by cutoff,2024-06
B00115,P002,Olives,Sold Out,14,14.0,0.0,0.0,2024-06-24,49000,52.41,35000,14000,14.97,P002,2500,14,2024-06-20,kg,0.0,Closed by cutoff,2024-06
B00116,P002,Olives,Sold Out,16,16.0,0.0,0.0,2024-07-03,56000,59.89,40000,16000,17.11,P002,2500,16,2024-07-01,kg,0.0,Closed by cutoff,2024-07
B00117,P002,Olives,Partial Loss,13,10.79,2.21,17.0,2024-08-25,37765,40.39,32500,5265,5.63,P002,2500,13,2024-07-11,kg,5525.0,Closed by cutoff,2024-07
B00118,P002,Olives,Sold Out,16,16.0,0.0,0.0,2024-07-28,56000,59.89,40000,16000,17.11,P002,2500,16,2024-07-20,kg,0.0,Closed by cutoff,2024-07
B00119,P002,Olives,Partial Loss,16,13.89,2.11,13.2,2024-09-15,48615,51.99,40000,8615,9.21,P002,2500,16,2024-08-01,kg,5275.0,Closed by cutoff,2024-08
B00120,P002,Olives,Partial Loss,13,10.44,2.56,19.7,2024-09-25,36540,39.08,32500,4040,4.32,P002,2500,13,2024-08-11,kg,6400.0,Closed by cutoff,2024-08
B00121,P002,Olives,Partial Loss,15,10.94,4.07,27.1,2024-10-05,38290,40.95,37500,790,0.84,P002,2500,15,2024-08-21,kg,10175.0,Closed by cutoff,2024-08
B00122,P002,Olives,Partial Loss,14,10.35,3.65,26.1,2024-10-15,36225,38.74,35000,1225,1.31,P002,2500,14,2024-08-31,kg,9125.0,Closed by cutoff,2024-08
B00123,P002,Olives,Sold Out,18,18.0,0.0,0.0,2024-09-20,63000,67.38,45000,18000,19.25,P002,2500,18,2024-09-10,kg,0.0,Closed by cutoff,2024-09
B00124,P002,Olives,Partial Loss,19,14.54,4.46,23.5,2024-11-02,50890,54.43,51300,-410,-0.44,P002,2700,19,2024-09-18,kg,12042.0,Closed by cutoff,2024-09
B00125,P002,Olives,Sold Out,19,19.0,0.0,0.0,2024-10-08,66500,71.12,47500,19000,20.32,P002,2500,19,2024-09-27,kg,0.0,Closed by cutoff,2024-09
B00126,P002,Olives,Sold Out,36,36.0,0.0,0.0,2024-10-08,126000,134.76,90000,36000,38.5,P002,2500,36,2024-10-04,kg,0.0,Closed by cutoff,2024-10
B00127,P002,Olives,Sold Out,40,40.0,0.0,0.0,2024-10-22,140000,149.73,100000,40000,42.78,P002,2500,40,2024-10-12,kg,0.0,Closed by cutoff,2024-10
B00128,P002,Olives,Sold Out,35,35.0,0.0,0.0,2024-10-30,122500,131.02,87500,35000,37.43,P002,2500,35,2024-10-22,kg,0.0,Closed by cutoff,2024-10
B00129,P002,Olives,Sold Out,46,46.0,0.0,0.0,2024-11-08,161000,172.19,115000,46000,49.2,P002,2500,46,2024-11-01,kg,0.0,Closed by cutoff,2024-11
B00130,P002,Olives,Sold Out,37,37.0,0.0,0.0,2024-11-18,129500,138.5,92500,37000,39.57,P002,2500,37,2024-11-10,kg,0.0,Closed by cutoff,2024-11
B00131,P002,Olives,Sold Out,45,45.0,0.0,0.0,2024-11-30,157500,168.45,112500,45000,48.13,P002,2500,45,2024-11-20,kg,0.0,Closed by cutoff,2024-11
B00132,P002,Olives,Sold Out,44,44.0,0.0,0.0,2024-12-13,154000,164.71,118800,35200,37.65,P002,2700,44,2024-11-30,kg,0.0,Closed by cutoff,2024-11
B00133,P002,Olives,Sold Out,54,54.0,0.0,0.0,2024-12-16,189000,202.14,135000,54000,57.75,P002,2500,54,2024-12-08,kg,0.0,Closed by cutoff,2024-12
B00134,P002,Olives,Sold Out,57,57.0,0.0,0.0,2024-12-25,199500,213.37,142500,57000,60.96,P002,2500,57,2024-12-16,kg,0.0,Closed by cutoff,2024-12
B00135,P002,Olives,Sold Out,55,55.0,0.0,0.0,2024-12-31,192500,205.88,137500,55000,58.82,P002,2500,55,2024-12-25,kg,0.0,Closed by cutoff,2024-12
B00136,P002,Olives,Sold Out,40,40.0,0.0,0.0,2025-01-09,140000,149.73,100000,40000,42.78,P002,2500,40,2025-01-02,kg,0.0,Closed by cutoff,2025-01
B00137,P002,Olives,Sold Out,39,39.0,0.0,0.0,2025-01-19,136500,145.99,97500,39000,41.71,P002,2500,39,2025-01-11,kg,0.0,Closed by cutoff,2025-01
B00138,P002,Olives,Sold Out,39,39.0,0.0,0.0,2025-01-23,136500,145.99,97500,39000,41.71,P002,2500,39,2025-01-20,kg,0.0,Closed by cutoff,2025-01
B00139,P002,Olives,Sold Out,46,46.0,0.0,0.0,2025-02-03,161000,172.19,115000,46000,49.2,P002,2500,46,2025-01-31,kg,0.0,Closed by cutoff,2025-01
B00140,P002,Olives,Sold Out,49,49.0,0.0,0.0,2025-02-18,171500,183.42,122500,49000,52.41,P002,2500,49,2025-02-11,kg,0.0,Closed by cutoff,2025-02
B00141,P002,Olives,Sold Out,40,40.0,0.0,0.0,2025-02-27,140000,149.73,100000,40000,42.78,P002,2500,40,2025-02-22,kg,0.0,Closed by cutoff,2025-02
B00142,P002,Olives,Sold Out,43,43.0,0.0,0.0,2025-03-10,150500,160.96,107500,43000,45.99,P002,2500,43,2025-03-06,kg,0.0,Closed by cutoff,2025-03
B00143,P002,Olives,Sold Out,38,38.0,0.0,0.0,2025-03-24,133000,142.25,95000,38000,40.64,P002,2500,38,2025-03-16,kg,0.0,Closed by cutoff,2025-03
B00144,P002,Olives,Partial Loss,43,37.15,5.85,13.6,2025-05-09,130025,139.06,107500,22525,24.09,P002,2500,43,2025-03-25,kg,14625.0,Closed by cutoff,2025-03
B00145,P002,Olives,Partial Loss,16,12.11,3.89,24.3,2025-05-19,42385,45.33,40000,2385,2.55,P002,2500,16,2025-04-04,kg,9725.0,Closed by cutoff,2025-04
B00146,P002,Olives,Sold Out,14,14.0,0.0,0.0,2025-04-17,49000,52.41,37800,11200,11.98,P002,2700,14,2025-04-11,kg,0.0,Closed by cutoff,2025-04
B00147,P002,Olives,Sold Out,16,16.0,0.0,0.0,2025-04-26,56000,59.89,40000,16000,17.11,P002,2500,16,2025-04-18,kg,0.0,Closed by cutoff,2025-04
B00148,P002,Olives,Sold Out,17,17.0,0.0,0.0,2025-05-05,59500,63.64,42500,17000,18.18,P002,2500,17,2025-04-30,kg,0.0,Closed by cutoff,2025-04
B00149,P002,Olives,Sold Out,15,15.0,0.0,0.0,2025-05-20,52500,56.15,40500,12000,12.83,P002,2700,15,2025-05-12,kg,0.0,Closed by cutoff,2025-05
B00150,P002,Olives,Sold Out,19,19.0,0.0,0.0,2025-06-01,66500,71.12,47500,19000,20.32,P002,2500,19,2025-05-22,kg,0.0,Closed by cutoff,2025-05
B00151,P002,Olives,Partial Loss,18,14.24,3.76,20.9,2025-07-16,49840,53.3,48600,1240,1.33,P002,2700,18,2025-06-01,kg,10152.0,After cutoff,2025-06
B00152,P002,Olives,Sold Out,18,18.0,0.0,0.0,2025-06-16,63000,67.38,45000,18000,19.25,P002,2500,18,2025-06-11,kg,0.0,Closed by cutoff,2025-06
B00153,P002,Olives,Partial Loss,18,13.64,4.36,24.2,2025-08-04,47740,51.06,45000,2740,2.93,P002,2500,18,2025-06-20,kg,10900.0,After cutoff,2025-06
B00154,P002,Olives,Sold Out,15,15.0,0.0,0.0,2025-07-06,52500,56.15,37500,15000,16.04,P002,2500,15,2025-06-29,kg,0.0,After cutoff,2025-06
B00155,P003,Olives,Sold Out,17,17.0,0.0,0.0,2023-07-11,59500,63.64,41650,17850,19.09,P003,2450,17,2023-07-02,kg,0.0,Closed by cutoff,2023-07
B00156,P003,Olives,Partial Loss,15,11.66,3.35,22.3,2023-08-26,40810,43.65,36750,4060,4.34,P003,2450,15,2023-07-12,kg,8207.5,Closed by cutoff,2023-07
B00157,P003,Olives,Partial Loss,15,12.67,2.33,15.5,2023-09-03,44345,47.43,36750,7595,8.12,P003,2450,15,2023-07-20,kg,5708.5,Closed by cutoff,2023-07
B00158,P003,Olives,Sold Out,13,13.0,0.0,0.0,2023-08-08,45500,48.66,31850,13650,14.6,P003,2450,13,2023-07-29,kg,0.0,Closed by cutoff,2023-07
B00159,P003,Olives,Partial Loss,15,12.42,2.58,17.2,2023-09-21,43470,46.49,36750,6720,7.19,P003,2450,15,2023-08-07,kg,6321.0,Closed by cutoff,2023-08
B00160,P003,Olives,Partial Loss,16,13.26,2.74,17.1,2023-09-29,46410,49.64,39200,7210,7.71,P003,2450,16,2023-08-15,kg,6713.000000000001,Closed by cutoff,2023-08
B00161,P003,Olives,Sold Out,15,15.0,0.0,0.0,2023-09-02,52500,56.15,36750,15750,16.84,P003,2450,15,2023-08-24,kg,0.0,Closed by cutoff,2023-08
B00162,P003,Olives,Sold Out,17,17.0,0.0,0.0,2023-09-12,59500,63.64,41650,17850,19.09,P003,2450,17,2023-09-02,kg,0.0,Closed by cutoff,2023-09
B00163,P003,Olives,Partial Loss,18,15.21,2.79,15.5,2023-10-27,53235,56.94,44100,9135,9.77,P003,2450,18,2023-09-12,kg,6835.5,Closed by cutoff,2023-09
B00164,P003,Olives,Partial Loss,17,13.89,3.11,18.3,2023-11-06,48615,51.99,41650,6965,7.45,P003,2450,17,2023-09-22,kg,7619.5,Closed by cutoff,2023-09
B00165,P003,Olives,Sold Out,36,36.0,0.0,0.0,2023-10-19,126000,134.76,88200,37800,40.43,P003,2450,36,2023-10-03,kg,0.0,Closed by cutoff,2023-10
B00166,P003,Olives,Partial Loss,43,37.71,5.29,12.3,2023-11-26,131985,141.16,105350,26635,28.49,P003,2450,43,2023-10-12,kg,12960.5,Closed by cutoff,2023-10
B00167,P003,Olives,Partial Loss,40,36.48,3.52,8.8,2023-12-07,127680,136.56,98000,29680,31.74,P003,2450,40,2023-10-23,kg,8624.0,Closed by cutoff,2023-10
B00168,P003,Olives,Sold Out,45,45.0,0.0,0.0,2023-11-08,157500,168.45,110250,47250,50.53,P003,2450,45,2023-11-02,kg,0.0,Closed by cutoff,2023-11
B00169,P003,Olives,Sold Out,45,45.0,0.0,0.0,2023-11-20,157500,168.45,110250,47250,50.53,P003,2450,45,2023-11-11,kg,0.0,Closed by cutoff,2023-11
B00170,P003,Olives,Partial Loss,38,30.74,7.26,19.1,2024-01-05,107590,115.07,93100,14490,15.5,P003,2450,38,2023-11-21,kg,17787.0,Closed by cutoff,2023-11
B00171,P003,Olives,Sold Out,55,55.0,0.0,0.0,2023-12-10,192500,205.88,134750,57750,61.76,P003,2450,55,2023-12-01,kg,0.0,Closed by cutoff,2023-12
B00172,P003,Olives,Sold Out,51,51.0,0.0,0.0,2023-12-22,178500,190.91,124950,53550,57.27,P003,2450,51,2023-12-11,kg,0.0,Closed by cutoff,2023-12
B00173,P003,Olives,Sold Out,44,44.0,0.0,0.0,2023-12-28,154000,164.71,107800,46200,49.41,P003,2450,44,2023-12-23,kg,0.0,Closed by cutoff,2023-12
B00174,P003,Olives,Sold Out,44,44.0,0.0,0.0,2024-01-09,154000,164.71,107800,46200,49.41,P003,2450,44,2024-01-01,kg,0.0,Closed by cutoff,2024-01
B00175,P003,Olives,Sold Out,43,43.0,0.0,0.0,2024-01-15,150500,160.96,105350,45150,48.29,P003,2450,43,2024-01-10,kg,0.0,Closed by cutoff,2024-01
B00176,P003,Olives,Sold Out,37,37.0,0.0,0.0,2024-01-24,129500,138.5,90650,38850,41.55,P003,2450,37,2024-01-21,kg,0.0,Closed by cutoff,2024-01
B00177,P003,Olives,Sold Out,42,42.0,0.0,0.0,2024-01-31,147000,157.22,102900,44100,47.17,P003,2450,42,2024-01-27,kg,0.0,Closed by cutoff,2024-01
B00178,P003,Olives,Sold Out,44,44.0,0.0,0.0,2024-02-15,154000,164.71,107800,46200,49.41,P003,2450,44,2024-02-06,kg,0.0,Closed by cutoff,2024-02
B00179,P003,Olives,Sold Out,34,34.0,0.0,0.0,2024-02-24,119000,127.27,83300,35700,38.18,P003,2450,34,2024-02-17,kg,0.0,Closed by cutoff,2024-02
B00180,P003,Olives,Sold Out,45,45.0,0.0,0.0,2024-03-02,157500,168.45,117000,40500,43.32,P003,2600,45,2024-02-24,kg,0.0,Closed by cutoff,2024-02
B00181,P003,Olives,Sold Out,40,40.0,0.0,0.0,2024-03-13,140000,149.73,98000,42000,44.92,P003,2450,40,2024-03-05,kg,0.0,Closed by cutoff,2024-03
B00182,P003,Olives,Partial Loss,43,40.29,2.71,6.3,2024-04-27,141015,150.82,105350,35665,38.14,P003,2450,43,2024-03-13,kg,6639.5,Closed by cutoff,2024-03
B00183,P003,Olives,Sold Out,42,42.0,0.0,0.0,2024-03-29,147000,157.22,102900,44100,47.17,P003,2450,42,2024-03-23,kg,0.0,Closed by cutoff,2024-03
B00184,P003,Olives,Partial Loss,15,10.96,4.04,26.9,2024-05-16,38360,41.03,36750,1610,1.72,P003,2450,15,2024-04-01,kg,9898.0,Closed by cutoff,2024-04
B00185,P003,Olives,Partial Loss,17,13.58,3.42,20.1,2024-05-25,47530,50.83,41650,5880,6.29,P003,2450,17,2024-04-10,kg,8379.0,Closed by cutoff,2024-04
B00186,P003,Olives,Partial Loss,13,9.78,3.22,24.8,2024-06-02,34230,36.61,31850,2380,2.55,P003,2450,13,2024-04-18,kg,7889.000000000001,Closed by cutoff,2024-04
B00187,P003,Olives,Sold Out,13,13.0,0.0,0.0,2024-05-03,45500,48.66,31850,13650,14.6,P003,2450,13,2024-04-26,kg,0.0,Closed by cutoff,2024-04
B00188,P003,Olives,Partial Loss,16,11.54,4.46,27.9,2024-06-17,40390,43.2,39200,1190,1.27,P003,2450,16,2024-05-03,kg,10927.0,Closed by cutoff,2024-05
B00189,P003,Olives,Sold Out,14,14.0,0.0,0.0,2024-05-21,49000,52.41,34300,14700,15.72,P003,2450,14,2024-05-15,kg,0.0,Closed by cutoff,2024-05
B00190,P003,Olives,Partial Loss,17,14.52,2.48,14.6,2024-07-12,50820,54.35,41650,9170,9.81,P003,2450,17,2024-05-28,kg,6076.0,Closed by cutoff,2024-05
B00191,P003,Olives,Sold Out,16,16.0,0.0,0.0,2024-06-14,56000,59.89,39200,16800,17.97,P003,2450,16,2024-06-10,kg,0.0,Closed by cutoff,2024-06
B00192,P003,Olives,Sold Out,17,17.0,0.0,0.0,2024-06-25,59500,63.64,41650,17850,19.09,P003,2450,17,2024-06-16,kg,0.0,Closed by cutoff,2024-06
B00193,P003,Olives,Sold Out,15,15.0,0.0,0.0,2024-07-01,52500,56.15,36750,15750,16.84,P003,2450,15,2024-06-24,kg,0.0,Closed by cutoff,2024-06
B00194,P003,Olives,Partial Loss,13,9.62,3.38,26.0,2024-08-18,33670,36.01,31850,1820,1.95,P003,2450,13,2024-07-04,kg,8281.0,Closed by cutoff,2024-07
B00195,P003,Olives,Sold Out,14,14.0,0.0,0.0,2024-07-17,49000,52.41,34300,14700,15.72,P003,2450,14,2024-07-10,kg,0.0,Closed by cutoff,2024-07
B00196,P003,Olives,Partial Loss,17,13.28,3.72,21.9,2024-09-04,46480,49.71,41650,4830,5.17,P003,2450,17,2024-07-21,kg,9114.0,Closed by cutoff,2024-07
B00197,P003,Olives,Partial Loss,14,10.32,3.68,26.3,2024-09-14,36120,38.63,34300,1820,1.95,P003,2450,14,2024-07-31,kg,9016.0,Closed by cutoff,2024-07
B00198,P003,Olives,Partial Loss,14,10.53,3.47,24.8,2024-09-26,36855,39.42,34300,2555,2.73,P003,2450,14,2024-08-12,kg,8501.5,Closed by cutoff,2024-08
B00199,P003,Olives,Sold Out,14,14.0,0.0,0.0,2024-09-01,49000,52.41,34300,14700,15.72,P003,2450,14,2024-08-22,kg,0.0,Closed by cutoff,2024-08
B00200,P003,Olives,Partial Loss,17,12.87,4.13,24.3,2024-10-15,45045,48.18,41650,3395,3.63,P003,2450,17,2024-08-31,kg,10118.5,Closed by cutoff,2024-08
B00201,P003,Olives,Sold Out,22,22.0,0.0,0.0,2024-09-20,77000,82.35,53900,23100,24.71,P003,2450,22,2024-09-10,kg,0.0,Closed by cutoff,2024-09
B00202,P003,Olives,Sold Out,16,16.0,0.0,0.0,2024-09-27,56000,59.89,39200,16800,17.97,P003,2450,16,2024-09-20,kg,0.0,Closed by cutoff,2024-09
B00203,P003,Olives,Partial Loss,20,18.34,1.66,8.3,2024-11-14,64190,68.65,49000,15190,16.25,P003,2450,20,2024-09-30,kg,4067.0,Closed by cutoff,2024-09
B00204,P003,Olives,Partial Loss,38,30.36,7.64,20.1,2024-11-23,106260,113.65,98800,7460,7.98,P003,2600,38,2024-10-09,kg,19864.0,Closed by cutoff,2024-10
B00205,P003,Olives,Sold Out,40,40.0,0.0,0.0,2024-10-25,140000,149.73,98000,42000,44.92,P003,2450,40,2024-10-19,kg,0.0,Closed by cutoff,2024-10
B00206,P003,Olives,Sold Out,36,36.0,0.0,0.0,2024-11-05,126000,134.76,88200,37800,40.43,P003,2450,36,2024-10-28,kg,0.0,Closed by cutoff,2024-10
B00207,P003,Olives,Sold Out,38,38.0,0.0,0.0,2024-11-13,133000,142.25,93100,39900,42.67,P003,2450,38,2024-11-05,kg,0.0,Closed by cutoff,2024-11
B00208,P003,Olives,Sold Out,42,42.0,0.0,0.0,2024-11-20,147000,157.22,102900,44100,47.17,P003,2450,42,2024-11-14,kg,0.0,Closed by cutoff,2024-11
B00209,P003,Olives,Sold Out,35,35.0,0.0,0.0,2024-12-05,122500,131.02,85750,36750,39.3,P003,2450,35,2024-11-26,kg,0.0,Closed by cutoff,2024-11
B00210,P003,Olives,Sold Out,48,48.0,0.0,0.0,2024-12-16,168000,179.68,117600,50400,53.9,P003,2450,48,2024-12-07,kg,0.0,Closed by cutoff,2024-12
B00211,P003,Olives,Partial Loss,53,41.45,11.55,21.8,2025-01-31,145075,155.16,129850,15225,16.28,P003,2450,53,2024-12-17,kg,28297.5,Closed by cutoff,2024-12
B00212,P003,Olives,Sold Out,58,58.0,0.0,0.0,2025-01-03,203000,217.11,142100,60900,65.13,P003,2450,58,2024-12-29,kg,0.0,Closed by cutoff,2024-12
B00213,P003,Olives,Sold Out,48,48.0,0.0,0.0,2025-01-11,168000,179.68,117600,50400,53.9,P003,2450,48,2025-01-05,kg,0.0,Closed by cutoff,2025-01
B00214,P003,Olives,Sold Out,48,48.0,0.0,0.0,2025-01-22,168000,179.68,117600,50400,53.9,P003,2450,48,2025-01-15,kg,0.0,Closed by cutoff,2025-01
B00215,P003,Olives,Partial Loss,41,27.51,13.49,32.9,2025-03-09,96285,102.98,100450,-4165,-4.45,P003,2450,41,2025-01-23,kg,33050.5,Closed by cutoff,2025-01
B00216,P003,Olives,Sold Out,37,37.0,0.0,0.0,2025-02-12,129500,138.5,90650,38850,41.55,P003,2450,37,2025-02-02,kg,0.0,Closed by cutoff,2025-02
B00217,P003,Olives,Partial Loss,43,37.84,5.16,12.0,2025-03-30,132440,141.65,105350,27090,28.97,P003,2450,43,2025-02-13,kg,12642.0,Closed by cutoff,2025-02
B00218,P003,Olives,Sold Out,42,42.0,0.0,0.0,2025-02-27,147000,157.22,102900,44100,47.17,P003,2450,42,2025-02-21,kg,0.0,Closed by cutoff,2025-02
B00219,P003,Olives,Sold Out,43,43.0,0.0,0.0,2025-03-12,150500,160.96,105350,45150,48.29,P003,2450,43,2025-03-03,kg,0.0,Closed by cutoff,2025-03
B00220,P003,Olives,Sold Out,37,37.0,0.0,0.0,2025-03-23,129500,138.5,90650,38850,41.55,P003,2450,37,2025-03-11,kg,0.0,Closed by cutoff,2025-03
B00221,P003,Olives,Sold Out,42,42.0,0.0,0.0,2025-03-24,147000,157.22,102900,44100,47.17,P003,2450,42,2025-03-20,kg,0.0,Closed by cutoff,2025-03
B00222,P003,Olives,Sold Out,44,44.0,0.0,0.0,2025-04-11,154000,164.71,107800,46200,49.41,P003,2450,44,2025-03-30,kg,0.0,Closed by cutoff,2025-03
B00223,P003,Olives,Partial Loss,15,11.78,3.23,21.5,2025-05-24,41230,44.1,36750,4480,4.79,P003,2450,15,2025-04-09,kg,7913.5,Closed by cutoff,2025-04
B00224,P003,Olives,Partial Loss,18,15.68,2.32,12.9,2025-06-04,54880,58.7,46800,8080,8.64,P003,2600,18,2025-04-20,kg,6032.0,Closed by cutoff,2025-04
B00225,P003,Olives,Partial Loss,18,15.77,2.23,12.4,2025-06-12,55195,59.03,44100,11095,11.87,P003,2450,18,2025-04-28,kg,5463.5,Closed by cutoff,2025-04
B00226,P003,Olives,Partial Loss,15,12.15,2.85,19.0,2025-06-22,42525,45.48,36750,5775,6.18,P003,2450,15,2025-05-08,kg,6982.5,Closed by cutoff,2025-05
B00227,P003,Olives,Partial Loss,17,15.15,1.85,10.9,2025-07-02,53025,56.71,41650,11375,12.17,P003,2450,17,2025-05-18,kg,4532.5,After cutoff,2025-05
B00228,P003,Olives,Partial Loss,15,12.64,2.35,15.7,2025-07-13,44240,47.32,36750,7490,8.01,P003,2450,15,2025-05-29,kg,5757.5,After cutoff,2025-05
B00229,P003,Olives,Partial Loss,18,15.48,2.52,14.0,2025-07-21,54180,57.95,44100,10080,10.78,P003,2450,18,2025-06-06,kg,6174.0,After cutoff,2025-06
B00230,P003,Olives,Sold Out,17,17.0,0.0,0.0,2025-06-19,59500,63.64,41650,17850,19.09,P003,2450,17,2025-06-13,kg,0.0,Closed by cutoff,2025-06
B00231,P003,Olives,Partial Loss,15,11.13,3.87,25.8,2025-08-05,38955,41.66,39000,-45,-0.05,P003,2600,15,2025-06-21,kg,10062.0,After cutoff,2025-06
B00232,P003,Olives,Sold Out,17,17.0,0.0,0.0,2025-07-09,59500,63.64,41650,17850,19.09,P003,2450,17,2025-06-30,kg,0.0,After cutoff,2025-06
B00233,P004,Olives,Partial Loss,13,9.46,3.54,27.2,2023-08-24,28380,30.35,26650,1730,1.85,P004,2050,13,2023-07-10,kg,7257.0,Closed by cutoff,2023-07
B00234,P004,Olives,Partial Loss,14,11.52,2.48,17.7,2023-09-03,34560,36.96,32200,2360,2.52,P004,2300,14,2023-07-20,kg,5704.0,Closed by cutoff,2023-07
B00235,P004,Olives,Sold Out,15,15.0,0.0,0.0,2023-08-02,45000,48.13,30750,14250,15.24,P004,2050,15,2023-07-27,kg,0.0,Closed by cutoff,2023-07
B00236,P004,Olives,Sold Out,17,17.0,0.0,0.0,2023-08-10,51000,54.55,34850,16150,17.27,P004,2050,17,2023-08-05,kg,0.0,Closed by cutoff,2023-08
B00237,P004,Olives,Partial Loss,15,10.96,4.04,26.9,2023-09-29,32880,35.17,30750,2130,2.28,P004,2050,15,2023-08-15,kg,8282.0,Closed by cutoff,2023-08
B00238,P004,Olives,Sold Out,15,15.0,0.0,0.0,2023-09-03,45000,48.13,30750,14250,15.24,P004,2050,15,2023-08-25,kg,0.0,Closed by cutoff,2023-08
B00239,P004,Olives,Partial Loss,19,13.4,5.6,29.5,2023-10-19,40200,42.99,38950,1250,1.34,P004,2050,19,2023-09-04,kg,11480.0,Closed by cutoff,2023-09
B00240,P004,Olives,Partial Loss,19,15.71,3.29,17.3,2023-10-27,47130,50.41,38950,8180,8.75,P004,2050,19,2023-09-12,kg,6744.5,Closed by cutoff,2023-09
B00241,P004,Olives,Sold Out,19,19.0,0.0,0.0,2023-09-27,57000,60.96,38950,18050,19.3,P004,2050,19,2023-09-21,kg,0.0,Closed by cutoff,2023-09
B00242,P004,Olives,Sold Out,35,35.0,0.0,0.0,2023-10-08,105000,112.3,80500,24500,26.2,P004,2300,35,2023-10-01,kg,0.0,Closed by cutoff,2023-10
B00243,P004,Olives,Sold Out,43,43.0,0.0,0.0,2023-10-18,129000,137.97,88150,40850,43.69,P004,2050,43,2023-10-11,kg,0.0,Closed by cutoff,2023-10
B00244,P004,Olives,Sold Out,44,44.0,0.0,0.0,2023-10-27,132000,141.18,90200,41800,44.71,P004,2050,44,2023-10-19,kg,0.0,Closed by cutoff,2023-10
B00245,P004,Olives,Partial Loss,44,36.39,7.61,17.3,2023-12-12,109170,116.76,90200,18970,20.29,P004,2050,44,2023-10-28,kg,15600.5,Closed by cutoff,2023-10
B00246,P004,Olives,Sold Out,36,36.0,0.0,0.0,2023-11-13,108000,115.51,73800,34200,36.58,P004,2050,36,2023-11-04,kg,0.0,Closed by cutoff,2023-11
B00247,P004,Olives,Sold Out,41,41.0,0.0,0.0,2023-11-17,123000,131.55,84050,38950,41.66,P004,2050,41,2023-11-13,kg,0.0,Closed by cutoff,2023-11
B00248,P004,Olives,Sold Out,42,42.0,0.0,0.0,2023-11-25,126000,134.76,86100,39900,42.67,P004,2050,42,2023-11-19,kg,0.0,Closed by cutoff,2023-11
B00249,P004,Olives,Sold Out,46,46.0,0.0,0.0,2023-12-03,138000,147.59,94300,43700,46.74,P004,2050,46,2023-11-27,kg,0.0,Closed by cutoff,2023-11
B00250,P004,Olives,Sold Out,59,59.0,0.0,0.0,2023-12-14,177000,189.3,120950,56050,59.95,P004,2050,59,2023-12-09,kg,0.0,Closed by cutoff,2023-12
B00251,P004,Olives,Sold Out,59,59.0,0.0,0.0,2023-12-28,177000,189.3,135700,41300,44.17,P004,2300,59,2023-12-19,kg,0.0,Closed by cutoff,2023-12
B00252,P004,Olives,Sold Out,56,56.0,0.0,0.0,2024-01-05,168000,179.68,114800,53200,56.9,P004,2050,56,2023-12-27,kg,0.0,Closed by cutoff,2023-12
B00253,P004,Olives,Sold Out,43,43.0,0.0,0.0,2024-01-14,129000,137.97,98900,30100,32.19,P004,2300,43,2024-01-08,kg,0.0,Closed by cutoff,2024-01
B00254,P004,Olives,Sold Out,46,46.0,0.0,0.0,2024-01-24,138000,147.59,94300,43700,46.74,P004,2050,46,2024-01-19,kg,0.0,Closed by cutoff,2024-01
B00255,P004,Olives,Sold Out,36,36.0,0.0,0.0,2024-02-04,108000,115.51,73800,34200,36.58,P004,2050,36,2024-01-29,kg,0.0,Closed by cutoff,2024-01
B00256,P004,Olives,Sold Out,38,38.0,0.0,0.0,2024-02-15,114000,121.93,77900,36100,38.61,P004,2050,38,2024-02-06,kg,0.0,Closed by cutoff,2024-02
B00257,P004,Olives,Partial Loss,40,30.0,10.0,25.0,2024-03-29,90000,96.26,82000,8000,8.56,P004,2050,40,2024-02-13,kg,20500.0,Closed by cutoff,2024-02
B00258,P004,Olives,Sold Out,35,35.0,0.0,0.0,2024-03-02,105000,112.3,71750,33250,35.56,P004,2050,35,2024-02-23,kg,0.0,Closed by cutoff,2024-02
B00259,P004,Olives,Sold Out,37,37.0,0.0,0.0,2024-03-11,111000,118.72,85100,25900,27.7,P004,2300,37,2024-03-03,kg,0.0,Closed by cutoff,2024-03
B00260,P004,Olives,Sold Out,34,34.0,0.0,0.0,2024-03-22,102000,109.09,69700,32300,34.55,P004,2050,34,2024-03-11,kg,0.0,Closed by cutoff,2024-03
B00261,P004,Olives,Sold Out,39,39.0,0.0,0.0,2024-03-27,117000,125.13,79950,37050,39.63,P004,2050,39,2024-03-20,kg,0.0,Closed by cutoff,2024-03
B00262,P004,Olives,Sold Out,40,40.0,0.0,0.0,2024-04-07,120000,128.34,82000,38000,40.64,P004,2050,40,2024-03-31,kg,0.0,Closed by cutoff,2024-03
B00263,P004,Olives,Partial Loss,15,12.27,2.73,18.2,2024-05-23,36810,39.37,30750,6060,6.48,P004,2050,15,2024-04-08,kg,5596.5,Closed by cutoff,2024-04
B00264,P004,Olives,Partial Loss,14,12.43,1.57,11.2,2024-06-02,37290,39.88,28700,8590,9.19,P004,2050,14,2024-04-18,kg,3218.5,Closed by cutoff,2024-04
B00265,P004,Olives,Sold Out,13,13.0,0.0,0.0,2024-05-02,39000,41.71,26650,12350,13.21,P004,2050,13,2024-04-27,kg,0.0,Closed by cutoff,2024-04
B00266,P004,Olives,Partial Loss,16,13.57,2.43,15.2,2024-06-21,40710,43.54,32800,7910,8.46,P004,2050,16,2024-05-07,kg,4981.5,Closed by cutoff,2024-05
B00267,P004,Olives,Partial Loss,17,13.09,3.91,23.0,2024-06-29,39270,42.0,39100,170,0.18,P004,2300,17,2024-05-15,kg,8993.0,Closed by cutoff,2024-05
B00268,P004,Olives,Sold Out,16,16.0,0.0,0.0,2024-05-31,48000,51.34,32800,15200,16.26,P004,2050,16,2024-05-23,kg,0.0,Closed by cutoff,2024-05
B00269,P004,Olives,Sold Out,15,15.0,0.0,0.0,2024-06-06,45000,48.13,30750,14250,15.24,P004,2050,15,2024-06-01,kg,0.0,Closed by cutoff,2024-06
B00270,P004,Olives,Sold Out,15,15.0,0.0,0.0,2024-06-16,45000,48.13,30750,14250,15.24,P004,2050,15,2024-06-10,kg,0.0,Closed by cutoff,2024-06
B00271,P004,Olives,Sold Out,16,16.0,0.0,0.0,2024-07-01,48000,51.34,32800,15200,16.26,P004,2050,16,2024-06-21,kg,0.0,Closed by cutoff,2024-06
B00272,P004,Olives,Partial Loss,15,10.56,4.44,29.6,2024-08-17,31680,33.88,30750,930,0.99,P004,2050,15,2024-07-03,kg,9102.0,Closed by cutoff,2024-07
B00273,P004,Olives,Sold Out,16,16.0,0.0,0.0,2024-07-18,48000,51.34,32800,15200,16.26,P004,2050,16,2024-07-12,kg,0.0,Closed by cutoff,2024-07
B00274,P004,Olives,Sold Out,17,17.0,0.0,0.0,2024-07-28,51000,54.55,34850,16150,17.27,P004,2050,17,2024-07-24,kg,0.0,Closed by cutoff,2024-07
B00275,P004,Olives,Sold Out,14,14.0,0.0,0.0,2024-08-10,42000,44.92,28700,13300,14.22,P004,2050,14,2024-08-03,kg,0.0,Closed by cutoff,2024-08
B00276,P004,Olives,Sold Out,13,13.0,0.0,0.0,2024-08-19,39000,41.71,26650,12350,13.21,P004,2050,13,2024-08-11,kg,0.0,Closed by cutoff,2024-08
B00277,P004,Olives,Partial Loss,16,13.18,2.82,17.6,2024-10-05,39540,42.29,32800,6740,7.21,P004,2050,16,2024-08-21,kg,5781.0,Closed by cutoff,2024-08
B00278,P004,Olives,Partial Loss,14,10.75,3.25,23.2,2024-10-13,32250,34.49,28700,3550,3.8,P004,2050,14,2024-08-29,kg,6662.5,Closed by cutoff,2024-08
B00279,P004,Olives,Partial Loss,17,13.85,3.15,18.5,2024-10-22,41550,44.44,34850,6700,7.17,P004,2050,17,2024-09-07,kg,6457.5,Closed by cutoff,2024-09
B00280,P004,Olives,Sold Out,18,18.0,0.0,0.0,2024-09-28,54000,57.75,36900,17100,18.29,P004,2050,18,2024-09-18,kg,0.0,Closed by cutoff,2024-09
B00281,P004,Olives,Sold Out,19,19.0,0.0,0.0,2024-10-04,57000,60.96,38950,18050,19.3,P004,2050,19,2024-09-26,kg,0.0,Closed by cutoff,2024-09
B00282,P004,Olives,Partial Loss,39,33.58,5.42,13.9,2024-11-18,100740,107.74,79950,20790,22.24,P004,2050,39,2024-10-04,kg,11111.0,Closed by cutoff,2024-10
B00283,P004,Olives,Sold Out,40,40.0,0.0,0.0,2024-10-18,120000,128.34,82000,38000,40.64,P004,2050,40,2024-10-13,kg,0.0,Closed by cutoff,2024-10
B00284,P004,Olives,Sold Out,43,43.0,0.0,0.0,2024-11-05,129000,137.97,88150,40850,43.69,P004,2050,43,2024-10-24,kg,0.0,Closed by cutoff,2024-10
B00285,P004,Olives,Sold Out,36,36.0,0.0,0.0,2024-11-12,108000,115.51,73800,34200,36.58,P004,2050,36,2024-11-04,kg,0.0,Closed by cutoff,2024-11
B00286,P004,Olives,Sold Out,45,45.0,0.0,0.0,2024-11-23,135000,144.39,92250,42750,45.72,P004,2050,45,2024-11-14,kg,0.0,Closed by cutoff,2024-11
B00287,P004,Olives,Sold Out,40,40.0,0.0,0.0,2024-12-04,120000,128.34,82000,38000,40.64,P004,2050,40,2024-11-24,kg,0.0,Closed by cutoff,2024-11
B00288,P004,Olives,Partial Loss,47,32.38,14.62,31.1,2025-01-20,97140,103.89,96350,790,0.84,P004,2050,47,2024-12-06,kg,29971.0,Closed by cutoff,2024-12
B00289,P004,Olives,Sold Out,45,45.0,0.0,0.0,2024-12-22,135000,144.39,92250,42750,45.72,P004,2050,45,2024-12-17,kg,0.0,Closed by cutoff,2024-12
B00290,P004,Olives,Sold Out,58,58.0,0.0,0.0,2025-01-06,174000,186.1,118900,55100,58.93,P004,2050,58,2024-12-26,kg,0.0,Closed by cutoff,2024-12
B00291,P004,Olives,Sold Out,49,49.0,0.0,0.0,2025-01-15,147000,157.22,100450,46550,49.79,P004,2050,49,2025-01-07,kg,0.0,Closed by cutoff,2025-01
B00292,P004,Olives,Partial Loss,43,32.77,10.23,23.8,2025-03-04,98310,105.14,88150,10160,10.87,P004,2050,43,2025-01-18,kg,20971.5,Closed by cutoff,2025-01
B00293,P004,Olives,Sold Out,49,49.0,0.0,0.0,2025-02-05,147000,157.22,100450,46550,49.79,P004,2050,49,2025-01-29,kg,0.0,Closed by cutoff,2025-01
B00294,P004,Olives,Sold Out,39,39.0,0.0,0.0,2025-02-14,117000,125.13,79950,37050,39.63,P004,2050,39,2025-02-06,kg,0.0,Closed by cutoff,2025-02
B00295,P004,Olives,Sold Out,48,48.0,0.0,0.0,2025-02-25,144000,154.01,98400,45600,48.77,P004,2050,48,2025-02-14,kg,0.0,Closed by cutoff,2025-02
B00296,P004,Olives,Sold Out,40,40.0,0.0,0.0,2025-03-06,120000,128.34,92000,28000,29.95,P004,2300,40,2025-02-23,kg,0.0,Closed by cutoff,2025-02
B00297,P004,Olives,Sold Out,42,42.0,0.0,0.0,2025-03-08,126000,134.76,96600,29400,31.44,P004,2300,42,2025-03-03,kg,0.0,Closed by cutoff,2025-03
B00298,P004,Olives,Sold Out,44,44.0,0.0,0.0,2025-03-21,132000,141.18,90200,41800,44.71,P004,2050,44,2025-03-11,kg,0.0,Closed by cutoff,2025-03
B00299,P004,Olives,Sold Out,44,44.0,0.0,0.0,2025-03-31,132000,141.18,90200,41800,44.71,P004,2050,44,2025-03-21,kg,0.0,Closed by cutoff,2025-03
B00300,P004,Olives,Partial Loss,48,40.61,7.39,15.4,2025-05-12,121830,130.3,110400,11430,12.22,P004,2300,48,2025-03-28,kg,16997.0,Closed by cutoff,2025-03
B00301,P004,Olives,Sold Out,18,18.0,0.0,0.0,2025-04-13,54000,57.75,36900,17100,18.29,P004,2050,18,2025-04-06,kg,0.0,Closed by cutoff,2025-04
B00302,P004,Olives,Sold Out,17,17.0,0.0,0.0,2025-04-24,51000,54.55,34850,16150,17.27,P004,2050,17,2025-04-14,kg,0.0,Closed by cutoff,2025-04
B00303,P004,Olives,Partial Loss,15,11.84,3.17,21.1,2025-06-07,35520,37.99,30750,4770,5.1,P004,2050,15,2025-04-23,kg,6498.5,Closed by cutoff,2025-04
B00304,P004,Olives,Partial Loss,16,13.74,2.26,14.1,2025-06-16,41220,44.09,32800,8420,9.01,P004,2050,16,2025-05-02,kg,4633.0,Closed by cutoff,2025-05
B00305,P004,Olives,Sold Out,16,16.0,0.0,0.0,2025-05-16,48000,51.34,32800,15200,16.26,P004,2050,16,2025-05-13,kg,0.0,Closed by cutoff,2025-05
B00306,P004,Olives,Sold Out,18,18.0,0.0,0.0,2025-05-28,54000,57.75,36900,17100,18.29,P004,2050,18,2025-05-22,kg,0.0,Closed by cutoff,2025-05
B00307,P004,Olives,Partial Loss,18,14.94,3.06,17.0,2025-07-15,44820,47.94,36900,7920,8.47,P004,2050,18,2025-05-31,kg,6273.0,After cutoff,2025-05
B00308,P004,Olives,Partial Loss,15,12.04,2.96,19.7,2025-07-25,36120,38.63,30750,5370,5.74,P004,2050,15,2025-06-10,kg,6068.0,After cutoff,2025-06
B00309,P004,Olives,Sold Out,17,17.0,0.0,0.0,2025-06-27,51000,54.55,34850,16150,17.27,P004,2050,17,2025-06-19,kg,0.0,Closed by cutoff,2025-06
B00310,P004,Olives,Partial Loss,18,14.02,3.98,22.1,2025-08-13,42060,44.98,36900,5160,5.52,P004,2050,18,2025-06-29,kg,8159.0,After cutoff,2025-06
B00311,P005,Olives,Partial Loss,13,12.1,0.9,6.9,2023-08-16,36300,38.82,27300,9000,9.63,P005,2100,13,2023-07-02,kg,1890.0,Closed by cutoff,2023-07
B00312,P005,Olives,Partial Loss,14,10.7,3.3,23.6,2023-08-25,32100,34.33,29400,2700,2.89,P005,2100,14,2023-07-11,kg,6930.0,Closed by cutoff,2023-07
B00313,P005,Olives,Sold Out,15,15.0,0.0,0.0,2023-07-31,45000,48.13,31500,13500,14.44,P005,2100,15,2023-07-23,kg,0.0,Closed by cutoff,2023-07
B00314,P005,Olives,Partial Loss,14,10.23,3.77,26.9,2023-09-16,30690,32.82,29400,1290,1.38,P005,2100,14,2023-08-02,kg,7917.0,Closed by cutoff,2023-08
B00315,P005,Olives,Partial Loss,15,13.54,1.46,9.7,2023-09-22,40620,43.44,31500,9120,9.75,P005,2100,15,2023-08-08,kg,3066.0,Closed by cutoff,2023-08
B00316,P005,Olives,Sold Out,16,16.0,0.0,0.0,2023-08-22,48000,51.34,33600,14400,15.4,P005,2100,16,2023-08-17,kg,0.0,Closed by cutoff,2023-08
B00317,P005,Olives,Sold Out,14,14.0,0.0,0.0,2023-09-04,42000,44.92,32200,9800,10.48,P005,2300,14,2023-08-25,kg,0.0,Closed by cutoff,2023-08
B00318,P005,Olives,Partial Loss,16,12.78,3.22,20.1,2023-10-19,38340,41.01,33600,4740,5.07,P005,2100,16,2023-09-04,kg,6762.0,Closed by cutoff,2023-09
B00319,P005,Olives,Sold Out,21,21.0,0.0,0.0,2023-09-17,63000,67.38,44100,18900,20.21,P005,2100,21,2023-09-15,kg,0.0,Closed by cutoff,2023-09
B00320,P005,Olives,Partial Loss,19,16.09,2.91,15.3,2023-11-09,48270,51.63,39900,8370,8.95,P005,2100,19,2023-09-25,kg,6111.0,Closed by cutoff,2023-09
B00321,P005,Olives,Sold Out,35,35.0,0.0,0.0,2023-10-13,105000,112.3,73500,31500,33.69,P005,2100,35,2023-10-04,kg,0.0,Closed by cutoff,2023-10
B00322,P005,Olives,Sold Out,40,40.0,0.0,0.0,2023-10-21,120000,128.34,84000,36000,38.5,P005,2100,40,2023-10-14,kg,0.0,Closed by cutoff,2023-10
B00323,P005,Olives,Sold Out,39,39.0,0.0,0.0,2023-10-31,117000,125.13,81900,35100,37.54,P005,2100,39,2023-10-24,kg,0.0,Closed by cutoff,2023-10
B00324,P005,Olives,Sold Out,40,40.0,0.0,0.0,2023-11-10,120000,128.34,84000,36000,38.5,P005,2100,40,2023-11-03,kg,0.0,Closed by cutoff,2023-11
B00325,P005,Olives,Sold Out,39,39.0,0.0,0.0,2023-11-19,117000,125.13,81900,35100,37.54,P005,2100,39,2023-11-11,kg,0.0,Closed by cutoff,2023-11
B00326,P005,Olives,Partial Loss,46,36.43,9.57,20.8,2024-01-07,109290,116.89,96600,12690,13.57,P005,2100,46,2023-11-23,kg,20097.0,Closed by cutoff,2023-11
B00327,P005,Olives,Sold Out,52,52.0,0.0,0.0,2023-12-13,156000,166.84,109200,46800,50.05,P005,2100,52,2023-12-05,kg,0.0,Closed by cutoff,2023-12
B00328,P005,Olives,Partial Loss,48,37.39,10.61,22.1,2024-01-31,112170,119.97,100800,11370,12.16,P005,2100,48,2023-12-17,kg,22281.0,Closed by cutoff,2023-12
B00329,P005,Olives,Sold Out,57,57.0,0.0,0.0,2024-01-04,171000,182.89,119700,51300,54.87,P005,2100,57,2023-12-24,kg,0.0,Closed by cutoff,2023-12
B00330,P005,Olives,Sold Out,42,42.0,0.0,0.0,2024-01-12,126000,134.76,88200,37800,40.43,P005,2100,42,2024-01-03,kg,0.0,Closed by cutoff,2024-01
B00331,P005,Olives,Sold Out,43,43.0,0.0,0.0,2024-01-19,129000,137.97,90300,38700,41.39,P005,2100,43,2024-01-14,kg,0.0,Closed by cutoff,2024-01
B00332,P005,Olives,Sold Out,34,34.0,0.0,0.0,2024-01-26,102000,109.09,71400,30600,32.73,P005,2100,34,2024-01-23,kg,0.0,Closed by cutoff,2024-01
B00333,P005,Olives,Sold Out,36,36.0,0.0,0.0,2024-02-04,108000,115.51,75600,32400,34.65,P005,2100,36,2024-02-02,kg,0.0,Closed by cutoff,2024-02
B00334,P005,Olives,Sold Out,45,45.0,0.0,0.0,2024-02-18,135000,144.39,94500,40500,43.32,P005,2100,45,2024-02-13,kg,0.0,Closed by cutoff,2024-02
B00335,P005,Olives,Partial Loss,36,28.62,7.38,20.5,2024-04-09,85860,91.83,75600,10260,10.97,P005,2100,36,2024-02-24,kg,15498.0,Closed by cutoff,2024-02
B00336,P005,Olives,Sold Out,34,34.0,0.0,0.0,2024-03-11,102000,109.09,71400,30600,32.73,P005,2100,34,2024-03-03,kg,0.0,Closed by cutoff,2024-03
B00337,P005,Olives,Sold Out,41,41.0,0.0,0.0,2024-03-20,123000,131.55,86100,36900,39.47,P005,2100,41,2024-03-11,kg,0.0,Closed by cutoff,2024-03
B00338,P005,Olives,Partial Loss,39,33.5,5.5,14.1,2024-05-07,100500,107.49,81900,18600,19.89,P005,2100,39,2024-03-23,kg,11550.0,Closed by cutoff,2024-03
B00339,P005,Olives,Sold Out,16,16.0,0.0,0.0,2024-04-12,48000,51.34,33600,14400,15.4,P005,2100,16,2024-04-05,kg,0.0,Closed by cutoff,2024-04
B00340,P005,Olives,Sold Out,15,15.0,0.0,0.0,2024-04-22,45000,48.13,31500,13500,14.44,P005,2100,15,2024-04-13,kg,0.0,Closed by cutoff,2024-04
B00341,P005,Olives,Sold Out,16,16.0,0.0,0.0,2024-04-30,48000,51.34,33600,14400,15.4,P005,2100,16,2024-04-22,kg,0.0,Closed by cutoff,2024-04
B00342,P005,Olives,Partial Loss,14,11.2,2.8,20.0,2024-06-16,33600,35.94,29400,4200,4.49,P005,2100,14,2024-05-02,kg,5880.0,Closed by cutoff,2024-05
B00343,P005,Olives,Partial Loss,15,14.52,0.48,3.2,2024-06-25,43560,46.59,31500,12060,12.9,P005,2100,15,2024-05-11,kg,1008.0,Closed by cutoff,2024-05
B00344,P005,Olives,Partial Loss,15,11.93,3.07,20.5,2024-07-04,35790,38.28,34500,1290,1.38,P005,2300,15,2024-05-20,kg,7061.0,Closed by cutoff,2024-05
B00345,P005,Olives,Partial Loss,16,12.85,3.15,19.7,2024-07-13,38550,41.23,33600,4950,5.29,P005,2100,16,2024-05-29,kg,6615.0,Closed by cutoff,2024-05
B00346,P005,Olives,Partial Loss,15,11.04,3.96,26.4,2024-07-22,33120,35.42,31500,1620,1.73,P005,2100,15,2024-06-07,kg,8316.0,Closed by cutoff,2024-06
B00347,P005,Olives,Partial Loss,16,12.56,3.44,21.5,2024-07-29,37680,40.3,33600,4080,4.36,P005,2100,16,2024-06-14,kg,7224.0,Closed by cutoff,2024-06
B00348,P005,Olives,Sold Out,14,14.0,0.0,0.0,2024-06-30,42000,44.92,29400,12600,13.48,P005,2100,14,2024-06-21,kg,0.0,Closed by cutoff,2024-06
B00349,P005,Olives,Sold Out,13,13.0,0.0,0.0,2024-07-12,39000,41.71,27300,11700,12.51,P005,2100,13,2024-07-01,kg,0.0,Closed by cutoff,2024-07
B00350,P005,Olives,Partial Loss,16,15.07,0.93,5.8,2024-08-26,45210,48.35,33600,11610,12.42,P005,2100,16,2024-07-12,kg,1953.0,Closed by cutoff,2024-07
B00351,P005,Olives,Partial Loss,13,9.18,3.82,29.4,2024-09-05,27540,29.45,27300,240,0.26,P005,2100,13,2024-07-22,kg,8022.0,Closed by cutoff,2024-07
B00352,P005,Olives,Partial Loss,14,11.9,2.1,15.0,2024-09-15,35700,38.18,29400,6300,6.74,P005,2100,14,2024-08-01,kg,4410.0,Closed by cutoff,2024-08
B00353,P005,Olives,Partial Loss,16,14.03,1.97,12.3,2024-09-23,42090,45.02,33600,8490,9.08,P005,2100,16,2024-08-09,kg,4137.0,Closed by cutoff,2024-08
B00354,P005,Olives,Sold Out,15,15.0,0.0,0.0,2024-08-29,45000,48.13,31500,13500,14.44,P005,2100,15,2024-08-19,kg,0.0,Closed by cutoff,2024-08
B00355,P005,Olives,Partial Loss,13,10.46,2.54,19.5,2024-10-15,31380,33.56,27300,4080,4.36,P005,2100,13,2024-08-31,kg,5334.0,Closed by cutoff,2024-08
B00356,P005,Olives,Partial Loss,20,16.82,3.18,15.9,2024-10-24,50460,53.97,42000,8460,9.05,P005,2100,20,2024-09-09,kg,6678.0,Closed by cutoff,2024-09
B00357,P005,Olives,Sold Out,21,21.0,0.0,0.0,2024-09-26,63000,67.38,44100,18900,20.21,P005,2100,21,2024-09-17,kg,0.0,Closed by cutoff,2024-09
B00358,P005,Olives,Partial Loss,16,14.64,1.36,8.5,2024-11-13,43920,46.97,33600,10320,11.04,P005,2100,16,2024-09-29,kg,2856.0,Closed by cutoff,2024-09
B00359,P005,Olives,Sold Out,38,38.0,0.0,0.0,2024-10-24,114000,121.93,79800,34200,36.58,P005,2100,38,2024-10-12,kg,0.0,Closed by cutoff,2024-10
B00360,P005,Olives,Sold Out,43,43.0,0.0,0.0,2024-11-03,129000,137.97,90300,38700,41.39,P005,2100,43,2024-10-22,kg,0.0,Closed by cutoff,2024-10
B00361,P005,Olives,Sold Out,41,41.0,0.0,0.0,2024-11-08,123000,131.55,86100,36900,39.47,P005,2100,41,2024-11-01,kg,0.0,Closed by cutoff,2024-11
B00362,P005,Olives,Sold Out,40,40.0,0.0,0.0,2024-11-15,120000,128.34,84000,36000,38.5,P005,2100,40,2024-11-08,kg,0.0,Closed by cutoff,2024-11
B00363,P005,Olives,Sold Out,37,37.0,0.0,0.0,2024-11-26,111000,118.72,77700,33300,35.61,P005,2100,37,2024-11-17,kg,0.0,Closed by cutoff,2024-11
B00364,P005,Olives,Sold Out,35,35.0,0.0,0.0,2024-12-08,105000,112.3,73500,31500,33.69,P005,2100,35,2024-11-26,kg,0.0,Closed by cutoff,2024-11
B00365,P005,Olives,Sold Out,55,55.0,0.0,0.0,2024-12-15,165000,176.47,115500,49500,52.94,P005,2100,55,2024-12-06,kg,0.0,Closed by cutoff,2024-12
B00366,P005,Olives,Partial Loss,52,35.88,16.12,31.0,2025-01-31,107640,115.12,109200,-1560,-1.67,P005,2100,52,2024-12-17,kg,33852.0,Closed by cutoff,2024-12
B00367,P005,Olives,Sold Out,50,50.0,0.0,0.0,2025-01-07,150000,160.43,105000,45000,48.13,P005,2100,50,2024-12-28,kg,0.0,Closed by cutoff,2024-12
B00368,P005,Olives,Sold Out,40,40.0,0.0,0.0,2025-01-20,120000,128.34,92000,28000,29.95,P005,2300,40,2025-01-10,kg,0.0,Closed by cutoff,2025-01
B00369,P005,Olives,Sold Out,48,48.0,0.0,0.0,2025-01-30,144000,154.01,100800,43200,46.2,P005,2100,48,2025-01-20,kg,0.0,Closed by cutoff,2025-01
B00370,P005,Olives,Sold Out,41,41.0,0.0,0.0,2025-02-01,123000,131.55,86100,36900,39.47,P005,2100,41,2025-01-27,kg,0.0,Closed by cutoff,2025-01
B00371,P005,Olives,Sold Out,49,49.0,0.0,0.0,2025-02-15,147000,157.22,102900,44100,47.17,P005,2100,49,2025-02-07,kg,0.0,Closed by cutoff,2025-02
B00372,P005,Olives,Sold Out,37,37.0,0.0,0.0,2025-02-24,111000,118.72,77700,33300,35.61,P005,2100,37,2025-02-17,kg,0.0,Closed by cutoff,2025-02
B00373,P005,Olives,Sold Out,38,38.0,0.0,0.0,2025-03-05,114000,121.93,79800,34200,36.58,P005,2100,38,2025-02-24,kg,0.0,Closed by cutoff,2025-02
B00374,P005,Olives,Sold Out,48,48.0,0.0,0.0,2025-03-13,144000,154.01,100800,43200,46.2,P005,2100,48,2025-03-06,kg,0.0,Closed by cutoff,2025-03
B00375,P005,Olives,Sold Out,49,49.0,0.0,0.0,2025-03-22,147000,157.22,102900,44100,47.17,P005,2100,49,2025-03-16,kg,0.0,Closed by cutoff,2025-03
B00376,P005,Olives,Sold Out,38,38.0,0.0,0.0,2025-04-01,114000,121.93,79800,34200,36.58,P005,2100,38,2025-03-24,kg,0.0,Closed by cutoff,2025-03
B00377,P005,Olives,Sold Out,16,16.0,0.0,0.0,2025-04-12,48000,51.34,36800,11200,11.98,P005,2300,16,2025-04-02,kg,0.0,Closed by cutoff,2025-04
B00378,P005,Olives,Partial Loss,14,10.54,3.46,24.7,2025-05-24,31620,33.82,29400,2220,2.37,P005,2100,14,2025-04-09,kg,7266.0,Closed by cutoff,2025-04
B00379,P005,Olives,Sold Out,17,17.0,0.0,0.0,2025-04-28,51000,54.55,39100,11900,12.73,P005,2300,17,2025-04-19,kg,0.0,Closed by cutoff,2025-04
B00380,P005,Olives,Sold Out,14,14.0,0.0,0.0,2025-05-10,42000,44.92,32200,9800,10.48,P005,2300,14,2025-04-30,kg,0.0,Closed by cutoff,2025-04
B00381,P005,Olives,Partial Loss,16,13.41,2.59,16.2,2025-06-24,40230,43.03,33600,6630,7.09,P005,2100,16,2025-05-10,kg,5439.0,Closed by cutoff,2025-05
B00382,P005,Olives,Partial Loss,17,14.38,2.62,15.4,2025-07-03,43140,46.14,35700,7440,7.96,P005,2100,17,2025-05-19,kg,5502.0,After cutoff,2025-05
B00383,P005,Olives,Partial Loss,15,11.56,3.44,22.9,2025-07-12,34680,37.09,31500,3180,3.4,P005,2100,15,2025-05-28,kg,7224.0,After cutoff,2025-05
B00384,P005,Olives,Sold Out,19,19.0,0.0,0.0,2025-06-14,57000,60.96,39900,17100,18.29,P005,2100,19,2025-06-08,kg,0.0,Closed by cutoff,2025-06
B00385,P005,Olives,Sold Out,18,18.0,0.0,0.0,2025-06-27,54000,57.75,37800,16200,17.33,P005,2100,18,2025-06-21,kg,0.0,Closed by cutoff,2025-06
B00386,P006,Olives,Sold Out,15,15.0,0.0,0.0,2023-07-12,45000,48.13,33000,12000,12.83,P006,2200,15,2023-07-01,kg,0.0,Closed by cutoff,2023-07
B00387,P006,Olives,Partial Loss,15,10.38,4.62,30.8,2023-08-23,31140,33.3,33000,-1860,-1.99,P006,2200,15,2023-07-09,kg,10164.0,Closed by cutoff,2023-07
B00388,P006,Olives,Sold Out,17,17.0,0.0,0.0,2023-07-26,51000,54.55,37400,13600,14.55,P006,2200,17,2023-07-20,kg,0.0,Closed by cutoff,2023-07
B00389,P006,Olives,Partial Loss,16,13.41,2.59,16.2,2023-09-14,40230,43.03,35200,5030,5.38,P006,2200,16,2023-07-31,kg,5698.0,Closed by cutoff,2023-07
B00390,P006,Olives,Sold Out,15,15.0,0.0,0.0,2023-08-19,45000,48.13,33000,12000,12.83,P006,2200,15,2023-08-07,kg,0.0,Closed by cutoff,2023-08
B00391,P006,Olives,Sold Out,16,16.0,0.0,0.0,2023-08-26,48000,51.34,35200,12800,13.69,P006,2200,16,2023-08-18,kg,0.0,Closed by cutoff,2023-08
B00392,P006,Olives,Sold Out,16,16.0,0.0,0.0,2023-09-06,48000,51.34,35200,12800,13.69,P006,2200,16,2023-08-28,kg,0.0,Closed by cutoff,2023-08
B00393,P006,Olives,Partial Loss,20,16.56,3.44,17.2,2023-10-22,49680,53.13,44000,5680,6.07,P006,2200,20,2023-09-07,kg,7568.0,Closed by cutoff,2023-09
B00394,P006,Olives,Partial Loss,18,14.42,3.58,19.9,2023-11-01,43260,46.27,39600,3660,3.91,P006,2200,18,2023-09-17,kg,7876.0,Closed by cutoff,2023-09
B00395,P006,Olives,Partial Loss,18,13.86,4.14,23.0,2023-11-11,41580,44.47,39600,1980,2.12,P006,2200,18,2023-09-27,kg,9108.0,Closed by cutoff,2023-09
B00396,P006,Olives,Sold Out,46,46.0,0.0,0.0,2023-10-11,138000,147.59,101200,36800,39.36,P006,2200,46,2023-10-04,kg,0.0,Closed by cutoff,2023-10
B00397,P006,Olives,Partial Loss,45,39.73,5.27,11.7,2023-11-28,119190,127.48,99000,20190,21.59,P006,2200,45,2023-10-14,kg,11593.999999999998,Closed by cutoff,2023-10
B00398,P006,Olives,Sold Out,44,44.0,0.0,0.0,2023-10-31,132000,141.18,96800,35200,37.65,P006,2200,44,2023-10-21,kg,0.0,Closed by cutoff,2023-10
B00399,P006,Olives,Sold Out,46,46.0,0.0,0.0,2023-11-10,138000,147.59,101200,36800,39.36,P006,2200,46,2023-10-30,kg,0.0,Closed by cutoff,2023-10
B00400,P006,Olives,Sold Out,36,36.0,0.0,0.0,2023-11-19,108000,115.51,79200,28800,30.8,P006,2200,36,2023-11-08,kg,0.0,Closed by cutoff,2023-11
B00401,P006,Olives,Partial Loss,46,35.47,10.53,22.9,2024-01-02,106410,113.81,101200,5210,5.57,P006,2200,46,2023-11-18,kg,23166.0,Closed by cutoff,2023-11
B00402,P006,Olives,Sold Out,38,38.0,0.0,0.0,2023-11-29,114000,121.93,83600,30400,32.51,P006,2200,38,2023-11-26,kg,0.0,Closed by cutoff,2023-11
B00403,P006,Olives,Sold Out,55,55.0,0.0,0.0,2023-12-13,165000,176.47,121000,44000,47.06,P006,2200,55,2023-12-05,kg,0.0,Closed by cutoff,2023-12
B00404,P006,Olives,Sold Out,45,45.0,0.0,0.0,2023-12-19,135000,144.39,99000,36000,38.5,P006,2200,45,2023-12-15,kg,0.0,Closed by cutoff,2023-12
B00405,P006,Olives,Sold Out,52,52.0,0.0,0.0,2024-01-02,156000,166.84,114400,41600,44.49,P006,2200,52,2023-12-24,kg,0.0,Closed by cutoff,2023-12
B00406,P006,Olives,Sold Out,38,38.0,0.0,0.0,2024-01-08,114000,121.93,83600,30400,32.51,P006,2200,38,2024-01-03,kg,0.0,Closed by cutoff,2024-01
B00407,P006,Olives,Partial Loss,39,28.24,10.76,27.6,2024-02-26,84720,90.61,85800,-1080,-1.16,P006,2200,39,2024-01-12,kg,23672.0,Closed by cutoff,2024-01
B00408,P006,Olives,Sold Out,40,40.0,0.0,0.0,2024-01-30,120000,128.34,88000,32000,34.22,P006,2200,40,2024-01-20,kg,0.0,Closed by cutoff,2024-01
B00409,P006,Olives,Sold Out,39,39.0,0.0,0.0,2024-02-09,117000,125.13,85800,31200,33.37,P006,2200,39,2024-01-30,kg,0.0,Closed by cutoff,2024-01
B00410,P006,Olives,Partial Loss,42,30.74,11.26,26.8,2024-03-25,92220,98.63,92400,-180,-0.19,P006,2200,42,2024-02-09,kg,24772.0,Closed by cutoff,2024-02
B00411,P006,Olives,Sold Out,36,36.0,0.0,0.0,2024-02-26,108000,115.51,79200,28800,30.8,P006,2200,36,2024-02-18,kg,0.0,Closed by cutoff,2024-02
B00412,P006,Olives,Partial Loss,34,25.64,8.36,24.6,2024-04-13,76920,82.27,74800,2120,2.27,P006,2200,34,2024-02-28,kg,18392.0,Closed by cutoff,2024-02
B00413,P006,Olives,Sold Out,44,44.0,0.0,0.0,2024-03-15,132000,141.18,96800,35200,37.65,P006,2200,44,2024-03-06,kg,0.0,Closed by cutoff,2024-03
B00414,P006,Olives,Sold Out,37,37.0,0.0,0.0,2024-03-26,111000,118.72,81400,29600,31.66,P006,2200,37,2024-03-16,kg,0.0,Closed by cutoff,2024-03
B00415,P006,Olives,Sold Out,38,38.0,0.0,0.0,2024-03-29,114000,121.93,83600,30400,32.51,P006,2200,38,2024-03-24,kg,0.0,Closed by cutoff,2024-03
B00416,P006,Olives,Partial Loss,14,11.27,2.73,19.5,2024-05-20,33810,36.16,30800,3010,3.22,P006,2200,14,2024-04-05,kg,6006.0,Closed by cutoff,2024-04
B00417,P006,Olives,Partial Loss,13,10.0,3.0,23.1,2024-05-27,30000,32.09,28600,1400,1.5,P006,2200,13,2024-04-12,kg,6600.0,Closed by cutoff,2024-04
B00418,P006,Olives,Sold Out,16,16.0,0.0,0.0,2024-05-01,48000,51.34,35200,12800,13.69,P006,2200,16,2024-04-23,kg,0.0,Closed by cutoff,2024-04
B00419,P006,Olives,Sold Out,16,16.0,0.0,0.0,2024-05-11,48000,51.34,35200,12800,13.69,P006,2200,16,2024-05-01,kg,0.0,Closed by cutoff,2024-05
B00420,P006,Olives,Partial Loss,14,11.66,2.34,16.7,2024-06-22,34980,37.41,30800,4180,4.47,P006,2200,14,2024-05-08,kg,5148.0,Closed by cutoff,2024-05
B00421,P006,Olives,Partial Loss,17,12.48,4.52,26.6,2024-06-29,37440,40.04,37400,40,0.04,P006,2200,17,2024-05-15,kg,9943.999999999998,Closed by cutoff,2024-05
B00422,P006,Olives,Sold Out,16,16.0,0.0,0.0,2024-06-02,48000,51.34,35200,12800,13.69,P006,2200,16,2024-05-26,kg,0.0,Closed by cutoff,2024-05
B00423,P006,Olives,Sold Out,13,13.0,0.0,0.0,2024-06-07,39000,41.71,28600,10400,11.12,P006,2200,13,2024-06-02,kg,0.0,Closed by cutoff,2024-06
B00424,P006,Olives,Sold Out,13,13.0,0.0,0.0,2024-06-16,39000,41.71,28600,10400,11.12,P006,2200,13,2024-06-11,kg,0.0,Closed by cutoff,2024-06
B00425,P006,Olives,Partial Loss,15,10.61,4.39,29.3,2024-08-05,31830,34.04,33000,-1170,-1.25,P006,2200,15,2024-06-21,kg,9658.0,Closed by cutoff,2024-06
B00426,P006,Olives,Partial Loss,16,11.39,4.61,28.8,2024-08-15,34170,36.55,35200,-1030,-1.1,P006,2200,16,2024-07-01,kg,10142.0,Closed by cutoff,2024-07
B00427,P006,Olives,Partial Loss,14,10.44,3.56,25.4,2024-08-23,31320,33.5,30800,520,0.56,P006,2200,14,2024-07-09,kg,7832.0,Closed by cutoff,2024-07
B00428,P006,Olives,Sold Out,15,15.0,0.0,0.0,2024-07-18,45000,48.13,33000,12000,12.83,P006,2200,15,2024-07-15,kg,0.0,Closed by cutoff,2024-07
B00429,P006,Olives,Partial Loss,13,10.21,2.79,21.5,2024-09-09,30630,32.76,28600,2030,2.17,P006,2200,13,2024-07-26,kg,6138.0,Closed by cutoff,2024-07
B00430,P006,Olives,Sold Out,15,15.0,0.0,0.0,2024-08-12,45000,48.13,33000,12000,12.83,P006,2200,15,2024-08-06,kg,0.0,Closed by cutoff,2024-08
B00431,P006,Olives,Sold Out,17,17.0,0.0,0.0,2024-08-20,51000,54.55,37400,13600,14.55,P006,2200,17,2024-08-17,kg,0.0,Closed by cutoff,2024-08
B00432,P006,Olives,Sold Out,16,16.0,0.0,0.0,2024-09-07,48000,51.34,35200,12800,13.69,P006,2200,16,2024-08-25,kg,0.0,Closed by cutoff,2024-08
B00433,P006,Olives,Sold Out,19,19.0,0.0,0.0,2024-09-09,57000,60.96,41800,15200,16.26,P006,2200,19,2024-09-03,kg,0.0,Closed by cutoff,2024-09
B00434,P006,Olives,Partial Loss,18,14.11,3.89,21.6,2024-10-28,42330,45.27,39600,2730,2.92,P006,2200,18,2024-09-13,kg,8558.0,Closed by cutoff,2024-09
B00435,P006,Olives,Sold Out,20,20.0,0.0,0.0,2024-09-29,60000,64.17,44000,16000,17.11,P006,2200,20,2024-09-21,kg,0.0,Closed by cutoff,2024-09
B00436,P006,Olives,Sold Out,44,44.0,0.0,0.0,2024-10-08,132000,141.18,96800,35200,37.65,P006,2200,44,2024-10-01,kg,0.0,Closed by cutoff,2024-10
B00437,P006,Olives,Sold Out,39,39.0,0.0,0.0,2024-10-13,117000,125.13,85800,31200,33.37,P006,2200,39,2024-10-08,kg,0.0,Closed by cutoff,2024-10
B00438,P006,Olives,Sold Out,41,41.0,0.0,0.0,2024-10-22,123000,131.55,90200,32800,35.08,P006,2200,41,2024-10-16,kg,0.0,Closed by cutoff,2024-10
B00439,P006,Olives,Sold Out,38,38.0,0.0,0.0,2024-10-30,114000,121.93,83600,30400,32.51,P006,2200,38,2024-10-24,kg,0.0,Closed by cutoff,2024-10
B00440,P006,Olives,Sold Out,38,38.0,0.0,0.0,2024-11-07,114000,121.93,83600,30400,32.51,P006,2200,38,2024-11-01,kg,0.0,Closed by cutoff,2024-11
B00441,P006,Olives,Sold Out,41,41.0,0.0,0.0,2024-11-18,123000,131.55,90200,32800,35.08,P006,2200,41,2024-11-10,kg,0.0,Closed by cutoff,2024-11
B00442,P006,Olives,Sold Out,36,36.0,0.0,0.0,2024-11-26,108000,115.51,79200,28800,30.8,P006,2200,36,2024-11-19,kg,0.0,Closed by cutoff,2024-11
B00443,P006,Olives,Sold Out,45,45.0,0.0,0.0,2024-12-08,135000,144.39,99000,36000,38.5,P006,2200,45,2024-11-30,kg,0.0,Closed by cutoff,2024-11
B00444,P006,Olives,Sold Out,51,51.0,0.0,0.0,2024-12-18,153000,163.64,112200,40800,43.64,P006,2200,51,2024-12-10,kg,0.0,Closed by cutoff,2024-12
B00445,P006,Olives,Sold Out,46,46.0,0.0,0.0,2024-12-25,138000,147.59,101200,36800,39.36,P006,2200,46,2024-12-19,kg,0.0,Closed by cutoff,2024-12
B00446,P006,Olives,Sold Out,48,48.0,0.0,0.0,2025-01-05,144000,154.01,105600,38400,41.07,P006,2200,48,2024-12-28,kg,0.0,Closed by cutoff,2024-12
B00447,P006,Olives,Sold Out,45,45.0,0.0,0.0,2025-01-15,135000,144.39,99000,36000,38.5,P006,2200,45,2025-01-07,kg,0.0,Closed by cutoff,2025-01
B00448,P006,Olives,Sold Out,42,42.0,0.0,0.0,2025-01-22,126000,134.76,92400,33600,35.94,P006,2200,42,2025-01-17,kg,0.0,Closed by cutoff,2025-01
B00449,P006,Olives,Sold Out,44,44.0,0.0,0.0,2025-02-06,132000,141.18,96800,35200,37.65,P006,2200,44,2025-01-26,kg,0.0,Closed by cutoff,2025-01
B00450,P006,Olives,Sold Out,50,50.0,0.0,0.0,2025-02-13,150000,160.43,110000,40000,42.78,P006,2200,50,2025-02-06,kg,0.0,Closed by cutoff,2025-02
B00451,P006,Olives,Sold Out,39,39.0,0.0,0.0,2025-02-20,117000,125.13,85800,31200,33.37,P006,2200,39,2025-02-15,kg,0.0,Closed by cutoff,2025-02
B00452,P006,Olives,Sold Out,49,49.0,0.0,0.0,2025-03-10,147000,157.22,107800,39200,41.93,P006,2200,49,2025-02-24,kg,0.0,Closed by cutoff,2025-02
B00453,P006,Olives,Partial Loss,43,37.58,5.42,12.6,2025-04-19,112740,120.58,94600,18140,19.4,P006,2200,43,2025-03-05,kg,11924.0,Closed by cutoff,2025-03
B00454,P006,Olives,Sold Out,38,38.0,0.0,0.0,2025-03-22,114000,121.93,83600,30400,32.51,P006,2200,38,2025-03-14,kg,0.0,Closed by cutoff,2025-03
B00455,P006,Olives,Sold Out,49,49.0,0.0,0.0,2025-03-31,147000,157.22,107800,39200,41.93,P006,2200,49,2025-03-23,kg,0.0,Closed by cutoff,2025-03
B00456,P006,Olives,Partial Loss,49,43.81,5.19,10.6,2025-05-14,131430,140.57,107800,23630,25.27,P006,2200,49,2025-03-30,kg,11418.0,Closed by cutoff,2025-03
B00457,P006,Olives,Sold Out,15,15.0,0.0,0.0,2025-04-16,45000,48.13,33000,12000,12.83,P006,2200,15,2025-04-12,kg,0.0,Closed by cutoff,2025-04
B00458,P006,Olives,Sold Out,16,16.0,0.0,0.0,2025-04-28,48000,51.34,35200,12800,13.69,P006,2200,16,2025-04-20,kg,0.0,Closed by cutoff,2025-04
B00459,P006,Olives,Partial Loss,14,11.94,2.06,14.7,2025-06-13,35820,38.31,30800,5020,5.37,P006,2200,14,2025-04-29,kg,4532.0,Closed by cutoff,2025-04
B00460,P006,Olives,Sold Out,18,18.0,0.0,0.0,2025-05-16,54000,57.75,39600,14400,15.4,P006,2200,18,2025-05-11,kg,0.0,Closed by cutoff,2025-05
B00461,P006,Olives,Sold Out,14,14.0,0.0,0.0,2025-05-24,42000,44.92,30800,11200,11.98,P006,2200,14,2025-05-19,kg,0.0,Closed by cutoff,2025-05
B00462,P006,Olives,Partial Loss,15,11.6,3.41,22.7,2025-07-11,34800,37.22,33000,1800,1.93,P006,2200,15,2025-05-27,kg,7502.0,After cutoff,2025-05
B00463,P006,Olives,Sold Out,17,17.0,0.0,0.0,2025-06-11,51000,54.55,37400,13600,14.55,P006,2200,17,2025-06-04,kg,0.0,Closed by cutoff,2025-06
B00464,P006,Olives,Sold Out,19,19.0,0.0,0.0,2025-06-26,57000,60.96,41800,15200,16.26,P006,2200,19,2025-06-14,kg,0.0,Closed by cutoff,2025-06
B00465,P006,Olives,Partial Loss,16,12.45,3.55,22.2,2025-08-08,37350,39.95,35200,2150,2.3,P006,2200,16,2025-06-24,kg,7810.0,After cutoff,2025-06
B00466,P007,Olives,Sold Out,13,13.0,0.0,0.0,2023-07-19,32500,34.76,24050,8450,9.04,P007,1850,13,2023-07-08,kg,0.0,Closed by cutoff,2023-07
B00467,P007,Olives,Partial Loss,15,12.29,2.71,18.1,2023-08-31,30725,32.86,27750,2975,3.18,P007,1850,15,2023-07-17,kg,5013.5,Closed by cutoff,2023-07
B00468,P007,Olives,Partial Loss,15,12.58,2.42,16.1,2023-09-07,31450,33.64,27750,3700,3.96,P007,1850,15,2023-07-24,kg,4477.0,Closed by cutoff,2023-07
B00469,P007,Olives,Partial Loss,16,13.95,2.05,12.8,2023-09-17,34875,37.3,29600,5275,5.64,P007,1850,16,2023-08-03,kg,3792.4999999999995,Closed by cutoff,2023-08
B00470,P007,Olives,Sold Out,15,15.0,0.0,0.0,2023-08-25,37500,40.11,27750,9750,10.43,P007,1850,15,2023-08-11,kg,0.0,Closed by cutoff,2023-08
B00471,P007,Olives,Partial Loss,17,13.84,3.16,18.6,2023-10-03,34600,37.01,31450,3150,3.37,P007,1850,17,2023-08-19,kg,5846.0,Closed by cutoff,2023-08
B00472,P007,Olives,Sold Out,17,17.0,0.0,0.0,2023-09-08,42500,45.45,31450,11050,11.82,P007,1850,17,2023-08-30,kg,0.0,Closed by cutoff,2023-08
B00473,P007,Olives,Sold Out,18,18.0,0.0,0.0,2023-09-18,45000,48.13,33300,11700,12.51,P007,1850,18,2023-09-10,kg,0.0,Closed by cutoff,2023-09
B00474,P007,Olives,Partial Loss,21,20.1,0.9,4.3,2023-11-03,50250,53.74,39900,10350,11.07,P007,1900,21,2023-09-19,kg,1710.0,Closed by cutoff,2023-09
B00475,P007,Olives,Sold Out,20,20.0,0.0,0.0,2023-10-04,50000,53.48,38000,12000,12.83,P007,1900,20,2023-09-29,kg,0.0,Closed by cutoff,2023-09
B00476,P007,Olives,Sold Out,42,42.0,0.0,0.0,2023-10-20,105000,112.3,77700,27300,29.2,P007,1850,42,2023-10-09,kg,0.0,Closed by cutoff,2023-10
B00477,P007,Olives,Sold Out,38,38.0,0.0,0.0,2023-10-22,95000,101.6,70300,24700,26.42,P007,1850,38,2023-10-17,kg,0.0,Closed by cutoff,2023-10
B00478,P007,Olives,Partial Loss,38,36.63,1.37,3.6,2023-12-11,91575,97.94,72200,19375,20.72,P007,1900,38,2023-10-27,kg,2603.0,Closed by cutoff,2023-10
B00479,P007,Olives,Sold Out,35,35.0,0.0,0.0,2023-11-16,87500,93.58,64750,22750,24.33,P007,1850,35,2023-11-06,kg,0.0,Closed by cutoff,2023-11
B00480,P007,Olives,Sold Out,41,41.0,0.0,0.0,2023-11-19,102500,109.63,75850,26650,28.5,P007,1850,41,2023-11-15,kg,0.0,Closed by cutoff,2023-11
B00481,P007,Olives,Sold Out,34,34.0,0.0,0.0,2023-12-03,85000,90.91,62900,22100,23.64,P007,1850,34,2023-11-24,kg,0.0,Closed by cutoff,2023-11
B00482,P007,Olives,Sold Out,56,56.0,0.0,0.0,2023-12-12,140000,149.73,103600,36400,38.93,P007,1850,56,2023-12-04,kg,0.0,Closed by cutoff,2023-12
B00483,P007,Olives,Sold Out,46,46.0,0.0,0.0,2023-12-21,115000,122.99,85100,29900,31.98,P007,1850,46,2023-12-15,kg,0.0,Closed by cutoff,2023-12
B00484,P007,Olives,Sold Out,50,50.0,0.0,0.0,2023-12-29,125000,133.69,92500,32500,34.76,P007,1850,50,2023-12-24,kg,0.0,Closed by cutoff,2023-12
B00485,P007,Olives,Sold Out,40,40.0,0.0,0.0,2024-01-08,100000,106.95,74000,26000,27.81,P007,1850,40,2024-01-02,kg,0.0,Closed by cutoff,2024-01
B00486,P007,Olives,Sold Out,41,41.0,0.0,0.0,2024-01-19,102500,109.63,75850,26650,28.5,P007,1850,41,2024-01-13,kg,0.0,Closed by cutoff,2024-01
B00487,P007,Olives,Partial Loss,44,38.72,5.28,12.0,2024-03-11,96800,103.53,83600,13200,14.12,P007,1900,44,2024-01-26,kg,10032.0,Closed by cutoff,2024-01
B00488,P007,Olives,Sold Out,36,36.0,0.0,0.0,2024-02-13,90000,96.26,66600,23400,25.03,P007,1850,36,2024-02-05,kg,0.0,Closed by cutoff,2024-02
B00489,P007,Olives,Partial Loss,44,33.31,10.69,24.3,2024-03-31,83275,89.06,81400,1875,2.01,P007,1850,44,2024-02-15,kg,19776.5,Closed by cutoff,2024-02
B00490,P007,Olives,Sold Out,38,38.0,0.0,0.0,2024-02-29,95000,101.6,70300,24700,26.42,P007,1850,38,2024-02-23,kg,0.0,Closed by cutoff,2024-02
B00491,P007,Olives,Sold Out,34,34.0,0.0,0.0,2024-03-08,85000,90.91,62900,22100,23.64,P007,1850,34,2024-03-01,kg,0.0,Closed by cutoff,2024-03
B00492,P007,Olives,Partial Loss,41,33.37,7.63,18.6,2024-04-25,83425,89.22,75850,7575,8.1,P007,1850,41,2024-03-11,kg,14115.5,Closed by cutoff,2024-03
B00493,P007,Olives,Sold Out,45,45.0,0.0,0.0,2024-03-30,112500,120.32,83250,29250,31.28,P007,1850,45,2024-03-21,kg,0.0,Closed by cutoff,2024-03
B00494,P007,Olives,Sold Out,34,34.0,0.0,0.0,2024-04-07,85000,90.91,62900,22100,23.64,P007,1850,34,2024-03-29,kg,0.0,Closed by cutoff,2024-03
B00495,P007,Olives,Partial Loss,14,11.79,2.21,15.8,2024-05-23,29475,31.52,25900,3575,3.82,P007,1850,14,2024-04-08,kg,4088.5,Closed by cutoff,2024-04
B00496,P007,Olives,Partial Loss,13,11.88,1.12,8.6,2024-06-02,29700,31.76,24050,5650,6.04,P007,1850,13,2024-04-18,kg,2072.0,Closed by cutoff,2024-04
B00497,P007,Olives,Sold Out,16,16.0,0.0,0.0,2024-05-04,40000,42.78,29600,10400,11.12,P007,1850,16,2024-04-29,kg,0.0,Closed by cutoff,2024-04
B00498,P007,Olives,Partial Loss,16,13.17,2.83,17.7,2024-06-22,32925,35.21,29600,3325,3.56,P007,1850,16,2024-05-08,kg,5235.5,Closed by cutoff,2024-05
B00499,P007,Olives,Sold Out,15,15.0,0.0,0.0,2024-05-26,37500,40.11,28500,9000,9.63,P007,1900,15,2024-05-20,kg,0.0,Closed by cutoff,2024-05
B00500,P007,Olives,Partial Loss,14,12.78,1.22,8.7,2024-07-14,31950,34.17,25900,6050,6.47,P007,1850,14,2024-05-30,kg,2257.0,Closed by cutoff,2024-05
B00501,P007,Olives,Partial Loss,17,13.82,3.18,18.7,2024-07-22,34550,36.95,31450,3100,3.32,P007,1850,17,2024-06-07,kg,5883.0,Closed by cutoff,2024-06
B00502,P007,Olives,Partial Loss,15,12.54,2.46,16.4,2024-08-03,31350,33.53,27750,3600,3.85,P007,1850,15,2024-06-19,kg,4551.0,Closed by cutoff,2024-06
B00503,P007,Olives,Partial Loss,14,11.09,2.91,20.8,2024-08-13,27725,29.65,25900,1825,1.95,P007,1850,14,2024-06-29,kg,5383.5,Closed by cutoff,2024-06
B00504,P007,Olives,Partial Loss,16,14.0,2.0,12.5,2024-08-21,35000,37.43,29600,5400,5.78,P007,1850,16,2024-07-07,kg,3700.0,Closed by cutoff,2024-07
B00505,P007,Olives,Partial Loss,15,10.59,4.41,29.4,2024-08-28,26475,28.32,27750,-1275,-1.36,P007,1850,15,2024-07-14,kg,8158.5,Closed by cutoff,2024-07
B00506,P007,Olives,Sold Out,15,15.0,0.0,0.0,2024-07-29,37500,40.11,27750,9750,10.43,P007,1850,15,2024-07-25,kg,0.0,Closed by cutoff,2024-07
B00507,P007,Olives,Partial Loss,16,12.56,3.44,21.5,2024-09-16,31400,33.58,29600,1800,1.93,P007,1850,16,2024-08-02,kg,6364.0,Closed by cutoff,2024-08
B00508,P007,Olives,Sold Out,14,14.0,0.0,0.0,2024-08-17,35000,37.43,25900,9100,9.73,P007,1850,14,2024-08-11,kg,0.0,Closed by cutoff,2024-08
B00509,P007,Olives,Partial Loss,16,12.88,3.12,19.5,2024-10-06,32200,34.44,29600,2600,2.78,P007,1850,16,2024-08-22,kg,5772.0,Closed by cutoff,2024-08
B00510,P007,Olives,Partial Loss,14,12.45,1.55,11.1,2024-10-13,31125,33.29,26600,4525,4.84,P007,1900,14,2024-08-29,kg,2945.0,Closed by cutoff,2024-08
B00511,P007,Olives,Partial Loss,17,14.86,2.14,12.6,2024-10-19,37150,39.73,31450,5700,6.1,P007,1850,17,2024-09-04,kg,3959.0000000000005,Closed by cutoff,2024-09
B00512,P007,Olives,Sold Out,19,19.0,0.0,0.0,2024-09-24,47500,50.8,35150,12350,13.21,P007,1850,19,2024-09-15,kg,0.0,Closed by cutoff,2024-09
B00513,P007,Olives,Sold Out,20,20.0,0.0,0.0,2024-10-08,50000,53.48,37000,13000,13.9,P007,1850,20,2024-09-27,kg,0.0,Closed by cutoff,2024-09
B00514,P007,Olives,Sold Out,45,45.0,0.0,0.0,2024-10-15,112500,120.32,83250,29250,31.28,P007,1850,45,2024-10-11,kg,0.0,Closed by cutoff,2024-10
B00515,P007,Olives,Sold Out,35,35.0,0.0,0.0,2024-10-31,87500,93.58,64750,22750,24.33,P007,1850,35,2024-10-23,kg,0.0,Closed by cutoff,2024-10
B00516,P007,Olives,Sold Out,46,46.0,0.0,0.0,2024-11-06,115000,122.99,85100,29900,31.98,P007,1850,46,2024-11-01,kg,0.0,Closed by cutoff,2024-11
B00517,P007,Olives,Sold Out,38,38.0,0.0,0.0,2024-11-15,95000,101.6,70300,24700,26.42,P007,1850,38,2024-11-10,kg,0.0,Closed by cutoff,2024-11
B00518,P007,Olives,Partial Loss,35,31.29,3.71,10.6,2025-01-03,78225,83.66,64750,13475,14.41,P007,1850,35,2024-11-19,kg,6863.5,Closed by cutoff,2024-11
B00519,P007,Olives,Sold Out,45,45.0,0.0,0.0,2024-12-10,112500,120.32,83250,29250,31.28,P007,1850,45,2024-12-02,kg,0.0,Closed by cutoff,2024-12
B00520,P007,Olives,Sold Out,50,50.0,0.0,0.0,2024-12-19,125000,133.69,92500,32500,34.76,P007,1850,50,2024-12-14,kg,0.0,Closed by cutoff,2024-12
B00521,P007,Olives,Sold Out,58,58.0,0.0,0.0,2024-12-25,145000,155.08,107300,37700,40.32,P007,1850,58,2024-12-23,kg,0.0,Closed by cutoff,2024-12
B00522,P007,Olives,Sold Out,41,41.0,0.0,0.0,2025-01-08,102500,109.63,77900,24600,26.31,P007,1900,41,2025-01-01,kg,0.0,Closed by cutoff,2025-01
B00523,P007,Olives,Sold Out,42,42.0,0.0,0.0,2025-01-21,105000,112.3,77700,27300,29.2,P007,1850,42,2025-01-13,kg,0.0,Closed by cutoff,2025-01
B00524,P007,Olives,Sold Out,40,40.0,0.0,0.0,2025-02-03,100000,106.95,74000,26000,27.81,P007,1850,40,2025-01-22,kg,0.0,Closed by cutoff,2025-01
B00525,P007,Olives,Sold Out,48,48.0,0.0,0.0,2025-02-11,120000,128.34,88800,31200,33.37,P007,1850,48,2025-02-03,kg,0.0,Closed by cutoff,2025-02
B00526,P007,Olives,Sold Out,40,40.0,0.0,0.0,2025-02-17,100000,106.95,74000,26000,27.81,P007,1850,40,2025-02-14,kg,0.0,Closed by cutoff,2025-02
B00527,P007,Olives,Sold Out,44,44.0,0.0,0.0,2025-03-02,110000,117.65,81400,28600,30.59,P007,1850,44,2025-02-22,kg,0.0,Closed by cutoff,2025-02
B00528,P007,Olives,Partial Loss,37,32.26,4.74,12.8,2025-04-19,80650,86.26,68450,12200,13.05,P007,1850,37,2025-03-05,kg,8769.0,Closed by cutoff,2025-03
B00529,P007,Olives,Sold Out,47,47.0,0.0,0.0,2025-03-21,117500,125.67,86950,30550,32.67,P007,1850,47,2025-03-13,kg,0.0,Closed by cutoff,2025-03
B00530,P007,Olives,Sold Out,42,42.0,0.0,0.0,2025-03-31,105000,112.3,77700,27300,29.2,P007,1850,42,2025-03-23,kg,0.0,Closed by cutoff,2025-03
B00531,P007,Olives,Sold Out,15,15.0,0.0,0.0,2025-04-06,37500,40.11,27750,9750,10.43,P007,1850,15,2025-04-01,kg,0.0,Closed by cutoff,2025-04
B00532,P007,Olives,Sold Out,18,18.0,0.0,0.0,2025-04-15,45000,48.13,34200,10800,11.55,P007,1900,18,2025-04-10,kg,0.0,Closed by cutoff,2025-04
B00533,P007,Olives,Partial Loss,14,12.57,1.43,10.2,2025-06-04,31425,33.61,25900,5525,5.91,P007,1850,14,2025-04-20,kg,2645.5,Closed by cutoff,2025-04
B00534,P007,Olives,Sold Out,14,14.0,0.0,0.0,2025-05-08,35000,37.43,25900,9100,9.73,P007,1850,14,2025-04-30,kg,0.0,Closed by cutoff,2025-04
B00535,P007,Olives,Sold Out,14,14.0,0.0,0.0,2025-05-19,35000,37.43,25900,9100,9.73,P007,1850,14,2025-05-12,kg,0.0,Closed by cutoff,2025-05
B00536,P007,Olives,Sold Out,15,15.0,0.0,0.0,2025-05-27,37500,40.11,27750,9750,10.43,P007,1850,15,2025-05-21,kg,0.0,Closed by cutoff,2025-05
B00537,P007,Olives,Partial Loss,17,10.88,6.12,36.0,2025-07-18,27200,29.09,31450,-4250,-4.55,P007,1850,17,2025-06-03,kg,11322.0,After cutoff,2025-06
B00538,P007,Olives,Partial Loss,14,11.65,2.35,16.8,2025-07-28,29125,31.15,25900,3225,3.45,P007,1850,14,2025-06-13,kg,4347.5,After cutoff,2025-06
B00539,P007,Olives,Sold Out,15,15.0,0.0,0.0,2025-07-03,37500,40.11,27750,9750,10.43,P007,1850,15,2025-06-22,kg,0.0,After cutoff,2025-06
B00540,P008,Olives,Partial Loss,16,12.69,3.31,20.7,2023-08-23,44415,47.5,39200,5215,5.58,P008,2450,16,2023-07-09,kg,8109.5,Closed by cutoff,2023-07
B00541,P008,Olives,Partial Loss,17,14.6,2.4,14.1,2023-09-02,51100,54.65,41650,9450,10.11,P008,2450,17,2023-07-19,kg,5880.0,Closed by cutoff,2023-07
B00542,P008,Olives,Partial Loss,15,11.29,3.71,24.7,2023-09-11,39515,42.26,36750,2765,2.96,P008,2450,15,2023-07-28,kg,9089.5,Closed by cutoff,2023-07
B00543,P008,Olives,Sold Out,14,14.0,0.0,0.0,2023-08-19,49000,52.41,34300,14700,15.72,P008,2450,14,2023-08-05,kg,0.0,Closed by cutoff,2023-08
B00544,P008,Olives,Partial Loss,13,10.57,2.43,18.7,2023-09-27,36995,39.57,31850,5145,5.5,P008,2450,13,2023-08-13,kg,5953.5,Closed by cutoff,2023-08
B00545,P008,Olives,Sold Out,13,13.0,0.0,0.0,2023-09-02,45500,48.66,31850,13650,14.6,P008,2450,13,2023-08-22,kg,0.0,Closed by cutoff,2023-08
B00546,P008,Olives,Partial Loss,19,14.97,4.03,21.2,2023-10-18,52395,56.04,46550,5845,6.25,P008,2450,19,2023-09-03,kg,9873.5,Closed by cutoff,2023-09
B00547,P008,Olives,Partial Loss,17,15.79,1.21,7.1,2023-10-28,55265,59.11,41650,13615,14.56,P008,2450,17,2023-09-13,kg,2964.5,Closed by cutoff,2023-09
B00548,P008,Olives,Partial Loss,18,17.05,0.95,5.3,2023-11-07,59675,63.82,44100,15575,16.66,P008,2450,18,2023-09-23,kg,2327.5,Closed by cutoff,2023-09
B00549,P008,Olives,Partial Loss,40,38.0,2.0,5.0,2023-11-15,133000,142.25,106000,27000,28.88,P008,2650,40,2023-10-01,kg,5300.0,Closed by cutoff,2023-10
B00550,P008,Olives,Partial Loss,43,35.39,7.61,17.7,2023-11-24,123865,132.48,105350,18515,19.8,P008,2450,43,2023-10-10,kg,18644.5,Closed by cutoff,2023-10
B00551,P008,Olives,Sold Out,41,41.0,0.0,0.0,2023-10-31,143500,153.48,108650,34850,37.27,P008,2650,41,2023-10-23,kg,0.0,Closed by cutoff,2023-10
B00552,P008,Olives,Partial Loss,38,33.44,4.56,12.0,2023-12-19,117040,125.18,93100,23940,25.6,P008,2450,38,2023-11-04,kg,11171.999999999998,Closed by cutoff,2023-11
B00553,P008,Olives,Sold Out,40,40.0,0.0,0.0,2023-11-20,140000,149.73,98000,42000,44.92,P008,2450,40,2023-11-16,kg,0.0,Closed by cutoff,2023-11
B00554,P008,Olives,Sold Out,40,40.0,0.0,0.0,2023-11-30,140000,149.73,98000,42000,44.92,P008,2450,40,2023-11-25,kg,0.0,Closed by cutoff,2023-11
B00555,P008,Olives,Sold Out,49,49.0,0.0,0.0,2023-12-15,171500,183.42,120050,51450,55.03,P008,2450,49,2023-12-06,kg,0.0,Closed by cutoff,2023-12
B00556,P008,Olives,Sold Out,59,59.0,0.0,0.0,2023-12-22,206500,220.86,144550,61950,66.26,P008,2450,59,2023-12-15,kg,0.0,Closed by cutoff,2023-12
B00557,P008,Olives,Sold Out,46,46.0,0.0,0.0,2024-01-06,161000,172.19,112700,48300,51.66,P008,2450,46,2023-12-26,kg,0.0,Closed by cutoff,2023-12
B00558,P008,Olives,Partial Loss,45,38.12,6.88,15.3,2024-02-15,133420,142.7,119250,14170,15.16,P008,2650,45,2024-01-01,kg,18232.0,Closed by cutoff,2024-01
B00559,P008,Olives,Sold Out,36,36.0,0.0,0.0,2024-01-12,126000,134.76,88200,37800,40.43,P008,2450,36,2024-01-10,kg,0.0,Closed by cutoff,2024-01
B00560,P008,Olives,Sold Out,42,42.0,0.0,0.0,2024-01-24,147000,157.22,102900,44100,47.17,P008,2450,42,2024-01-19,kg,0.0,Closed by cutoff,2024-01
B00561,P008,Olives,Sold Out,44,44.0,0.0,0.0,2024-02-07,154000,164.71,107800,46200,49.41,P008,2450,44,2024-01-31,kg,0.0,Closed by cutoff,2024-01
B00562,P008,Olives,Sold Out,35,35.0,0.0,0.0,2024-02-14,122500,131.02,85750,36750,39.3,P008,2450,35,2024-02-09,kg,0.0,Closed by cutoff,2024-02
B00563,P008,Olives,Sold Out,44,44.0,0.0,0.0,2024-02-28,154000,164.71,107800,46200,49.41,P008,2450,44,2024-02-20,kg,0.0,Closed by cutoff,2024-02
B00564,P008,Olives,Partial Loss,37,29.45,7.55,20.4,2024-04-15,103075,110.24,90650,12425,13.29,P008,2450,37,2024-03-01,kg,18497.5,Closed by cutoff,2024-03
B00565,P008,Olives,Sold Out,44,44.0,0.0,0.0,2024-03-19,154000,164.71,107800,46200,49.41,P008,2450,44,2024-03-10,kg,0.0,Closed by cutoff,2024-03
B00566,P008,Olives,Sold Out,44,44.0,0.0,0.0,2024-03-28,154000,164.71,107800,46200,49.41,P008,2450,44,2024-03-20,kg,0.0,Closed by cutoff,2024-03
B00567,P008,Olives,Sold Out,41,41.0,0.0,0.0,2024-04-04,143500,153.48,100450,43050,46.04,P008,2450,41,2024-03-29,kg,0.0,Closed by cutoff,2024-03
B00568,P008,Olives,Sold Out,16,16.0,0.0,0.0,2024-04-14,56000,59.89,39200,16800,17.97,P008,2450,16,2024-04-10,kg,0.0,Closed by cutoff,2024-04
B00569,P008,Olives,Sold Out,15,15.0,0.0,0.0,2024-04-20,52500,56.15,39750,12750,13.64,P008,2650,15,2024-04-17,kg,0.0,Closed by cutoff,2024-04
B00570,P008,Olives,Partial Loss,15,10.08,4.92,32.8,2024-06-09,35280,37.73,36750,-1470,-1.57,P008,2450,15,2024-04-25,kg,12054.0,Closed by cutoff,2024-04
B00571,P008,Olives,Partial Loss,16,11.44,4.56,28.5,2024-06-15,40040,42.82,39200,840,0.9,P008,2450,16,2024-05-01,kg,11171.999999999998,Closed by cutoff,2024-05
B00572,P008,Olives,Partial Loss,15,14.62,0.38,2.5,2024-06-25,51170,54.73,36750,14420,15.42,P008,2450,15,2024-05-11,kg,931.0,Closed by cutoff,2024-05
B00573,P008,Olives,Partial Loss,16,12.99,3.01,18.8,2024-07-04,45465,48.63,42400,3065,3.28,P008,2650,16,2024-05-20,kg,7976.499999999999,Closed by cutoff,2024-05
B00574,P008,Olives,Sold Out,16,16.0,0.0,0.0,2024-06-05,56000,59.89,39200,16800,17.97,P008,2450,16,2024-05-29,kg,0.0,Closed by cutoff,2024-05
B00575,P008,Olives,Sold Out,14,14.0,0.0,0.0,2024-06-16,49000,52.41,34300,14700,15.72,P008,2450,14,2024-06-08,kg,0.0,Closed by cutoff,2024-06
B00576,P008,Olives,Partial Loss,13,9.91,3.09,23.8,2024-07-31,34685,37.1,31850,2835,3.03,P008,2450,13,2024-06-16,kg,7570.5,Closed by cutoff,2024-06
B00577,P008,Olives,Sold Out,16,16.0,0.0,0.0,2024-06-30,56000,59.89,39200,16800,17.97,P008,2450,16,2024-06-24,kg,0.0,Closed by cutoff,2024-06
B00578,P008,Olives,Partial Loss,13,11.17,1.83,14.1,2024-08-18,39095,41.81,31850,7245,7.75,P008,2450,13,2024-07-04,kg,4483.5,Closed by cutoff,2024-07
B00579,P008,Olives,Sold Out,15,15.0,0.0,0.0,2024-07-26,52500,56.15,36750,15750,16.84,P008,2450,15,2024-07-14,kg,0.0,Closed by cutoff,2024-07
B00580,P008,Olives,Sold Out,15,15.0,0.0,0.0,2024-07-29,52500,56.15,36750,15750,16.84,P008,2450,15,2024-07-24,kg,0.0,Closed by cutoff,2024-07
B00581,P008,Olives,Sold Out,13,13.0,0.0,0.0,2024-08-12,45500,48.66,31850,13650,14.6,P008,2450,13,2024-08-02,kg,0.0,Closed by cutoff,2024-08
B00582,P008,Olives,Partial Loss,16,14.58,1.42,8.9,2024-09-27,51030,54.58,39200,11830,12.65,P008,2450,16,2024-08-13,kg,3479.0,Closed by cutoff,2024-08
B00583,P008,Olives,Partial Loss,14,10.93,3.07,21.9,2024-10-05,38255,40.91,34300,3955,4.23,P008,2450,14,2024-08-21,kg,7521.5,Closed by cutoff,2024-08
B00584,P008,Olives,Partial Loss,13,11.05,1.95,15.0,2024-10-14,38675,41.36,31850,6825,7.3,P008,2450,13,2024-08-30,kg,4777.5,Closed by cutoff,2024-08
B00585,P008,Olives,Sold Out,20,20.0,0.0,0.0,2024-09-17,70000,74.87,49000,21000,22.46,P008,2450,20,2024-09-10,kg,0.0,Closed by cutoff,2024-09
B00586,P008,Olives,Sold Out,20,20.0,0.0,0.0,2024-09-25,70000,74.87,53000,17000,18.18,P008,2650,20,2024-09-17,kg,0.0,Closed by cutoff,2024-09
B00587,P008,Olives,Partial Loss,20,16.66,3.34,16.7,2024-11-13,58310,62.36,49000,9310,9.96,P008,2450,20,2024-09-29,kg,8183.0,Closed by cutoff,2024-09
B00588,P008,Olives,Sold Out,36,36.0,0.0,0.0,2024-10-15,126000,134.76,88200,37800,40.43,P008,2450,36,2024-10-10,kg,0.0,Closed by cutoff,2024-10
B00589,P008,Olives,Sold Out,46,46.0,0.0,0.0,2024-10-24,161000,172.19,112700,48300,51.66,P008,2450,46,2024-10-19,kg,0.0,Closed by cutoff,2024-10
B00590,P008,Olives,Partial Loss,35,29.71,5.29,15.1,2024-12-11,103985,111.21,85750,18235,19.5,P008,2450,35,2024-10-27,kg,12960.5,Closed by cutoff,2024-10
B00591,P008,Olives,Sold Out,43,43.0,0.0,0.0,2024-11-19,150500,160.96,105350,45150,48.29,P008,2450,43,2024-11-05,kg,0.0,Closed by cutoff,2024-11
B00592,P008,Olives,Sold Out,40,40.0,0.0,0.0,2024-11-27,140000,149.73,98000,42000,44.92,P008,2450,40,2024-11-17,kg,0.0,Closed by cutoff,2024-11
B00593,P008,Olives,Sold Out,45,45.0,0.0,0.0,2024-12-04,157500,168.45,110250,47250,50.53,P008,2450,45,2024-11-26,kg,0.0,Closed by cutoff,2024-11
B00594,P008,Olives,Sold Out,57,57.0,0.0,0.0,2024-12-06,199500,213.37,139650,59850,64.01,P008,2450,57,2024-12-03,kg,0.0,Closed by cutoff,2024-12
B00595,P008,Olives,Sold Out,53,53.0,0.0,0.0,2024-12-22,185500,198.4,129850,55650,59.52,P008,2450,53,2024-12-13,kg,0.0,Closed by cutoff,2024-12
B00596,P008,Olives,Sold Out,54,54.0,0.0,0.0,2024-12-28,189000,202.14,132300,56700,60.64,P008,2450,54,2024-12-24,kg,0.0,Closed by cutoff,2024-12
B00597,P008,Olives,Sold Out,45,45.0,0.0,0.0,2025-01-14,157500,168.45,119250,38250,40.91,P008,2650,45,2025-01-02,kg,0.0,Closed by cutoff,2025-01
B00598,P008,Olives,Sold Out,49,49.0,0.0,0.0,2025-01-18,171500,183.42,120050,51450,55.03,P008,2450,49,2025-01-12,kg,0.0,Closed by cutoff,2025-01
B00599,P008,Olives,Sold Out,40,40.0,0.0,0.0,2025-02-02,140000,149.73,98000,42000,44.92,P008,2450,40,2025-01-23,kg,0.0,Closed by cutoff,2025-01
B00600,P008,Olives,Sold Out,38,38.0,0.0,0.0,2025-02-09,133000,142.25,93100,39900,42.67,P008,2450,38,2025-02-01,kg,0.0,Closed by cutoff,2025-02
B00601,P008,Olives,Sold Out,46,46.0,0.0,0.0,2025-02-18,161000,172.19,112700,48300,51.66,P008,2450,46,2025-02-11,kg,0.0,Closed by cutoff,2025-02
B00602,P008,Olives,Partial Loss,39,30.73,8.27,21.2,2025-04-03,107555,115.03,95550,12005,12.84,P008,2450,39,2025-02-17,kg,20261.5,Closed by cutoff,2025-02
B00603,P008,Olives,Sold Out,45,45.0,0.0,0.0,2025-03-08,157500,168.45,119250,38250,40.91,P008,2650,45,2025-02-24,kg,0.0,Closed by cutoff,2025-02
B00604,P008,Olives,Sold Out,48,48.0,0.0,0.0,2025-03-08,168000,179.68,117600,50400,53.9,P008,2450,48,2025-03-04,kg,0.0,Closed by cutoff,2025-03
B00605,P008,Olives,Sold Out,50,50.0,0.0,0.0,2025-03-16,175000,187.17,122500,52500,56.15,P008,2450,50,2025-03-12,kg,0.0,Closed by cutoff,2025-03
B00606,P008,Olives,Sold Out,45,45.0,0.0,0.0,2025-03-24,157500,168.45,110250,47250,50.53,P008,2450,45,2025-03-20,kg,0.0,Closed by cutoff,2025-03
B00607,P008,Olives,Sold Out,42,42.0,0.0,0.0,2025-04-07,147000,157.22,102900,44100,47.17,P008,2450,42,2025-03-31,kg,0.0,Closed by cutoff,2025-03
B00608,P008,Olives,Partial Loss,14,12.25,1.75,12.5,2025-05-24,42875,45.86,34300,8575,9.17,P008,2450,14,2025-04-09,kg,4287.5,Closed by cutoff,2025-04
B00609,P008,Olives,Sold Out,14,14.0,0.0,0.0,2025-04-29,49000,52.41,34300,14700,15.72,P008,2450,14,2025-04-18,kg,0.0,Closed by cutoff,2025-04
B00610,P008,Olives,Sold Out,16,16.0,0.0,0.0,2025-05-06,56000,59.89,39200,16800,17.97,P008,2450,16,2025-04-27,kg,0.0,Closed by cutoff,2025-04
B00611,P008,Olives,Partial Loss,17,14.2,2.81,16.5,2025-06-22,49700,53.16,41650,8050,8.61,P008,2450,17,2025-05-08,kg,6884.5,Closed by cutoff,2025-05
B00612,P008,Olives,Partial Loss,18,14.65,3.35,18.6,2025-07-02,51275,54.84,44100,7175,7.67,P008,2450,18,2025-05-18,kg,8207.5,After cutoff,2025-05
B00613,P008,Olives,Sold Out,15,15.0,0.0,0.0,2025-06-04,52500,56.15,36750,15750,16.84,P008,2450,15,2025-05-28,kg,0.0,Closed by cutoff,2025-05
B00614,P008,Olives,Sold Out,18,18.0,0.0,0.0,2025-06-15,63000,67.38,44100,18900,20.21,P008,2450,18,2025-06-08,kg,0.0,Closed by cutoff,2025-06
B00615,P008,Olives,Partial Loss,14,10.99,3.01,21.5,2025-08-03,38465,41.14,34300,4165,4.45,P008,2450,14,2025-06-19,kg,7374.499999999999,After cutoff,2025-06
B00616,P009,Olives,Sold Out,14,14.0,0.0,0.0,2023-07-12,42000,44.92,30100,11900,12.73,P009,2150,14,2023-07-03,kg,0.0,Closed by cutoff,2023-07
B00617,P009,Olives,Partial Loss,17,13.41,3.59,21.1,2023-08-28,40230,43.03,36550,3680,3.94,P009,2150,17,2023-07-14,kg,7718.5,Closed by cutoff,2023-07
B00618,P009,Olives,Partial Loss,14,12.57,1.43,10.2,2023-09-03,37710,40.33,30100,7610,8.14,P009,2150,14,2023-07-20,kg,3074.5,Closed by cutoff,2023-07
B00619,P009,Olives,Sold Out,16,16.0,0.0,0.0,2023-08-06,48000,51.34,34400,13600,14.55,P009,2150,16,2023-07-31,kg,0.0,Closed by cutoff,2023-07
B00620,P009,Olives,Partial Loss,14,12.5,1.5,10.7,2023-09-24,37500,40.11,30100,7400,7.91,P009,2150,14,2023-08-10,kg,3225.0,Closed by cutoff,2023-08
B00621,P009,Olives,Sold Out,17,17.0,0.0,0.0,2023-08-27,51000,54.55,36550,14450,15.45,P009,2150,17,2023-08-18,kg,0.0,Closed by cutoff,2023-08
B00622,P009,Olives,Partial Loss,16,12.3,3.7,23.1,2023-10-11,36900,39.47,34400,2500,2.67,P009,2150,16,2023-08-27,kg,7955.0,Closed by cutoff,2023-08
B00623,P009,Olives,Partial Loss,17,14.3,2.7,15.9,2023-10-22,42900,45.88,36550,6350,6.79,P009,2150,17,2023-09-07,kg,5805.0,Closed by cutoff,2023-09
B00624,P009,Olives,Sold Out,17,17.0,0.0,0.0,2023-09-25,51000,54.55,36550,14450,15.45,P009,2150,17,2023-09-16,kg,0.0,Closed by cutoff,2023-09
B00625,P009,Olives,Sold Out,19,19.0,0.0,0.0,2023-10-03,57000,60.96,40850,16150,17.27,P009,2150,19,2023-09-27,kg,0.0,Closed by cutoff,2023-09
B00626,P009,Olives,Sold Out,46,46.0,0.0,0.0,2023-10-13,138000,147.59,98900,39100,41.82,P009,2150,46,2023-10-07,kg,0.0,Closed by cutoff,2023-10
B00627,P009,Olives,Partial Loss,43,39.34,3.66,8.5,2023-11-30,118020,126.22,92450,25570,27.35,P009,2150,43,2023-10-16,kg,7869.0,Closed by cutoff,2023-10
B00628,P009,Olives,Sold Out,41,41.0,0.0,0.0,2023-10-31,123000,131.55,88150,34850,37.27,P009,2150,41,2023-10-25,kg,0.0,Closed by cutoff,2023-10
B00629,P009,Olives,Sold Out,42,42.0,0.0,0.0,2023-11-08,126000,134.76,90300,35700,38.18,P009,2150,42,2023-11-01,kg,0.0,Closed by cutoff,2023-11
B00630,P009,Olives,Sold Out,41,41.0,0.0,0.0,2023-11-15,123000,131.55,88150,34850,37.27,P009,2150,41,2023-11-10,kg,0.0,Closed by cutoff,2023-11
B00631,P009,Olives,Sold Out,44,44.0,0.0,0.0,2023-11-23,132000,141.18,94600,37400,40.0,P009,2150,44,2023-11-21,kg,0.0,Closed by cutoff,2023-11
B00632,P009,Olives,Sold Out,43,43.0,0.0,0.0,2023-12-10,129000,137.97,92450,36550,39.09,P009,2150,43,2023-11-30,kg,0.0,Closed by cutoff,2023-11
B00633,P009,Olives,Sold Out,54,54.0,0.0,0.0,2023-12-18,162000,173.26,116100,45900,49.09,P009,2150,54,2023-12-10,kg,0.0,Closed by cutoff,2023-12
B00634,P009,Olives,Sold Out,49,49.0,0.0,0.0,2023-12-29,147000,157.22,105350,41650,44.55,P009,2150,49,2023-12-20,kg,0.0,Closed by cutoff,2023-12
B00635,P009,Olives,Sold Out,57,57.0,0.0,0.0,2024-01-04,171000,182.89,122550,48450,51.82,P009,2150,57,2023-12-29,kg,0.0,Closed by cutoff,2023-12
B00636,P009,Olives,Sold Out,42,42.0,0.0,0.0,2024-01-15,126000,134.76,92400,33600,35.94,P009,2200,42,2024-01-09,kg,0.0,Closed by cutoff,2024-01
B00637,P009,Olives,Partial Loss,39,31.43,7.57,19.4,2024-03-02,94290,100.84,83850,10440,11.17,P009,2150,39,2024-01-17,kg,16275.5,Closed by cutoff,2024-01
B00638,P009,Olives,Sold Out,36,36.0,0.0,0.0,2024-02-03,108000,115.51,77400,30600,32.73,P009,2150,36,2024-01-28,kg,0.0,Closed by cutoff,2024-01
B00639,P009,Olives,Partial Loss,35,23.42,11.59,33.1,2024-03-25,70260,75.14,75250,-4990,-5.34,P009,2150,35,2024-02-09,kg,24918.5,Closed by cutoff,2024-02
B00640,P009,Olives,Sold Out,41,41.0,0.0,0.0,2024-02-29,123000,131.55,88150,34850,37.27,P009,2150,41,2024-02-19,kg,0.0,Closed by cutoff,2024-02
B00641,P009,Olives,Partial Loss,42,38.85,3.15,7.5,2024-04-13,116550,124.65,90300,26250,28.07,P009,2150,42,2024-02-28,kg,6772.5,Closed by cutoff,2024-02
B00642,P009,Olives,Sold Out,38,38.0,0.0,0.0,2024-03-20,114000,121.93,81700,32300,34.55,P009,2150,38,2024-03-10,kg,0.0,Closed by cutoff,2024-03
B00643,P009,Olives,Sold Out,35,35.0,0.0,0.0,2024-03-26,105000,112.3,75250,29750,31.82,P009,2150,35,2024-03-21,kg,0.0,Closed by cutoff,2024-03
B00644,P009,Olives,Sold Out,44,44.0,0.0,0.0,2024-04-04,132000,141.18,94600,37400,40.0,P009,2150,44,2024-03-29,kg,0.0,Closed by cutoff,2024-03
B00645,P009,Olives,Partial Loss,16,12.16,3.84,24.0,2024-05-23,36480,39.02,34400,2080,2.22,P009,2150,16,2024-04-08,kg,8256.0,Closed by cutoff,2024-04
B00646,P009,Olives,Sold Out,17,17.0,0.0,0.0,2024-04-27,51000,54.55,36550,14450,15.45,P009,2150,17,2024-04-18,kg,0.0,Closed by cutoff,2024-04
B00647,P009,Olives,Sold Out,13,13.0,0.0,0.0,2024-05-01,39000,41.71,27950,11050,11.82,P009,2150,13,2024-04-27,kg,0.0,Closed by cutoff,2024-04
B00648,P009,Olives,Sold Out,13,13.0,0.0,0.0,2024-05-12,39000,41.71,28600,10400,11.12,P009,2200,13,2024-05-07,kg,0.0,Closed by cutoff,2024-05
B00649,P009,Olives,Sold Out,15,15.0,0.0,0.0,2024-05-24,45000,48.13,33000,12000,12.83,P009,2200,15,2024-05-16,kg,0.0,Closed by cutoff,2024-05
B00650,P009,Olives,Sold Out,15,15.0,0.0,0.0,2024-05-27,45000,48.13,32250,12750,13.64,P009,2150,15,2024-05-22,kg,0.0,Closed by cutoff,2024-05
B00651,P009,Olives,Partial Loss,14,11.82,2.18,15.6,2024-07-12,35460,37.93,30100,5360,5.73,P009,2150,14,2024-05-28,kg,4687.0,Closed by cutoff,2024-05
B00652,P009,Olives,Sold Out,17,17.0,0.0,0.0,2024-06-14,51000,54.55,36550,14450,15.45,P009,2150,17,2024-06-07,kg,0.0,Closed by cutoff,2024-06
B00653,P009,Olives,Partial Loss,15,10.95,4.05,27.0,2024-07-30,32850,35.13,32250,600,0.64,P009,2150,15,2024-06-15,kg,8707.5,Closed by cutoff,2024-06
B00654,P009,Olives,Partial Loss,14,11.82,2.18,15.6,2024-08-09,35460,37.93,30100,5360,5.73,P009,2150,14,2024-06-25,kg,4687.0,Closed by cutoff,2024-06
B00655,P009,Olives,Partial Loss,13,10.79,2.21,17.0,2024-08-18,32370,34.62,27950,4420,4.73,P009,2150,13,2024-07-04,kg,4751.5,Closed by cutoff,2024-07
B00656,P009,Olives,Sold Out,17,17.0,0.0,0.0,2024-07-22,51000,54.55,36550,14450,15.45,P009,2150,17,2024-07-12,kg,0.0,Closed by cutoff,2024-07
B00657,P009,Olives,Sold Out,14,14.0,0.0,0.0,2024-07-29,42000,44.92,30100,11900,12.73,P009,2150,14,2024-07-25,kg,0.0,Closed by cutoff,2024-07
B00658,P009,Olives,Sold Out,17,17.0,0.0,0.0,2024-08-09,51000,54.55,37400,13600,14.55,P009,2200,17,2024-08-02,kg,0.0,Closed by cutoff,2024-08
B00659,P009,Olives,Partial Loss,14,11.14,2.86,20.4,2024-09-24,33420,35.74,30100,3320,3.55,P009,2150,14,2024-08-10,kg,6149.0,Closed by cutoff,2024-08
B00660,P009,Olives,Sold Out,17,17.0,0.0,0.0,2024-08-26,51000,54.55,37400,13600,14.55,P009,2200,17,2024-08-19,kg,0.0,Closed by cutoff,2024-08
B00661,P009,Olives,Partial Loss,17,12.14,4.86,28.6,2024-10-11,36420,38.95,36550,-130,-0.14,P009,2150,17,2024-08-27,kg,10449.0,Closed by cutoff,2024-08
B00662,P009,Olives,Partial Loss,20,17.64,2.36,11.8,2024-10-23,52920,56.6,43000,9920,10.61,P009,2150,20,2024-09-08,kg,5074.0,Closed by cutoff,2024-09
B00663,P009,Olives,Sold Out,16,16.0,0.0,0.0,2024-09-27,48000,51.34,34400,13600,14.55,P009,2150,16,2024-09-18,kg,0.0,Closed by cutoff,2024-09
B00664,P009,Olives,Partial Loss,20,18.48,1.52,7.6,2024-11-11,55440,59.29,43000,12440,13.3,P009,2150,20,2024-09-27,kg,3268.0,Closed by cutoff,2024-09
B00665,P009,Olives,Sold Out,34,34.0,0.0,0.0,2024-10-11,102000,109.09,73100,28900,30.91,P009,2150,34,2024-10-06,kg,0.0,Closed by cutoff,2024-10
B00666,P009,Olives,Sold Out,37,37.0,0.0,0.0,2024-10-23,111000,118.72,79550,31450,33.64,P009,2150,37,2024-10-18,kg,0.0,Closed by cutoff,2024-10
B00667,P009,Olives,Partial Loss,46,36.71,9.29,20.2,2024-12-13,110130,117.79,98900,11230,12.01,P009,2150,46,2024-10-29,kg,19973.499999999996,Closed by cutoff,2024-10
B00668,P009,Olives,Sold Out,35,35.0,0.0,0.0,2024-11-11,105000,112.3,77000,28000,29.95,P009,2200,35,2024-11-07,kg,0.0,Closed by cutoff,2024-11
B00669,P009,Olives,Sold Out,36,36.0,0.0,0.0,2024-11-25,108000,115.51,77400,30600,32.73,P009,2150,36,2024-11-20,kg,0.0,Closed by cutoff,2024-11
B00670,P009,Olives,Sold Out,36,36.0,0.0,0.0,2024-12-11,108000,115.51,77400,30600,32.73,P009,2150,36,2024-11-30,kg,0.0,Closed by cutoff,2024-11
B00671,P009,Olives,Sold Out,44,44.0,0.0,0.0,2024-12-23,132000,141.18,94600,37400,40.0,P009,2150,44,2024-12-10,kg,0.0,Closed by cutoff,2024-12
B00672,P009,Olives,Sold Out,56,56.0,0.0,0.0,2024-12-27,168000,179.68,120400,47600,50.91,P009,2150,56,2024-12-20,kg,0.0,Closed by cutoff,2024-12
B00673,P009,Olives,Sold Out,45,45.0,0.0,0.0,2025-01-04,135000,144.39,99000,36000,38.5,P009,2200,45,2024-12-28,kg,0.0,Closed by cutoff,2024-12
B00674,P009,Olives,Sold Out,47,47.0,0.0,0.0,2025-01-12,141000,150.8,101050,39950,42.73,P009,2150,47,2025-01-07,kg,0.0,Closed by cutoff,2025-01
B00675,P009,Olives,Sold Out,39,39.0,0.0,0.0,2025-01-23,117000,125.13,83850,33150,35.45,P009,2150,39,2025-01-15,kg,0.0,Closed by cutoff,2025-01
B00676,P009,Olives,Sold Out,47,47.0,0.0,0.0,2025-02-02,141000,150.8,101050,39950,42.73,P009,2150,47,2025-01-25,kg,0.0,Closed by cutoff,2025-01
B00677,P009,Olives,Sold Out,46,46.0,0.0,0.0,2025-02-17,138000,147.59,101200,36800,39.36,P009,2200,46,2025-02-03,kg,0.0,Closed by cutoff,2025-02
B00678,P009,Olives,Sold Out,41,41.0,0.0,0.0,2025-02-20,123000,131.55,90200,32800,35.08,P009,2200,41,2025-02-10,kg,0.0,Closed by cutoff,2025-02
B00679,P009,Olives,Partial Loss,49,37.93,11.07,22.6,2025-04-05,113790,121.7,105350,8440,9.03,P009,2150,49,2025-02-19,kg,23800.5,Closed by cutoff,2025-02
B00680,P009,Olives,Partial Loss,41,35.3,5.7,13.9,2025-04-14,105900,113.26,88150,17750,18.98,P009,2150,41,2025-02-28,kg,12255.0,Closed by cutoff,2025-02
B00681,P009,Olives,Partial Loss,38,32.15,5.85,15.4,2025-04-24,96450,103.16,81700,14750,15.78,P009,2150,38,2025-03-10,kg,12577.5,Closed by cutoff,2025-03
B00682,P009,Olives,Partial Loss,43,36.51,6.49,15.1,2025-05-02,109530,117.14,92450,17080,18.27,P009,2150,43,2025-03-18,kg,13953.5,Closed by cutoff,2025-03
B00683,P009,Olives,Sold Out,45,45.0,0.0,0.0,2025-04-05,135000,144.39,96750,38250,40.91,P009,2150,45,2025-03-25,kg,0.0,Closed by cutoff,2025-03
B00684,P009,Olives,Sold Out,17,17.0,0.0,0.0,2025-04-09,51000,54.55,36550,14450,15.45,P009,2150,17,2025-04-05,kg,0.0,Closed by cutoff,2025-04
B00685,P009,Olives,Partial Loss,18,13.59,4.41,24.5,2025-06-01,40770,43.6,38700,2070,2.21,P009,2150,18,2025-04-17,kg,9481.5,Closed by cutoff,2025-04
B00686,P009,Olives,Partial Loss,15,11.29,3.71,24.7,2025-06-12,33870,36.22,32250,1620,1.73,P009,2150,15,2025-04-28,kg,7976.5,Closed by cutoff,2025-04
B00687,P009,Olives,Partial Loss,16,14.48,1.52,9.5,2025-06-21,43440,46.46,34400,9040,9.67,P009,2150,16,2025-05-07,kg,3268.0,Closed by cutoff,2025-05
B00688,P009,Olives,Partial Loss,18,17.42,0.58,3.2,2025-07-01,52260,55.89,39600,12660,13.54,P009,2200,18,2025-05-17,kg,1276.0,After cutoff,2025-05
B00689,P009,Olives,Partial Loss,18,15.75,2.25,12.5,2025-07-13,47250,50.53,38700,8550,9.14,P009,2150,18,2025-05-29,kg,4837.5,After cutoff,2025-05
B00690,P009,Olives,Partial Loss,18,15.32,2.68,14.9,2025-07-22,45960,49.16,38700,7260,7.76,P009,2150,18,2025-06-07,kg,5762.0,After cutoff,2025-06
B00691,P009,Olives,Partial Loss,16,13.07,2.93,18.3,2025-08-02,39210,41.94,34400,4810,5.14,P009,2150,16,2025-06-18,kg,6299.5,After cutoff,2025-06
B00692,P009,Olives,Partial Loss,16,13.87,2.13,13.3,2025-08-12,41610,44.5,34400,7210,7.71,P009,2150,16,2025-06-28,kg,4579.5,After cutoff,2025-06
B00693,P010,Olives,Partial Loss,15,10.34,4.67,31.1,2023-08-24,31020,33.18,31500,-480,-0.51,P010,2100,15,2023-07-10,kg,9807.0,Closed by cutoff,2023-07
B00694,P010,Olives,Partial Loss,16,14.88,1.12,7.0,2023-09-02,44640,47.74,33600,11040,11.81,P010,2100,16,2023-07-19,kg,2352.0,Closed by cutoff,2023-07
B00695,P010,Olives,Partial Loss,13,10.27,2.73,21.0,2023-09-14,30810,32.95,27300,3510,3.75,P010,2100,13,2023-07-31,kg,5733.0,Closed by cutoff,2023-07
B00696,P010,Olives,Partial Loss,13,11.74,1.26,9.7,2023-09-24,35220,37.67,27300,7920,8.47,P010,2100,13,2023-08-10,kg,2646.0,Closed by cutoff,2023-08
B00697,P010,Olives,Partial Loss,14,11.2,2.8,20.0,2023-10-01,33600,35.94,29400,4200,4.49,P010,2100,14,2023-08-17,kg,5880.0,Closed by cutoff,2023-08
B00698,P010,Olives,Sold Out,16,16.0,0.0,0.0,2023-09-04,48000,51.34,33600,14400,15.4,P010,2100,16,2023-08-27,kg,0.0,Closed by cutoff,2023-08
B00699,P010,Olives,Partial Loss,20,18.04,1.96,9.8,2023-10-21,54120,57.88,43000,11120,11.89,P010,2150,20,2023-09-06,kg,4214.0,Closed by cutoff,2023-09
B00700,P010,Olives,Partial Loss,17,13.92,3.08,18.1,2023-10-31,41760,44.66,35700,6060,6.48,P010,2100,17,2023-09-16,kg,6468.0,Closed by cutoff,2023-09
B00701,P010,Olives,Partial Loss,19,17.63,1.37,7.2,2023-11-08,52890,56.57,39900,12990,13.89,P010,2100,19,2023-09-24,kg,2877.0,Closed by cutoff,2023-09
B00702,P010,Olives,Sold Out,41,41.0,0.0,0.0,2023-10-14,123000,131.55,86100,36900,39.47,P010,2100,41,2023-10-06,kg,0.0,Closed by cutoff,2023-10
B00703,P010,Olives,Sold Out,35,35.0,0.0,0.0,2023-10-26,105000,112.3,73500,31500,33.69,P010,2100,35,2023-10-14,kg,0.0,Closed by cutoff,2023-10
B00704,P010,Olives,Sold Out,39,39.0,0.0,0.0,2023-11-02,117000,125.13,81900,35100,37.54,P010,2100,39,2023-10-25,kg,0.0,Closed by cutoff,2023-10
B00705,P010,Olives,Partial Loss,44,38.24,5.76,13.1,2023-12-18,114720,122.7,92400,22320,23.87,P010,2100,44,2023-11-03,kg,12096.0,Closed by cutoff,2023-11
B00706,P010,Olives,Sold Out,42,42.0,0.0,0.0,2023-11-21,126000,134.76,88200,37800,40.43,P010,2100,42,2023-11-12,kg,0.0,Closed by cutoff,2023-11
B00707,P010,Olives,Sold Out,37,37.0,0.0,0.0,2023-11-27,111000,118.72,77700,33300,35.61,P010,2100,37,2023-11-21,kg,0.0,Closed by cutoff,2023-11
B00708,P010,Olives,Sold Out,59,59.0,0.0,0.0,2023-12-05,177000,189.3,123900,53100,56.79,P010,2100,59,2023-12-01,kg,0.0,Closed by cutoff,2023-12
B00709,P010,Olives,Sold Out,54,54.0,0.0,0.0,2023-12-23,162000,173.26,113400,48600,51.98,P010,2100,54,2023-12-11,kg,0.0,Closed by cutoff,2023-12
B00710,P010,Olives,Sold Out,50,50.0,0.0,0.0,2023-12-31,150000,160.43,105000,45000,48.13,P010,2100,50,2023-12-21,kg,0.0,Closed by cutoff,2023-12
B00711,P010,Olives,Partial Loss,58,50.81,7.19,12.4,2024-02-14,152430,163.03,121800,30630,32.76,P010,2100,58,2023-12-31,kg,15099.0,Closed by cutoff,2023-12
B00712,P010,Olives,Sold Out,34,34.0,0.0,0.0,2024-01-23,102000,109.09,71400,30600,32.73,P010,2100,34,2024-01-12,kg,0.0,Closed by cutoff,2024-01
B00713,P010,Olives,Sold Out,41,41.0,0.0,0.0,2024-01-30,123000,131.55,86100,36900,39.47,P010,2100,41,2024-01-22,kg,0.0,Closed by cutoff,2024-01
B00714,P010,Olives,Sold Out,35,35.0,0.0,0.0,2024-02-06,105000,112.3,73500,31500,33.69,P010,2100,35,2024-01-30,kg,0.0,Closed by cutoff,2024-01
B00715,P010,Olives,Partial Loss,46,32.89,13.11,28.5,2024-03-25,98670,105.53,96600,2070,2.21,P010,2100,46,2024-02-09,kg,27531.0,Closed by cutoff,2024-02
B00716,P010,Olives,Partial Loss,34,26.66,7.34,21.6,2024-04-04,79980,85.54,71400,8580,9.18,P010,2100,34,2024-02-19,kg,15414.0,Closed by cutoff,2024-02
B00717,P010,Olives,Sold Out,40,40.0,0.0,0.0,2024-03-08,120000,128.34,84000,36000,38.5,P010,2100,40,2024-02-29,kg,0.0,Closed by cutoff,2024-02
B00718,P010,Olives,Sold Out,45,45.0,0.0,0.0,2024-03-19,135000,144.39,94500,40500,43.32,P010,2100,45,2024-03-10,kg,0.0,Closed by cutoff,2024-03
B00719,P010,Olives,Partial Loss,38,31.88,6.12,16.1,2024-05-03,95640,102.29,79800,15840,16.94,P010,2100,38,2024-03-19,kg,12852.0,Closed by cutoff,2024-03
B00720,P010,Olives,Partial Loss,36,29.34,6.66,18.5,2024-05-13,88020,94.14,75600,12420,13.28,P010,2100,36,2024-03-29,kg,13986.0,Closed by cutoff,2024-03
B00721,P010,Olives,Sold Out,14,14.0,0.0,0.0,2024-04-19,42000,44.92,29400,12600,13.48,P010,2100,14,2024-04-08,kg,0.0,Closed by cutoff,2024-04
B00722,P010,Olives,Partial Loss,15,11.94,3.06,20.4,2024-06-01,35820,38.31,32250,3570,3.82,P010,2150,15,2024-04-17,kg,6579.0,Closed by cutoff,2024-04
B00723,P010,Olives,Partial Loss,13,10.8,2.2,16.9,2024-06-12,32400,34.65,27300,5100,5.45,P010,2100,13,2024-04-28,kg,4620.0,Closed by cutoff,2024-04
B00724,P010,Olives,Partial Loss,14,11.69,2.31,16.5,2024-06-22,35070,37.51,29400,5670,6.06,P010,2100,14,2024-05-08,kg,4851.0,Closed by cutoff,2024-05
B00725,P010,Olives,Partial Loss,15,12.19,2.81,18.7,2024-06-30,36570,39.11,32250,4320,4.62,P010,2150,15,2024-05-16,kg,6041.5,Closed by cutoff,2024-05
B00726,P010,Olives,Sold Out,16,16.0,0.0,0.0,2024-06-01,48000,51.34,33600,14400,15.4,P010,2100,16,2024-05-23,kg,0.0,Closed by cutoff,2024-05
B00727,P010,Olives,Partial Loss,13,10.41,2.59,19.9,2024-07-17,31230,33.4,27300,3930,4.2,P010,2100,13,2024-06-02,kg,5439.0,Closed by cutoff,2024-06
B00728,P010,Olives,Sold Out,16,16.0,0.0,0.0,2024-06-18,48000,51.34,33600,14400,15.4,P010,2100,16,2024-06-11,kg,0.0,Closed by cutoff,2024-06
B00729,P010,Olives,Partial Loss,14,9.77,4.23,30.2,2024-08-06,29310,31.35,29400,-90,-0.1,P010,2100,14,2024-06-22,kg,8883.0,Closed by cutoff,2024-06
B00730,P010,Olives,Sold Out,14,14.0,0.0,0.0,2024-07-09,42000,44.92,30100,11900,12.73,P010,2150,14,2024-07-03,kg,0.0,Closed by cutoff,2024-07
B00731,P010,Olives,Sold Out,14,14.0,0.0,0.0,2024-07-16,42000,44.92,29400,12600,13.48,P010,2100,14,2024-07-12,kg,0.0,Closed by cutoff,2024-07
B00732,P010,Olives,Partial Loss,15,12.38,2.62,17.5,2024-09-05,37140,39.72,31500,5640,6.03,P010,2100,15,2024-07-22,kg,5502.0,Closed by cutoff,2024-07
B00733,P010,Olives,Sold Out,14,14.0,0.0,0.0,2024-08-11,42000,44.92,29400,12600,13.48,P010,2100,14,2024-07-31,kg,0.0,Closed by cutoff,2024-07
B00734,P010,Olives,Sold Out,16,16.0,0.0,0.0,2024-08-21,48000,51.34,33600,14400,15.4,P010,2100,16,2024-08-10,kg,0.0,Closed by cutoff,2024-08
B00735,P010,Olives,Sold Out,14,14.0,0.0,0.0,2024-08-25,42000,44.92,29400,12600,13.48,P010,2100,14,2024-08-16,kg,0.0,Closed by cutoff,2024-08
B00736,P010,Olives,Partial Loss,16,10.45,5.55,34.7,2024-10-10,31350,33.53,33600,-2250,-2.41,P010,2100,16,2024-08-26,kg,11655.0,Closed by cutoff,2024-08
B00737,P010,Olives,Partial Loss,18,15.46,2.54,14.1,2024-10-20,46380,49.6,37800,8580,9.18,P010,2100,18,2024-09-05,kg,5334.0,Closed by cutoff,2024-09
B00738,P010,Olives,Partial Loss,19,18.3,0.7,3.7,2024-10-31,54900,58.72,39900,15000,16.04,P010,2100,19,2024-09-16,kg,1470.0,Closed by cutoff,2024-09
B00739,P010,Olives,Sold Out,20,20.0,0.0,0.0,2024-10-06,60000,64.17,42000,18000,19.25,P010,2100,20,2024-09-28,kg,0.0,Closed by cutoff,2024-09
B00740,P010,Olives,Sold Out,41,41.0,0.0,0.0,2024-10-17,123000,131.55,86100,36900,39.47,P010,2100,41,2024-10-08,kg,0.0,Closed by cutoff,2024-10
B00741,P010,Olives,Sold Out,44,44.0,0.0,0.0,2024-10-27,132000,141.18,92400,39600,42.35,P010,2100,44,2024-10-20,kg,0.0,Closed by cutoff,2024-10
B00742,P010,Olives,Sold Out,41,41.0,0.0,0.0,2024-11-04,123000,131.55,86100,36900,39.47,P010,2100,41,2024-10-28,kg,0.0,Closed by cutoff,2024-10
B00743,P010,Olives,Partial Loss,36,30.06,5.94,16.5,2024-12-21,90180,96.45,75600,14580,15.59,P010,2100,36,2024-11-06,kg,12474.0,Closed by cutoff,2024-11
B00744,P010,Olives,Sold Out,39,39.0,0.0,0.0,2024-11-26,117000,125.13,81900,35100,37.54,P010,2100,39,2024-11-16,kg,0.0,Closed by cutoff,2024-11
B00745,P010,Olives,Sold Out,35,35.0,0.0,0.0,2024-12-06,105000,112.3,73500,31500,33.69,P010,2100,35,2024-11-24,kg,0.0,Closed by cutoff,2024-11
B00746,P010,Olives,Sold Out,55,55.0,0.0,0.0,2024-12-08,165000,176.47,115500,49500,52.94,P010,2100,55,2024-12-03,kg,0.0,Closed by cutoff,2024-12
B00747,P010,Olives,Sold Out,59,59.0,0.0,0.0,2024-12-16,177000,189.3,126850,50150,53.64,P010,2150,59,2024-12-09,kg,0.0,Closed by cutoff,2024-12
B00748,P010,Olives,Sold Out,58,58.0,0.0,0.0,2024-12-26,174000,186.1,124700,49300,52.73,P010,2150,58,2024-12-19,kg,0.0,Closed by cutoff,2024-12
B00749,P010,Olives,Sold Out,44,44.0,0.0,0.0,2025-01-04,132000,141.18,92400,39600,42.35,P010,2100,44,2024-12-29,kg,0.0,Closed by cutoff,2024-12
B00750,P010,Olives,Sold Out,48,48.0,0.0,0.0,2025-01-14,144000,154.01,100800,43200,46.2,P010,2100,48,2025-01-08,kg,0.0,Closed by cutoff,2025-01
B00751,P010,Olives,Partial Loss,43,36.08,6.92,16.1,2025-03-03,108240,115.76,90300,17940,19.19,P010,2100,43,2025-01-17,kg,14532.0,Closed by cutoff,2025-01
B00752,P010,Olives,Sold Out,37,37.0,0.0,0.0,2025-02-03,111000,118.72,79550,31450,33.64,P010,2150,37,2025-01-26,kg,0.0,Closed by cutoff,2025-01
B00753,P010,Olives,Partial Loss,50,39.7,10.3,20.6,2025-03-21,119100,127.38,105000,14100,15.08,P010,2100,50,2025-02-04,kg,21630.0,Closed by cutoff,2025-02
B00754,P010,Olives,Sold Out,42,42.0,0.0,0.0,2025-02-22,126000,134.76,88200,37800,40.43,P010,2100,42,2025-02-13,kg,0.0,Closed by cutoff,2025-02
B00755,P010,Olives,Sold Out,42,42.0,0.0,0.0,2025-03-04,126000,134.76,88200,37800,40.43,P010,2100,42,2025-02-25,kg,0.0,Closed by cutoff,2025-02
B00756,P010,Olives,Sold Out,47,47.0,0.0,0.0,2025-03-16,141000,150.8,98700,42300,45.24,P010,2100,47,2025-03-06,kg,0.0,Closed by cutoff,2025-03
B00757,P010,Olives,Sold Out,40,40.0,0.0,0.0,2025-03-22,120000,128.34,86000,34000,36.36,P010,2150,40,2025-03-15,kg,0.0,Closed by cutoff,2025-03
B00758,P010,Olives,Sold Out,41,41.0,0.0,0.0,2025-04-05,123000,131.55,86100,36900,39.47,P010,2100,41,2025-03-25,kg,0.0,Closed by cutoff,2025-03
B00759,P010,Olives,Partial Loss,17,14.13,2.87,16.9,2025-05-21,42390,45.34,35700,6690,7.16,P010,2100,17,2025-04-06,kg,6027.0,Closed by cutoff,2025-04
B00760,P010,Olives,Sold Out,17,17.0,0.0,0.0,2025-04-20,51000,54.55,35700,15300,16.36,P010,2100,17,2025-04-15,kg,0.0,Closed by cutoff,2025-04
B00761,P010,Olives,Sold Out,18,18.0,0.0,0.0,2025-05-04,54000,57.75,37800,16200,17.33,P010,2100,18,2025-04-24,kg,0.0,Closed by cutoff,2025-04
B00762,P010,Olives,Sold Out,17,17.0,0.0,0.0,2025-05-10,51000,54.55,35700,15300,16.36,P010,2100,17,2025-05-05,kg,0.0,Closed by cutoff,2025-05
B00763,P010,Olives,Partial Loss,16,13.5,2.5,15.6,2025-06-27,40500,43.32,33600,6900,7.38,P010,2100,16,2025-05-13,kg,5250.0,Closed by cutoff,2025-05
B00764,P010,Olives,Partial Loss,15,11.95,3.05,20.3,2025-07-08,35850,38.34,32250,3600,3.85,P010,2150,15,2025-05-24,kg,6557.5,After cutoff,2025-05
B00765,P010,Olives,Partial Loss,15,12.43,2.57,17.1,2025-07-20,37290,39.88,32250,5040,5.39,P010,2150,15,2025-06-05,kg,5525.5,After cutoff,2025-06
B00766,P010,Olives,Sold Out,14,14.0,0.0,0.0,2025-06-23,42000,44.92,29400,12600,13.48,P010,2100,14,2025-06-15,kg,0.0,Closed by cutoff,2025-06
B00767,P010,Olives,Partial Loss,15,12.33,2.67,17.8,2025-08-08,36990,39.56,31500,5490,5.87,P010,2100,15,2025-06-24,kg,5607.0,After cutoff,2025-06
B00768,P011,Olives,Partial Loss,28,26.52,1.48,5.3,2023-08-15,92820,99.27,70000,22820,24.41,P011,2500,28,2023-07-01,jar 250g,3700.0,Closed by cutoff,2023-07
B00769,P011,Olives,Sold Out,27,27.0,0.0,0.0,2023-07-14,94500,101.07,68850,25650,27.43,P011,2550,27,2023-07-07,jar 250g,0.0,Closed by cutoff,2023-07
B00770,P011,Olives,Partial Loss,24,20.93,3.07,12.8,2023-08-31,73255,78.35,60000,13255,14.18,P011,2500,24,2023-07-17,jar 250g,7675.0,Closed by cutoff,2023-07
B00771,P011,Olives,Partial Loss,27,22.46,4.54,16.8,2023-09-07,78610,84.07,67500,11110,11.88,P011,2500,27,2023-07-24,jar 250g,11350.0,Closed by cutoff,2023-07
B00772,P011,Olives,Sold Out,27,27.0,0.0,0.0,2023-08-04,94500,101.07,67500,27000,28.88,P011,2500,27,2023-08-02,jar 250g,0.0,Closed by cutoff,2023-08
B00773,P011,Olives,Sold Out,23,23.0,0.0,0.0,2023-08-18,80500,86.1,57500,23000,24.6,P011,2500,23,2023-08-10,jar 250g,0.0,Closed by cutoff,2023-08
B00774,P011,Olives,Partial Loss,27,25.25,1.76,6.5,2023-10-03,88375,94.52,67500,20875,22.33,P011,2500,27,2023-08-19,jar 250g,4400.0,Closed by cutoff,2023-08
B00775,P011,Olives,Partial Loss,23,21.57,1.43,6.2,2023-10-12,75495,80.74,57500,17995,19.25,P011,2500,23,2023-08-28,jar 250g,3575.0,Closed by cutoff,2023-08
B00776,P011,Olives,Partial Loss,28,25.76,2.24,8.0,2023-10-23,90160,96.43,70000,20160,21.56,P011,2500,28,2023-09-08,jar 250g,5600.000000000001,Closed by cutoff,2023-09
B00777,P011,Olives,Sold Out,32,32.0,0.0,0.0,2023-10-03,112000,119.79,80000,32000,34.22,P011,2500,32,2023-09-18,jar 250g,0.0,Closed by cutoff,2023-09
B00778,P011,Olives,Sold Out,32,32.0,0.0,0.0,2023-10-02,112000,119.79,81600,30400,32.51,P011,2550,32,2023-09-28,jar 250g,0.0,Closed by cutoff,2023-09
B00779,P011,Olives,Sold Out,21,21.0,0.0,0.0,2023-10-16,73500,78.61,52500,21000,22.46,P011,2500,21,2023-10-07,jar 250g,0.0,Closed by cutoff,2023-10
B00780,P011,Olives,Sold Out,24,24.0,0.0,0.0,2023-10-23,84000,89.84,60000,24000,25.67,P011,2500,24,2023-10-15,jar 250g,0.0,Closed by cutoff,2023-10
B00781,P011,Olives,Sold Out,21,21.0,0.0,0.0,2023-10-31,73500,78.61,53550,19950,21.34,P011,2550,21,2023-10-26,jar 250g,0.0,Closed by cutoff,2023-10
B00782,P011,Olives,Sold Out,26,26.0,0.0,0.0,2023-11-16,91000,97.33,66300,24700,26.42,P011,2550,26,2023-11-07,jar 250g,0.0,Closed by cutoff,2023-11
B00783,P011,Olives,Sold Out,27,27.0,0.0,0.0,2023-11-21,94500,101.07,68850,25650,27.43,P011,2550,27,2023-11-16,jar 250g,0.0,Closed by cutoff,2023-11
B00784,P011,Olives,Partial Loss,28,26.01,1.99,7.1,2024-01-10,91035,97.36,71400,19635,21.0,P011,2550,28,2023-11-26,jar 250g,5074.5,Closed by cutoff,2023-11
B00785,P011,Olives,Sold Out,28,28.0,0.0,0.0,2023-12-09,98000,104.81,70000,28000,29.95,P011,2500,28,2023-12-04,jar 250g,0.0,Closed by cutoff,2023-12
B00786,P011,Olives,Sold Out,30,30.0,0.0,0.0,2023-12-18,105000,112.3,75000,30000,32.09,P011,2500,30,2023-12-12,jar 250g,0.0,Closed by cutoff,2023-12
B00787,P011,Olives,Sold Out,27,27.0,0.0,0.0,2023-12-30,94500,101.07,67500,27000,28.88,P011,2500,27,2023-12-22,jar 250g,0.0,Closed by cutoff,2023-12
B00788,P011,Olives,Partial Loss,27,23.65,3.35,12.4,2024-02-16,82775,88.53,67500,15275,16.34,P011,2500,27,2024-01-02,jar 250g,8375.0,Closed by cutoff,2024-01
B00789,P011,Olives,Sold Out,27,27.0,0.0,0.0,2024-01-18,94500,101.07,67500,27000,28.88,P011,2500,27,2024-01-12,jar 250g,0.0,Closed by cutoff,2024-01
B00790,P011,Olives,Sold Out,23,23.0,0.0,0.0,2024-01-26,80500,86.1,57500,23000,24.6,P011,2500,23,2024-01-20,jar 250g,0.0,Closed by cutoff,2024-01
B00791,P011,Olives,Sold Out,23,23.0,0.0,0.0,2024-02-07,80500,86.1,57500,23000,24.6,P011,2500,23,2024-02-01,jar 250g,0.0,Closed by cutoff,2024-02
B00792,P011,Olives,Partial Loss,27,23.41,3.59,13.3,2024-03-27,81935,87.63,67500,14435,15.44,P011,2500,27,2024-02-11,jar 250g,8975.0,Closed by cutoff,2024-02
B00793,P011,Olives,Sold Out,25,25.0,0.0,0.0,2024-02-28,87500,93.58,62500,25000,26.74,P011,2500,25,2024-02-20,jar 250g,0.0,Closed by cutoff,2024-02
B00794,P011,Olives,Sold Out,26,26.0,0.0,0.0,2024-03-05,91000,97.33,65000,26000,27.81,P011,2500,26,2024-02-28,jar 250g,0.0,Closed by cutoff,2024-02
B00795,P011,Olives,Partial Loss,27,24.27,2.73,10.1,2024-04-21,84945,90.85,67500,17445,18.66,P011,2500,27,2024-03-07,jar 250g,6825.0,Closed by cutoff,2024-03
B00796,P011,Olives,Sold Out,25,25.0,0.0,0.0,2024-03-25,87500,93.58,62500,25000,26.74,P011,2500,25,2024-03-14,jar 250g,0.0,Closed by cutoff,2024-03
B00797,P011,Olives,Partial Loss,25,21.5,3.5,14.0,2024-05-10,75250,80.48,62500,12750,13.64,P011,2500,25,2024-03-26,jar 250g,8750.0,Closed by cutoff,2024-03
B00798,P011,Olives,Sold Out,22,22.0,0.0,0.0,2024-04-12,77000,82.35,55000,22000,23.53,P011,2500,22,2024-04-04,jar 250g,0.0,Closed by cutoff,2024-04
B00799,P011,Olives,Sold Out,22,22.0,0.0,0.0,2024-04-23,77000,82.35,55000,22000,23.53,P011,2500,22,2024-04-15,jar 250g,0.0,Closed by cutoff,2024-04
B00800,P011,Olives,Partial Loss,24,20.38,3.62,15.1,2024-06-08,71330,76.29,60000,11330,12.12,P011,2500,24,2024-04-24,jar 250g,9050.0,Closed by cutoff,2024-04
B00801,P011,Olives,Sold Out,22,22.0,0.0,0.0,2024-05-10,77000,82.35,55000,22000,23.53,P011,2500,22,2024-05-03,jar 250g,0.0,Closed by cutoff,2024-05
B00802,P011,Olives,Partial Loss,25,22.05,2.95,11.8,2024-06-25,77175,82.54,62500,14675,15.7,P011,2500,25,2024-05-11,jar 250g,7375.0,Closed by cutoff,2024-05
B00803,P011,Olives,Partial Loss,21,18.67,2.33,11.1,2024-07-04,65345,69.89,52500,12845,13.74,P011,2500,21,2024-05-20,jar 250g,5825.0,Closed by cutoff,2024-05
B00804,P011,Olives,Sold Out,25,25.0,0.0,0.0,2024-06-07,87500,93.58,62500,25000,26.74,P011,2500,25,2024-06-01,jar 250g,0.0,Closed by cutoff,2024-06
B00805,P011,Olives,Sold Out,27,27.0,0.0,0.0,2024-06-22,94500,101.07,67500,27000,28.88,P011,2500,27,2024-06-11,jar 250g,0.0,Closed by cutoff,2024-06
B00806,P011,Olives,Partial Loss,23,21.16,1.84,8.0,2024-08-02,74060,79.21,57500,16560,17.71,P011,2500,23,2024-06-18,jar 250g,4600.0,Closed by cutoff,2024-06
B00807,P011,Olives,Sold Out,21,21.0,0.0,0.0,2024-07-12,73500,78.61,52500,21000,22.46,P011,2500,21,2024-06-30,jar 250g,0.0,Closed by cutoff,2024-06
B00808,P011,Olives,Partial Loss,21,17.64,3.36,16.0,2024-08-26,61740,66.03,52500,9240,9.88,P011,2500,21,2024-07-12,jar 250g,8400.0,Closed by cutoff,2024-07
B00809,P011,Olives,Sold Out,24,24.0,0.0,0.0,2024-08-01,84000,89.84,60000,24000,25.67,P011,2500,24,2024-07-22,jar 250g,0.0,Closed by cutoff,2024-07
B00810,P011,Olives,Sold Out,23,23.0,0.0,0.0,2024-08-09,80500,86.1,57500,23000,24.6,P011,2500,23,2024-08-01,jar 250g,0.0,Closed by cutoff,2024-08
B00811,P011,Olives,Sold Out,22,22.0,0.0,0.0,2024-08-17,77000,82.35,55000,22000,23.53,P011,2500,22,2024-08-12,jar 250g,0.0,Closed by cutoff,2024-08
B00812,P011,Olives,Partial Loss,26,22.49,3.51,13.5,2024-10-06,78715,84.19,65000,13715,14.67,P011,2500,26,2024-08-22,jar 250g,8775.0,Closed by cutoff,2024-08
B00813,P011,Olives,Partial Loss,27,24.41,2.59,9.6,2024-10-15,85435,91.37,68850,16585,17.74,P011,2550,27,2024-08-31,jar 250g,6604.5,Closed by cutoff,2024-08
B00814,P011,Olives,Sold Out,33,33.0,0.0,0.0,2024-09-19,115500,123.53,84150,31350,33.53,P011,2550,33,2024-09-11,jar 250g,0.0,Closed by cutoff,2024-09
B00815,P011,Olives,Partial Loss,26,22.98,3.02,11.6,2024-11-02,80430,86.02,65000,15430,16.5,P011,2500,26,2024-09-18,jar 250g,7550.0,Closed by cutoff,2024-09
B00816,P011,Olives,Partial Loss,31,28.58,2.42,7.8,2024-11-09,100030,106.98,77500,22530,24.1,P011,2500,31,2024-09-25,jar 250g,6050.0,Closed by cutoff,2024-09
B00817,P011,Olives,Partial Loss,23,18.19,4.81,20.9,2024-11-18,63665,68.09,57500,6165,6.59,P011,2500,23,2024-10-04,jar 250g,12024.999999999998,Closed by cutoff,2024-10
B00818,P011,Olives,Partial Loss,24,22.46,1.54,6.4,2024-11-26,78610,84.07,60000,18610,19.9,P011,2500,24,2024-10-12,jar 250g,3850.0,Closed by cutoff,2024-10
B00819,P011,Olives,Sold Out,27,27.0,0.0,0.0,2024-11-03,94500,101.07,67500,27000,28.88,P011,2500,27,2024-10-23,jar 250g,0.0,Closed by cutoff,2024-10
B00820,P011,Olives,Partial Loss,24,22.61,1.39,5.8,2024-12-19,79135,84.64,60000,19135,20.47,P011,2500,24,2024-11-04,jar 250g,3474.9999999999995,Closed by cutoff,2024-11
B00821,P011,Olives,Sold Out,23,23.0,0.0,0.0,2024-11-20,80500,86.1,57500,23000,24.6,P011,2500,23,2024-11-12,jar 250g,0.0,Closed by cutoff,2024-11
B00822,P011,Olives,Partial Loss,23,17.04,5.96,25.9,2025-01-05,59640,63.79,57500,2140,2.29,P011,2500,23,2024-11-21,jar 250g,14900.0,Closed by cutoff,2024-11
B00823,P011,Olives,Partial Loss,21,18.67,2.33,11.1,2025-01-14,65345,69.89,52500,12845,13.74,P011,2500,21,2024-11-30,jar 250g,5825.0,Closed by cutoff,2024-11
B00824,P011,Olives,Partial Loss,31,24.86,6.14,19.8,2025-01-23,87010,93.06,77500,9510,10.17,P011,2500,31,2024-12-09,jar 250g,15350.0,Closed by cutoff,2024-12
B00825,P011,Olives,Sold Out,29,29.0,0.0,0.0,2024-12-25,101500,108.56,72500,29000,31.02,P011,2500,29,2024-12-18,jar 250g,0.0,Closed by cutoff,2024-12
B00826,P011,Olives,Sold Out,32,32.0,0.0,0.0,2025-01-03,112000,119.79,80000,32000,34.22,P011,2500,32,2024-12-25,jar 250g,0.0,Closed by cutoff,2024-12
B00827,P011,Olives,Sold Out,29,29.0,0.0,0.0,2025-01-12,101500,108.56,73950,27550,29.47,P011,2550,29,2025-01-04,jar 250g,0.0,Closed by cutoff,2025-01
B00828,P011,Olives,Partial Loss,25,18.65,6.35,25.4,2025-03-01,65275,69.81,62500,2775,2.97,P011,2500,25,2025-01-15,jar 250g,15875.0,Closed by cutoff,2025-01
B00829,P011,Olives,Sold Out,25,25.0,0.0,0.0,2025-01-30,87500,93.58,62500,25000,26.74,P011,2500,25,2025-01-23,jar 250g,0.0,Closed by cutoff,2025-01
B00830,P011,Olives,Partial Loss,25,18.75,6.25,25.0,2025-03-17,65625,70.19,62500,3125,3.34,P011,2500,25,2025-01-31,jar 250g,15625.0,Closed by cutoff,2025-01
B00831,P011,Olives,Partial Loss,27,20.93,6.08,22.5,2025-03-27,73255,78.35,67500,5755,6.16,P011,2500,27,2025-02-10,jar 250g,15200.0,Closed by cutoff,2025-02
B00832,P011,Olives,Sold Out,23,23.0,0.0,0.0,2025-02-24,80500,86.1,57500,23000,24.6,P011,2500,23,2025-02-17,jar 250g,0.0,Closed by cutoff,2025-02
B00833,P011,Olives,Sold Out,26,26.0,0.0,0.0,2025-03-04,91000,97.33,66300,24700,26.42,P011,2550,26,2025-02-27,jar 250g,0.0,Closed by cutoff,2025-02
B00834,P011,Olives,Sold Out,24,24.0,0.0,0.0,2025-03-22,84000,89.84,60000,24000,25.67,P011,2500,24,2025-03-10,jar 250g,0.0,Closed by cutoff,2025-03
B00835,P011,Olives,Sold Out,29,29.0,0.0,0.0,2025-03-28,101500,108.56,72500,29000,31.02,P011,2500,29,2025-03-20,jar 250g,0.0,Closed by cutoff,2025-03
B00836,P011,Olives,Sold Out,22,22.0,0.0,0.0,2025-04-05,77000,82.35,55000,22000,23.53,P011,2500,22,2025-03-29,jar 250g,0.0,Closed by cutoff,2025-03
B00837,P011,Olives,Partial Loss,24,19.97,4.03,16.8,2025-05-22,69895,74.75,60000,9895,10.58,P011,2500,24,2025-04-07,jar 250g,10075.0,Closed by cutoff,2025-04
B00838,P011,Olives,Partial Loss,29,26.65,2.35,8.1,2025-06-02,93275,99.76,72500,20775,22.22,P011,2500,29,2025-04-18,jar 250g,5875.0,Closed by cutoff,2025-04
B00839,P011,Olives,Sold Out,26,26.0,0.0,0.0,2025-05-04,91000,97.33,66300,24700,26.42,P011,2550,26,2025-04-27,jar 250g,0.0,Closed by cutoff,2025-04
B00840,P011,Olives,Sold Out,26,26.0,0.0,0.0,2025-05-14,91000,97.33,65000,26000,27.81,P011,2500,26,2025-05-08,jar 250g,0.0,Closed by cutoff,2025-05
B00841,P011,Olives,Sold Out,30,30.0,0.0,0.0,2025-05-24,105000,112.3,75000,30000,32.09,P011,2500,30,2025-05-19,jar 250g,0.0,Closed by cutoff,2025-05
B00842,P011,Olives,Partial Loss,27,23.68,3.32,12.3,2025-07-11,82880,88.64,67500,15380,16.45,P011,2500,27,2025-05-27,jar 250g,8300.0,After cutoff,2025-05
B00843,P011,Olives,Sold Out,28,28.0,0.0,0.0,2025-06-13,98000,104.81,70000,28000,29.95,P011,2500,28,2025-06-05,jar 250g,0.0,Closed by cutoff,2025-06
B00844,P011,Olives,Sold Out,24,24.0,0.0,0.0,2025-06-24,84000,89.84,60000,24000,25.67,P011,2500,24,2025-06-14,jar 250g,0.0,Closed by cutoff,2025-06
B00845,P011,Olives,Sold Out,23,23.0,0.0,0.0,2025-07-04,80500,86.1,57500,23000,24.6,P011,2500,23,2025-06-25,jar 250g,0.0,After cutoff,2025-06
B00846,P012,Grains,Partial Loss,16,9.1,6.9,43.1,2023-07-23,13650,14.6,18400,-4750,-5.08,P012,1150,16,2023-07-03,kg,7935.0,Closed by cutoff,2023-07
B00847,P012,Grains,Partial Loss,18,13.5,4.5,25.0,2023-07-28,20250,21.66,20700,-450,-0.48,P012,1150,18,2023-07-08,kg,5175.0,Closed by cutoff,2023-07
B00848,P012,Grains,Sold Out,21,21.0,0.0,0.0,2023-07-18,31500,33.69,24150,7350,7.86,P012,1150,21,2023-07-15,kg,0.0,Closed by cutoff,2023-07
B00849,P012,Grains,Sold Out,18,18.0,0.0,0.0,2023-07-29,27000,28.88,20700,6300,6.74,P012,1150,18,2023-07-23,kg,0.0,Closed by cutoff,2023-07
B00850,P012,Grains,Partial Loss,18,13.03,4.97,27.6,2023-08-17,19545,20.9,20700,-1155,-1.24,P012,1150,18,2023-07-28,kg,5715.5,Closed by cutoff,2023-07
B00851,P012,Grains,Sold Out,20,20.0,0.0,0.0,2023-08-12,30000,32.09,23000,7000,7.49,P012,1150,20,2023-08-04,kg,0.0,Closed by cutoff,2023-08
B00852,P012,Grains,Partial Loss,17,10.83,6.17,36.3,2023-08-30,16245,17.37,19550,-3305,-3.53,P012,1150,17,2023-08-10,kg,7095.5,Closed by cutoff,2023-08
B00853,P012,Grains,Sold Out,20,20.0,0.0,0.0,2023-08-20,30000,32.09,23000,7000,7.49,P012,1150,20,2023-08-15,kg,0.0,Closed by cutoff,2023-08
B00854,P012,Grains,Partial Loss,17,12.22,4.78,28.1,2023-09-08,18330,19.6,19550,-1220,-1.3,P012,1150,17,2023-08-19,kg,5497.0,Closed by cutoff,2023-08
B00855,P012,Grains,Partial Loss,18,14.09,3.91,21.7,2023-09-15,21135,22.6,20700,435,0.47,P012,1150,18,2023-08-26,kg,4496.5,Closed by cutoff,2023-08
B00856,P012,Grains,Sold Out,25,25.0,0.0,0.0,2023-09-10,37500,40.11,28750,8750,9.36,P012,1150,25,2023-09-02,kg,0.0,Closed by cutoff,2023-09
B00857,P012,Grains,Sold Out,22,22.0,0.0,0.0,2023-09-16,33000,35.29,25300,7700,8.24,P012,1150,22,2023-09-09,kg,0.0,Closed by cutoff,2023-09
B00858,P012,Grains,Partial Loss,21,17.77,3.23,15.4,2023-10-05,26655,28.51,24150,2505,2.68,P012,1150,21,2023-09-15,kg,3714.5,Closed by cutoff,2023-09
B00859,P012,Grains,Partial Loss,24,18.29,5.71,23.8,2023-10-12,27435,29.34,27600,-165,-0.18,P012,1150,24,2023-09-22,kg,6566.5,Closed by cutoff,2023-09
B00860,P012,Grains,Sold Out,26,26.0,0.0,0.0,2023-10-05,39000,41.71,29900,9100,9.73,P012,1150,26,2023-09-29,kg,0.0,Closed by cutoff,2023-09
B00861,P012,Grains,Sold Out,45,45.0,0.0,0.0,2023-10-12,67500,72.19,51750,15750,16.84,P012,1150,45,2023-10-06,kg,0.0,Closed by cutoff,2023-10
B00862,P012,Grains,Sold Out,44,44.0,0.0,0.0,2023-10-17,66000,70.59,50600,15400,16.47,P012,1150,44,2023-10-13,kg,0.0,Closed by cutoff,2023-10
B00863,P012,Grains,Sold Out,44,44.0,0.0,0.0,2023-10-26,66000,70.59,50600,15400,16.47,P012,1150,44,2023-10-19,kg,0.0,Closed by cutoff,2023-10
B00864,P012,Grains,Sold Out,47,47.0,0.0,0.0,2023-10-31,70500,75.4,54050,16450,17.59,P012,1150,47,2023-10-25,kg,0.0,Closed by cutoff,2023-10
B00865,P012,Grains,Partial Loss,50,39.3,10.7,21.4,2023-11-21,58950,63.05,57500,1450,1.55,P012,1150,50,2023-11-01,kg,12305.0,Closed by cutoff,2023-11
B00866,P012,Grains,Sold Out,48,48.0,0.0,0.0,2023-11-13,72000,77.01,55200,16800,17.97,P012,1150,48,2023-11-08,kg,0.0,Closed by cutoff,2023-11
B00867,P012,Grains,Partial Loss,43,35.26,7.74,18.0,2023-12-05,52890,56.57,49450,3440,3.68,P012,1150,43,2023-11-15,kg,8901.0,Closed by cutoff,2023-11
B00868,P012,Grains,Sold Out,52,52.0,0.0,0.0,2023-11-28,78000,83.42,59800,18200,19.47,P012,1150,52,2023-11-22,kg,0.0,Closed by cutoff,2023-11
B00869,P012,Grains,Partial Loss,50,37.15,12.85,25.7,2023-12-20,55725,59.6,57500,-1775,-1.9,P012,1150,50,2023-11-30,kg,14777.5,Closed by cutoff,2023-11
B00870,P012,Grains,Sold Out,69,69.0,0.0,0.0,2023-12-10,103500,110.7,79350,24150,25.83,P012,1150,69,2023-12-06,kg,0.0,Closed by cutoff,2023-12
B00871,P012,Grains,Sold Out,56,56.0,0.0,0.0,2023-12-14,84000,89.84,64400,19600,20.96,P012,1150,56,2023-12-12,kg,0.0,Closed by cutoff,2023-12
B00872,P012,Grains,Sold Out,60,60.0,0.0,0.0,2023-12-24,90000,96.26,69000,21000,22.46,P012,1150,60,2023-12-18,kg,0.0,Closed by cutoff,2023-12
B00873,P012,Grains,Sold Out,64,64.0,0.0,0.0,2023-12-28,96000,102.67,73600,22400,23.96,P012,1150,64,2023-12-24,kg,0.0,Closed by cutoff,2023-12
B00874,P012,Grains,Sold Out,54,54.0,0.0,0.0,2024-01-04,81000,86.63,62100,18900,20.21,P012,1150,54,2023-12-29,kg,0.0,Closed by cutoff,2023-12
B00875,P012,Grains,Partial Loss,42,28.64,13.36,31.8,2024-01-24,42960,45.95,48300,-5340,-5.71,P012,1150,42,2024-01-04,kg,15364.0,Closed by cutoff,2024-01
B00876,P012,Grains,Partial Loss,50,28.55,21.45,42.9,2024-01-29,42825,45.8,57500,-14675,-15.7,P012,1150,50,2024-01-09,kg,24667.5,Closed by cutoff,2024-01
B00877,P012,Grains,Partial Loss,51,36.31,14.69,28.8,2024-02-02,54465,58.25,58650,-4185,-4.48,P012,1150,51,2024-01-13,kg,16893.5,Closed by cutoff,2024-01
B00878,P012,Grains,Sold Out,46,46.0,0.0,0.0,2024-01-24,69000,73.8,52900,16100,17.22,P012,1150,46,2024-01-18,kg,0.0,Closed by cutoff,2024-01
B00879,P012,Grains,Sold Out,53,53.0,0.0,0.0,2024-01-28,79500,85.03,60950,18550,19.84,P012,1150,53,2024-01-24,kg,0.0,Closed by cutoff,2024-01
B00880,P012,Grains,Partial Loss,54,34.4,19.6,36.3,2024-02-21,51600,55.19,62100,-10500,-11.23,P012,1150,54,2024-02-01,kg,22540.0,Closed by cutoff,2024-02
B00881,P012,Grains,Partial Loss,55,37.07,17.93,32.6,2024-02-26,55605,59.47,63250,-7645,-8.18,P012,1150,55,2024-02-06,kg,20619.5,Closed by cutoff,2024-02
B00882,P012,Grains,Sold Out,43,43.0,0.0,0.0,2024-02-18,64500,68.98,49450,15050,16.1,P012,1150,43,2024-02-14,kg,0.0,Closed by cutoff,2024-02
B00883,P012,Grains,Sold Out,41,41.0,0.0,0.0,2024-02-27,61500,65.78,47150,14350,15.35,P012,1150,41,2024-02-22,kg,0.0,Closed by cutoff,2024-02
B00884,P012,Grains,Sold Out,51,51.0,0.0,0.0,2024-03-04,76500,81.82,58650,17850,19.09,P012,1150,51,2024-02-27,kg,0.0,Closed by cutoff,2024-02
B00885,P012,Grains,Sold Out,51,51.0,0.0,0.0,2024-03-11,76500,81.82,58650,17850,19.09,P012,1150,51,2024-03-05,kg,0.0,Closed by cutoff,2024-03
B00886,P012,Grains,Sold Out,45,45.0,0.0,0.0,2024-03-17,67500,72.19,51750,15750,16.84,P012,1150,45,2024-03-10,kg,0.0,Closed by cutoff,2024-03
B00887,P012,Grains,Sold Out,43,43.0,0.0,0.0,2024-03-21,64500,68.98,49450,15050,16.1,P012,1150,43,2024-03-17,kg,0.0,Closed by cutoff,2024-03
B00888,P012,Grains,Sold Out,55,55.0,0.0,0.0,2024-03-28,82500,88.24,63250,19250,20.59,P012,1150,55,2024-03-23,kg,0.0,Closed by cutoff,2024-03
B00889,P012,Grains,Sold Out,53,53.0,0.0,0.0,2024-03-31,79500,85.03,60950,18550,19.84,P012,1150,53,2024-03-29,kg,0.0,Closed by cutoff,2024-03
B00890,P012,Grains,Partial Loss,18,14.13,3.87,21.5,2024-04-23,21195,22.67,20700,495,0.53,P012,1150,18,2024-04-03,kg,4450.5,Closed by cutoff,2024-04
B00891,P012,Grains,Partial Loss,19,15.75,3.25,17.1,2024-04-30,23625,25.27,21850,1775,1.9,P012,1150,19,2024-04-10,kg,3737.5,Closed by cutoff,2024-04
B00892,P012,Grains,Sold Out,19,19.0,0.0,0.0,2024-04-23,28500,30.48,21850,6650,7.11,P012,1150,19,2024-04-17,kg,0.0,Closed by cutoff,2024-04
B00893,P012,Grains,Sold Out,19,19.0,0.0,0.0,2024-04-29,28500,30.48,21850,6650,7.11,P012,1150,19,2024-04-23,kg,0.0,Closed by cutoff,2024-04
B00894,P012,Grains,Sold Out,16,16.0,0.0,0.0,2024-05-06,24000,25.67,18400,5600,5.99,P012,1150,16,2024-05-02,kg,0.0,Closed by cutoff,2024-05
B00895,P012,Grains,Sold Out,19,19.0,0.0,0.0,2024-05-14,28500,30.48,21850,6650,7.11,P012,1150,19,2024-05-09,kg,0.0,Closed by cutoff,2024-05
B00896,P012,Grains,Sold Out,17,17.0,0.0,0.0,2024-05-25,25500,27.27,19550,5950,6.36,P012,1150,17,2024-05-15,kg,0.0,Closed by cutoff,2024-05
B00897,P012,Grains,Partial Loss,15,11.79,3.21,21.4,2024-06-10,17685,18.91,17250,435,0.47,P012,1150,15,2024-05-21,kg,3691.5,Closed by cutoff,2024-05
B00898,P012,Grains,Partial Loss,20,12.98,7.02,35.1,2024-06-15,19470,20.82,23000,-3530,-3.78,P012,1150,20,2024-05-26,kg,8072.999999999999,Closed by cutoff,2024-05
B00899,P012,Grains,Partial Loss,19,13.17,5.83,30.7,2024-06-21,19755,21.13,21850,-2095,-2.24,P012,1150,19,2024-06-01,kg,6704.5,Closed by cutoff,2024-06
B00900,P012,Grains,Partial Loss,15,8.38,6.62,44.1,2024-06-27,12570,13.44,17250,-4680,-5.01,P012,1150,15,2024-06-07,kg,7613.0,Closed by cutoff,2024-06
B00901,P012,Grains,Sold Out,17,17.0,0.0,0.0,2024-06-21,25500,27.27,19550,5950,6.36,P012,1150,17,2024-06-15,kg,0.0,Closed by cutoff,2024-06
B00902,P012,Grains,Partial Loss,18,11.43,6.57,36.5,2024-07-09,17145,18.34,20700,-3555,-3.8,P012,1150,18,2024-06-19,kg,7555.5,Closed by cutoff,2024-06
B00903,P012,Grains,Partial Loss,17,11.58,5.42,31.9,2024-07-17,17370,18.58,19550,-2180,-2.33,P012,1150,17,2024-06-27,kg,6233.0,Closed by cutoff,2024-06
B00904,P012,Grains,Sold Out,16,16.0,0.0,0.0,2024-07-09,24000,25.67,18400,5600,5.99,P012,1150,16,2024-07-04,kg,0.0,Closed by cutoff,2024-07
B00905,P012,Grains,Partial Loss,20,12.52,7.48,37.4,2024-07-31,18780,20.09,23000,-4220,-4.51,P012,1150,20,2024-07-11,kg,8602.0,Closed by cutoff,2024-07
B00906,P012,Grains,Sold Out,16,16.0,0.0,0.0,2024-07-18,24000,25.67,18400,5600,5.99,P012,1150,16,2024-07-16,kg,0.0,Closed by cutoff,2024-07
B00907,P012,Grains,Sold Out,19,19.0,0.0,0.0,2024-07-27,28500,30.48,21850,6650,7.11,P012,1150,19,2024-07-22,kg,0.0,Closed by cutoff,2024-07
B00908,P012,Grains,Sold Out,16,16.0,0.0,0.0,2024-08-02,24000,25.67,18400,5600,5.99,P012,1150,16,2024-07-29,kg,0.0,Closed by cutoff,2024-07
B00909,P012,Grains,Partial Loss,19,13.76,5.24,27.6,2024-08-25,20640,22.07,21850,-1210,-1.29,P012,1150,19,2024-08-05,kg,6026.0,Closed by cutoff,2024-08
B00910,P012,Grains,Partial Loss,20,14.76,5.24,26.2,2024-09-01,22140,23.68,23000,-860,-0.92,P012,1150,20,2024-08-12,kg,6026.0,Closed by cutoff,2024-08
B00911,P012,Grains,Partial Loss,18,11.29,6.71,37.3,2024-09-06,16935,18.11,20700,-3765,-4.03,P012,1150,18,2024-08-17,kg,7716.5,Closed by cutoff,2024-08
B00912,P012,Grains,Partial Loss,16,13.6,2.4,15.0,2024-09-14,20400,21.82,18400,2000,2.14,P012,1150,16,2024-08-25,kg,2760.0,Closed by cutoff,2024-08
B00913,P012,Grains,Partial Loss,20,16.06,3.94,19.7,2024-09-21,24090,25.76,23000,1090,1.17,P012,1150,20,2024-09-01,kg,4531.0,Closed by cutoff,2024-09
B00914,P012,Grains,Partial Loss,22,16.5,5.5,25.0,2024-09-27,24750,26.47,25300,-550,-0.59,P012,1150,22,2024-09-07,kg,6325.0,Closed by cutoff,2024-09
B00915,P012,Grains,Partial Loss,23,18.72,4.28,18.6,2024-10-03,28080,30.03,26450,1630,1.74,P012,1150,23,2024-09-13,kg,4922.0,Closed by cutoff,2024-09
B00916,P012,Grains,Partial Loss,24,21.41,2.59,10.8,2024-10-10,32115,34.35,27600,4515,4.83,P012,1150,24,2024-09-20,kg,2978.5,Closed by cutoff,2024-09
B00917,P012,Grains,Partial Loss,24,16.1,7.9,32.9,2024-10-19,24150,25.83,27600,-3450,-3.69,P012,1150,24,2024-09-29,kg,9085.0,Closed by cutoff,2024-09
B00918,P012,Grains,Partial Loss,52,49.24,2.76,5.3,2024-10-27,73860,78.99,59800,14060,15.04,P012,1150,52,2024-10-07,kg,3173.9999999999995,Closed by cutoff,2024-10
B00919,P012,Grains,Sold Out,52,52.0,0.0,0.0,2024-10-21,78000,83.42,59800,18200,19.47,P012,1150,52,2024-10-13,kg,0.0,Closed by cutoff,2024-10
B00920,P012,Grains,Sold Out,49,49.0,0.0,0.0,2024-10-24,73500,78.61,56350,17150,18.34,P012,1150,49,2024-10-20,kg,0.0,Closed by cutoff,2024-10
B00921,P012,Grains,Sold Out,55,55.0,0.0,0.0,2024-10-31,82500,88.24,63250,19250,20.59,P012,1150,55,2024-10-25,kg,0.0,Closed by cutoff,2024-10
B00922,P012,Grains,Sold Out,47,47.0,0.0,0.0,2024-11-05,70500,75.4,54050,16450,17.59,P012,1150,47,2024-11-02,kg,0.0,Closed by cutoff,2024-11
B00923,P012,Grains,Sold Out,54,54.0,0.0,0.0,2024-11-14,81000,86.63,62100,18900,20.21,P012,1150,54,2024-11-08,kg,0.0,Closed by cutoff,2024-11
B00924,P012,Grains,Sold Out,42,42.0,0.0,0.0,2024-11-19,63000,67.38,48300,14700,15.72,P012,1150,42,2024-11-15,kg,0.0,Closed by cutoff,2024-11
B00925,P012,Grains,Sold Out,50,50.0,0.0,0.0,2024-11-24,75000,80.21,57500,17500,18.72,P012,1150,50,2024-11-22,kg,0.0,Closed by cutoff,2024-11
B00926,P012,Grains,Sold Out,50,50.0,0.0,0.0,2024-12-04,75000,80.21,57500,17500,18.72,P012,1150,50,2024-11-28,kg,0.0,Closed by cutoff,2024-11
B00927,P012,Grains,Sold Out,62,62.0,0.0,0.0,2024-12-12,93000,99.47,71300,21700,23.21,P012,1150,62,2024-12-06,kg,0.0,Closed by cutoff,2024-12
B00928,P012,Grains,Sold Out,69,69.0,0.0,0.0,2024-12-19,103500,110.7,79350,24150,25.83,P012,1150,69,2024-12-13,kg,0.0,Closed by cutoff,2024-12
B00929,P012,Grains,Sold Out,65,65.0,0.0,0.0,2024-12-23,97500,104.28,74750,22750,24.33,P012,1150,65,2024-12-19,kg,0.0,Closed by cutoff,2024-12
B00930,P012,Grains,Sold Out,68,68.0,0.0,0.0,2024-12-27,102000,109.09,78200,23800,25.45,P012,1150,68,2024-12-25,kg,0.0,Closed by cutoff,2024-12
B00931,P012,Grains,Partial Loss,57,33.97,23.03,40.4,2025-01-20,50955,54.5,65550,-14595,-15.61,P012,1150,57,2024-12-31,kg,26484.5,Closed by cutoff,2024-12
B00932,P012,Grains,Sold Out,59,59.0,0.0,0.0,2025-01-10,88500,94.65,67850,20650,22.09,P012,1150,59,2025-01-06,kg,0.0,Closed by cutoff,2025-01
B00933,P012,Grains,Partial Loss,53,37.79,15.21,28.7,2025-02-02,56685,60.63,60950,-4265,-4.56,P012,1150,53,2025-01-13,kg,17491.5,Closed by cutoff,2025-01
B00934,P012,Grains,Partial Loss,50,32.05,17.95,35.9,2025-02-11,48075,51.42,57500,-9425,-10.08,P012,1150,50,2025-01-22,kg,20642.5,Closed by cutoff,2025-01
B00935,P012,Grains,Sold Out,56,56.0,0.0,0.0,2025-02-02,84000,89.84,64400,19600,20.96,P012,1150,56,2025-01-28,kg,0.0,Closed by cutoff,2025-01
B00936,P012,Grains,Sold Out,54,54.0,0.0,0.0,2025-02-09,81000,86.63,62100,18900,20.21,P012,1150,54,2025-02-04,kg,0.0,Closed by cutoff,2025-02
B00937,P012,Grains,Sold Out,56,56.0,0.0,0.0,2025-02-14,84000,89.84,64400,19600,20.96,P012,1150,56,2025-02-10,kg,0.0,Closed by cutoff,2025-02
B00938,P012,Grains,Sold Out,50,50.0,0.0,0.0,2025-02-22,75000,80.21,57500,17500,18.72,P012,1150,50,2025-02-17,kg,0.0,Closed by cutoff,2025-02
B00939,P012,Grains,Sold Out,50,50.0,0.0,0.0,2025-02-27,75000,80.21,57500,17500,18.72,P012,1150,50,2025-02-22,kg,0.0,Closed by cutoff,2025-02
B00940,P012,Grains,Sold Out,51,51.0,0.0,0.0,2025-03-08,76500,81.82,58650,17850,19.09,P012,1150,51,2025-03-02,kg,0.0,Closed by cutoff,2025-03
B00941,P012,Grains,Partial Loss,48,46.18,1.82,3.8,2025-03-28,69270,74.09,55200,14070,15.05,P012,1150,48,2025-03-08,kg,2093.0,Closed by cutoff,2025-03
B00942,P012,Grains,Partial Loss,49,31.41,17.59,35.9,2025-04-03,47115,50.39,56350,-9235,-9.88,P012,1150,49,2025-03-14,kg,20228.5,Closed by cutoff,2025-03
B00943,P012,Grains,Sold Out,50,50.0,0.0,0.0,2025-03-29,75000,80.21,57500,17500,18.72,P012,1150,50,2025-03-21,kg,0.0,Closed by cutoff,2025-03
B00944,P012,Grains,Sold Out,46,46.0,0.0,0.0,2025-04-04,69000,73.8,52900,16100,17.22,P012,1150,46,2025-03-29,kg,0.0,Closed by cutoff,2025-03
B00945,P012,Grains,Sold Out,20,20.0,0.0,0.0,2025-04-08,30000,32.09,23000,7000,7.49,P012,1150,20,2025-04-04,kg,0.0,Closed by cutoff,2025-04
B00946,P012,Grains,Partial Loss,17,13.62,3.38,19.9,2025-04-29,20430,21.85,19550,880,0.94,P012,1150,17,2025-04-09,kg,3887.0,Closed by cutoff,2025-04
B00947,P012,Grains,Partial Loss,22,14.19,7.81,35.5,2025-05-04,21285,22.76,25300,-4015,-4.29,P012,1150,22,2025-04-14,kg,8981.5,Closed by cutoff,2025-04
B00948,P012,Grains,Sold Out,18,18.0,0.0,0.0,2025-04-27,27000,28.88,20700,6300,6.74,P012,1150,18,2025-04-21,kg,0.0,Closed by cutoff,2025-04
B00949,P012,Grains,Partial Loss,20,12.64,7.36,36.8,2025-05-17,18960,20.28,23000,-4040,-4.32,P012,1150,20,2025-04-27,kg,8464.0,Closed by cutoff,2025-04
B00950,P012,Grains,Sold Out,17,17.0,0.0,0.0,2025-05-12,25500,27.27,19550,5950,6.36,P012,1150,17,2025-05-04,kg,0.0,Closed by cutoff,2025-05
B00951,P012,Grains,Sold Out,21,21.0,0.0,0.0,2025-05-16,31500,33.69,24150,7350,7.86,P012,1150,21,2025-05-09,kg,0.0,Closed by cutoff,2025-05
B00952,P012,Grains,Partial Loss,22,14.52,7.48,34.0,2025-06-07,21780,23.29,25300,-3520,-3.76,P012,1150,22,2025-05-18,kg,8602.0,Closed by cutoff,2025-05
B00953,P012,Grains,Partial Loss,18,14.2,3.8,21.1,2025-06-13,21300,22.78,20700,600,0.64,P012,1150,18,2025-05-24,kg,4370.0,Closed by cutoff,2025-05
B00954,P012,Grains,Partial Loss,19,15.24,3.76,19.8,2025-06-20,22860,24.45,21850,1010,1.08,P012,1150,19,2025-05-31,kg,4324.0,Closed by cutoff,2025-05
B00955,P012,Grains,Partial Loss,21,16.82,4.18,19.9,2025-06-26,25230,26.98,24150,1080,1.16,P012,1150,21,2025-06-06,kg,4807.0,Closed by cutoff,2025-06
B00956,P012,Grains,Partial Loss,17,12.95,4.05,23.8,2025-07-02,19425,20.78,19550,-125,-0.13,P012,1150,17,2025-06-12,kg,4657.5,After cutoff,2025-06
B00957,P012,Grains,Partial Loss,21,12.96,8.04,38.3,2025-07-07,19440,20.79,24150,-4710,-5.04,P012,1150,21,2025-06-17,kg,9245.999999999998,After cutoff,2025-06
B00958,P012,Grains,Partial Loss,17,11.58,5.42,31.9,2025-07-13,17370,18.58,19550,-2180,-2.33,P012,1150,17,2025-06-23,kg,6233.0,After cutoff,2025-06
B00959,P012,Grains,Sold Out,18,18.0,0.0,0.0,2025-07-05,27000,28.88,20700,6300,6.74,P012,1150,18,2025-06-30,kg,0.0,After cutoff,2025-06
B00960,P013,Grains,Partial Loss,18,12.08,5.92,32.9,2023-07-26,18120,19.38,18900,-780,-0.83,P013,1050,18,2023-07-06,kg,6216.0,Closed by cutoff,2023-07
B00961,P013,Grains,Partial Loss,16,12.74,3.26,20.4,2023-08-01,19110,20.44,19200,-90,-0.1,P013,1200,16,2023-07-12,kg,3911.9999999999995,Closed by cutoff,2023-07
B00962,P013,Grains,Partial Loss,21,16.3,4.7,22.4,2023-08-07,24450,26.15,25200,-750,-0.8,P013,1200,21,2023-07-18,kg,5640.0,Closed by cutoff,2023-07
B00963,P013,Grains,Partial Loss,18,13.86,4.14,23.0,2023-08-14,20790,22.24,18900,1890,2.02,P013,1050,18,2023-07-25,kg,4347.0,Closed by cutoff,2023-07
B00964,P013,Grains,Sold Out,17,17.0,0.0,0.0,2023-08-04,25500,27.27,17850,7650,8.18,P013,1050,17,2023-08-01,kg,0.0,Closed by cutoff,2023-08
B00965,P013,Grains,Sold Out,19,19.0,0.0,0.0,2023-08-09,28500,30.48,19950,8550,9.14,P013,1050,19,2023-08-06,kg,0.0,Closed by cutoff,2023-08
B00966,P013,Grains,Sold Out,20,20.0,0.0,0.0,2023-08-18,30000,32.09,21000,9000,9.63,P013,1050,20,2023-08-13,kg,0.0,Closed by cutoff,2023-08
B00967,P013,Grains,Partial Loss,20,12.0,8.0,40.0,2023-09-09,18000,19.25,21000,-3000,-3.21,P013,1050,20,2023-08-20,kg,8400.0,Closed by cutoff,2023-08
B00968,P013,Grains,Sold Out,19,19.0,0.0,0.0,2023-09-14,28500,30.48,19950,8550,9.14,P013,1050,19,2023-08-25,kg,0.0,Closed by cutoff,2023-08
B00969,P013,Grains,Partial Loss,21,20.22,0.78,3.7,2023-09-23,30330,32.44,22050,8280,8.86,P013,1050,21,2023-09-03,kg,819.0,Closed by cutoff,2023-09
B00970,P013,Grains,Partial Loss,23,22.1,0.9,3.9,2023-10-01,33150,35.45,27600,5550,5.94,P013,1200,23,2023-09-11,kg,1080.0,Closed by cutoff,2023-09
B00971,P013,Grains,Partial Loss,24,19.27,4.73,19.7,2023-10-06,28905,30.91,25200,3705,3.96,P013,1050,24,2023-09-16,kg,4966.5,Closed by cutoff,2023-09
B00972,P013,Grains,Partial Loss,20,15.94,4.06,20.3,2023-10-12,23910,25.57,21000,2910,3.11,P013,1050,20,2023-09-22,kg,4263.0,Closed by cutoff,2023-09
B00973,P013,Grains,Partial Loss,21,15.69,5.31,25.3,2023-10-17,23535,25.17,22050,1485,1.59,P013,1050,21,2023-09-27,kg,5575.5,Closed by cutoff,2023-09
B00974,P013,Grains,Sold Out,50,50.0,0.0,0.0,2023-10-08,75000,80.21,52500,22500,24.06,P013,1050,50,2023-10-03,kg,0.0,Closed by cutoff,2023-10
B00975,P013,Grains,Sold Out,44,44.0,0.0,0.0,2023-10-17,66000,70.59,46200,19800,21.18,P013,1050,44,2023-10-10,kg,0.0,Closed by cutoff,2023-10
B00976,P013,Grains,Sold Out,42,42.0,0.0,0.0,2023-10-22,63000,67.38,44100,18900,20.21,P013,1050,42,2023-10-17,kg,0.0,Closed by cutoff,2023-10
B00977,P013,Grains,Sold Out,53,53.0,0.0,0.0,2023-10-30,79500,85.03,55650,23850,25.51,P013,1050,53,2023-10-23,kg,0.0,Closed by cutoff,2023-10
B00978,P013,Grains,Partial Loss,50,39.0,11.0,22.0,2023-11-18,58500,62.57,52500,6000,6.42,P013,1050,50,2023-10-29,kg,11550.0,Closed by cutoff,2023-10
B00979,P013,Grains,Sold Out,42,42.0,0.0,0.0,2023-11-11,63000,67.38,44100,18900,20.21,P013,1050,42,2023-11-04,kg,0.0,Closed by cutoff,2023-11
B00980,P013,Grains,Partial Loss,41,36.7,4.3,10.5,2023-12-01,55050,58.88,43050,12000,12.83,P013,1050,41,2023-11-11,kg,4515.0,Closed by cutoff,2023-11
B00981,P013,Grains,Sold Out,47,47.0,0.0,0.0,2023-11-25,70500,75.4,49350,21150,22.62,P013,1050,47,2023-11-20,kg,0.0,Closed by cutoff,2023-11
B00982,P013,Grains,Sold Out,47,47.0,0.0,0.0,2023-12-04,70500,75.4,49350,21150,22.62,P013,1050,47,2023-11-27,kg,0.0,Closed by cutoff,2023-11
B00983,P013,Grains,Sold Out,57,57.0,0.0,0.0,2023-12-07,85500,91.44,59850,25650,27.43,P013,1050,57,2023-12-04,kg,0.0,Closed by cutoff,2023-12
B00984,P013,Grains,Sold Out,61,61.0,0.0,0.0,2023-12-15,91500,97.86,64050,27450,29.36,P013,1050,61,2023-12-09,kg,0.0,Closed by cutoff,2023-12
B00985,P013,Grains,Partial Loss,55,43.45,11.55,21.0,2024-01-05,65175,69.71,57750,7425,7.94,P013,1050,55,2023-12-16,kg,12127.5,Closed by cutoff,2023-12
B00986,P013,Grains,Sold Out,67,67.0,0.0,0.0,2023-12-25,100500,107.49,70350,30150,32.25,P013,1050,67,2023-12-22,kg,0.0,Closed by cutoff,2023-12
B00987,P013,Grains,Sold Out,54,54.0,0.0,0.0,2024-01-01,81000,86.63,56700,24300,25.99,P013,1050,54,2023-12-29,kg,0.0,Closed by cutoff,2023-12
B00988,P013,Grains,Sold Out,52,52.0,0.0,0.0,2024-01-08,78000,83.42,54600,23400,25.03,P013,1050,52,2024-01-05,kg,0.0,Closed by cutoff,2024-01
B00989,P013,Grains,Sold Out,55,55.0,0.0,0.0,2024-01-17,82500,88.24,66000,16500,17.65,P013,1200,55,2024-01-11,kg,0.0,Closed by cutoff,2024-01
B00990,P013,Grains,Sold Out,46,46.0,0.0,0.0,2024-01-23,69000,73.8,48300,20700,22.14,P013,1050,46,2024-01-18,kg,0.0,Closed by cutoff,2024-01
B00991,P013,Grains,Sold Out,43,43.0,0.0,0.0,2024-01-25,64500,68.98,45150,19350,20.7,P013,1050,43,2024-01-22,kg,0.0,Closed by cutoff,2024-01
B00992,P013,Grains,Sold Out,52,52.0,0.0,0.0,2024-02-02,78000,83.42,54600,23400,25.03,P013,1050,52,2024-01-28,kg,0.0,Closed by cutoff,2024-01
B00993,P013,Grains,Sold Out,54,54.0,0.0,0.0,2024-02-12,81000,86.63,56700,24300,25.99,P013,1050,54,2024-02-05,kg,0.0,Closed by cutoff,2024-02
B00994,P013,Grains,Partial Loss,54,35.8,18.2,33.7,2024-03-01,53700,57.43,56700,-3000,-3.21,P013,1050,54,2024-02-10,kg,19110.0,Closed by cutoff,2024-02
B00995,P013,Grains,Sold Out,47,47.0,0.0,0.0,2024-02-23,70500,75.4,49350,21150,22.62,P013,1050,47,2024-02-18,kg,0.0,Closed by cutoff,2024-02
B00996,P013,Grains,Partial Loss,44,26.62,17.38,39.5,2024-03-16,39930,42.71,46200,-6270,-6.71,P013,1050,44,2024-02-25,kg,18249.0,Closed by cutoff,2024-02
B00997,P013,Grains,Sold Out,42,42.0,0.0,0.0,2024-03-09,63000,67.38,44100,18900,20.21,P013,1050,42,2024-03-04,kg,0.0,Closed by cutoff,2024-03
B00998,P013,Grains,Sold Out,53,53.0,0.0,0.0,2024-03-17,79500,85.03,63600,15900,17.01,P013,1200,53,2024-03-09,kg,0.0,Closed by cutoff,2024-03
B00999,P013,Grains,Sold Out,48,48.0,0.0,0.0,2024-03-22,72000,77.01,50400,21600,23.1,P013,1050,48,2024-03-15,kg,0.0,Closed by cutoff,2024-03
B01000,P013,Grains,Partial Loss,44,30.58,13.42,30.5,2024-04-11,45870,49.06,46200,-330,-0.35,P013,1050,44,2024-03-22,kg,14091.0,Closed by cutoff,2024-03
B01001,P013,Grains,Sold Out,52,52.0,0.0,0.0,2024-03-31,78000,83.42,54600,23400,25.03,P013,1050,52,2024-03-29,kg,0.0,Closed by cutoff,2024-03
B01002,P013,Grains,Partial Loss,17,11.19,5.81,34.2,2024-04-25,16785,17.95,17850,-1065,-1.14,P013,1050,17,2024-04-05,kg,6100.5,Closed by cutoff,2024-04
B01003,P013,Grains,Partial Loss,20,15.12,4.88,24.4,2024-05-03,22680,24.26,24000,-1320,-1.41,P013,1200,20,2024-04-13,kg,5856.0,Closed by cutoff,2024-04
B01004,P013,Grains,Sold Out,17,17.0,0.0,0.0,2024-04-27,25500,27.27,17850,7650,8.18,P013,1050,17,2024-04-19,kg,0.0,Closed by cutoff,2024-04
B01005,P013,Grains,Sold Out,19,19.0,0.0,0.0,2024-05-02,28500,30.48,19950,8550,9.14,P013,1050,19,2024-04-26,kg,0.0,Closed by cutoff,2024-04
B01006,P013,Grains,Partial Loss,16,11.7,4.3,26.9,2024-05-23,17550,18.77,16800,750,0.8,P013,1050,16,2024-05-03,kg,4515.0,Closed by cutoff,2024-05
B01007,P013,Grains,Sold Out,21,21.0,0.0,0.0,2024-05-16,31500,33.69,22050,9450,10.11,P013,1050,21,2024-05-11,kg,0.0,Closed by cutoff,2024-05
B01008,P013,Grains,Sold Out,16,16.0,0.0,0.0,2024-05-25,24000,25.67,16800,7200,7.7,P013,1050,16,2024-05-18,kg,0.0,Closed by cutoff,2024-05
B01009,P013,Grains,Sold Out,18,18.0,0.0,0.0,2024-05-31,27000,28.88,21600,5400,5.78,P013,1200,18,2024-05-24,kg,0.0,Closed by cutoff,2024-05
B01010,P013,Grains,Partial Loss,20,13.3,6.7,33.5,2024-06-19,19950,21.34,21000,-1050,-1.12,P013,1050,20,2024-05-30,kg,7035.0,Closed by cutoff,2024-05
B01011,P013,Grains,Partial Loss,19,11.82,7.18,37.8,2024-06-25,17730,18.96,22800,-5070,-5.42,P013,1200,19,2024-06-05,kg,8616.0,Closed by cutoff,2024-06
B01012,P013,Grains,Sold Out,17,17.0,0.0,0.0,2024-06-16,25500,27.27,20400,5100,5.45,P013,1200,17,2024-06-11,kg,0.0,Closed by cutoff,2024-06
B01013,P013,Grains,Partial Loss,16,12.05,3.95,24.7,2024-07-06,18075,19.33,16800,1275,1.36,P013,1050,16,2024-06-16,kg,4147.5,Closed by cutoff,2024-06
B01014,P013,Grains,Sold Out,19,19.0,0.0,0.0,2024-06-26,28500,30.48,22800,5700,6.1,P013,1200,19,2024-06-22,kg,0.0,Closed by cutoff,2024-06
B01015,P013,Grains,Sold Out,16,16.0,0.0,0.0,2024-07-03,24000,25.67,19200,4800,5.13,P013,1200,16,2024-06-27,kg,0.0,Closed by cutoff,2024-06
B01016,P013,Grains,Partial Loss,19,11.3,7.7,40.5,2024-07-23,16950,18.13,19950,-3000,-3.21,P013,1050,19,2024-07-03,kg,8085.0,Closed by cutoff,2024-07
B01017,P013,Grains,Partial Loss,15,10.81,4.19,27.9,2024-07-30,16215,17.34,15750,465,0.5,P013,1050,15,2024-07-10,kg,4399.5,Closed by cutoff,2024-07
B01018,P013,Grains,Sold Out,18,18.0,0.0,0.0,2024-07-25,27000,28.88,18900,8100,8.66,P013,1050,18,2024-07-18,kg,0.0,Closed by cutoff,2024-07
B01019,P013,Grains,Partial Loss,17,13.72,3.28,19.3,2024-08-12,20580,22.01,17850,2730,2.92,P013,1050,17,2024-07-23,kg,3444.0,Closed by cutoff,2024-07
B01020,P013,Grains,Partial Loss,20,12.66,7.34,36.7,2024-08-19,18990,20.31,21000,-2010,-2.15,P013,1050,20,2024-07-30,kg,7707.0,Closed by cutoff,2024-07
B01021,P013,Grains,Partial Loss,16,13.89,2.11,13.2,2024-08-24,20835,22.28,16800,4035,4.32,P013,1050,16,2024-08-04,kg,2215.5,Closed by cutoff,2024-08
B01022,P013,Grains,Sold Out,16,16.0,0.0,0.0,2024-08-17,24000,25.67,16800,7200,7.7,P013,1050,16,2024-08-11,kg,0.0,Closed by cutoff,2024-08
B01023,P013,Grains,Partial Loss,16,11.01,4.99,31.2,2024-09-06,16515,17.66,16800,-285,-0.3,P013,1050,16,2024-08-17,kg,5239.5,Closed by cutoff,2024-08
B01024,P013,Grains,Sold Out,17,17.0,0.0,0.0,2024-08-27,25500,27.27,17850,7650,8.18,P013,1050,17,2024-08-24,kg,0.0,Closed by cutoff,2024-08
B01025,P013,Grains,Partial Loss,19,10.41,8.59,45.2,2024-09-18,15615,16.7,19950,-4335,-4.64,P013,1050,19,2024-08-29,kg,9019.5,Closed by cutoff,2024-08
B01026,P013,Grains,Partial Loss,24,18.6,5.4,22.5,2024-09-25,27900,29.84,25200,2700,2.89,P013,1050,24,2024-09-05,kg,5670.0,Closed by cutoff,2024-09
B01027,P013,Grains,Sold Out,25,25.0,0.0,0.0,2024-09-14,37500,40.11,26250,11250,12.03,P013,1050,25,2024-09-10,kg,0.0,Closed by cutoff,2024-09
B01028,P013,Grains,Partial Loss,26,18.54,7.46,28.7,2024-10-06,27810,29.74,31200,-3390,-3.63,P013,1200,26,2024-09-16,kg,8952.0,Closed by cutoff,2024-09
B01029,P013,Grains,Sold Out,26,26.0,0.0,0.0,2024-09-30,39000,41.71,27300,11700,12.51,P013,1050,26,2024-09-22,kg,0.0,Closed by cutoff,2024-09
B01030,P013,Grains,Partial Loss,20,12.46,7.54,37.7,2024-10-20,18690,19.99,21000,-2310,-2.47,P013,1050,20,2024-09-30,kg,7917.0,Closed by cutoff,2024-09
B01031,P013,Grains,Sold Out,49,49.0,0.0,0.0,2024-10-11,73500,78.61,51450,22050,23.58,P013,1050,49,2024-10-07,kg,0.0,Closed by cutoff,2024-10
B01032,P013,Grains,Sold Out,42,42.0,0.0,0.0,2024-10-18,63000,67.38,44100,18900,20.21,P013,1050,42,2024-10-14,kg,0.0,Closed by cutoff,2024-10
B01033,P013,Grains,Sold Out,41,41.0,0.0,0.0,2024-10-28,61500,65.78,43050,18450,19.73,P013,1050,41,2024-10-22,kg,0.0,Closed by cutoff,2024-10
B01034,P013,Grains,Sold Out,54,54.0,0.0,0.0,2024-11-02,81000,86.63,56700,24300,25.99,P013,1050,54,2024-10-28,kg,0.0,Closed by cutoff,2024-10
B01035,P013,Grains,Partial Loss,54,43.58,10.42,19.3,2024-11-23,65370,69.91,56700,8670,9.27,P013,1050,54,2024-11-03,kg,10941.0,Closed by cutoff,2024-11
B01036,P013,Grains,Sold Out,52,52.0,0.0,0.0,2024-11-13,78000,83.42,54600,23400,25.03,P013,1050,52,2024-11-09,kg,0.0,Closed by cutoff,2024-11
B01037,P013,Grains,Sold Out,48,48.0,0.0,0.0,2024-11-20,72000,77.01,57600,14400,15.4,P013,1200,48,2024-11-15,kg,0.0,Closed by cutoff,2024-11
B01038,P013,Grains,Partial Loss,52,42.74,9.26,17.8,2024-12-11,64110,68.57,62400,1710,1.83,P013,1200,52,2024-11-21,kg,11112.0,Closed by cutoff,2024-11
B01039,P013,Grains,Sold Out,44,44.0,0.0,0.0,2024-12-02,66000,70.59,46200,19800,21.18,P013,1050,44,2024-11-27,kg,0.0,Closed by cutoff,2024-11
B01040,P013,Grains,Sold Out,61,61.0,0.0,0.0,2024-12-07,91500,97.86,64050,27450,29.36,P013,1050,61,2024-12-03,kg,0.0,Closed by cutoff,2024-12
B01041,P013,Grains,Partial Loss,66,49.5,16.5,25.0,2024-12-30,74250,79.41,69300,4950,5.29,P013,1050,66,2024-12-10,kg,17325.0,Closed by cutoff,2024-12
B01042,P013,Grains,Partial Loss,68,39.64,28.36,41.7,2025-01-05,59460,63.59,71400,-11940,-12.77,P013,1050,68,2024-12-16,kg,29778.0,Closed by cutoff,2024-12
B01043,P013,Grains,Sold Out,60,60.0,0.0,0.0,2024-12-27,90000,96.26,63000,27000,28.88,P013,1050,60,2024-12-21,kg,0.0,Closed by cutoff,2024-12
B01044,P013,Grains,Sold Out,66,66.0,0.0,0.0,2025-01-03,99000,105.88,69300,29700,31.76,P013,1050,66,2024-12-27,kg,0.0,Closed by cutoff,2024-12
B01045,P013,Grains,Sold Out,51,51.0,0.0,0.0,2025-01-07,76500,81.82,61200,15300,16.36,P013,1200,51,2025-01-03,kg,0.0,Closed by cutoff,2025-01
B01046,P013,Grains,Sold Out,51,51.0,0.0,0.0,2025-01-17,76500,81.82,53550,22950,24.55,P013,1050,51,2025-01-10,kg,0.0,Closed by cutoff,2025-01
B01047,P013,Grains,Partial Loss,44,34.8,9.2,20.9,2025-02-06,52200,55.83,46200,6000,6.42,P013,1050,44,2025-01-17,kg,9660.0,Closed by cutoff,2025-01
B01048,P013,Grains,Sold Out,50,50.0,0.0,0.0,2025-01-28,75000,80.21,52500,22500,24.06,P013,1050,50,2025-01-22,kg,0.0,Closed by cutoff,2025-01
B01049,P013,Grains,Partial Loss,48,32.4,15.6,32.5,2025-02-18,48600,51.98,50400,-1800,-1.93,P013,1050,48,2025-01-29,kg,16380.0,Closed by cutoff,2025-01
B01050,P013,Grains,Sold Out,52,52.0,0.0,0.0,2025-02-10,78000,83.42,54600,23400,25.03,P013,1050,52,2025-02-04,kg,0.0,Closed by cutoff,2025-02
B01051,P013,Grains,Sold Out,46,46.0,0.0,0.0,2025-02-14,69000,73.8,48300,20700,22.14,P013,1050,46,2025-02-12,kg,0.0,Closed by cutoff,2025-02
B01052,P013,Grains,Partial Loss,53,39.64,13.36,25.2,2025-03-10,59460,63.59,55650,3810,4.07,P013,1050,53,2025-02-18,kg,14028.0,Closed by cutoff,2025-02
B01053,P013,Grains,Sold Out,47,47.0,0.0,0.0,2025-03-03,70500,75.4,49350,21150,22.62,P013,1050,47,2025-02-23,kg,0.0,Closed by cutoff,2025-02
B01054,P013,Grains,Sold Out,54,54.0,0.0,0.0,2025-03-05,81000,86.63,64800,16200,17.33,P013,1200,54,2025-03-02,kg,0.0,Closed by cutoff,2025-03
B01055,P013,Grains,Sold Out,56,56.0,0.0,0.0,2025-03-13,84000,89.84,67200,16800,17.97,P013,1200,56,2025-03-08,kg,0.0,Closed by cutoff,2025-03
B01056,P013,Grains,Sold Out,54,54.0,0.0,0.0,2025-03-21,81000,86.63,56700,24300,25.99,P013,1050,54,2025-03-15,kg,0.0,Closed by cutoff,2025-03
B01057,P013,Grains,Partial Loss,58,41.47,16.53,28.5,2025-04-11,62205,66.53,60900,1305,1.4,P013,1050,58,2025-03-22,kg,17356.5,Closed by cutoff,2025-03
B01058,P013,Grains,Sold Out,49,49.0,0.0,0.0,2025-04-05,73500,78.61,51450,22050,23.58,P013,1050,49,2025-03-30,kg,0.0,Closed by cutoff,2025-03
B01059,P013,Grains,Sold Out,18,18.0,0.0,0.0,2025-04-09,27000,28.88,18900,8100,8.66,P013,1050,18,2025-04-06,kg,0.0,Closed by cutoff,2025-04
B01060,P013,Grains,Sold Out,18,18.0,0.0,0.0,2025-04-20,27000,28.88,18900,8100,8.66,P013,1050,18,2025-04-14,kg,0.0,Closed by cutoff,2025-04
B01061,P013,Grains,Sold Out,19,19.0,0.0,0.0,2025-04-28,28500,30.48,19950,8550,9.14,P013,1050,19,2025-04-21,kg,0.0,Closed by cutoff,2025-04
B01062,P013,Grains,Partial Loss,19,12.29,6.71,35.3,2025-05-18,18435,19.72,19950,-1515,-1.62,P013,1050,19,2025-04-28,kg,7045.5,Closed by cutoff,2025-04
B01063,P013,Grains,Sold Out,21,21.0,0.0,0.0,2025-05-10,31500,33.69,22050,9450,10.11,P013,1050,21,2025-05-06,kg,0.0,Closed by cutoff,2025-05
B01064,P013,Grains,Sold Out,17,17.0,0.0,0.0,2025-05-20,25500,27.27,17850,7650,8.18,P013,1050,17,2025-05-13,kg,0.0,Closed by cutoff,2025-05
B01065,P013,Grains,Partial Loss,22,19.51,2.49,11.3,2025-06-08,29265,31.3,23100,6165,6.59,P013,1050,22,2025-05-19,kg,2614.5,Closed by cutoff,2025-05
B01066,P013,Grains,Partial Loss,22,11.4,10.6,48.2,2025-06-14,17100,18.29,23100,-6000,-6.42,P013,1050,22,2025-05-25,kg,11130.0,Closed by cutoff,2025-05
B01067,P013,Grains,Sold Out,21,21.0,0.0,0.0,2025-06-10,31500,33.69,25200,6300,6.74,P013,1200,21,2025-05-31,kg,0.0,Closed by cutoff,2025-05
B01068,P013,Grains,Sold Out,20,20.0,0.0,0.0,2025-06-14,30000,32.09,24000,6000,6.42,P013,1200,20,2025-06-07,kg,0.0,Closed by cutoff,2025-06
B01069,P013,Grains,Partial Loss,19,13.72,5.28,27.8,2025-07-03,20580,22.01,19950,630,0.67,P013,1050,19,2025-06-13,kg,5544.0,After cutoff,2025-06
B01070,P013,Grains,Sold Out,22,22.0,0.0,0.0,2025-06-24,33000,35.29,23100,9900,10.59,P013,1050,22,2025-06-18,kg,0.0,Closed by cutoff,2025-06
B01071,P013,Grains,Partial Loss,19,15.28,3.72,19.6,2025-07-14,22920,24.51,19950,2970,3.18,P013,1050,19,2025-06-24,kg,3906.0,After cutoff,2025-06
B01072,P014,Grains,Partial Loss,18,12.91,5.09,28.3,2023-07-22,19365,20.71,20700,-1335,-1.43,P014,1150,18,2023-07-02,kg,5853.5,Closed by cutoff,2023-07
B01073,P014,Grains,Sold Out,20,20.0,0.0,0.0,2023-07-15,30000,32.09,23000,7000,7.49,P014,1150,20,2023-07-09,kg,0.0,Closed by cutoff,2023-07
B01074,P014,Grains,Partial Loss,18,15.98,2.02,11.2,2023-08-06,23970,25.64,20700,3270,3.5,P014,1150,18,2023-07-17,kg,2323.0,Closed by cutoff,2023-07
B01075,P014,Grains,Partial Loss,17,12.77,4.23,24.9,2023-08-12,19155,20.49,19550,-395,-0.42,P014,1150,17,2023-07-23,kg,4864.500000000001,Closed by cutoff,2023-07
B01076,P014,Grains,Sold Out,19,19.0,0.0,0.0,2023-08-04,28500,30.48,21850,6650,7.11,P014,1150,19,2023-07-29,kg,0.0,Closed by cutoff,2023-07
B01077,P014,Grains,Sold Out,16,16.0,0.0,0.0,2023-08-12,24000,25.67,18400,5600,5.99,P014,1150,16,2023-08-04,kg,0.0,Closed by cutoff,2023-08
B01078,P014,Grains,Partial Loss,16,8.37,7.63,47.7,2023-08-30,12555,13.43,18400,-5845,-6.25,P014,1150,16,2023-08-10,kg,8774.5,Closed by cutoff,2023-08
B01079,P014,Grains,Partial Loss,16,11.94,4.06,25.4,2023-09-05,17910,19.16,18400,-490,-0.52,P014,1150,16,2023-08-16,kg,4669.0,Closed by cutoff,2023-08
B01080,P014,Grains,Sold Out,18,18.0,0.0,0.0,2023-08-30,27000,28.88,20700,6300,6.74,P014,1150,18,2023-08-23,kg,0.0,Closed by cutoff,2023-08
B01081,P014,Grains,Sold Out,19,19.0,0.0,0.0,2023-09-03,28500,30.48,21850,6650,7.11,P014,1150,19,2023-08-29,kg,0.0,Closed by cutoff,2023-08
B01082,P014,Grains,Partial Loss,20,18.48,1.52,7.6,2023-09-24,27720,29.65,23000,4720,5.05,P014,1150,20,2023-09-04,kg,1748.0,Closed by cutoff,2023-09
B01083,P014,Grains,Partial Loss,23,16.56,6.44,28.0,2023-10-01,24840,26.57,26450,-1610,-1.72,P014,1150,23,2023-09-11,kg,7406.0,Closed by cutoff,2023-09
B01084,P014,Grains,Sold Out,24,24.0,0.0,0.0,2023-09-24,36000,38.5,26400,9600,10.27,P014,1100,24,2023-09-18,kg,0.0,Closed by cutoff,2023-09
B01085,P014,Grains,Sold Out,23,23.0,0.0,0.0,2023-09-28,34500,36.9,26450,8050,8.61,P014,1150,23,2023-09-24,kg,0.0,Closed by cutoff,2023-09
B01086,P014,Grains,Partial Loss,19,15.41,3.59,18.9,2023-10-20,23115,24.72,21850,1265,1.35,P014,1150,19,2023-09-30,kg,4128.5,Closed by cutoff,2023-09
B01087,P014,Grains,Sold Out,47,47.0,0.0,0.0,2023-10-15,70500,75.4,54050,16450,17.59,P014,1150,47,2023-10-07,kg,0.0,Closed by cutoff,2023-10
B01088,P014,Grains,Sold Out,51,51.0,0.0,0.0,2023-10-20,76500,81.82,58650,17850,19.09,P014,1150,51,2023-10-13,kg,0.0,Closed by cutoff,2023-10
B01089,P014,Grains,Partial Loss,55,42.35,12.65,23.0,2023-11-10,63525,67.94,63250,275,0.29,P014,1150,55,2023-10-21,kg,14547.5,Closed by cutoff,2023-10
B01090,P014,Grains,Sold Out,45,45.0,0.0,0.0,2023-10-29,67500,72.19,51750,15750,16.84,P014,1150,45,2023-10-26,kg,0.0,Closed by cutoff,2023-10
B01091,P014,Grains,Sold Out,44,44.0,0.0,0.0,2023-11-03,66000,70.59,50600,15400,16.47,P014,1150,44,2023-10-31,kg,0.0,Closed by cutoff,2023-10
B01092,P014,Grains,Sold Out,55,55.0,0.0,0.0,2023-11-14,82500,88.24,63250,19250,20.59,P014,1150,55,2023-11-06,kg,0.0,Closed by cutoff,2023-11
B01093,P014,Grains,Partial Loss,48,39.79,8.21,17.1,2023-12-02,59685,63.83,55200,4485,4.8,P014,1150,48,2023-11-12,kg,9441.500000000002,Closed by cutoff,2023-11
B01094,P014,Grains,Sold Out,53,53.0,0.0,0.0,2023-11-20,79500,85.03,60950,18550,19.84,P014,1150,53,2023-11-17,kg,0.0,Closed by cutoff,2023-11
B01095,P014,Grains,Sold Out,51,51.0,0.0,0.0,2023-12-01,76500,81.82,58650,17850,19.09,P014,1150,51,2023-11-24,kg,0.0,Closed by cutoff,2023-11
B01096,P014,Grains,Sold Out,51,51.0,0.0,0.0,2023-12-05,76500,81.82,58650,17850,19.09,P014,1150,51,2023-11-30,kg,0.0,Closed by cutoff,2023-11
B01097,P014,Grains,Sold Out,64,64.0,0.0,0.0,2023-12-14,96000,102.67,73600,22400,23.96,P014,1150,64,2023-12-08,kg,0.0,Closed by cutoff,2023-12
B01098,P014,Grains,Sold Out,64,64.0,0.0,0.0,2023-12-20,96000,102.67,73600,22400,23.96,P014,1150,64,2023-12-15,kg,0.0,Closed by cutoff,2023-12
B01099,P014,Grains,Sold Out,60,60.0,0.0,0.0,2023-12-24,90000,96.26,69000,21000,22.46,P014,1150,60,2023-12-20,kg,0.0,Closed by cutoff,2023-12
B01100,P014,Grains,Sold Out,68,68.0,0.0,0.0,2023-12-29,102000,109.09,78200,23800,25.45,P014,1150,68,2023-12-25,kg,0.0,Closed by cutoff,2023-12
B01101,P014,Grains,Sold Out,54,54.0,0.0,0.0,2024-01-03,81000,86.63,62100,18900,20.21,P014,1150,54,2024-01-01,kg,0.0,Closed by cutoff,2024-01
B01102,P014,Grains,Partial Loss,44,32.69,11.31,25.7,2024-01-28,49035,52.44,50600,-1565,-1.67,P014,1150,44,2024-01-08,kg,13006.5,Closed by cutoff,2024-01
B01103,P014,Grains,Partial Loss,45,29.66,15.35,34.1,2024-02-03,44490,47.58,51750,-7260,-7.76,P014,1150,45,2024-01-14,kg,17652.5,Closed by cutoff,2024-01
B01104,P014,Grains,Sold Out,43,43.0,0.0,0.0,2024-01-22,64500,68.98,49450,15050,16.1,P014,1150,43,2024-01-20,kg,0.0,Closed by cutoff,2024-01
B01105,P014,Grains,Sold Out,50,50.0,0.0,0.0,2024-01-31,75000,80.21,57500,17500,18.72,P014,1150,50,2024-01-26,kg,0.0,Closed by cutoff,2024-01
B01106,P014,Grains,Sold Out,43,43.0,0.0,0.0,2024-02-06,64500,68.98,49450,15050,16.1,P014,1150,43,2024-02-01,kg,0.0,Closed by cutoff,2024-02
B01107,P014,Grains,Sold Out,48,48.0,0.0,0.0,2024-02-13,72000,77.01,55200,16800,17.97,P014,1150,48,2024-02-09,kg,0.0,Closed by cutoff,2024-02
B01108,P014,Grains,Partial Loss,54,45.52,8.48,15.7,2024-03-08,68280,73.03,62100,6180,6.61,P014,1150,54,2024-02-17,kg,9752.0,Closed by cutoff,2024-02
B01109,P014,Grains,Partial Loss,44,32.87,11.13,25.3,2024-03-15,49305,52.73,50600,-1295,-1.39,P014,1150,44,2024-02-24,kg,12799.5,Closed by cutoff,2024-02
B01110,P014,Grains,Sold Out,44,44.0,0.0,0.0,2024-03-06,66000,70.59,50600,15400,16.47,P014,1150,44,2024-02-29,kg,0.0,Closed by cutoff,2024-02
B01111,P014,Grains,Partial Loss,47,37.37,9.63,20.5,2024-03-28,56055,59.95,54050,2005,2.14,P014,1150,47,2024-03-08,kg,11074.5,Closed by cutoff,2024-03
B01112,P014,Grains,Sold Out,55,55.0,0.0,0.0,2024-03-22,82500,88.24,60500,22000,23.53,P014,1100,55,2024-03-14,kg,0.0,Closed by cutoff,2024-03
B01113,P014,Grains,Sold Out,47,47.0,0.0,0.0,2024-03-24,70500,75.4,54050,16450,17.59,P014,1150,47,2024-03-19,kg,0.0,Closed by cutoff,2024-03
B01114,P014,Grains,Sold Out,49,49.0,0.0,0.0,2024-03-31,73500,78.61,56350,17150,18.34,P014,1150,49,2024-03-25,kg,0.0,Closed by cutoff,2024-03
B01115,P014,Grains,Sold Out,16,16.0,0.0,0.0,2024-04-07,24000,25.67,18400,5600,5.99,P014,1150,16,2024-04-01,kg,0.0,Closed by cutoff,2024-04
B01116,P014,Grains,Partial Loss,19,13.15,5.85,30.8,2024-04-27,19725,21.1,21850,-2125,-2.27,P014,1150,19,2024-04-07,kg,6727.5,Closed by cutoff,2024-04
B01117,P014,Grains,Partial Loss,18,14.9,3.1,17.2,2024-05-04,22350,23.9,20700,1650,1.76,P014,1150,18,2024-04-14,kg,3565.0,Closed by cutoff,2024-04
B01118,P014,Grains,Sold Out,18,18.0,0.0,0.0,2024-04-27,27000,28.88,19800,7200,7.7,P014,1100,18,2024-04-22,kg,0.0,Closed by cutoff,2024-04
B01119,P014,Grains,Partial Loss,18,10.3,7.7,42.8,2024-05-19,15450,16.52,20700,-5250,-5.61,P014,1150,18,2024-04-29,kg,8855.0,Closed by cutoff,2024-04
B01120,P014,Grains,Partial Loss,20,13.78,6.22,31.1,2024-05-25,20670,22.11,23000,-2330,-2.49,P014,1150,20,2024-05-05,kg,7153.0,Closed by cutoff,2024-05
B01121,P014,Grains,Partial Loss,19,16.23,2.77,14.6,2024-06-01,24345,26.04,21850,2495,2.67,P014,1150,19,2024-05-12,kg,3185.5,Closed by cutoff,2024-05
B01122,P014,Grains,Sold Out,17,17.0,0.0,0.0,2024-05-22,25500,27.27,19550,5950,6.36,P014,1150,17,2024-05-17,kg,0.0,Closed by cutoff,2024-05
B01123,P014,Grains,Partial Loss,18,12.67,5.33,29.6,2024-06-14,19005,20.33,20700,-1695,-1.81,P014,1150,18,2024-05-25,kg,6129.5,Closed by cutoff,2024-05
B01124,P014,Grains,Partial Loss,19,12.69,6.31,33.2,2024-06-19,19035,20.36,20900,-1865,-1.99,P014,1100,19,2024-05-30,kg,6941.0,Closed by cutoff,2024-05
B01125,P014,Grains,Partial Loss,20,17.36,2.64,13.2,2024-06-26,26040,27.85,23000,3040,3.25,P014,1150,20,2024-06-06,kg,3036.0,Closed by cutoff,2024-06
B01126,P014,Grains,Partial Loss,18,14.89,3.11,17.3,2024-07-04,22335,23.89,20700,1635,1.75,P014,1150,18,2024-06-14,kg,3576.5,Closed by cutoff,2024-06
B01127,P014,Grains,Sold Out,18,18.0,0.0,0.0,2024-06-25,27000,28.88,20700,6300,6.74,P014,1150,18,2024-06-21,kg,0.0,Closed by cutoff,2024-06
B01128,P014,Grains,Partial Loss,19,13.91,5.09,26.8,2024-07-21,20865,22.32,21850,-985,-1.05,P014,1150,19,2024-07-01,kg,5853.5,Closed by cutoff,2024-07
B01129,P014,Grains,Partial Loss,19,13.62,5.38,28.3,2024-07-27,20430,21.85,21850,-1420,-1.52,P014,1150,19,2024-07-07,kg,6187.0,Closed by cutoff,2024-07
B01130,P014,Grains,Partial Loss,16,10.18,5.82,36.4,2024-08-03,15270,16.33,18400,-3130,-3.35,P014,1150,16,2024-07-14,kg,6693.0,Closed by cutoff,2024-07
B01131,P014,Grains,Sold Out,17,17.0,0.0,0.0,2024-07-25,25500,27.27,19550,5950,6.36,P014,1150,17,2024-07-21,kg,0.0,Closed by cutoff,2024-07
B01132,P014,Grains,Partial Loss,19,14.78,4.22,22.2,2024-08-17,22170,23.71,21850,320,0.34,P014,1150,19,2024-07-28,kg,4853.0,Closed by cutoff,2024-07
B01133,P014,Grains,Partial Loss,19,14.36,4.64,24.4,2024-08-21,21540,23.04,21850,-310,-0.33,P014,1150,19,2024-08-01,kg,5336.0,Closed by cutoff,2024-08
B01134,P014,Grains,Sold Out,20,20.0,0.0,0.0,2024-08-08,30000,32.09,22000,8000,8.56,P014,1100,20,2024-08-06,kg,0.0,Closed by cutoff,2024-08
B01135,P014,Grains,Sold Out,21,21.0,0.0,0.0,2024-08-14,31500,33.69,24150,7350,7.86,P014,1150,21,2024-08-11,kg,0.0,Closed by cutoff,2024-08
B01136,P014,Grains,Partial Loss,18,13.07,4.93,27.4,2024-09-07,19605,20.97,20700,-1095,-1.17,P014,1150,18,2024-08-18,kg,5669.5,Closed by cutoff,2024-08
B01137,P014,Grains,Partial Loss,17,12.66,4.33,25.5,2024-09-13,18990,20.31,19550,-560,-0.6,P014,1150,17,2024-08-24,kg,4979.5,Closed by cutoff,2024-08
B01138,P014,Grains,Partial Loss,15,10.38,4.62,30.8,2024-09-20,15570,16.65,17250,-1680,-1.8,P014,1150,15,2024-08-31,kg,5313.0,Closed by cutoff,2024-08
B01139,P014,Grains,Partial Loss,22,16.57,5.43,24.7,2024-09-28,24855,26.58,25300,-445,-0.48,P014,1150,22,2024-09-08,kg,6244.5,Closed by cutoff,2024-09
B01140,P014,Grains,Partial Loss,24,19.51,4.49,18.7,2024-10-03,29265,31.3,27600,1665,1.78,P014,1150,24,2024-09-13,kg,5163.5,Closed by cutoff,2024-09
B01141,P014,Grains,Partial Loss,24,16.63,7.37,30.7,2024-10-10,24945,26.68,27600,-2655,-2.84,P014,1150,24,2024-09-20,kg,8475.5,Closed by cutoff,2024-09
B01142,P014,Grains,Partial Loss,22,16.87,5.13,23.3,2024-10-16,25305,27.06,25300,5,0.01,P014,1150,22,2024-09-26,kg,5899.5,Closed by cutoff,2024-09
B01143,P014,Grains,Partial Loss,46,40.85,5.15,11.2,2024-10-23,61275,65.53,52900,8375,8.96,P014,1150,46,2024-10-03,kg,5922.5,Closed by cutoff,2024-10
B01144,P014,Grains,Partial Loss,50,48.45,1.55,3.1,2024-10-30,72675,77.73,57500,15175,16.23,P014,1150,50,2024-10-10,kg,1782.5,Closed by cutoff,2024-10
B01145,P014,Grains,Sold Out,48,48.0,0.0,0.0,2024-10-26,72000,77.01,52800,19200,20.53,P014,1100,48,2024-10-17,kg,0.0,Closed by cutoff,2024-10
B01146,P014,Grains,Partial Loss,48,42.1,5.9,12.3,2024-11-13,63150,67.54,55200,7950,8.5,P014,1150,48,2024-10-24,kg,6785.0,Closed by cutoff,2024-10
B01147,P014,Grains,Sold Out,52,52.0,0.0,0.0,2024-11-04,78000,83.42,57200,20800,22.25,P014,1100,52,2024-10-31,kg,0.0,Closed by cutoff,2024-10
B01148,P014,Grains,Partial Loss,54,38.77,15.23,28.2,2024-11-27,58155,62.2,62100,-3945,-4.22,P014,1150,54,2024-11-07,kg,17514.5,Closed by cutoff,2024-11
B01149,P014,Grains,Sold Out,53,53.0,0.0,0.0,2024-11-20,79500,85.03,58300,21200,22.67,P014,1100,53,2024-11-15,kg,0.0,Closed by cutoff,2024-11
B01150,P014,Grains,Partial Loss,53,46.32,6.68,12.6,2024-12-10,69480,74.31,60950,8530,9.12,P014,1150,53,2024-11-20,kg,7682.0,Closed by cutoff,2024-11
B01151,P014,Grains,Partial Loss,49,43.17,5.83,11.9,2024-12-16,64755,69.26,56350,8405,8.99,P014,1150,49,2024-11-26,kg,6704.5,Closed by cutoff,2024-11
B01152,P014,Grains,Sold Out,64,64.0,0.0,0.0,2024-12-05,96000,102.67,70400,25600,27.38,P014,1100,64,2024-12-02,kg,0.0,Closed by cutoff,2024-12
B01153,P014,Grains,Sold Out,68,68.0,0.0,0.0,2024-12-16,102000,109.09,78200,23800,25.45,P014,1150,68,2024-12-10,kg,0.0,Closed by cutoff,2024-12
B01154,P014,Grains,Sold Out,61,61.0,0.0,0.0,2024-12-24,91500,97.86,70150,21350,22.83,P014,1150,61,2024-12-16,kg,0.0,Closed by cutoff,2024-12
B01155,P014,Grains,Sold Out,59,59.0,0.0,0.0,2024-12-27,88500,94.65,67850,20650,22.09,P014,1150,59,2024-12-23,kg,0.0,Closed by cutoff,2024-12
B01156,P014,Grains,Sold Out,67,67.0,0.0,0.0,2025-01-06,100500,107.49,77050,23450,25.08,P014,1150,67,2024-12-30,kg,0.0,Closed by cutoff,2024-12
B01157,P014,Grains,Sold Out,54,54.0,0.0,0.0,2025-01-07,81000,86.63,62100,18900,20.21,P014,1150,54,2025-01-04,kg,0.0,Closed by cutoff,2025-01
B01158,P014,Grains,Sold Out,53,53.0,0.0,0.0,2025-01-18,79500,85.03,58300,21200,22.67,P014,1100,53,2025-01-12,kg,0.0,Closed by cutoff,2025-01
B01159,P014,Grains,Sold Out,59,59.0,0.0,0.0,2025-01-22,88500,94.65,64900,23600,25.24,P014,1100,59,2025-01-19,kg,0.0,Closed by cutoff,2025-01
B01160,P014,Grains,Partial Loss,47,31.77,15.23,32.4,2025-02-16,47655,50.97,54050,-6395,-6.84,P014,1150,47,2025-01-27,kg,17514.5,Closed by cutoff,2025-01
B01161,P014,Grains,Sold Out,58,58.0,0.0,0.0,2025-02-08,87000,93.05,63800,23200,24.81,P014,1100,58,2025-02-02,kg,0.0,Closed by cutoff,2025-02
B01162,P014,Grains,Sold Out,52,52.0,0.0,0.0,2025-02-17,78000,83.42,59800,18200,19.47,P014,1150,52,2025-02-10,kg,0.0,Closed by cutoff,2025-02
B01163,P014,Grains,Partial Loss,45,27.9,17.1,38.0,2025-03-07,41850,44.76,51750,-9900,-10.59,P014,1150,45,2025-02-15,kg,19665.0,Closed by cutoff,2025-02
B01164,P014,Grains,Sold Out,58,58.0,0.0,0.0,2025-02-28,87000,93.05,66700,20300,21.71,P014,1150,58,2025-02-21,kg,0.0,Closed by cutoff,2025-02
B01165,P014,Grains,Sold Out,57,57.0,0.0,0.0,2025-03-02,85500,91.44,65550,19950,21.34,P014,1150,57,2025-02-28,kg,0.0,Closed by cutoff,2025-02
B01166,P014,Grains,Sold Out,48,48.0,0.0,0.0,2025-03-11,72000,77.01,55200,16800,17.97,P014,1150,48,2025-03-05,kg,0.0,Closed by cutoff,2025-03
B01167,P014,Grains,Sold Out,58,58.0,0.0,0.0,2025-03-19,87000,93.05,66700,20300,21.71,P014,1150,58,2025-03-12,kg,0.0,Closed by cutoff,2025-03
B01168,P014,Grains,Sold Out,57,57.0,0.0,0.0,2025-03-26,85500,91.44,65550,19950,21.34,P014,1150,57,2025-03-18,kg,0.0,Closed by cutoff,2025-03
B01169,P014,Grains,Sold Out,51,51.0,0.0,0.0,2025-04-01,76500,81.82,58650,17850,19.09,P014,1150,51,2025-03-27,kg,0.0,Closed by cutoff,2025-03
B01170,P014,Grains,Sold Out,54,54.0,0.0,0.0,2025-04-08,81000,86.63,62100,18900,20.21,P014,1150,54,2025-03-31,kg,0.0,Closed by cutoff,2025-03
B01171,P014,Grains,Partial Loss,18,13.93,4.07,22.6,2025-04-26,20895,22.35,20700,195,0.21,P014,1150,18,2025-04-06,kg,4680.5,Closed by cutoff,2025-04
B01172,P014,Grains,Partial Loss,17,11.29,5.71,33.6,2025-05-01,16935,18.11,19550,-2615,-2.8,P014,1150,17,2025-04-11,kg,6566.5,Closed by cutoff,2025-04
B01173,P014,Grains,Partial Loss,22,16.26,5.74,26.1,2025-05-06,24390,26.09,25300,-910,-0.97,P014,1150,22,2025-04-16,kg,6601.0,Closed by cutoff,2025-04
B01174,P014,Grains,Partial Loss,22,14.32,7.68,34.9,2025-05-12,21480,22.97,24200,-2720,-2.91,P014,1100,22,2025-04-22,kg,8448.0,Closed by cutoff,2025-04
B01175,P014,Grains,Partial Loss,19,18.94,0.06,0.3,2025-05-20,28410,30.39,20900,7510,8.03,P014,1100,19,2025-04-30,kg,66.0,Closed by cutoff,2025-04
B01176,P014,Grains,Sold Out,22,22.0,0.0,0.0,2025-05-13,33000,35.29,25300,7700,8.24,P014,1150,22,2025-05-07,kg,0.0,Closed by cutoff,2025-05
B01177,P014,Grains,Sold Out,19,19.0,0.0,0.0,2025-05-21,28500,30.48,21850,6650,7.11,P014,1150,19,2025-05-14,kg,0.0,Closed by cutoff,2025-05
B01178,P014,Grains,Partial Loss,21,15.16,5.84,27.8,2025-06-09,22740,24.32,24150,-1410,-1.51,P014,1150,21,2025-05-20,kg,6716.0,Closed by cutoff,2025-05
B01179,P014,Grains,Partial Loss,17,8.99,8.01,47.1,2025-06-15,13485,14.42,19550,-6065,-6.49,P014,1150,17,2025-05-26,kg,9211.5,Closed by cutoff,2025-05
B01180,P014,Grains,Partial Loss,22,16.1,5.9,26.8,2025-06-20,24150,25.83,25300,-1150,-1.23,P014,1150,22,2025-05-31,kg,6785.0,Closed by cutoff,2025-05
B01181,P014,Grains,Sold Out,21,21.0,0.0,0.0,2025-06-09,31500,33.69,24150,7350,7.86,P014,1150,21,2025-06-06,kg,0.0,Closed by cutoff,2025-06
B01182,P014,Grains,Partial Loss,20,15.4,4.6,23.0,2025-07-03,23100,24.71,23000,100,0.11,P014,1150,20,2025-06-13,kg,5290.0,After cutoff,2025-06
B01183,P014,Grains,Partial Loss,19,13.05,5.95,31.3,2025-07-09,19575,20.94,21850,-2275,-2.43,P014,1150,19,2025-06-19,kg,6842.5,After cutoff,2025-06
B01184,P014,Grains,Sold Out,17,17.0,0.0,0.0,2025-06-30,25500,27.27,19550,5950,6.36,P014,1150,17,2025-06-25,kg,0.0,Closed by cutoff,2025-06
B01185,P014,Grains,Partial Loss,17,12.32,4.68,27.5,2025-07-20,18480,19.76,19550,-1070,-1.14,P014,1150,17,2025-06-30,kg,5382.0,After cutoff,2025-06
B01186,P015,Grains,Sold Out,28,28.0,0.0,0.0,2023-07-08,56000,59.89,40600,15400,16.47,P015,1450,28,2023-07-02,kg,0.0,Closed by cutoff,2023-07
B01187,P015,Grains,Sold Out,29,29.0,0.0,0.0,2023-07-16,58000,62.03,42050,15950,17.06,P015,1450,29,2023-07-08,kg,0.0,Closed by cutoff,2023-07
B01188,P015,Grains,Sold Out,28,28.0,0.0,0.0,2023-07-24,56000,59.89,40600,15400,16.47,P015,1450,28,2023-07-17,kg,0.0,Closed by cutoff,2023-07
B01189,P015,Grains,Partial Loss,26,17.0,9.0,34.6,2023-08-14,34000,36.36,37700,-3700,-3.96,P015,1450,26,2023-07-25,kg,13050.0,Closed by cutoff,2023-07
B01190,P015,Grains,Partial Loss,32,28.38,3.62,11.3,2023-08-18,56760,60.71,46400,10360,11.08,P015,1450,32,2023-07-29,kg,5249.0,Closed by cutoff,2023-07
B01191,P015,Grains,Partial Loss,32,26.05,5.95,18.6,2023-08-23,52100,55.72,49600,2500,2.67,P015,1550,32,2023-08-03,kg,9222.5,Closed by cutoff,2023-08
B01192,P015,Grains,Sold Out,33,33.0,0.0,0.0,2023-08-12,66000,70.59,47850,18150,19.41,P015,1450,33,2023-08-10,kg,0.0,Closed by cutoff,2023-08
B01193,P015,Grains,Partial Loss,32,24.22,7.78,24.3,2023-09-05,48440,51.81,46400,2040,2.18,P015,1450,32,2023-08-16,kg,11281.0,Closed by cutoff,2023-08
B01194,P015,Grains,Partial Loss,29,22.42,6.58,22.7,2023-09-12,44840,47.96,42050,2790,2.98,P015,1450,29,2023-08-23,kg,9541.0,Closed by cutoff,2023-08
B01195,P015,Grains,Sold Out,34,34.0,0.0,0.0,2023-09-02,68000,72.73,49300,18700,20.0,P015,1450,34,2023-08-30,kg,0.0,Closed by cutoff,2023-08
B01196,P015,Grains,Sold Out,34,34.0,0.0,0.0,2023-09-11,68000,72.73,52700,15300,16.36,P015,1550,34,2023-09-06,kg,0.0,Closed by cutoff,2023-09
B01197,P015,Grains,Sold Out,36,36.0,0.0,0.0,2023-09-18,72000,77.01,52200,19800,21.18,P015,1450,36,2023-09-12,kg,0.0,Closed by cutoff,2023-09
B01198,P015,Grains,Sold Out,36,36.0,0.0,0.0,2023-09-26,72000,77.01,52200,19800,21.18,P015,1450,36,2023-09-21,kg,0.0,Closed by cutoff,2023-09
B01199,P015,Grains,Partial Loss,35,28.45,6.54,18.7,2023-10-16,56900,60.86,50750,6150,6.58,P015,1450,35,2023-09-26,kg,9483.0,Closed by cutoff,2023-09
B01200,P015,Grains,Sold Out,31,31.0,0.0,0.0,2023-10-07,62000,66.31,44950,17050,18.24,P015,1450,31,2023-10-02,kg,0.0,Closed by cutoff,2023-10
B01201,P015,Grains,Sold Out,26,26.0,0.0,0.0,2023-10-14,52000,55.61,37700,14300,15.29,P015,1450,26,2023-10-09,kg,0.0,Closed by cutoff,2023-10
B01202,P015,Grains,Partial Loss,30,22.08,7.92,26.4,2023-11-05,44160,47.23,43500,660,0.71,P015,1450,30,2023-10-16,kg,11484.0,Closed by cutoff,2023-10
B01203,P015,Grains,Partial Loss,31,23.41,7.59,24.5,2023-11-11,46820,50.07,44950,1870,2.0,P015,1450,31,2023-10-22,kg,11005.5,Closed by cutoff,2023-10
B01204,P015,Grains,Sold Out,26,26.0,0.0,0.0,2023-11-05,52000,55.61,37700,14300,15.29,P015,1450,26,2023-10-28,kg,0.0,Closed by cutoff,2023-10
B01205,P015,Grains,Partial Loss,34,23.77,10.23,30.1,2023-11-24,47540,50.84,49300,-1760,-1.88,P015,1450,34,2023-11-04,kg,14833.5,Closed by cutoff,2023-11
B01206,P015,Grains,Sold Out,27,27.0,0.0,0.0,2023-11-16,54000,57.75,39150,14850,15.88,P015,1450,27,2023-11-11,kg,0.0,Closed by cutoff,2023-11
B01207,P015,Grains,Sold Out,31,31.0,0.0,0.0,2023-11-23,62000,66.31,44950,17050,18.24,P015,1450,31,2023-11-17,kg,0.0,Closed by cutoff,2023-11
B01208,P015,Grains,Sold Out,31,31.0,0.0,0.0,2023-11-28,62000,66.31,44950,17050,18.24,P015,1450,31,2023-11-23,kg,0.0,Closed by cutoff,2023-11
B01209,P015,Grains,Partial Loss,34,26.45,7.55,22.2,2023-12-19,52900,56.58,49300,3600,3.85,P015,1450,34,2023-11-29,kg,10947.5,Closed by cutoff,2023-11
B01210,P015,Grains,Partial Loss,40,30.0,10.0,25.0,2023-12-23,60000,64.17,58000,2000,2.14,P015,1450,40,2023-12-03,kg,14500.0,Closed by cutoff,2023-12
B01211,P015,Grains,Sold Out,45,45.0,0.0,0.0,2023-12-16,90000,96.26,65250,24750,26.47,P015,1450,45,2023-12-11,kg,0.0,Closed by cutoff,2023-12
B01212,P015,Grains,Sold Out,41,41.0,0.0,0.0,2023-12-23,82000,87.7,59450,22550,24.12,P015,1450,41,2023-12-17,kg,0.0,Closed by cutoff,2023-12
B01213,P015,Grains,Sold Out,36,36.0,0.0,0.0,2023-12-28,72000,77.01,52200,19800,21.18,P015,1450,36,2023-12-24,kg,0.0,Closed by cutoff,2023-12
B01214,P015,Grains,Sold Out,34,34.0,0.0,0.0,2024-01-06,68000,72.73,49300,18700,20.0,P015,1450,34,2023-12-29,kg,0.0,Closed by cutoff,2023-12
B01215,P015,Grains,Partial Loss,27,19.87,7.13,26.4,2024-01-25,39740,42.5,39150,590,0.63,P015,1450,27,2024-01-05,kg,10338.5,Closed by cutoff,2024-01
B01216,P015,Grains,Partial Loss,26,22.72,3.28,12.6,2024-02-02,45440,48.6,37700,7740,8.28,P015,1450,26,2024-01-13,kg,4756.0,Closed by cutoff,2024-01
B01217,P015,Grains,Sold Out,32,32.0,0.0,0.0,2024-01-25,64000,68.45,49600,14400,15.4,P015,1550,32,2024-01-21,kg,0.0,Closed by cutoff,2024-01
B01218,P015,Grains,Sold Out,32,32.0,0.0,0.0,2024-01-30,64000,68.45,46400,17600,18.82,P015,1450,32,2024-01-28,kg,0.0,Closed by cutoff,2024-01
B01219,P015,Grains,Partial Loss,27,17.58,9.42,34.9,2024-02-25,35160,37.6,39150,-3990,-4.27,P015,1450,27,2024-02-05,kg,13659.0,Closed by cutoff,2024-02
B01220,P015,Grains,Partial Loss,33,21.98,11.02,33.4,2024-03-04,43960,47.02,47850,-3890,-4.16,P015,1450,33,2024-02-13,kg,15979.0,Closed by cutoff,2024-02
B01221,P015,Grains,Partial Loss,34,23.02,10.98,32.3,2024-03-10,46040,49.24,49300,-3260,-3.49,P015,1450,34,2024-02-19,kg,15921.0,Closed by cutoff,2024-02
B01222,P015,Grains,Sold Out,33,33.0,0.0,0.0,2024-02-27,66000,70.59,47850,18150,19.41,P015,1450,33,2024-02-25,kg,0.0,Closed by cutoff,2024-02
B01223,P015,Grains,Sold Out,30,30.0,0.0,0.0,2024-03-06,60000,64.17,43500,16500,17.65,P015,1450,30,2024-03-02,kg,0.0,Closed by cutoff,2024-03
B01224,P015,Grains,Sold Out,33,33.0,0.0,0.0,2024-03-12,66000,70.59,47850,18150,19.41,P015,1450,33,2024-03-08,kg,0.0,Closed by cutoff,2024-03
B01225,P015,Grains,Sold Out,26,26.0,0.0,0.0,2024-03-20,52000,55.61,37700,14300,15.29,P015,1450,26,2024-03-15,kg,0.0,Closed by cutoff,2024-03
B01226,P015,Grains,Partial Loss,26,22.49,3.51,13.5,2024-04-11,44980,48.11,37700,7280,7.79,P015,1450,26,2024-03-22,kg,5089.5,Closed by cutoff,2024-03
B01227,P015,Grains,Sold Out,26,26.0,0.0,0.0,2024-04-06,52000,55.61,40300,11700,12.51,P015,1550,26,2024-03-30,kg,0.0,Closed by cutoff,2024-03
B01228,P015,Grains,Partial Loss,31,30.44,0.56,1.8,2024-04-23,60880,65.11,44950,15930,17.04,P015,1450,31,2024-04-03,kg,812.0000000000001,Closed by cutoff,2024-04
B01229,P015,Grains,Sold Out,26,26.0,0.0,0.0,2024-04-18,52000,55.61,37700,14300,15.29,P015,1450,26,2024-04-11,kg,0.0,Closed by cutoff,2024-04
B01230,P015,Grains,Sold Out,27,27.0,0.0,0.0,2024-04-22,54000,57.75,39150,14850,15.88,P015,1450,27,2024-04-16,kg,0.0,Closed by cutoff,2024-04
B01231,P015,Grains,Sold Out,34,34.0,0.0,0.0,2024-04-29,68000,72.73,49300,18700,20.0,P015,1450,34,2024-04-22,kg,0.0,Closed by cutoff,2024-04
B01232,P015,Grains,Sold Out,32,32.0,0.0,0.0,2024-05-01,64000,68.45,46400,17600,18.82,P015,1450,32,2024-04-28,kg,0.0,Closed by cutoff,2024-04
B01233,P015,Grains,Partial Loss,32,25.34,6.66,20.8,2024-05-24,50680,54.2,46400,4280,4.58,P015,1450,32,2024-05-04,kg,9657.0,Closed by cutoff,2024-05
B01234,P015,Grains,Sold Out,33,33.0,0.0,0.0,2024-05-18,66000,70.59,47850,18150,19.41,P015,1450,33,2024-05-11,kg,0.0,Closed by cutoff,2024-05
B01235,P015,Grains,Partial Loss,30,21.3,8.7,29.0,2024-06-09,42600,45.56,46500,-3900,-4.17,P015,1550,30,2024-05-20,kg,13484.999999999998,Closed by cutoff,2024-05
B01236,P015,Grains,Sold Out,34,34.0,0.0,0.0,2024-05-28,68000,72.73,49300,18700,20.0,P015,1450,34,2024-05-26,kg,0.0,Closed by cutoff,2024-05
B01237,P015,Grains,Partial Loss,30,21.27,8.73,29.1,2024-06-22,42540,45.5,43500,-960,-1.03,P015,1450,30,2024-06-02,kg,12658.5,Closed by cutoff,2024-06
B01238,P015,Grains,Partial Loss,29,23.46,5.54,19.1,2024-06-27,46920,50.18,42050,4870,5.21,P015,1450,29,2024-06-07,kg,8033.0,Closed by cutoff,2024-06
B01239,P015,Grains,Partial Loss,28,21.14,6.86,24.5,2024-07-04,42280,45.22,40600,1680,1.8,P015,1450,28,2024-06-14,kg,9947.0,Closed by cutoff,2024-06
B01240,P015,Grains,Partial Loss,30,25.38,4.62,15.4,2024-07-12,50760,54.29,43500,7260,7.76,P015,1450,30,2024-06-22,kg,6699.0,Closed by cutoff,2024-06
B01241,P015,Grains,Sold Out,33,33.0,0.0,0.0,2024-07-04,66000,70.59,47850,18150,19.41,P015,1450,33,2024-06-29,kg,0.0,Closed by cutoff,2024-06
B01242,P015,Grains,Partial Loss,34,27.13,6.87,20.2,2024-07-27,54260,58.03,52700,1560,1.67,P015,1550,34,2024-07-07,kg,10648.5,Closed by cutoff,2024-07
B01243,P015,Grains,Partial Loss,27,21.65,5.35,19.8,2024-08-02,43300,46.31,39150,4150,4.44,P015,1450,27,2024-07-13,kg,7757.499999999999,Closed by cutoff,2024-07
B01244,P015,Grains,Sold Out,31,31.0,0.0,0.0,2024-07-25,62000,66.31,44950,17050,18.24,P015,1450,31,2024-07-19,kg,0.0,Closed by cutoff,2024-07
B01245,P015,Grains,Sold Out,31,31.0,0.0,0.0,2024-07-31,62000,66.31,44950,17050,18.24,P015,1450,31,2024-07-27,kg,0.0,Closed by cutoff,2024-07
B01246,P015,Grains,Sold Out,34,34.0,0.0,0.0,2024-08-07,68000,72.73,49300,18700,20.0,P015,1450,34,2024-08-04,kg,0.0,Closed by cutoff,2024-08
B01247,P015,Grains,Partial Loss,27,23.73,3.27,12.1,2024-08-31,47460,50.76,39150,8310,8.89,P015,1450,27,2024-08-11,kg,4741.5,Closed by cutoff,2024-08
B01248,P015,Grains,Sold Out,27,27.0,0.0,0.0,2024-08-24,54000,57.75,39150,14850,15.88,P015,1450,27,2024-08-19,kg,0.0,Closed by cutoff,2024-08
B01249,P015,Grains,Sold Out,33,33.0,0.0,0.0,2024-09-02,66000,70.59,47850,18150,19.41,P015,1450,33,2024-08-26,kg,0.0,Closed by cutoff,2024-08
B01250,P015,Grains,Partial Loss,34,28.87,5.13,15.1,2024-09-20,57740,61.75,52700,5040,5.39,P015,1550,34,2024-08-31,kg,7951.5,Closed by cutoff,2024-08
B01251,P015,Grains,Sold Out,39,39.0,0.0,0.0,2024-09-12,78000,83.42,56550,21450,22.94,P015,1450,39,2024-09-05,kg,0.0,Closed by cutoff,2024-09
B01252,P015,Grains,Sold Out,39,39.0,0.0,0.0,2024-09-17,78000,83.42,56550,21450,22.94,P015,1450,39,2024-09-11,kg,0.0,Closed by cutoff,2024-09
B01253,P015,Grains,Sold Out,43,43.0,0.0,0.0,2024-09-25,86000,91.98,62350,23650,25.29,P015,1450,43,2024-09-18,kg,0.0,Closed by cutoff,2024-09
B01254,P015,Grains,Sold Out,33,33.0,0.0,0.0,2024-09-29,66000,70.59,47850,18150,19.41,P015,1450,33,2024-09-24,kg,0.0,Closed by cutoff,2024-09
B01255,P015,Grains,Partial Loss,36,25.02,10.98,30.5,2024-10-20,50040,53.52,52200,-2160,-2.31,P015,1450,36,2024-09-30,kg,15921.0,Closed by cutoff,2024-09
B01256,P015,Grains,Sold Out,31,31.0,0.0,0.0,2024-10-12,62000,66.31,44950,17050,18.24,P015,1450,31,2024-10-07,kg,0.0,Closed by cutoff,2024-10
B01257,P015,Grains,Partial Loss,29,24.21,4.79,16.5,2024-11-01,48420,51.79,42050,6370,6.81,P015,1450,29,2024-10-12,kg,6945.5,Closed by cutoff,2024-10
B01258,P015,Grains,Sold Out,31,31.0,0.0,0.0,2024-10-24,62000,66.31,44950,17050,18.24,P015,1450,31,2024-10-21,kg,0.0,Closed by cutoff,2024-10
B01259,P015,Grains,Partial Loss,33,30.92,2.08,6.3,2024-11-17,61840,66.14,47850,13990,14.96,P015,1450,33,2024-10-28,kg,3016.0,Closed by cutoff,2024-10
B01260,P015,Grains,Sold Out,31,31.0,0.0,0.0,2024-11-10,62000,66.31,44950,17050,18.24,P015,1450,31,2024-11-05,kg,0.0,Closed by cutoff,2024-11
B01261,P015,Grains,Sold Out,31,31.0,0.0,0.0,2024-11-12,62000,66.31,44950,17050,18.24,P015,1450,31,2024-11-09,kg,0.0,Closed by cutoff,2024-11
B01262,P015,Grains,Sold Out,29,29.0,0.0,0.0,2024-11-21,58000,62.03,42050,15950,17.06,P015,1450,29,2024-11-16,kg,0.0,Closed by cutoff,2024-11
B01263,P015,Grains,Sold Out,33,33.0,0.0,0.0,2024-11-27,66000,70.59,47850,18150,19.41,P015,1450,33,2024-11-22,kg,0.0,Closed by cutoff,2024-11
B01264,P015,Grains,Sold Out,26,26.0,0.0,0.0,2024-12-01,52000,55.61,37700,14300,15.29,P015,1450,26,2024-11-27,kg,0.0,Closed by cutoff,2024-11
B01265,P015,Grains,Partial Loss,44,31.02,12.98,29.5,2024-12-25,62040,66.35,63800,-1760,-1.88,P015,1450,44,2024-12-05,kg,18821.0,Closed by cutoff,2024-12
B01266,P015,Grains,Partial Loss,36,23.18,12.82,35.6,2025-01-01,46360,49.58,55800,-9440,-10.1,P015,1550,36,2024-12-12,kg,19871.0,Closed by cutoff,2024-12
B01267,P015,Grains,Sold Out,37,37.0,0.0,0.0,2024-12-22,74000,79.14,53650,20350,21.76,P015,1450,37,2024-12-18,kg,0.0,Closed by cutoff,2024-12
B01268,P015,Grains,Sold Out,36,36.0,0.0,0.0,2025-01-01,72000,77.01,52200,19800,21.18,P015,1450,36,2024-12-27,kg,0.0,Closed by cutoff,2024-12
B01269,P015,Grains,Sold Out,28,28.0,0.0,0.0,2025-01-06,56000,59.89,40600,15400,16.47,P015,1450,28,2025-01-02,kg,0.0,Closed by cutoff,2025-01
B01270,P015,Grains,Sold Out,28,28.0,0.0,0.0,2025-01-14,56000,59.89,40600,15400,16.47,P015,1450,28,2025-01-09,kg,0.0,Closed by cutoff,2025-01
B01271,P015,Grains,Sold Out,33,33.0,0.0,0.0,2025-01-17,66000,70.59,47850,18150,19.41,P015,1450,33,2025-01-14,kg,0.0,Closed by cutoff,2025-01
B01272,P015,Grains,Sold Out,29,29.0,0.0,0.0,2025-01-31,58000,62.03,42050,15950,17.06,P015,1450,29,2025-01-23,kg,0.0,Closed by cutoff,2025-01
B01273,P015,Grains,Sold Out,37,37.0,0.0,0.0,2025-02-05,74000,79.14,53650,20350,21.76,P015,1450,37,2025-02-01,kg,0.0,Closed by cutoff,2025-02
B01274,P015,Grains,Partial Loss,35,22.61,12.39,35.4,2025-02-28,45220,48.36,50750,-5530,-5.91,P015,1450,35,2025-02-08,kg,17965.5,Closed by cutoff,2025-02
B01275,P015,Grains,Partial Loss,33,23.23,9.77,29.6,2025-03-08,46460,49.69,47850,-1390,-1.49,P015,1450,33,2025-02-16,kg,14166.5,Closed by cutoff,2025-02
B01276,P015,Grains,Partial Loss,35,20.09,14.91,42.6,2025-03-14,40180,42.97,50750,-10570,-11.3,P015,1450,35,2025-02-22,kg,21619.5,Closed by cutoff,2025-02
B01277,P015,Grains,Partial Loss,29,20.79,8.21,28.3,2025-03-20,41580,44.47,42050,-470,-0.5,P015,1450,29,2025-02-28,kg,11904.500000000002,Closed by cutoff,2025-02
B01278,P015,Grains,Partial Loss,35,26.74,8.26,23.6,2025-03-28,53480,57.2,50750,2730,2.92,P015,1450,35,2025-03-08,kg,11977.0,Closed by cutoff,2025-03
B01279,P015,Grains,Partial Loss,29,18.41,10.58,36.5,2025-04-03,36820,39.38,42050,-5230,-5.59,P015,1450,29,2025-03-14,kg,15341.0,Closed by cutoff,2025-03
B01280,P015,Grains,Partial Loss,34,29.17,4.83,14.2,2025-04-09,58340,62.4,49300,9040,9.67,P015,1450,34,2025-03-20,kg,7003.5,Closed by cutoff,2025-03
B01281,P015,Grains,Sold Out,30,30.0,0.0,0.0,2025-04-02,60000,64.17,43500,16500,17.65,P015,1450,30,2025-03-26,kg,0.0,Closed by cutoff,2025-03
B01282,P015,Grains,Sold Out,28,28.0,0.0,0.0,2025-04-07,56000,59.89,43400,12600,13.48,P015,1550,28,2025-04-02,kg,0.0,Closed by cutoff,2025-04
B01283,P015,Grains,Partial Loss,34,25.19,8.81,25.9,2025-04-28,50380,53.88,49300,1080,1.16,P015,1450,34,2025-04-08,kg,12774.5,Closed by cutoff,2025-04
B01284,P015,Grains,Partial Loss,34,26.79,7.21,21.2,2025-05-04,53580,57.3,49300,4280,4.58,P015,1450,34,2025-04-14,kg,10454.5,Closed by cutoff,2025-04
B01285,P015,Grains,Sold Out,31,31.0,0.0,0.0,2025-04-27,62000,66.31,44950,17050,18.24,P015,1450,31,2025-04-23,kg,0.0,Closed by cutoff,2025-04
B01286,P015,Grains,Sold Out,28,28.0,0.0,0.0,2025-05-07,56000,59.89,40600,15400,16.47,P015,1450,28,2025-05-01,kg,0.0,Closed by cutoff,2025-05
B01287,P015,Grains,Partial Loss,36,25.78,10.22,28.4,2025-05-29,51560,55.14,52200,-640,-0.68,P015,1450,36,2025-05-09,kg,14819.000000000002,Closed by cutoff,2025-05
B01288,P015,Grains,Sold Out,36,36.0,0.0,0.0,2025-05-19,72000,77.01,52200,19800,21.18,P015,1450,36,2025-05-16,kg,0.0,Closed by cutoff,2025-05
B01289,P015,Grains,Partial Loss,36,30.92,5.08,14.1,2025-06-13,61840,66.14,52200,9640,10.31,P015,1450,36,2025-05-24,kg,7366.0,Closed by cutoff,2025-05
B01290,P015,Grains,Sold Out,31,31.0,0.0,0.0,2025-06-06,62000,66.31,44950,17050,18.24,P015,1450,31,2025-05-30,kg,0.0,Closed by cutoff,2025-05
B01291,P015,Grains,Sold Out,35,35.0,0.0,0.0,2025-06-11,70000,74.87,50750,19250,20.59,P015,1450,35,2025-06-05,kg,0.0,Closed by cutoff,2025-06
B01292,P015,Grains,Sold Out,32,32.0,0.0,0.0,2025-06-14,64000,68.45,46400,17600,18.82,P015,1450,32,2025-06-11,kg,0.0,Closed by cutoff,2025-06
B01293,P015,Grains,Sold Out,37,37.0,0.0,0.0,2025-06-20,74000,79.14,53650,20350,21.76,P015,1450,37,2025-06-17,kg,0.0,Closed by cutoff,2025-06
B01294,P015,Grains,Sold Out,31,31.0,0.0,0.0,2025-06-25,62000,66.31,44950,17050,18.24,P015,1450,31,2025-06-22,kg,0.0,Closed by cutoff,2025-06
B01295,P015,Grains,Sold Out,37,37.0,0.0,0.0,2025-07-05,74000,79.14,53650,20350,21.76,P015,1450,37,2025-06-29,kg,0.0,After cutoff,2025-06
B01296,P016,Pickles,Partial Loss,27,26.43,0.57,2.1,2024-03-11,79290,84.8,56700,22590,24.16,P016,2100,27,2023-07-15,jar 500g,1197.0,Closed by cutoff,2023-07
B01297,P016,Pickles,Sold Out,26,26.0,0.0,0.0,2023-09-12,78000,83.42,54600,23400,25.03,P016,2100,26,2023-08-20,jar 500g,0.0,Closed by cutoff,2023-08
B01298,P016,Pickles,Sold Out,28,28.0,0.0,0.0,2023-10-27,84000,89.84,58800,25200,26.95,P016,2100,28,2023-09-26,jar 500g,0.0,Closed by cutoff,2023-09
B01299,P016,Pickles,Sold Out,27,27.0,0.0,0.0,2023-11-21,81000,86.63,56700,24300,25.99,P016,2100,27,2023-11-04,jar 500g,0.0,Closed by cutoff,2023-11
B01300,P016,Pickles,Sold Out,32,32.0,0.0,0.0,2024-01-04,96000,102.67,67200,28800,30.8,P016,2100,32,2023-12-08,jar 500g,0.0,Closed by cutoff,2023-12
B01301,P016,Pickles,Sold Out,21,21.0,0.0,0.0,2024-02-13,63000,67.38,44100,18900,20.21,P016,2100,21,2024-01-14,jar 500g,0.0,Closed by cutoff,2024-01
B01302,P016,Pickles,Sold Out,22,22.0,0.0,0.0,2024-04-02,66000,70.59,46200,19800,21.18,P016,2100,22,2024-02-29,jar 500g,0.0,Closed by cutoff,2024-02
B01303,P016,Pickles,Partial Loss,26,25.01,0.99,3.8,2024-12-07,75030,80.25,54600,20430,21.85,P016,2100,26,2024-04-11,jar 500g,2079.0,Closed by cutoff,2024-04
B01304,P016,Pickles,Partial Loss,23,22.33,0.67,2.9,2025-01-06,66990,71.65,48300,18690,19.99,P016,2100,23,2024-05-11,jar 500g,1407.0,Closed by cutoff,2024-05
B01305,P016,Pickles,Partial Loss,26,25.66,0.34,1.3,2025-02-12,76980,82.33,54600,22380,23.94,P016,2100,26,2024-06-17,jar 500g,714.0,Closed by cutoff,2024-06
B01306,P016,Pickles,Partial Loss,26,25.09,0.91,3.5,2025-03-19,75270,80.5,54600,20670,22.11,P016,2100,26,2024-07-22,jar 500g,1911.0,Closed by cutoff,2024-07
B01307,P016,Pickles,Sold Out,27,27.0,0.0,0.0,2024-09-15,81000,86.63,56700,24300,25.99,P016,2100,27,2024-08-22,jar 500g,0.0,Closed by cutoff,2024-08
B01308,P016,Pickles,Sold Out,27,27.0,0.0,0.0,2024-10-27,81000,86.63,56700,24300,25.99,P016,2100,27,2024-09-20,jar 500g,0.0,Closed by cutoff,2024-09
B01309,P016,Pickles,Partial Loss,22,21.12,0.88,4.0,2025-06-16,63360,67.76,46200,17160,18.35,P016,2100,22,2024-10-19,jar 500g,1848.0,Closed by cutoff,2024-10
B01310,P016,Pickles,Sold Out,27,27.0,0.0,0.0,2024-12-20,81000,86.63,56700,24300,25.99,P016,2100,27,2024-11-13,jar 500g,0.0,Closed by cutoff,2024-11
B01311,P016,Pickles,Partial Loss,30,28.77,1.23,4.1,2025-08-13,86310,92.31,63000,23310,24.93,P016,2100,30,2024-12-16,jar 500g,2583.0,After cutoff,2024-12
B01312,P016,Pickles,Sold Out,30,30.0,0.0,0.0,2025-02-05,90000,96.26,63000,27000,28.88,P016,2100,30,2025-01-16,jar 500g,0.0,Closed by cutoff,2025-01
B01313,P016,Pickles,Partial Loss,24,22.51,1.49,6.2,2025-10-23,67530,72.22,52800,14730,15.75,P016,2200,24,2025-02-25,jar 500g,3278.0,After cutoff,2025-02
B01314,P016,Pickles,Sold Out,24,24.0,0.0,0.0,2025-04-05,72000,77.01,50400,21600,23.1,P016,2100,24,2025-03-26,jar 500g,0.0,Closed by cutoff,2025-03
B01315,P016,Pickles,Sold Out,27,27.0,0.0,0.0,2025-05-17,81000,86.63,56700,24300,25.99,P016,2100,27,2025-04-24,jar 500g,0.0,Closed by cutoff,2025-04
B01316,P016,Pickles,Sold Out,24,24.0,0.0,0.0,2025-07-07,72000,77.01,50400,21600,23.1,P016,2100,24,2025-06-05,jar 500g,0.0,After cutoff,2025-06
B01317,P017,Pickles,Sold Out,21,21.0,0.0,0.0,2023-09-01,52500,56.15,37800,14700,15.72,P017,1800,21,2023-07-22,jar 500g,0.0,Closed by cutoff,2023-07
B01318,P017,Pickles,Partial Loss,26,25.45,0.55,2.1,2024-04-26,63625,68.05,46800,16825,17.99,P017,1800,26,2023-08-30,jar 500g,990.0000000000001,Closed by cutoff,2023-08
B01319,P017,Pickles,Sold Out,25,25.0,0.0,0.0,2023-10-28,62500,66.84,45000,17500,18.72,P017,1800,25,2023-10-09,jar 500g,0.0,Closed by cutoff,2023-10
B01320,P017,Pickles,Sold Out,21,21.0,0.0,0.0,2023-11-25,52500,56.15,37800,14700,15.72,P017,1800,21,2023-11-04,jar 500g,0.0,Closed by cutoff,2023-11
B01321,P017,Pickles,Partial Loss,31,30.57,0.43,1.4,2024-08-07,76425,81.74,55800,20625,22.06,P017,1800,31,2023-12-11,jar 500g,774.0,Closed by cutoff,2023-12
B01322,P017,Pickles,Partial Loss,21,20.45,0.55,2.6,2024-09-19,51125,54.68,37800,13325,14.25,P017,1800,21,2024-01-23,jar 500g,990.0000000000001,Closed by cutoff,2024-01
B01323,P017,Pickles,Sold Out,23,23.0,0.0,0.0,2024-03-16,57500,61.5,41400,16100,17.22,P017,1800,23,2024-02-28,jar 500g,0.0,Closed by cutoff,2024-02
B01324,P017,Pickles,Sold Out,20,20.0,0.0,0.0,2024-04-29,50000,53.48,36000,14000,14.97,P017,1800,20,2024-03-27,jar 500g,0.0,Closed by cutoff,2024-03
B01325,P017,Pickles,Partial Loss,26,25.17,0.83,3.2,2024-12-20,62925,67.3,46800,16125,17.25,P017,1800,26,2024-04-24,jar 500g,1494.0,Closed by cutoff,2024-04
B01326,P017,Pickles,Sold Out,26,26.0,0.0,0.0,2024-06-20,65000,69.52,46800,18200,19.47,P017,1800,26,2024-06-02,jar 500g,0.0,Closed by cutoff,2024-06
B01327,P017,Pickles,Partial Loss,28,27.13,0.87,3.1,2025-03-08,67825,72.54,50400,17425,18.64,P017,1800,28,2024-07-11,jar 500g,1566.0,Closed by cutoff,2024-07
B01328,P017,Pickles,Sold Out,26,26.0,0.0,0.0,2024-09-21,65000,69.52,46800,18200,19.47,P017,1800,26,2024-08-15,jar 500g,0.0,Closed by cutoff,2024-08
B01329,P017,Pickles,Partial Loss,27,26.49,0.51,1.9,2025-05-11,66225,70.83,48600,17625,18.85,P017,1800,27,2024-09-13,jar 500g,918.0,Closed by cutoff,2024-09
B01330,P017,Pickles,Sold Out,22,22.0,0.0,0.0,2024-11-04,55000,58.82,39600,15400,16.47,P017,1800,22,2024-10-10,jar 500g,0.0,Closed by cutoff,2024-10
B01331,P017,Pickles,Sold Out,25,25.0,0.0,0.0,2024-12-10,62500,66.84,45000,17500,18.72,P017,1800,25,2024-11-03,jar 500g,0.0,Closed by cutoff,2024-11
B01332,P017,Pickles,Sold Out,30,30.0,0.0,0.0,2025-01-02,75000,80.21,54000,21000,22.46,P017,1800,30,2024-12-11,jar 500g,0.0,Closed by cutoff,2024-12
B01333,P017,Pickles,Sold Out,26,26.0,0.0,0.0,2025-02-03,65000,69.52,46800,18200,19.47,P017,1800,26,2025-01-12,jar 500g,0.0,Closed by cutoff,2025-01
B01334,P017,Pickles,Sold Out,23,23.0,0.0,0.0,2025-03-02,57500,61.5,41400,16100,17.22,P017,1800,23,2025-02-16,jar 500g,0.0,Closed by cutoff,2025-02
B01335,P017,Pickles,Sold Out,27,27.0,0.0,0.0,2025-04-13,67500,72.19,48600,18900,20.21,P017,1800,27,2025-03-29,jar 500g,0.0,Closed by cutoff,2025-03
B01336,P017,Pickles,Partial Loss,30,29.52,0.48,1.6,2025-12-31,73800,78.93,54000,19800,21.18,P017,1800,30,2025-05-05,jar 500g,864.0,After cutoff,2025-05
B01337,P017,Pickles,Sold Out,23,23.0,0.0,0.0,2025-07-07,57500,61.5,41400,16100,17.22,P017,1800,23,2025-06-13,jar 500g,0.0,After cutoff,2025-06
B01338,P018,Pickles,Partial Loss,27,25.95,1.05,3.9,2024-02-28,64875,69.39,47250,17625,18.85,P018,1750,27,2023-07-03,jar 500g,1837.5,Closed by cutoff,2023-07
B01339,P018,Pickles,Partial Loss,23,22.75,0.25,1.1,2024-03-31,56875,60.83,40250,16625,17.78,P018,1750,23,2023-08-04,jar 500g,437.5,Closed by cutoff,2023-08
B01340,P018,Pickles,Sold Out,32,32.0,0.0,0.0,2023-10-19,80000,85.56,56000,24000,25.67,P018,1750,32,2023-09-08,jar 500g,0.0,Closed by cutoff,2023-09
B01341,P018,Pickles,Sold Out,24,24.0,0.0,0.0,2023-11-18,60000,64.17,42000,18000,19.25,P018,1750,24,2023-10-20,jar 500g,0.0,Closed by cutoff,2023-10
B01342,P018,Pickles,Partial Loss,24,23.02,0.98,4.1,2024-07-20,57550,61.55,42000,15550,16.63,P018,1750,24,2023-11-23,jar 500g,1715.0,Closed by cutoff,2023-11
B01343,P018,Pickles,Sold Out,27,27.0,0.0,0.0,2024-01-30,67500,72.19,47250,20250,21.66,P018,1750,27,2023-12-30,jar 500g,0.0,Closed by cutoff,2023-12
B01344,P018,Pickles,Sold Out,24,24.0,0.0,0.0,2024-02-25,60000,64.17,42000,18000,19.25,P018,1750,24,2024-01-26,jar 500g,0.0,Closed by cutoff,2024-01
B01345,P018,Pickles,Partial Loss,22,21.14,0.86,3.9,2024-10-26,52850,56.52,38500,14350,15.35,P018,1750,22,2024-02-29,jar 500g,1505.0,Closed by cutoff,2024-02
B01346,P018,Pickles,Sold Out,21,21.0,0.0,0.0,2024-04-21,52500,56.15,36750,15750,16.84,P018,1750,21,2024-03-28,jar 500g,0.0,Closed by cutoff,2024-03
B01347,P018,Pickles,Sold Out,25,25.0,0.0,0.0,2024-05-31,62500,66.84,43750,18750,20.05,P018,1750,25,2024-05-08,jar 500g,0.0,Closed by cutoff,2024-05
B01348,P018,Pickles,Partial Loss,24,23.47,0.53,2.2,2025-02-18,58675,62.75,42000,16675,17.83,P018,1750,24,2024-06-23,jar 500g,927.5,Closed by cutoff,2024-06
B01349,P018,Pickles,Sold Out,22,22.0,0.0,0.0,2024-08-09,55000,58.82,38500,16500,17.65,P018,1750,22,2024-07-15,jar 500g,0.0,Closed by cutoff,2024-07
B01350,P018,Pickles,Sold Out,25,25.0,0.0,0.0,2024-09-17,62500,66.84,45000,17500,18.72,P018,1800,25,2024-08-20,jar 500g,0.0,Closed by cutoff,2024-08
B01351,P018,Pickles,Sold Out,31,31.0,0.0,0.0,2024-11-08,77500,82.89,54250,23250,24.87,P018,1750,31,2024-09-20,jar 500g,0.0,Closed by cutoff,2024-09
B01352,P018,Pickles,Sold Out,22,22.0,0.0,0.0,2024-11-19,55000,58.82,38500,16500,17.65,P018,1750,22,2024-10-20,jar 500g,0.0,Closed by cutoff,2024-10
B01353,P018,Pickles,Partial Loss,25,23.95,1.05,4.2,2025-07-26,59875,64.04,43750,16125,17.25,P018,1750,25,2024-11-28,jar 500g,1837.5,After cutoff,2024-11
B01354,P018,Pickles,Sold Out,36,36.0,0.0,0.0,2025-01-16,90000,96.26,63000,27000,28.88,P018,1750,36,2024-12-29,jar 500g,0.0,Closed by cutoff,2024-12
B01355,P018,Pickles,Sold Out,26,26.0,0.0,0.0,2025-02-27,65000,69.52,45500,19500,20.86,P018,1750,26,2025-01-22,jar 500g,0.0,Closed by cutoff,2025-01
B01356,P018,Pickles,Partial Loss,28,26.66,1.34,4.8,2025-10-23,66650,71.28,49000,17650,18.88,P018,1750,28,2025-02-25,jar 500g,2345.0,After cutoff,2025-02
B01357,P018,Pickles,Partial Loss,28,27.05,0.95,3.4,2025-12-04,67625,72.33,49000,18625,19.92,P018,1750,28,2025-04-08,jar 500g,1662.5,After cutoff,2025-04
B01358,P018,Pickles,Partial Loss,24,23.74,0.26,1.1,2026-01-13,59350,63.48,42000,17350,18.56,P018,1750,24,2025-05-18,jar 500g,455.0,After cutoff,2025-05
B01359,P018,Pickles,Partial Loss,27,26.24,0.76,2.8,2026-02-13,65600,70.16,47250,18350,19.63,P018,1750,27,2025-06-18,jar 500g,1330.0,After cutoff,2025-06
B01360,P019,Pickles,Sold Out,25,25.0,0.0,0.0,2023-07-27,75000,80.21,51250,23750,25.4,P019,2050,25,2023-07-23,jar 500g,0.0,Closed by cutoff,2023-07
B01361,P019,Pickles,Sold Out,21,21.0,0.0,0.0,2023-10-07,63000,67.38,43050,19950,21.34,P019,2050,21,2023-08-31,jar 500g,0.0,Closed by cutoff,2023-08
B01362,P019,Pickles,Partial Loss,26,24.8,1.2,4.6,2024-06-10,74400,79.57,59800,14600,15.61,P019,2300,26,2023-10-14,jar 500g,2760.0,Closed by cutoff,2023-10
B01363,P019,Pickles,Sold Out,23,23.0,0.0,0.0,2023-12-10,69000,73.8,47150,21850,23.37,P019,2050,23,2023-11-23,jar 500g,0.0,Closed by cutoff,2023-11
B01364,P019,Pickles,Sold Out,29,29.0,0.0,0.0,2024-02-01,87000,93.05,59450,27550,29.47,P019,2050,29,2023-12-31,jar 500g,0.0,Closed by cutoff,2023-12
B01365,P019,Pickles,Sold Out,24,24.0,0.0,0.0,2024-03-18,72000,77.01,49200,22800,24.39,P019,2050,24,2024-01-29,jar 500g,0.0,Closed by cutoff,2024-01
B01366,P019,Pickles,Sold Out,21,21.0,0.0,0.0,2024-03-21,63000,67.38,43050,19950,21.34,P019,2050,21,2024-03-03,jar 500g,0.0,Closed by cutoff,2024-03
B01367,P019,Pickles,Sold Out,20,20.0,0.0,0.0,2024-05-24,60000,64.17,41000,19000,20.32,P019,2050,20,2024-04-10,jar 500g,0.0,Closed by cutoff,2024-04
B01368,P019,Pickles,Partial Loss,25,24.57,0.43,1.7,2025-01-16,73710,78.83,51250,22460,24.02,P019,2050,25,2024-05-21,jar 500g,881.5,Closed by cutoff,2024-05
B01369,P019,Pickles,Sold Out,23,23.0,0.0,0.0,2024-07-23,69000,73.8,47150,21850,23.37,P019,2050,23,2024-06-24,jar 500g,0.0,Closed by cutoff,2024-06
B01370,P019,Pickles,Partial Loss,23,21.62,1.38,6.0,2025-03-18,64860,69.37,47150,17710,18.94,P019,2050,23,2024-07-21,jar 500g,2829.0,Closed by cutoff,2024-07
B01371,P019,Pickles,Sold Out,22,22.0,0.0,0.0,2025-04-15,66000,70.59,45100,20900,22.35,P019,2050,22,2024-08-18,jar 500g,0.0,Closed by cutoff,2024-08
B01372,P019,Pickles,Sold Out,27,27.0,0.0,0.0,2024-10-19,81000,86.63,55350,25650,27.43,P019,2050,27,2024-09-24,jar 500g,0.0,Closed by cutoff,2024-09
B01373,P019,Pickles,Sold Out,25,25.0,0.0,0.0,2024-11-03,75000,80.21,57500,17500,18.72,P019,2300,25,2024-10-20,jar 500g,0.0,Closed by cutoff,2024-10
B01374,P019,Pickles,Partial Loss,23,22.56,0.44,1.9,2025-07-16,67680,72.39,47150,20530,21.96,P019,2050,23,2024-11-18,jar 500g,902.0,After cutoff,2024-11
B01375,P019,Pickles,Sold Out,33,33.0,0.0,0.0,2025-01-18,99000,105.88,75900,23100,24.71,P019,2300,33,2024-12-21,jar 500g,0.0,Closed by cutoff,2024-12
B01376,P019,Pickles,Sold Out,29,29.0,0.0,0.0,2025-03-12,87000,93.05,59450,27550,29.47,P019,2050,29,2025-02-01,jar 500g,0.0,Closed by cutoff,2025-02
B01377,P019,Pickles,Partial Loss,23,21.57,1.43,6.2,2025-10-29,64710,69.21,47150,17560,18.78,P019,2050,23,2025-03-03,jar 500g,2931.5,After cutoff,2025-03
B01378,P019,Pickles,Partial Loss,23,22.54,0.46,2.0,2025-11-26,67620,72.32,47150,20470,21.89,P019,2050,23,2025-03-31,jar 500g,943.0,After cutoff,2025-03
B01379,P019,Pickles,Sold Out,27,27.0,0.0,0.0,2025-06-10,81000,86.63,55350,25650,27.43,P019,2050,27,2025-05-07,jar 500g,0.0,Closed by cutoff,2025-05
B01380,P019,Pickles,Sold Out,28,28.0,0.0,0.0,2025-06-27,84000,89.84,57400,26600,28.45,P019,2050,28,2025-06-05,jar 500g,0.0,Closed by cutoff,2025-06
B01381,P020,Pickles,Sold Out,21,21.0,0.0,0.0,2023-08-19,63000,67.38,44100,18900,20.21,P020,2100,21,2023-07-07,jar 500g,0.0,Closed by cutoff,2023-07
B01382,P020,Pickles,Partial Loss,24,23.4,0.6,2.5,2024-04-02,70200,75.08,50400,19800,21.18,P020,2100,24,2023-08-06,jar 500g,1260.0,Closed by cutoff,2023-08
B01383,P020,Pickles,Sold Out,30,30.0,0.0,0.0,2023-10-09,90000,96.26,63000,27000,28.88,P020,2100,30,2023-09-22,jar 500g,0.0,Closed by cutoff,2023-09
B01384,P020,Pickles,Partial Loss,24,22.87,1.13,4.7,2024-06-25,68610,73.38,50400,18210,19.48,P020,2100,24,2023-10-29,jar 500g,2373.0,Closed by cutoff,2023-10
B01385,P020,Pickles,Sold Out,27,27.0,0.0,0.0,2024-07-20,81000,86.63,56700,24300,25.99,P020,2100,27,2023-11-23,jar 500g,0.0,Closed by cutoff,2023-11
B01386,P020,Pickles,Sold Out,27,27.0,0.0,0.0,2024-01-27,81000,86.63,56700,24300,25.99,P020,2100,27,2023-12-26,jar 500g,0.0,Closed by cutoff,2023-12
B01387,P020,Pickles,Partial Loss,24,22.94,1.06,4.4,2024-09-25,68820,73.6,50400,18420,19.7,P020,2100,24,2024-01-29,jar 500g,2226.0,Closed by cutoff,2024-01
B01388,P020,Pickles,Sold Out,27,27.0,0.0,0.0,2024-03-15,81000,86.63,56700,24300,25.99,P020,2100,27,2024-02-26,jar 500g,0.0,Closed by cutoff,2024-02
B01389,P020,Pickles,Sold Out,24,24.0,0.0,0.0,2024-04-12,72000,77.01,50400,21600,23.1,P020,2100,24,2024-03-29,jar 500g,0.0,Closed by cutoff,2024-03
B01390,P020,Pickles,Sold Out,21,21.0,0.0,0.0,2024-06-19,63000,67.38,44100,18900,20.21,P020,2100,21,2024-05-05,jar 500g,0.0,Closed by cutoff,2024-05
B01391,P020,Pickles,Partial Loss,25,23.97,1.03,4.1,2025-02-10,71910,76.91,52500,19410,20.76,P020,2100,25,2024-06-15,jar 500g,2163.0,Closed by cutoff,2024-06
B01392,P020,Pickles,Partial Loss,23,22.43,0.58,2.5,2025-03-26,67290,71.97,48300,18990,20.31,P020,2100,23,2024-07-29,jar 500g,1218.0,Closed by cutoff,2024-07
B01393,P020,Pickles,Sold Out,34,34.0,0.0,0.0,2024-10-20,102000,109.09,73100,28900,30.91,P020,2150,34,2024-09-05,jar 500g,0.0,Closed by cutoff,2024-09
B01394,P020,Pickles,Sold Out,26,26.0,0.0,0.0,2024-11-10,78000,83.42,54600,23400,25.03,P020,2100,26,2024-10-17,jar 500g,0.0,Closed by cutoff,2024-10
B01395,P020,Pickles,Partial Loss,25,24.32,0.68,2.7,2025-07-21,72960,78.03,52500,20460,21.88,P020,2100,25,2024-11-23,jar 500g,1428.0,After cutoff,2024-11
B01396,P020,Pickles,Sold Out,28,28.0,0.0,0.0,2025-02-04,84000,89.84,58800,25200,26.95,P020,2100,28,2024-12-25,jar 500g,0.0,Closed by cutoff,2024-12
B01397,P020,Pickles,Sold Out,24,24.0,0.0,0.0,2025-02-21,72000,77.01,50400,21600,23.1,P020,2100,24,2025-01-30,jar 500g,0.0,Closed by cutoff,2025-01
B01398,P020,Pickles,Partial Loss,26,25.4,0.6,2.3,2025-10-30,76200,81.5,54600,21600,23.1,P020,2100,26,2025-03-04,jar 500g,1260.0,After cutoff,2025-03
B01399,P020,Pickles,Partial Loss,28,26.77,1.23,4.4,2025-11-28,80310,85.89,58800,21510,23.01,P020,2100,28,2025-04-02,jar 500g,2583.0,After cutoff,2025-04
B01400,P020,Pickles,Sold Out,30,30.0,0.0,0.0,2025-05-31,90000,96.26,63000,27000,28.88,P020,2100,30,2025-05-09,jar 500g,0.0,Closed by cutoff,2025-05
B01401,P020,Pickles,Sold Out,27,27.0,0.0,0.0,2025-07-12,81000,86.63,58050,22950,24.55,P020,2150,27,2025-06-08,jar 500g,0.0,After cutoff,2025-06
B01402,P021,Chili,Sold Out,51,51.0,0.0,0.0,2023-08-02,102000,109.09,73950,28050,30.0,P021,1450,51,2023-07-02,bag 100g,0.0,Closed by cutoff,2023-07
B01403,P021,Chili,Sold Out,44,44.0,0.0,0.0,2023-08-24,88000,94.12,63800,24200,25.88,P021,1450,44,2023-08-01,bag 100g,0.0,Closed by cutoff,2023-08
B01404,P021,Chili,Sold Out,66,66.0,0.0,0.0,2023-10-05,132000,141.18,95700,36300,38.82,P021,1450,66,2023-09-05,bag 100g,0.0,Closed by cutoff,2023-09
B01405,P021,Chili,Sold Out,47,47.0,0.0,0.0,2023-11-16,94000,100.53,68150,25850,27.65,P021,1450,47,2023-10-17,bag 100g,0.0,Closed by cutoff,2023-10
B01406,P021,Chili,Sold Out,44,44.0,0.0,0.0,2023-12-09,88000,94.12,61600,26400,28.24,P021,1400,44,2023-11-17,bag 100g,0.0,Closed by cutoff,2023-11
B01407,P021,Chili,Partial Loss,57,54.78,2.22,3.9,2024-10-14,109560,117.18,82650,26910,28.78,P021,1450,57,2023-12-19,bag 100g,3219.0000000000005,Closed by cutoff,2023-12
B01408,P021,Chili,Partial Loss,54,52.76,1.24,2.3,2024-11-25,105520,112.86,78300,27220,29.11,P021,1450,54,2024-01-30,bag 100g,1798.0,Closed by cutoff,2024-01
B01409,P021,Chili,Partial Loss,43,42.1,0.9,2.1,2025-01-01,84200,90.05,60200,24000,25.67,P021,1400,43,2024-03-07,bag 100g,1260.0,Closed by cutoff,2024-03
B01410,P021,Chili,Sold Out,55,55.0,0.0,0.0,2025-01-25,110000,117.65,79750,30250,32.35,P021,1450,55,2024-03-31,bag 100g,0.0,Closed by cutoff,2024-03
B01411,P021,Chili,Partial Loss,48,46.9,1.1,2.3,2025-03-02,93800,100.32,69600,24200,25.88,P021,1450,48,2024-05-06,bag 100g,1595.0000000000002,Closed by cutoff,2024-05
B01412,P021,Chili,Sold Out,47,47.0,0.0,0.0,2024-07-06,94000,100.53,68150,25850,27.65,P021,1450,47,2024-06-14,bag 100g,0.0,Closed by cutoff,2024-06
B01413,P021,Chili,Sold Out,45,45.0,0.0,0.0,2025-05-10,90000,96.26,65250,24750,26.47,P021,1450,45,2024-07-14,bag 100g,0.0,Closed by cutoff,2024-07
B01414,P021,Chili,Partial Loss,53,51.89,1.11,2.1,2025-06-09,103780,110.99,76850,26930,28.8,P021,1450,53,2024-08-13,bag 100g,1609.5000000000002,Closed by cutoff,2024-08
B01415,P021,Chili,Sold Out,66,66.0,0.0,0.0,2024-10-10,132000,141.18,95700,36300,38.82,P021,1450,66,2024-09-22,bag 100g,0.0,Closed by cutoff,2024-09
B01416,P021,Chili,Sold Out,47,47.0,0.0,0.0,2024-11-15,94000,100.53,68150,25850,27.65,P021,1450,47,2024-10-24,bag 100g,0.0,Closed by cutoff,2024-10
B01417,P021,Chili,Sold Out,58,58.0,0.0,0.0,2025-01-06,116000,124.06,81200,34800,37.22,P021,1400,58,2024-12-05,bag 100g,0.0,Closed by cutoff,2024-12
B01418,P021,Chili,Sold Out,54,54.0,0.0,0.0,2025-01-15,108000,115.51,78300,29700,31.76,P021,1450,54,2025-01-01,bag 100g,0.0,Closed by cutoff,2025-01
B01419,P021,Chili,Partial Loss,53,52.15,0.85,1.6,2025-11-28,104300,111.55,76850,27450,29.36,P021,1450,53,2025-02-01,bag 100g,1232.5,After cutoff,2025-02
B01420,P021,Chili,Sold Out,48,48.0,0.0,0.0,2025-04-16,96000,102.67,67200,28800,30.8,P021,1400,48,2025-03-13,bag 100g,0.0,Closed by cutoff,2025-03
B01421,P021,Chili,Partial Loss,48,46.99,1.01,2.1,2026-02-10,93980,100.51,69600,24380,26.07,P021,1450,48,2025-04-16,bag 100g,1464.5,After cutoff,2025-04
B01422,P021,Chili,Sold Out,50,50.0,0.0,0.0,2025-06-29,100000,106.95,72500,27500,29.41,P021,1450,50,2025-05-19,bag 100g,0.0,Closed by cutoff,2025-05
B01423,P021,Chili,Partial Loss,61,59.84,1.16,1.9,2026-04-14,119680,128.0,88450,31230,33.4,P021,1450,61,2025-06-18,bag 100g,1681.9999999999998,After cutoff,2025-06
B01424,P022,Chili,Sold Out,22,22.0,0.0,0.0,2023-08-22,44000,47.06,29700,14300,15.29,P022,1350,22,2023-07-29,bottle 200ml,0.0,Closed by cutoff,2023-07
B01425,P022,Chili,Partial Loss,21,20.68,0.32,1.5,2024-06-22,41360,44.24,28350,13010,13.91,P022,1350,21,2023-08-27,bottle 200ml,432.0,Closed by cutoff,2023-08
B01426,P022,Chili,Sold Out,26,26.0,0.0,0.0,2023-11-09,52000,55.61,35100,16900,18.07,P022,1350,26,2023-10-08,bottle 200ml,0.0,Closed by cutoff,2023-10
B01427,P022,Chili,Partial Loss,21,20.33,0.67,3.2,2024-09-07,40660,43.49,28350,12310,13.17,P022,1350,21,2023-11-12,bottle 200ml,904.5,Closed by cutoff,2023-11
B01428,P022,Chili,Partial Loss,23,22.26,0.74,3.2,2024-10-27,44520,47.61,31050,13470,14.41,P022,1350,23,2024-01-01,bottle 200ml,999.0,Closed by cutoff,2024-01
B01429,P022,Chili,Partial Loss,26,25.58,0.42,1.6,2024-12-05,51160,54.72,35100,16060,17.18,P022,1350,26,2024-02-09,bottle 200ml,567.0,Closed by cutoff,2024-02
B01430,P022,Chili,Sold Out,22,22.0,0.0,0.0,2024-04-02,44000,47.06,29700,14300,15.29,P022,1350,22,2024-03-11,bottle 200ml,0.0,Closed by cutoff,2024-03
B01431,P022,Chili,Partial Loss,22,21.6,0.4,1.8,2025-02-14,43200,46.2,29700,13500,14.44,P022,1350,22,2024-04-20,bottle 200ml,540.0,Closed by cutoff,2024-04
B01432,P022,Chili,Sold Out,23,23.0,0.0,0.0,2024-07-01,46000,49.2,31050,14950,15.99,P022,1350,23,2024-05-29,bottle 200ml,0.0,Closed by cutoff,2024-05
B01433,P022,Chili,Sold Out,24,24.0,0.0,0.0,2024-08-12,48000,51.34,32400,15600,16.68,P022,1350,24,2024-07-09,bottle 200ml,0.0,Closed by cutoff,2024-07
B01434,P022,Chili,Sold Out,22,22.0,0.0,0.0,2024-09-02,44000,47.06,29700,14300,15.29,P022,1350,22,2024-08-08,bottle 200ml,0.0,Closed by cutoff,2024-08
B01435,P022,Chili,Sold Out,34,34.0,0.0,0.0,2024-09-29,68000,72.73,45900,22100,23.64,P022,1350,34,2024-09-10,bottle 200ml,0.0,Closed by cutoff,2024-09
B01436,P022,Chili,Partial Loss,27,26.32,0.68,2.5,2025-08-09,52640,56.3,36450,16190,17.32,P022,1350,27,2024-10-13,bottle 200ml,918.0000000000001,After cutoff,2024-10
B01437,P022,Chili,Partial Loss,22,21.71,0.29,1.3,2025-09-15,43420,46.44,29700,13720,14.67,P022,1350,22,2024-11-19,bottle 200ml,391.5,After cutoff,2024-11
B01438,P022,Chili,Sold Out,32,32.0,0.0,0.0,2025-01-22,64000,68.45,43200,20800,22.25,P022,1350,32,2024-12-18,bottle 200ml,0.0,Closed by cutoff,2024-12
B01439,P022,Chili,Partial Loss,23,22.66,0.34,1.5,2025-11-15,45320,48.47,32200,13120,14.03,P022,1400,23,2025-01-19,bottle 200ml,476.00000000000006,After cutoff,2025-01
B01440,P022,Chili,Partial Loss,27,26.59,0.4,1.5,2025-12-20,53180,56.88,36450,16730,17.89,P022,1350,27,2025-02-23,bottle 200ml,540.0,After cutoff,2025-02
B01441,P022,Chili,Sold Out,27,27.0,0.0,0.0,2025-04-26,54000,57.75,36450,17550,18.77,P022,1350,27,2025-03-30,bottle 200ml,0.0,Closed by cutoff,2025-03
B01442,P022,Chili,Sold Out,25,25.0,0.0,0.0,2025-05-24,50000,53.48,33750,16250,17.38,P022,1350,25,2025-05-02,bottle 200ml,0.0,Closed by cutoff,2025-05
B01443,P022,Chili,Sold Out,24,24.0,0.0,0.0,2025-07-11,48000,51.34,32400,15600,16.68,P022,1350,24,2025-06-09,bottle 200ml,0.0,After cutoff,2025-06
B01444,P023,Chili,Partial Loss,48,47.09,0.91,1.9,2024-04-28,94180,100.73,67200,26980,28.86,P023,1400,48,2023-07-03,bag 250g,1274.0,Closed by cutoff,2023-07
B01445,P023,Chili,Partial Loss,47,46.25,0.75,1.6,2024-06-03,92500,98.93,65800,26700,28.56,P023,1400,47,2023-08-08,bag 250g,1050.0,Closed by cutoff,2023-08
B01446,P023,Chili,Sold Out,67,67.0,0.0,0.0,2023-10-10,134000,143.32,93800,40200,42.99,P023,1400,67,2023-09-16,bag 250g,0.0,Closed by cutoff,2023-09
B01447,P023,Chili,Sold Out,54,54.0,0.0,0.0,2023-11-14,108000,115.51,75600,32400,34.65,P023,1400,54,2023-10-16,bag 250g,0.0,Closed by cutoff,2023-10
B01448,P023,Chili,Sold Out,45,45.0,0.0,0.0,2023-12-16,90000,96.26,63000,27000,28.88,P023,1400,45,2023-11-21,bag 250g,0.0,Closed by cutoff,2023-11
B01449,P023,Chili,Partial Loss,53,51.52,1.48,2.8,2024-10-27,103040,110.2,76850,26190,28.01,P023,1450,53,2024-01-01,bag 250g,2146.0,Closed by cutoff,2024-01
B01450,P023,Chili,Partial Loss,50,49.8,0.2,0.4,2024-11-30,99600,106.52,70000,29600,31.66,P023,1400,50,2024-02-04,bag 250g,280.0,Closed by cutoff,2024-02
B01451,P023,Chili,Sold Out,53,53.0,0.0,0.0,2024-04-08,106000,113.37,74200,31800,34.01,P023,1400,53,2024-03-11,bag 250g,0.0,Closed by cutoff,2024-03
B01452,P023,Chili,Partial Loss,54,53.08,0.92,1.7,2025-02-11,106160,113.54,75600,30560,32.68,P023,1400,54,2024-04-17,bag 250g,1288.0,Closed by cutoff,2024-04
B01453,P023,Chili,Sold Out,46,46.0,0.0,0.0,2024-06-09,92000,98.4,64400,27600,29.52,P023,1400,46,2024-05-27,bag 250g,0.0,Closed by cutoff,2024-05
B01454,P023,Chili,Partial Loss,43,41.84,1.16,2.7,2025-04-21,83680,89.5,60200,23480,25.11,P023,1400,43,2024-06-25,bag 250g,1624.0,Closed by cutoff,2024-06
B01455,P023,Chili,Sold Out,45,45.0,0.0,0.0,2024-09-08,90000,96.26,63000,27000,28.88,P023,1400,45,2024-07-29,bag 250g,0.0,Closed by cutoff,2024-07
B01456,P023,Chili,Partial Loss,60,59.76,0.24,0.4,2025-07-04,119520,127.83,84000,35520,37.99,P023,1400,60,2024-09-07,bag 250g,336.0,After cutoff,2024-09
B01457,P023,Chili,Sold Out,50,50.0,0.0,0.0,2024-11-12,100000,106.95,70000,30000,32.09,P023,1400,50,2024-10-08,bag 250g,0.0,Closed by cutoff,2024-10
B01458,P023,Chili,Sold Out,51,51.0,0.0,0.0,2024-12-24,102000,109.09,71400,30600,32.73,P023,1400,51,2024-11-10,bag 250g,0.0,Closed by cutoff,2024-11
B01459,P023,Chili,Sold Out,62,62.0,0.0,0.0,2025-01-19,124000,132.62,86800,37200,39.79,P023,1400,62,2024-12-17,bag 250g,0.0,Closed by cutoff,2024-12
B01460,P023,Chili,Partial Loss,50,48.55,1.45,2.9,2025-11-14,97100,103.85,70000,27100,28.98,P023,1400,50,2025-01-18,bag 250g,2030.0,After cutoff,2025-01
B01461,P023,Chili,Partial Loss,48,47.33,0.67,1.4,2025-12-15,94660,101.24,69600,25060,26.8,P023,1450,48,2025-02-18,bag 250g,971.5000000000001,After cutoff,2025-02
B01462,P023,Chili,Sold Out,58,58.0,0.0,0.0,2025-04-23,116000,124.06,81200,34800,37.22,P023,1400,58,2025-03-20,bag 250g,0.0,Closed by cutoff,2025-03
B01463,P023,Chili,Sold Out,58,58.0,0.0,0.0,2025-05-12,116000,124.06,81200,34800,37.22,P023,1400,58,2025-04-22,bag 250g,0.0,Closed by cutoff,2025-04
B01464,P023,Chili,Sold Out,48,48.0,0.0,0.0,2025-06-17,96000,102.67,67200,28800,30.8,P023,1400,48,2025-05-28,bag 250g,0.0,Closed by cutoff,2025-05
B01465,P024,Chili,Sold Out,24,24.0,0.0,0.0,2023-08-23,48000,51.34,32400,15600,16.68,P024,1350,24,2023-07-20,bottle 200ml,0.0,Closed by cutoff,2023-07
B01466,P024,Chili,Partial Loss,23,22.61,0.39,1.7,2024-06-18,45220,48.36,31050,14170,15.16,P024,1350,23,2023-08-23,bottle 200ml,526.5,Closed by cutoff,2023-08
B01467,P024,Chili,Partial Loss,33,32.14,0.86,2.6,2024-07-23,64280,68.75,44550,19730,21.1,P024,1350,33,2023-09-27,bottle 200ml,1161.0,Closed by cutoff,2023-09
B01468,P024,Chili,Sold Out,27,27.0,0.0,0.0,2023-12-04,54000,57.75,36450,17550,18.77,P024,1350,27,2023-11-03,bottle 200ml,0.0,Closed by cutoff,2023-11
B01469,P024,Chili,Partial Loss,32,31.23,0.77,2.4,2024-09-30,62460,66.8,43200,19260,20.6,P024,1350,32,2023-12-05,bottle 200ml,1039.5,Closed by cutoff,2023-12
B01470,P024,Chili,Sold Out,27,27.0,0.0,0.0,2024-02-13,54000,57.75,36450,17550,18.77,P024,1350,27,2024-01-14,bottle 200ml,0.0,Closed by cutoff,2024-01
B01471,P024,Chili,Partial Loss,25,24.45,0.55,2.2,2024-12-13,48900,52.3,33750,15150,16.2,P024,1350,25,2024-02-17,bottle 200ml,742.5000000000001,Closed by cutoff,2024-02
B01472,P024,Chili,Partial Loss,26,25.48,0.52,2.0,2025-01-26,50960,54.5,35100,15860,16.96,P024,1350,26,2024-04-01,bottle 200ml,702.0,Closed by cutoff,2024-04
B01473,P024,Chili,Partial Loss,24,23.69,0.31,1.3,2025-02-28,47380,50.67,32400,14980,16.02,P024,1350,24,2024-05-04,bottle 200ml,418.5,Closed by cutoff,2024-05
B01474,P024,Chili,Sold Out,25,25.0,0.0,0.0,2024-07-01,50000,53.48,33750,16250,17.38,P024,1350,25,2024-06-04,bottle 200ml,0.0,Closed by cutoff,2024-06
B01475,P024,Chili,Sold Out,22,22.0,0.0,0.0,2024-08-05,44000,47.06,29700,14300,15.29,P024,1350,22,2024-07-09,bottle 200ml,0.0,Closed by cutoff,2024-07
B01476,P024,Chili,Partial Loss,24,23.26,0.74,3.1,2025-06-02,46520,49.75,32400,14120,15.1,P024,1350,24,2024-08-06,bottle 200ml,999.0,Closed by cutoff,2024-08
B01477,P024,Chili,Sold Out,32,32.0,0.0,0.0,2024-10-12,64000,68.45,43200,20800,22.25,P024,1350,32,2024-09-03,bottle 200ml,0.0,Closed by cutoff,2024-09
B01478,P024,Chili,Partial Loss,26,25.3,0.7,2.7,2025-08-01,50600,54.12,35100,15500,16.58,P024,1350,26,2024-10-05,bottle 200ml,944.9999999999999,After cutoff,2024-10
B01479,P024,Chili,Sold Out,23,23.0,0.0,0.0,2024-11-20,46000,49.2,31050,14950,15.99,P024,1350,23,2024-11-08,bottle 200ml,0.0,Closed by cutoff,2024-11
B01480,P024,Chili,Partial Loss,30,29.37,0.63,2.1,2025-10-18,58740,62.82,40500,18240,19.51,P024,1350,30,2024-12-22,bottle 200ml,850.5,After cutoff,2024-12
B01481,P024,Chili,Sold Out,23,23.0,0.0,0.0,2025-03-01,46000,49.2,31050,14950,15.99,P024,1350,23,2025-01-28,bottle 200ml,0.0,Closed by cutoff,2025-01
B01482,P024,Chili,Partial Loss,28,27.3,0.7,2.5,2025-12-31,54600,58.4,37800,16800,17.97,P024,1350,28,2025-03-06,bottle 200ml,944.9999999999999,After cutoff,2025-03
B01483,P024,Chili,Partial Loss,25,24.57,0.43,1.7,2026-02-10,49140,52.56,37500,11640,12.45,P024,1500,25,2025-04-16,bottle 200ml,645.0,After cutoff,2025-04
B01484,P024,Chili,Sold Out,23,23.0,0.0,0.0,2025-06-21,46000,49.2,31050,14950,15.99,P024,1350,23,2025-05-25,bottle 200ml,0.0,Closed by cutoff,2025-05
B01485,P025,Chili,Sold Out,81,81.0,0.0,0.0,2023-08-19,121500,129.95,89100,32400,34.65,P025,1100,81,2023-08-02,bag 200g,0.0,Closed by cutoff,2023-08
B01486,P025,Chili,Sold Out,112,112.0,0.0,0.0,2023-10-08,168000,179.68,123200,44800,47.91,P025,1100,112,2023-09-16,bag 200g,0.0,Closed by cutoff,2023-09
B01487,P025,Chili,Partial Loss,32,31.04,0.96,3.0,2024-08-11,46560,49.8,36800,9760,10.44,P025,1150,32,2023-10-16,bag 200g,1104.0,Closed by cutoff,2023-10
B01488,P025,Chili,Partial Loss,31,30.32,0.68,2.2,2024-09-08,45480,48.64,34100,11380,12.17,P025,1100,31,2023-11-13,bag 200g,748.0,Closed by cutoff,2023-11
B01489,P025,Chili,Sold Out,34,34.0,0.0,0.0,2023-12-30,51000,54.55,37400,13600,14.55,P025,1100,34,2023-12-15,bag 200g,0.0,Closed by cutoff,2023-12
B01490,P025,Chili,Sold Out,26,26.0,0.0,0.0,2024-02-01,39000,41.71,28600,10400,11.12,P025,1100,26,2024-01-23,bag 200g,0.0,Closed by cutoff,2024-01
B01491,P025,Chili,Partial Loss,34,33.15,0.85,2.5,2024-12-25,49725,53.18,37400,12325,13.18,P025,1100,34,2024-02-29,bag 200g,935.0,Closed by cutoff,2024-02
B01492,P025,Chili,Partial Loss,87,84.22,2.78,3.2,2025-01-29,126330,135.11,95700,30630,32.76,P025,1100,87,2024-04-04,bag 200g,3058.0,Closed by cutoff,2024-04
B01493,P025,Chili,Sold Out,89,89.0,0.0,0.0,2024-06-08,133500,142.78,102350,31150,33.32,P025,1150,89,2024-05-17,bag 200g,0.0,Closed by cutoff,2024-05
B01494,P025,Chili,Sold Out,85,85.0,0.0,0.0,2024-07-24,127500,136.36,93500,34000,36.36,P025,1100,85,2024-06-17,bag 200g,0.0,Closed by cutoff,2024-06
B01495,P025,Chili,Sold Out,82,82.0,0.0,0.0,2024-08-20,123000,131.55,90200,32800,35.08,P025,1100,82,2024-07-30,bag 200g,0.0,Closed by cutoff,2024-07
B01496,P025,Chili,Sold Out,87,87.0,0.0,0.0,2024-09-23,130500,139.57,95700,34800,37.22,P025,1100,87,2024-09-02,bag 200g,0.0,Closed by cutoff,2024-09
B01497,P025,Chili,Partial Loss,26,25.04,0.96,3.7,2025-07-29,37560,40.17,28600,8960,9.58,P025,1100,26,2024-10-02,bag 200g,1056.0,After cutoff,2024-10
B01498,P025,Chili,Partial Loss,32,30.88,1.12,3.5,2025-08-31,46320,49.54,35200,11120,11.89,P025,1100,32,2024-11-04,bag 200g,1232.0000000000002,After cutoff,2024-11
B01499,P025,Chili,Partial Loss,35,33.88,1.12,3.2,2025-10-04,50820,54.35,38500,12320,13.18,P025,1100,35,2024-12-08,bag 200g,1232.0000000000002,After cutoff,2024-12
B01500,P025,Chili,Partial Loss,32,31.68,0.32,1.0,2025-11-11,47520,50.82,35200,12320,13.18,P025,1100,32,2025-01-15,bag 200g,352.0,After cutoff,2025-01
B01501,P025,Chili,Partial Loss,35,33.35,1.65,4.7,2025-12-16,50025,53.5,38500,11525,12.33,P025,1100,35,2025-02-19,bag 200g,1815.0,After cutoff,2025-02
B01502,P025,Chili,Sold Out,35,35.0,0.0,0.0,2025-04-08,52500,56.15,38500,14000,14.97,P025,1100,35,2025-03-19,bag 200g,0.0,Closed by cutoff,2025-03
B01503,P025,Chili,Sold Out,82,82.0,0.0,0.0,2025-05-18,123000,131.55,90200,32800,35.08,P025,1100,82,2025-04-19,bag 200g,0.0,Closed by cutoff,2025-04
B01504,P025,Chili,Partial Loss,78,75.27,2.73,3.5,2026-03-22,112905,120.75,85800,27105,28.99,P025,1100,78,2025-05-26,bag 200g,3003.0,After cutoff,2025-05
B01505,P026,Chili,Sold Out,83,83.0,0.0,0.0,2023-08-10,124500,133.16,91300,33200,35.51,P026,1100,83,2023-07-22,bag 50g,0.0,Closed by cutoff,2023-07
B01506,P026,Chili,Sold Out,81,81.0,0.0,0.0,2023-09-29,121500,129.95,89100,32400,34.65,P026,1100,81,2023-08-25,bag 50g,0.0,Closed by cutoff,2023-08
B01507,P026,Chili,Sold Out,104,104.0,0.0,0.0,2023-10-16,156000,166.84,114400,41600,44.49,P026,1100,104,2023-09-28,bag 50g,0.0,Closed by cutoff,2023-09
B01508,P026,Chili,Partial Loss,26,25.12,0.88,3.4,2024-09-05,37680,40.3,28600,9080,9.71,P026,1100,26,2023-11-10,bag 50g,968.0,Closed by cutoff,2023-11
B01509,P026,Chili,Partial Loss,40,39.44,0.56,1.4,2024-10-06,59160,63.27,44000,15160,16.21,P026,1100,40,2023-12-11,bag 50g,616.0000000000001,Closed by cutoff,2023-12
B01510,P026,Chili,Sold Out,34,34.0,0.0,0.0,2024-01-23,51000,54.55,37400,13600,14.55,P026,1100,34,2024-01-19,bag 50g,0.0,Closed by cutoff,2024-01
B01511,P026,Chili,Sold Out,29,29.0,0.0,0.0,2024-03-09,43500,46.52,31900,11600,12.41,P026,1100,29,2024-02-26,bag 50g,0.0,Closed by cutoff,2024-02
B01512,P026,Chili,Sold Out,80,80.0,0.0,0.0,2024-05-13,120000,128.34,88000,32000,34.22,P026,1100,80,2024-04-01,bag 50g,0.0,Closed by cutoff,2024-04
B01513,P026,Chili,Sold Out,90,90.0,0.0,0.0,2024-06-14,135000,144.39,99000,36000,38.5,P026,1100,90,2024-05-12,bag 50g,0.0,Closed by cutoff,2024-05
B01514,P026,Chili,Sold Out,70,70.0,0.0,0.0,2024-08-06,105000,112.3,77000,28000,29.95,P026,1100,70,2024-06-14,bag 50g,0.0,Closed by cutoff,2024-06
B01515,P026,Chili,Sold Out,91,91.0,0.0,0.0,2024-08-23,136500,145.99,100100,36400,38.93,P026,1100,91,2024-07-25,bag 50g,0.0,Closed by cutoff,2024-07
B01516,P026,Chili,Sold Out,97,97.0,0.0,0.0,2024-09-26,145500,155.61,106700,38800,41.5,P026,1100,97,2024-09-02,bag 50g,0.0,Closed by cutoff,2024-09
B01517,P026,Chili,Sold Out,91,91.0,0.0,0.0,2024-10-26,136500,145.99,100100,36400,38.93,P026,1100,91,2024-09-28,bag 50g,0.0,Closed by cutoff,2024-09
B01518,P026,Chili,Sold Out,29,29.0,0.0,0.0,2024-12-02,43500,46.52,31900,11600,12.41,P026,1100,29,2024-11-10,bag 50g,0.0,Closed by cutoff,2024-11
B01519,P026,Chili,Partial Loss,45,43.29,1.71,3.8,2025-10-09,64935,69.45,49500,15435,16.51,P026,1100,45,2024-12-13,bag 50g,1881.0,After cutoff,2024-12
B01520,P026,Chili,Partial Loss,29,28.19,0.81,2.8,2025-11-10,42285,45.22,31900,10385,11.11,P026,1100,29,2025-01-14,bag 50g,891.0000000000001,After cutoff,2025-01
B01521,P026,Chili,Sold Out,28,28.0,0.0,0.0,2025-03-21,42000,44.92,30800,11200,11.98,P026,1100,28,2025-02-25,bag 50g,0.0,Closed by cutoff,2025-02
B01522,P026,Chili,Sold Out,90,90.0,0.0,0.0,2025-05-05,135000,144.39,99000,36000,38.5,P026,1100,90,2025-04-01,bag 50g,0.0,Closed by cutoff,2025-04
B01523,P026,Chili,Sold Out,97,97.0,0.0,0.0,2025-05-29,145500,155.61,106700,38800,41.5,P026,1100,97,2025-05-02,bag 50g,0.0,Closed by cutoff,2025-05
B01524,P026,Chili,Sold Out,89,89.0,0.0,0.0,2025-07-01,133500,142.78,97900,35600,38.07,P026,1100,89,2025-06-02,bag 50g,0.0,After cutoff,2025-06
B01525,P027,Chili,Sold Out,71,71.0,0.0,0.0,2023-09-07,142000,151.87,102950,39050,41.76,P027,1450,71,2023-07-31,bag 100g,0.0,Closed by cutoff,2023-07
B01526,P027,Chili,Sold Out,97,97.0,0.0,0.0,2023-10-07,194000,207.49,140650,53350,57.06,P027,1450,97,2023-09-08,bag 100g,0.0,Closed by cutoff,2023-09
B01527,P027,Chili,Sold Out,34,34.0,0.0,0.0,2023-11-18,68000,72.73,49300,18700,20.0,P027,1450,34,2023-10-16,bag 100g,0.0,Closed by cutoff,2023-10
B01528,P027,Chili,Partial Loss,28,26.82,1.18,4.2,2024-09-13,53640,57.37,40600,13040,13.95,P027,1450,28,2023-11-18,bag 100g,1711.0,Closed by cutoff,2023-11
B01529,P027,Chili,Partial Loss,40,39.16,0.84,2.1,2024-10-12,78320,83.76,56000,22320,23.87,P027,1400,40,2023-12-17,bag 100g,1176.0,Closed by cutoff,2023-12
B01530,P027,Chili,Sold Out,28,28.0,0.0,0.0,2024-03-03,56000,59.89,39200,16800,17.97,P027,1400,28,2024-01-21,bag 100g,0.0,Closed by cutoff,2024-01
B01531,P027,Chili,Sold Out,33,33.0,0.0,0.0,2024-03-27,66000,70.59,46200,19800,21.18,P027,1400,33,2024-02-25,bag 100g,0.0,Closed by cutoff,2024-02
B01532,P027,Chili,Sold Out,74,74.0,0.0,0.0,2024-05-05,148000,158.29,107300,40700,43.53,P027,1450,74,2024-04-03,bag 100g,0.0,Closed by cutoff,2024-04
B01533,P027,Chili,Partial Loss,69,67.0,2.0,2.9,2025-03-09,134000,143.32,100050,33950,36.31,P027,1450,69,2024-05-13,bag 100g,2900.0,Closed by cutoff,2024-05
B01534,P027,Chili,Sold Out,83,83.0,0.0,0.0,2024-07-02,166000,177.54,120350,45650,48.82,P027,1450,83,2024-06-03,bag 100g,0.0,Closed by cutoff,2024-06
B01535,P027,Chili,Sold Out,85,85.0,0.0,0.0,2024-08-04,170000,181.82,123250,46750,50.0,P027,1450,85,2024-07-13,bag 100g,0.0,Closed by cutoff,2024-07
B01536,P027,Chili,Sold Out,83,83.0,0.0,0.0,2024-09-07,166000,177.54,120350,45650,48.82,P027,1450,83,2024-08-16,bag 100g,0.0,Closed by cutoff,2024-08
B01537,P027,Chili,Sold Out,112,112.0,0.0,0.0,2024-10-27,224000,239.57,162400,61600,65.88,P027,1450,112,2024-09-22,bag 100g,0.0,Closed by cutoff,2024-09
B01538,P027,Chili,Partial Loss,27,25.95,1.05,3.9,2025-08-23,51900,55.51,39150,12750,13.64,P027,1450,27,2024-10-27,bag 100g,1522.5,After cutoff,2024-10
B01539,P027,Chili,Partial Loss,28,27.22,0.78,2.8,2025-09-21,54440,58.22,40600,13840,14.8,P027,1450,28,2024-11-25,bag 100g,1131.0,After cutoff,2024-11
B01540,P027,Chili,Sold Out,37,37.0,0.0,0.0,2025-01-30,74000,79.14,51800,22200,23.74,P027,1400,37,2025-01-06,bag 100g,0.0,Closed by cutoff,2025-01
B01541,P027,Chili,Sold Out,30,30.0,0.0,0.0,2025-03-13,60000,64.17,43500,16500,17.65,P027,1450,30,2025-02-11,bag 100g,0.0,Closed by cutoff,2025-02
B01542,P027,Chili,Partial Loss,35,34.58,0.42,1.2,2026-01-12,69160,73.97,50750,18410,19.69,P027,1450,35,2025-03-18,bag 100g,609.0,After cutoff,2025-03
B01543,P027,Chili,Sold Out,80,80.0,0.0,0.0,2025-05-27,160000,171.12,116000,44000,47.06,P027,1450,80,2025-04-16,bag 100g,0.0,Closed by cutoff,2025-04
B01544,P027,Chili,Sold Out,94,94.0,0.0,0.0,2025-06-23,188000,201.07,136300,51700,55.29,P027,1450,94,2025-06-01,bag 100g,0.0,Closed by cutoff,2025-06
B01545,P028,Chili,Sold Out,69,69.0,0.0,0.0,2023-08-11,138000,147.59,93150,44850,47.97,P028,1350,69,2023-07-14,bag 100g,0.0,Closed by cutoff,2023-07
B01546,P028,Chili,Sold Out,84,84.0,0.0,0.0,2023-09-08,168000,179.68,113400,54600,58.4,P028,1350,84,2023-08-18,bag 100g,0.0,Closed by cutoff,2023-08
B01547,P028,Chili,Sold Out,98,98.0,0.0,0.0,2023-11-01,196000,209.63,132300,63700,68.13,P028,1350,98,2023-09-25,bag 100g,0.0,Closed by cutoff,2023-09
B01548,P028,Chili,Sold Out,33,33.0,0.0,0.0,2023-11-18,66000,70.59,44550,21450,22.94,P028,1350,33,2023-10-26,bag 100g,0.0,Closed by cutoff,2023-10
B01549,P028,Chili,Partial Loss,32,31.17,0.83,2.6,2024-09-25,62340,66.67,43200,19140,20.47,P028,1350,32,2023-11-30,bag 100g,1120.5,Closed by cutoff,2023-11
B01550,P028,Chili,Partial Loss,28,26.94,1.06,3.8,2024-11-02,53880,57.63,37800,16080,17.2,P028,1350,28,2024-01-07,bag 100g,1431.0,Closed by cutoff,2024-01
B01551,P028,Chili,Partial Loss,28,27.27,0.73,2.6,2024-12-10,54540,58.33,37800,16740,17.9,P028,1350,28,2024-02-14,bag 100g,985.5,Closed by cutoff,2024-02
B01552,P028,Chili,Partial Loss,28,27.19,0.81,2.9,2025-01-14,54380,58.16,37800,16580,17.73,P028,1350,28,2024-03-20,bag 100g,1093.5,Closed by cutoff,2024-03
B01553,P028,Chili,Sold Out,68,68.0,0.0,0.0,2024-05-01,136000,145.45,91800,44200,47.27,P028,1350,68,2024-04-15,bag 100g,0.0,Closed by cutoff,2024-04
B01554,P028,Chili,Sold Out,87,87.0,0.0,0.0,2024-06-28,174000,186.1,117450,56550,60.48,P028,1350,87,2024-05-19,bag 100g,0.0,Closed by cutoff,2024-05
B01555,P028,Chili,Sold Out,90,90.0,0.0,0.0,2024-07-13,180000,192.51,121500,58500,62.57,P028,1350,90,2024-06-30,bag 100g,0.0,Closed by cutoff,2024-06
B01556,P028,Chili,Sold Out,76,76.0,0.0,0.0,2024-09-06,152000,162.57,102600,49400,52.83,P028,1350,76,2024-08-08,bag 100g,0.0,Closed by cutoff,2024-08
B01557,P028,Chili,Partial Loss,106,105.26,0.74,0.7,2025-07-03,210520,225.16,143100,67420,72.11,P028,1350,106,2024-09-06,bag 100g,999.0,After cutoff,2024-09
B01558,P028,Chili,Partial Loss,32,31.3,0.7,2.2,2025-08-04,62600,66.95,43200,19400,20.75,P028,1350,32,2024-10-08,bag 100g,944.9999999999999,After cutoff,2024-10
B01559,P028,Chili,Sold Out,33,33.0,0.0,0.0,2024-12-11,66000,70.59,44550,21450,22.94,P028,1350,33,2024-11-13,bag 100g,0.0,Closed by cutoff,2024-11
B01560,P028,Chili,Partial Loss,36,34.74,1.26,3.5,2025-10-15,69480,74.31,48600,20880,22.33,P028,1350,36,2024-12-19,bag 100g,1701.0,After cutoff,2024-12
B01561,P028,Chili,Sold Out,29,29.0,0.0,0.0,2025-01-27,58000,62.03,39150,18850,20.16,P028,1350,29,2025-01-24,bag 100g,0.0,Closed by cutoff,2025-01
B01562,P028,Chili,Partial Loss,28,27.24,0.76,2.7,2025-12-23,54480,58.27,37800,16680,17.84,P028,1350,28,2025-02-26,bag 100g,1026.0,After cutoff,2025-02
B01563,P028,Chili,Partial Loss,30,29.04,0.96,3.2,2026-01-25,58080,62.12,40500,17580,18.8,P028,1350,30,2025-03-31,bag 100g,1296.0,After cutoff,2025-03
B01564,P028,Chili,Sold Out,99,99.0,0.0,0.0,2025-06-11,198000,211.76,133650,64350,68.82,P028,1350,99,2025-05-12,bag 100g,0.0,Closed by cutoff,2025-05
B01565,P028,Chili,Sold Out,75,75.0,0.0,0.0,2025-07-18,150000,160.43,101250,48750,52.14,P028,1350,75,2025-06-16,bag 100g,0.0,After cutoff,2025-06
B01566,P029,Chili,Partial Loss,75,74.33,0.67,0.9,2024-05-21,148660,158.99,105000,43660,46.7,P029,1400,75,2023-07-26,bag 100g,938.0,Closed by cutoff,2023-07
B01567,P029,Chili,Sold Out,84,84.0,0.0,0.0,2023-10-03,168000,179.68,117600,50400,53.9,P029,1400,84,2023-08-25,bag 100g,0.0,Closed by cutoff,2023-08
B01568,P029,Chili,Sold Out,105,105.0,0.0,0.0,2023-10-25,210000,224.6,147000,63000,67.38,P029,1400,105,2023-09-25,bag 100g,0.0,Closed by cutoff,2023-09
B01569,P029,Chili,Partial Loss,33,32.08,0.92,2.8,2024-08-25,64160,68.62,46200,17960,19.21,P029,1400,33,2023-10-30,bag 100g,1288.0,Closed by cutoff,2023-10
B01570,P029,Chili,Sold Out,30,30.0,0.0,0.0,2023-12-23,60000,64.17,42000,18000,19.25,P029,1400,30,2023-11-26,bag 100g,0.0,Closed by cutoff,2023-11
B01571,P029,Chili,Partial Loss,28,27.27,0.73,2.6,2024-11-02,54540,58.33,39200,15340,16.41,P029,1400,28,2024-01-07,bag 100g,1022.0,Closed by cutoff,2024-01
B01572,P029,Chili,Partial Loss,33,32.57,0.43,1.3,2024-12-05,65140,69.67,46200,18940,20.26,P029,1400,33,2024-02-09,bag 100g,602.0,Closed by cutoff,2024-02
B01573,P029,Chili,Partial Loss,33,31.88,1.12,3.4,2025-01-13,63760,68.19,46200,17560,18.78,P029,1400,33,2024-03-19,bag 100g,1568.0000000000002,Closed by cutoff,2024-03
B01574,P029,Chili,Sold Out,83,83.0,0.0,0.0,2024-05-13,166000,177.54,116200,49800,53.26,P029,1400,83,2024-04-22,bag 100g,0.0,Closed by cutoff,2024-04
B01575,P029,Chili,Sold Out,70,70.0,0.0,0.0,2024-06-16,140000,149.73,98000,42000,44.92,P029,1400,70,2024-05-17,bag 100g,0.0,Closed by cutoff,2024-05
B01576,P029,Chili,Sold Out,72,72.0,0.0,0.0,2024-07-05,144000,154.01,100800,43200,46.2,P029,1400,72,2024-06-13,bag 100g,0.0,Closed by cutoff,2024-06
B01577,P029,Chili,Sold Out,69,69.0,0.0,0.0,2024-08-23,138000,147.59,96600,41400,44.28,P029,1400,69,2024-07-21,bag 100g,0.0,Closed by cutoff,2024-07
B01578,P029,Chili,Partial Loss,75,73.12,1.88,2.5,2025-06-18,146240,156.41,105000,41240,44.11,P029,1400,75,2024-08-22,bag 100g,2632.0,Closed by cutoff,2024-08
B01579,P029,Chili,Sold Out,108,108.0,0.0,0.0,2024-10-15,216000,231.02,162000,54000,57.75,P029,1500,108,2024-09-25,bag 100g,0.0,Closed by cutoff,2024-09
B01580,P029,Chili,Sold Out,31,31.0,0.0,0.0,2024-11-15,62000,66.31,43400,18600,19.89,P029,1400,31,2024-10-25,bag 100g,0.0,Closed by cutoff,2024-10
B01581,P029,Chili,Sold Out,34,34.0,0.0,0.0,2024-12-28,68000,72.73,47600,20400,21.82,P029,1400,34,2024-12-02,bag 100g,0.0,Closed by cutoff,2024-12
B01582,P029,Chili,Sold Out,41,41.0,0.0,0.0,2025-01-18,82000,87.7,57400,24600,26.31,P029,1400,41,2024-12-30,bag 100g,0.0,Closed by cutoff,2024-12
B01583,P029,Chili,Partial Loss,29,28.13,0.87,3.0,2025-11-20,56260,60.17,40600,15660,16.75,P029,1400,29,2025-01-24,bag 100g,1218.0,After cutoff,2025-01
B01584,P029,Chili,Sold Out,35,35.0,0.0,0.0,2025-03-10,70000,74.87,49000,21000,22.46,P029,1400,35,2025-03-01,bag 100g,0.0,Closed by cutoff,2025-03
B01585,P029,Chili,Partial Loss,33,32.31,0.69,2.1,2026-01-25,64620,69.11,46200,18420,19.7,P029,1400,33,2025-03-31,bag 100g,965.9999999999999,After cutoff,2025-03
B01586,P029,Chili,Sold Out,94,94.0,0.0,0.0,2025-05-21,188000,201.07,131600,56400,60.32,P029,1400,94,2025-04-30,bag 100g,0.0,Closed by cutoff,2025-04
B01587,P029,Chili,Sold Out,78,78.0,0.0,0.0,2025-07-19,156000,166.84,109200,46800,50.05,P029,1400,78,2025-06-12,bag 100g,0.0,After cutoff,2025-06
B01588,P030,Seasonings,Partial Loss,53,52.68,0.32,0.6,2025-01-21,79020,84.51,55650,23370,24.99,P030,1050,53,2023-07-31,bag 100g,336.0,Closed by cutoff,2023-07
B01589,P030,Seasonings,Sold Out,44,44.0,0.0,0.0,2023-11-09,66000,70.59,46200,19800,21.18,P030,1050,44,2023-10-04,bag 100g,0.0,Closed by cutoff,2023-10
B01590,P030,Seasonings,Partial Loss,43,42.48,0.52,1.2,2025-05-17,63720,68.15,45150,18570,19.86,P030,1050,43,2023-11-24,bag 100g,546.0,Closed by cutoff,2023-11
B01591,P030,Seasonings,Partial Loss,52,51.22,0.78,1.5,2025-07-21,76830,82.17,54600,22230,23.78,P030,1050,52,2024-01-28,bag 100g,819.0,After cutoff,2024-01
B01592,P030,Seasonings,Partial Loss,52,51.64,0.36,0.7,2025-09-14,77460,82.84,54600,22860,24.45,P030,1050,52,2024-03-23,bag 100g,378.0,After cutoff,2024-03
B01593,P030,Seasonings,Sold Out,45,45.0,0.0,0.0,2024-07-13,67500,72.19,47250,20250,21.66,P030,1050,45,2024-05-26,bag 100g,0.0,Closed by cutoff,2024-05
B01594,P030,Seasonings,Sold Out,43,43.0,0.0,0.0,2024-09-09,64500,68.98,45150,19350,20.7,P030,1050,43,2024-07-27,bag 100g,0.0,Closed by cutoff,2024-07
B01595,P030,Seasonings,Partial Loss,65,63.89,1.1,1.7,2026-03-07,95835,102.5,68250,27585,29.5,P030,1050,65,2024-09-13,bag 100g,1155.0,After cutoff,2024-09
B01596,P030,Seasonings,Partial Loss,44,43.52,0.48,1.1,2026-04-19,65280,69.82,46200,19080,20.41,P030,1050,44,2024-10-26,bag 100g,504.0,After cutoff,2024-10
B01597,P030,Seasonings,Partial Loss,64,63.42,0.58,0.9,2026-06-21,95130,101.74,67200,27930,29.87,P030,1050,64,2024-12-28,bag 100g,609.0,After cutoff,2024-12
B01598,P030,Seasonings,Partial Loss,52,51.84,0.16,0.3,2026-08-08,77760,83.17,54600,23160,24.77,P030,1050,52,2025-02-14,bag 100g,168.0,After cutoff,2025-02
B01599,P030,Seasonings,Sold Out,49,49.0,0.0,0.0,2025-06-17,73500,78.61,51450,22050,23.58,P030,1050,49,2025-04-30,bag 100g,0.0,Closed by cutoff,2025-04
B01600,P031,Seasonings,Sold Out,44,44.0,0.0,0.0,2023-09-07,66000,70.59,46200,19800,21.18,P031,1050,44,2023-07-20,bag 100g,0.0,Closed by cutoff,2023-07
B01601,P031,Seasonings,Sold Out,61,61.0,0.0,0.0,2023-10-22,91500,97.86,64050,27450,29.36,P031,1050,61,2023-09-06,bag 100g,0.0,Closed by cutoff,2023-09
B01602,P031,Seasonings,Sold Out,44,44.0,0.0,0.0,2024-01-23,66000,70.59,46200,19800,21.18,P031,1050,44,2023-11-02,bag 100g,0.0,Closed by cutoff,2023-11
B01603,P031,Seasonings,Sold Out,45,45.0,0.0,0.0,2024-02-12,67500,72.19,47250,20250,21.66,P031,1050,45,2024-01-05,bag 100g,0.0,Closed by cutoff,2024-01
B01604,P031,Seasonings,Sold Out,48,48.0,0.0,0.0,2024-04-15,72000,77.01,50400,21600,23.1,P031,1050,48,2024-02-25,bag 100g,0.0,Closed by cutoff,2024-02
B01605,P031,Seasonings,Partial Loss,56,55.5,0.5,0.9,2025-10-08,83250,89.04,58800,24450,26.15,P031,1050,56,2024-04-16,bag 100g,525.0,After cutoff,2024-04
B01606,P031,Seasonings,Partial Loss,57,56.94,0.06,0.1,2025-11-18,85410,91.35,59850,25560,27.34,P031,1050,57,2024-05-27,bag 100g,63.0,After cutoff,2024-05
B01607,P031,Seasonings,Sold Out,47,47.0,0.0,0.0,2024-10-10,70500,75.4,49350,21150,22.62,P031,1050,47,2024-08-07,bag 100g,0.0,Closed by cutoff,2024-08
B01608,P031,Seasonings,Sold Out,44,44.0,0.0,0.0,2024-11-04,66000,70.59,46200,19800,21.18,P031,1050,44,2024-10-06,bag 100g,0.0,Closed by cutoff,2024-10
B01609,P031,Seasonings,Sold Out,56,56.0,0.0,0.0,2025-01-28,84000,89.84,58800,25200,26.95,P031,1050,56,2024-11-30,bag 100g,0.0,Closed by cutoff,2024-11
B01610,P031,Seasonings,Sold Out,52,52.0,0.0,0.0,2025-04-21,78000,83.42,54600,23400,25.03,P031,1050,52,2025-02-08,bag 100g,0.0,Closed by cutoff,2025-02
B01611,P031,Seasonings,Partial Loss,50,49.45,0.55,1.1,2026-10-10,74175,79.33,52500,21675,23.18,P031,1050,50,2025-04-18,bag 100g,577.5,After cutoff,2025-04
B01612,P031,Seasonings,Sold Out,51,51.0,0.0,0.0,2025-07-15,76500,81.82,53550,22950,24.55,P031,1050,51,2025-06-07,bag 100g,0.0,After cutoff,2025-06
B01613,P032,Seasonings,Sold Out,55,55.0,0.0,0.0,2023-10-02,55000,58.82,38500,16500,17.65,P032,700,55,2023-08-13,bag 50g,0.0,Closed by cutoff,2023-08
B01614,P032,Seasonings,Sold Out,49,49.0,0.0,0.0,2023-12-11,49000,52.41,34300,14700,15.72,P032,700,49,2023-10-14,bag 50g,0.0,Closed by cutoff,2023-10
B01615,P032,Seasonings,Sold Out,51,51.0,0.0,0.0,2024-01-21,51000,54.55,35700,15300,16.36,P032,700,51,2023-11-24,bag 50g,0.0,Closed by cutoff,2023-11
B01616,P032,Seasonings,Sold Out,52,52.0,0.0,0.0,2024-03-07,52000,55.61,36400,15600,16.68,P032,700,52,2024-02-05,bag 50g,0.0,Closed by cutoff,2024-02
B01617,P032,Seasonings,Partial Loss,54,53.08,0.92,1.7,2025-10-04,53080,56.77,37800,15280,16.34,P032,700,54,2024-04-12,bag 50g,644.0,After cutoff,2024-04
B01618,P032,Seasonings,Partial Loss,51,50.18,0.82,1.6,2025-12-12,50180,53.67,35700,14480,15.49,P032,700,51,2024-06-20,bag 50g,574.0,After cutoff,2024-06
B01619,P032,Seasonings,Sold Out,44,44.0,0.0,0.0,2024-10-23,44000,47.06,30800,13200,14.12,P032,700,44,2024-08-15,bag 50g,0.0,Closed by cutoff,2024-08
B01620,P032,Seasonings,Sold Out,57,57.0,0.0,0.0,2024-12-21,57000,60.96,39900,17100,18.29,P032,700,57,2024-10-15,bag 50g,0.0,Closed by cutoff,2024-10
B01621,P032,Seasonings,Partial Loss,59,58.47,0.53,0.9,2026-05-25,58470,62.53,41300,17170,18.36,P032,700,59,2024-12-01,bag 50g,371.0,After cutoff,2024-12
B01622,P032,Seasonings,Sold Out,56,56.0,0.0,0.0,2025-03-19,56000,59.89,39200,16800,17.97,P032,700,56,2025-01-25,bag 50g,0.0,Closed by cutoff,2025-01
B01623,P032,Seasonings,Sold Out,52,52.0,0.0,0.0,2025-05-14,52000,55.61,36400,15600,16.68,P032,700,52,2025-04-01,bag 50g,0.0,Closed by cutoff,2025-04
B01624,P032,Seasonings,Sold Out,48,48.0,0.0,0.0,2025-06-21,48000,51.34,33600,14400,15.4,P032,700,48,2025-05-20,bag 50g,0.0,Closed by cutoff,2025-05
B01625,P033,Seasonings,Sold Out,44,44.0,0.0,0.0,2023-08-27,88000,94.12,63800,24200,25.88,P033,1450,44,2023-07-14,bag 100g,0.0,Closed by cutoff,2023-07
B01626,P033,Seasonings,Sold Out,58,58.0,0.0,0.0,2023-10-30,116000,124.06,84100,31900,34.12,P033,1450,58,2023-09-09,bag 100g,0.0,Closed by cutoff,2023-09
B01627,P033,Seasonings,Sold Out,44,44.0,0.0,0.0,2024-01-06,88000,94.12,63800,24200,25.88,P033,1450,44,2023-11-13,bag 100g,0.0,Closed by cutoff,2023-11
B01628,P033,Seasonings,Sold Out,57,57.0,0.0,0.0,2024-02-28,114000,121.93,82650,31350,33.53,P033,1450,57,2024-01-21,bag 100g,0.0,Closed by cutoff,2024-01
B01629,P033,Seasonings,Partial Loss,53,52.31,0.69,1.3,2025-09-05,104620,111.89,76850,27770,29.7,P033,1450,53,2024-03-14,bag 100g,1000.4999999999999,After cutoff,2024-03
B01630,P033,Seasonings,Sold Out,44,44.0,0.0,0.0,2024-07-05,88000,94.12,59400,28600,30.59,P033,1350,44,2024-05-27,bag 100g,0.0,Closed by cutoff,2024-05
B01631,P033,Seasonings,Sold Out,54,54.0,0.0,0.0,2024-09-17,108000,115.51,78300,29700,31.76,P033,1450,54,2024-07-29,bag 100g,0.0,Closed by cutoff,2024-07
B01632,P033,Seasonings,Sold Out,59,59.0,0.0,0.0,2024-11-10,118000,126.2,85550,32450,34.71,P033,1450,59,2024-09-22,bag 100g,0.0,Closed by cutoff,2024-09
B01633,P033,Seasonings,Sold Out,52,52.0,0.0,0.0,2024-12-08,104000,111.23,75400,28600,30.59,P033,1450,52,2024-11-12,bag 100g,0.0,Closed by cutoff,2024-11
B01634,P033,Seasonings,Sold Out,53,53.0,0.0,0.0,2025-03-17,106000,113.37,71550,34450,36.84,P033,1350,53,2025-01-18,bag 100g,0.0,Closed by cutoff,2025-01
B01635,P033,Seasonings,Sold Out,46,46.0,0.0,0.0,2025-05-27,92000,98.4,66700,25300,27.06,P033,1450,46,2025-03-22,bag 100g,0.0,Closed by cutoff,2025-03
B01636,P033,Seasonings,Partial Loss,55,54.28,0.71,1.3,2026-10-30,108560,116.11,79750,28810,30.81,P033,1450,55,2025-05-08,bag 100g,1029.5,After cutoff,2025-05
B01637,P034,Seasonings,Partial Loss,43,42.61,0.39,0.9,2024-12-23,42610,45.57,27950,14660,15.68,P034,650,43,2023-07-02,bag 50g,253.5,Closed by cutoff,2023-07
B01638,P034,Seasonings,Partial Loss,47,46.77,0.24,0.5,2025-02-18,46770,50.02,30550,16220,17.35,P034,650,47,2023-08-28,bag 50g,156.0,Closed by cutoff,2023-08
B01639,P034,Seasonings,Partial Loss,43,42.4,0.6,1.4,2025-04-03,42400,45.35,27950,14450,15.45,P034,650,43,2023-10-11,bag 50g,390.0,Closed by cutoff,2023-10
B01640,P034,Seasonings,Sold Out,73,73.0,0.0,0.0,2024-01-10,73000,78.07,47450,25550,27.33,P034,650,73,2023-12-04,bag 50g,0.0,Closed by cutoff,2023-12
B01641,P034,Seasonings,Sold Out,57,57.0,0.0,0.0,2024-04-04,57000,60.96,37050,19950,21.34,P034,650,57,2024-02-01,bag 50g,0.0,Closed by cutoff,2024-02
B01642,P034,Seasonings,Sold Out,51,51.0,0.0,0.0,2024-05-11,51000,54.55,33150,17850,19.09,P034,650,51,2024-03-19,bag 50g,0.0,Closed by cutoff,2024-03
B01643,P034,Seasonings,Sold Out,50,50.0,0.0,0.0,2024-06-16,50000,53.48,32500,17500,18.72,P034,650,50,2024-05-29,bag 50g,0.0,Closed by cutoff,2024-05
B01644,P034,Seasonings,Partial Loss,57,56.14,0.85,1.5,2026-01-14,56140,60.04,37050,19090,20.42,P034,650,57,2024-07-23,bag 50g,552.5,After cutoff,2024-07
B01645,P034,Seasonings,Partial Loss,66,65.34,0.66,1.0,2026-03-15,65340,69.88,42900,22440,24.0,P034,650,66,2024-09-21,bag 50g,429.0,After cutoff,2024-09
B01646,P034,Seasonings,Partial Loss,57,56.14,0.85,1.5,2026-05-06,56140,60.04,37050,19090,20.42,P034,650,57,2024-11-12,bag 50g,552.5,After cutoff,2024-11
B01647,P034,Seasonings,Partial Loss,58,57.25,0.75,1.3,2026-06-16,57250,61.23,37700,19550,20.91,P034,650,58,2024-12-23,bag 50g,487.5,After cutoff,2024-12
B01648,P034,Seasonings,Sold Out,49,49.0,0.0,0.0,2025-05-07,49000,52.41,31850,17150,18.34,P034,650,49,2025-02-16,bag 50g,0.0,Closed by cutoff,2025-02
B01649,P034,Seasonings,Sold Out,50,50.0,0.0,0.0,2025-05-10,50000,53.48,32500,17500,18.72,P034,650,50,2025-04-12,bag 50g,0.0,Closed by cutoff,2025-04
B01650,P034,Seasonings,Sold Out,51,51.0,0.0,0.0,2025-07-02,51000,54.55,33150,17850,19.09,P034,650,51,2025-06-19,bag 50g,0.0,After cutoff,2025-06
B01651,P035,Seasonings,Partial Loss,50,49.35,0.65,1.3,2025-01-28,74025,79.17,52500,21525,23.02,P035,1050,50,2023-08-07,bag 100g,682.5,Closed by cutoff,2023-08
B01652,P035,Seasonings,Sold Out,54,54.0,0.0,0.0,2023-12-26,81000,86.63,56700,24300,25.99,P035,1050,54,2023-10-08,bag 100g,0.0,Closed by cutoff,2023-10
B01653,P035,Seasonings,Sold Out,67,67.0,0.0,0.0,2024-01-28,100500,107.49,70350,30150,32.25,P035,1050,67,2023-12-15,bag 100g,0.0,Closed by cutoff,2023-12
B01654,P035,Seasonings,Partial Loss,48,47.47,0.53,1.1,2025-08-09,71205,76.16,50400,20805,22.25,P035,1050,48,2024-02-16,bag 100g,556.5,After cutoff,2024-02
B01655,P035,Seasonings,Partial Loss,45,44.69,0.32,0.7,2025-10-14,67035,71.7,47250,19785,21.16,P035,1050,45,2024-04-22,bag 100g,336.0,After cutoff,2024-04
B01656,P035,Seasonings,Sold Out,54,54.0,0.0,0.0,2024-07-28,81000,86.63,56700,24300,25.99,P035,1050,54,2024-06-27,bag 100g,0.0,Closed by cutoff,2024-06
B01657,P035,Seasonings,Partial Loss,43,42.4,0.6,1.4,2026-02-13,63600,68.02,45150,18450,19.73,P035,1050,43,2024-08-22,bag 100g,630.0,After cutoff,2024-08
B01658,P035,Seasonings,Sold Out,45,45.0,0.0,0.0,2024-12-07,67500,72.19,47250,20250,21.66,P035,1050,45,2024-10-03,bag 100g,0.0,Closed by cutoff,2024-10
B01659,P035,Seasonings,Partial Loss,52,51.43,0.57,1.1,2026-05-16,77145,82.51,54600,22545,24.11,P035,1050,52,2024-11-22,bag 100g,598.5,After cutoff,2024-11
B01660,P035,Seasonings,Sold Out,58,58.0,0.0,0.0,2025-02-27,87000,93.05,60900,26100,27.91,P035,1050,58,2025-01-20,bag 100g,0.0,Closed by cutoff,2025-01
B01661,P035,Seasonings,Sold Out,52,52.0,0.0,0.0,2025-05-22,78000,83.42,54600,23400,25.03,P035,1050,52,2025-03-24,bag 100g,0.0,Closed by cutoff,2025-03
B01662,P035,Seasonings,Partial Loss,52,51.01,0.99,1.9,2026-11-14,76515,81.83,54600,21915,23.44,P035,1050,52,2025-05-23,bag 100g,1039.5,After cutoff,2025-05
B01663,P036,Seasonings,Partial Loss,51,50.59,0.41,0.8,2025-01-24,75885,81.16,53550,22335,23.89,P036,1050,51,2023-08-03,bag 100g,430.5,Closed by cutoff,2023-08
B01664,P036,Seasonings,Sold Out,54,54.0,0.0,0.0,2023-10-30,81000,86.63,56700,24300,25.99,P036,1050,54,2023-09-27,bag 100g,0.0,Closed by cutoff,2023-09
B01665,P036,Seasonings,Sold Out,51,51.0,0.0,0.0,2024-01-09,76500,81.82,53550,22950,24.55,P036,1050,51,2023-11-21,bag 100g,0.0,Closed by cutoff,2023-11
B01666,P036,Seasonings,Sold Out,56,56.0,0.0,0.0,2024-02-28,84000,89.84,58800,25200,26.95,P036,1050,56,2024-02-06,bag 100g,0.0,Closed by cutoff,2024-02
B01667,P036,Seasonings,Partial Loss,48,47.28,0.72,1.5,2025-09-24,70920,75.85,50400,20520,21.95,P036,1050,48,2024-04-02,bag 100g,756.0,After cutoff,2024-04
B01668,P036,Seasonings,Sold Out,52,52.0,0.0,0.0,2024-07-07,78000,83.42,54600,23400,25.03,P036,1050,52,2024-05-18,bag 100g,0.0,Closed by cutoff,2024-05
B01669,P036,Seasonings,Sold Out,46,46.0,0.0,0.0,2024-08-26,69000,73.8,48300,20700,22.14,P036,1050,46,2024-07-14,bag 100g,0.0,Closed by cutoff,2024-07
B01670,P036,Seasonings,Partial Loss,44,43.34,0.66,1.5,2026-02-22,65010,69.53,46200,18810,20.12,P036,1050,44,2024-08-31,bag 100g,693.0,After cutoff,2024-08
B01671,P036,Seasonings,Sold Out,46,46.0,0.0,0.0,2024-12-25,69000,73.8,48300,20700,22.14,P036,1050,46,2024-11-02,bag 100g,0.0,Closed by cutoff,2024-11
B01672,P036,Seasonings,Partial Loss,56,55.1,0.9,1.6,2026-06-27,82650,88.4,58800,23850,25.51,P036,1050,56,2025-01-03,bag 100g,945.0,After cutoff,2025-01
B01673,P036,Seasonings,Partial Loss,46,45.49,0.51,1.1,2026-08-21,68235,72.98,48300,19935,21.32,P036,1050,46,2025-02-27,bag 100g,535.5,After cutoff,2025-02
B01674,P036,Seasonings,Partial Loss,56,55.44,0.56,1.0,2026-10-13,83160,88.94,58800,24360,26.05,P036,1050,56,2025-04-21,bag 100g,588.0,After cutoff,2025-04
B01675,P037,Seasonings,Partial Loss,46,45.72,0.28,0.6,2025-01-25,68580,73.35,46000,22580,24.15,P037,1000,46,2023-08-04,bag 100g,280.0,Closed by cutoff,2023-08
B01676,P037,Seasonings,Partial Loss,58,57.48,0.52,0.9,2025-03-21,86220,92.21,58000,28220,30.18,P037,1000,58,2023-09-28,bag 100g,520.0,Closed by cutoff,2023-09
B01677,P037,Seasonings,Sold Out,53,53.0,0.0,0.0,2025-04-30,79500,85.03,53000,26500,28.34,P037,1000,53,2023-11-07,bag 100g,0.0,Closed by cutoff,2023-11
B01678,P037,Seasonings,Partial Loss,43,42.35,0.65,1.5,2025-06-28,63525,67.94,43000,20525,21.95,P037,1000,43,2024-01-05,bag 100g,650.0,Closed by cutoff,2024-01
B01679,P037,Seasonings,Sold Out,49,49.0,0.0,0.0,2024-04-23,73500,78.61,49000,24500,26.2,P037,1000,49,2024-03-12,bag 100g,0.0,Closed by cutoff,2024-03
B01680,P037,Seasonings,Sold Out,47,47.0,0.0,0.0,2024-06-28,70500,75.4,47000,23500,25.13,P037,1000,47,2024-06-01,bag 100g,0.0,Closed by cutoff,2024-06
B01681,P037,Seasonings,Sold Out,45,45.0,0.0,0.0,2024-09-12,67500,72.19,45000,22500,24.06,P037,1000,45,2024-08-02,bag 100g,0.0,Closed by cutoff,2024-08
B01682,P037,Seasonings,Sold Out,64,64.0,0.0,0.0,2024-11-15,96000,102.67,64000,32000,34.22,P037,1000,64,2024-09-28,bag 100g,0.0,Closed by cutoff,2024-09
B01683,P037,Seasonings,Sold Out,70,70.0,0.0,0.0,2025-01-18,105000,112.3,70000,35000,37.43,P037,1000,70,2024-12-15,bag 100g,0.0,Closed by cutoff,2024-12
B01684,P037,Seasonings,Sold Out,49,49.0,0.0,0.0,2025-03-27,73500,78.61,49000,24500,26.2,P037,1000,49,2025-02-04,bag 100g,0.0,Closed by cutoff,2025-02
B01685,P037,Seasonings,Sold Out,48,48.0,0.0,0.0,2025-05-26,72000,77.01,48000,24000,25.67,P037,1000,48,2025-04-06,bag 100g,0.0,Closed by cutoff,2025-04
B01686,P037,Seasonings,Sold Out,58,58.0,0.0,0.0,2025-07-28,87000,93.05,58000,29000,31.02,P037,1000,58,2025-06-03,bag 100g,0.0,After cutoff,2025-06
B01687,P038,Seasonings,Sold Out,73,73.0,0.0,0.0,2023-08-14,109500,117.11,76650,32850,35.13,P038,1050,73,2023-07-18,bag 100g,0.0,Closed by cutoff,2023-07
B01688,P038,Seasonings,Sold Out,96,96.0,0.0,0.0,2023-10-18,144000,154.01,100800,43200,46.2,P038,1050,96,2023-09-07,bag 100g,0.0,Closed by cutoff,2023-09
B01689,P038,Seasonings,Partial Loss,27,26.54,0.46,1.7,2025-04-15,39810,42.58,28350,11460,12.26,P038,1050,27,2023-10-23,bag 100g,483.0,Closed by cutoff,2023-10
B01690,P038,Seasonings,Sold Out,43,43.0,0.0,0.0,2024-01-01,64500,68.98,45150,19350,20.7,P038,1050,43,2023-12-02,bag 100g,0.0,Closed by cutoff,2023-12
B01691,P038,Seasonings,Partial Loss,27,26.65,0.35,1.3,2025-07-24,39975,42.75,28350,11625,12.43,P038,1050,27,2024-01-31,bag 100g,367.5,After cutoff,2024-01
B01692,P038,Seasonings,Partial Loss,32,31.26,0.74,2.3,2025-09-18,46890,50.15,33600,13290,14.21,P038,1050,32,2024-03-27,bag 100g,777.0,After cutoff,2024-03
B01693,P038,Seasonings,Sold Out,78,78.0,0.0,0.0,2024-07-05,117000,125.13,81900,35100,37.54,P038,1050,78,2024-05-09,bag 100g,0.0,Closed by cutoff,2024-05
B01694,P038,Seasonings,Partial Loss,68,67.18,0.82,1.2,2025-12-29,100770,107.78,71400,29370,31.41,P038,1050,68,2024-07-07,bag 100g,861.0,After cutoff,2024-07
B01695,P038,Seasonings,Sold Out,98,98.0,0.0,0.0,2024-11-14,147000,157.22,102900,44100,47.17,P038,1050,98,2024-09-22,bag 100g,0.0,Closed by cutoff,2024-09
B01696,P038,Seasonings,Sold Out,42,42.0,0.0,0.0,2025-02-09,63000,67.38,44100,18900,20.21,P038,1050,42,2024-12-07,bag 100g,0.0,Closed by cutoff,2024-12
B01697,P038,Seasonings,Partial Loss,36,35.71,0.29,0.8,2026-07-28,53565,57.29,37800,15765,16.86,P038,1050,36,2025-02-03,bag 100g,304.5,After cutoff,2025-02
B01698,P038,Seasonings,Partial Loss,82,81.75,0.25,0.3,2026-10-05,122625,131.15,86100,36525,39.06,P038,1050,82,2025-04-13,bag 100g,262.5,After cutoff,2025-04
B01699,P038,Seasonings,Sold Out,82,82.0,0.0,0.0,2025-08-31,123000,131.55,86100,36900,39.47,P038,1050,82,2025-06-20,bag 100g,0.0,After cutoff,2025-06
B01700,P039,Seasonings,Sold Out,45,45.0,0.0,0.0,2023-09-17,67500,72.19,47250,20250,21.66,P039,1050,45,2023-08-15,bag 100g,0.0,Closed by cutoff,2023-08
B01701,P039,Seasonings,Sold Out,49,49.0,0.0,0.0,2023-12-27,73500,78.61,51450,22050,23.58,P039,1050,49,2023-10-22,bag 100g,0.0,Closed by cutoff,2023-10
B01702,P039,Seasonings,Sold Out,63,63.0,0.0,0.0,2024-01-14,94500,101.07,66150,28350,30.32,P039,1050,63,2023-12-11,bag 100g,0.0,Closed by cutoff,2023-12
B01703,P039,Seasonings,Sold Out,55,55.0,0.0,0.0,2024-04-28,82500,88.24,57750,24750,26.47,P039,1050,55,2024-02-06,bag 100g,0.0,Closed by cutoff,2024-02
B01704,P039,Seasonings,Sold Out,57,57.0,0.0,0.0,2024-06-20,85500,91.44,59850,25650,27.43,P039,1050,57,2024-04-19,bag 100g,0.0,Closed by cutoff,2024-04
B01705,P039,Seasonings,Partial Loss,56,55.33,0.67,1.2,2025-11-19,82995,88.76,58800,24195,25.88,P039,1050,56,2024-05-28,bag 100g,703.5,After cutoff,2024-05
B01706,P039,Seasonings,Partial Loss,45,44.73,0.27,0.6,2026-01-18,67095,71.76,47250,19845,21.22,P039,1050,45,2024-07-27,bag 100g,283.5,After cutoff,2024-07
B01707,P039,Seasonings,Partial Loss,65,64.28,0.71,1.1,2026-03-19,96420,103.12,68250,28170,30.13,P039,1050,65,2024-09-25,bag 100g,745.5,After cutoff,2024-09
B01708,P039,Seasonings,Sold Out,43,43.0,0.0,0.0,2025-01-09,64500,68.98,45150,19350,20.7,P039,1050,43,2024-11-23,bag 100g,0.0,Closed by cutoff,2024-11
B01709,P039,Seasonings,Partial Loss,55,54.67,0.33,0.6,2026-07-14,82005,87.71,57750,24255,25.94,P039,1050,55,2025-01-20,bag 100g,346.5,After cutoff,2025-01
B01710,P039,Seasonings,Sold Out,54,54.0,0.0,0.0,2025-04-12,81000,86.63,56700,24300,25.99,P039,1050,54,2025-03-15,bag 100g,0.0,Closed by cutoff,2025-03
B01711,P039,Seasonings,Partial Loss,55,54.45,0.55,1.0,2026-10-28,81675,87.35,57750,23925,25.59,P039,1050,55,2025-05-06,bag 100g,577.5,After cutoff,2025-05
B01712,P040,Seasonings,Sold Out,54,54.0,0.0,0.0,2023-10-08,108000,115.51,78300,29700,31.76,P040,1450,54,2023-08-19,bag 50g,0.0,Closed by cutoff,2023-08
B01713,P040,Seasonings,Sold Out,57,57.0,0.0,0.0,2023-12-04,114000,121.93,76950,37050,39.63,P040,1350,57,2023-10-27,bag 50g,0.0,Closed by cutoff,2023-10
B01714,P040,Seasonings,Sold Out,46,46.0,0.0,0.0,2024-03-03,92000,98.4,62100,29900,31.98,P040,1350,46,2024-01-04,bag 50g,0.0,Closed by cutoff,2024-01
B01715,P040,Seasonings,Sold Out,56,56.0,0.0,0.0,2024-04-24,112000,119.79,75600,36400,38.93,P040,1350,56,2024-03-08,bag 50g,0.0,Closed by cutoff,2024-03
B01716,P040,Seasonings,Partial Loss,56,55.66,0.34,0.6,2025-10-29,111320,119.06,75600,35720,38.2,P040,1350,56,2024-05-07,bag 50g,459.00000000000006,After cutoff,2024-05
B01717,P040,Seasonings,Partial Loss,50,49.15,0.85,1.7,2025-12-22,98300,105.13,72500,25800,27.59,P040,1450,50,2024-06-30,bag 50g,1232.5,After cutoff,2024-06
B01718,P040,Seasonings,Partial Loss,56,55.61,0.39,0.7,2026-02-24,111220,118.95,75600,35620,38.1,P040,1350,56,2024-09-02,bag 50g,526.5,After cutoff,2024-09
B01719,P040,Seasonings,Partial Loss,55,54.45,0.55,1.0,2026-04-24,108900,116.47,74250,34650,37.06,P040,1350,55,2024-10-31,bag 50g,742.5000000000001,After cutoff,2024-10
B01720,P040,Seasonings,Sold Out,73,73.0,0.0,0.0,2025-03-08,146000,156.15,98550,47450,50.75,P040,1350,73,2024-12-29,bag 50g,0.0,Closed by cutoff,2024-12
B01721,P040,Seasonings,Partial Loss,51,50.13,0.87,1.7,2026-08-14,100260,107.23,68850,31410,33.59,P040,1350,51,2025-02-20,bag 50g,1174.5,After cutoff,2025-02
B01722,P040,Seasonings,Sold Out,58,58.0,0.0,0.0,2025-05-22,116000,124.06,78300,37700,40.32,P040,1350,58,2025-04-16,bag 50g,0.0,Closed by cutoff,2025-04
B01723,P040,Seasonings,Sold Out,46,46.0,0.0,0.0,2025-08-23,92000,98.4,62100,29900,31.98,P040,1350,46,2025-06-11,bag 50g,0.0,After cutoff,2025-06
B01724,P041,Honey,Sold Out,24,24.0,0.0,0.0,2023-11-11,108000,115.51,75600,32400,34.65,P041,3150,24,2023-08-29,bottle 500g,0.0,Closed by cutoff,2023-08
B01725,P041,Honey,Sold Out,21,21.0,0.0,0.0,2023-11-22,94500,101.07,66150,28350,30.32,P041,3150,21,2023-10-14,bottle 500g,0.0,Closed by cutoff,2023-10
B01726,P041,Honey,Partial Loss,35,33.91,1.08,3.1,2025-12-11,152595,163.2,110250,42345,45.29,P041,3150,35,2023-12-12,bottle 500g,3402.0,After cutoff,2023-12
B01727,P041,Honey,Partial Loss,27,25.84,1.16,4.3,2026-02-12,116280,124.36,85050,31230,33.4,P041,3150,27,2024-02-13,bottle 500g,3653.9999999999995,After cutoff,2024-02
B01728,P041,Honey,Sold Out,23,23.0,0.0,0.0,2024-04-28,103500,110.7,72450,31050,33.21,P041,3150,23,2024-03-24,bottle 500g,0.0,Closed by cutoff,2024-03
B01729,P041,Honey,Sold Out,26,26.0,0.0,0.0,2024-06-26,117000,125.13,81900,35100,37.54,P041,3150,26,2024-05-20,bottle 500g,0.0,Closed by cutoff,2024-05
B01730,P041,Honey,Sold Out,20,20.0,0.0,0.0,2024-08-31,90000,96.26,67000,23000,24.6,P041,3350,20,2024-07-14,bottle 500g,0.0,Closed by cutoff,2024-07
B01731,P041,Honey,Sold Out,32,32.0,0.0,0.0,2024-10-19,144000,154.01,100800,43200,46.2,P041,3150,32,2024-09-26,bottle 500g,0.0,Closed by cutoff,2024-09
B01732,P041,Honey,Partial Loss,24,23.11,0.89,3.7,2026-11-14,103995,111.22,75600,28395,30.37,P041,3150,24,2024-11-14,bottle 500g,2803.5,After cutoff,2024-11
B01733,P041,Honey,Partial Loss,25,24.12,0.88,3.5,2027-01-28,108540,116.09,78750,29790,31.86,P041,3150,25,2025-01-28,bottle 500g,2772.0,After cutoff,2025-01
B01734,P041,Honey,Sold Out,27,27.0,0.0,0.0,2025-05-19,121500,129.95,90450,31050,33.21,P041,3350,27,2025-03-12,bottle 500g,0.0,Closed by cutoff,2025-03
B01735,P041,Honey,Partial Loss,23,22.43,0.58,2.5,2027-05-26,100935,107.95,72450,28485,30.47,P041,3150,23,2025-05-26,bottle 500g,1826.9999999999998,After cutoff,2025-05
B01736,P042,Honey,Sold Out,26,26.0,0.0,0.0,2023-10-02,143000,152.94,104000,39000,41.71,P042,4000,26,2023-08-03,bottle 500g,0.0,Closed by cutoff,2023-08
B01737,P042,Honey,Sold Out,26,26.0,0.0,0.0,2023-11-11,143000,152.94,104000,39000,41.71,P042,4000,26,2023-10-02,bottle 500g,0.0,Closed by cutoff,2023-10
B01738,P042,Honey,Sold Out,30,30.0,0.0,0.0,2024-02-19,165000,176.47,120000,45000,48.13,P042,4000,30,2023-12-02,bottle 500g,0.0,Closed by cutoff,2023-12
B01739,P042,Honey,Sold Out,28,28.0,0.0,0.0,2024-03-17,154000,164.71,112000,42000,44.92,P042,4000,28,2024-02-01,bottle 500g,0.0,Closed by cutoff,2024-02
B01740,P042,Honey,Sold Out,27,27.0,0.0,0.0,2024-05-28,148500,158.82,108000,40500,43.32,P042,4000,27,2024-04-11,bottle 500g,0.0,Closed by cutoff,2024-04
B01741,P042,Honey,Partial Loss,25,24.77,0.22,0.9,2026-06-22,136235,145.71,100000,36235,38.75,P042,4000,25,2024-06-22,bottle 500g,880.0,After cutoff,2024-06
B01742,P042,Honey,Partial Loss,25,24.4,0.6,2.4,2026-08-23,134200,143.53,101250,32950,35.24,P042,4050,25,2024-08-23,bottle 500g,2430.0,After cutoff,2024-08
B01743,P042,Honey,Sold Out,20,20.0,0.0,0.0,2024-11-10,110000,117.65,80000,30000,32.09,P042,4000,20,2024-10-07,bottle 500g,0.0,Closed by cutoff,2024-10
B01744,P042,Honey,Sold Out,32,32.0,0.0,0.0,2025-02-02,176000,188.24,128000,48000,51.34,P042,4000,32,2024-12-11,bottle 500g,0.0,Closed by cutoff,2024-12
B01745,P042,Honey,Sold Out,26,26.0,0.0,0.0,2025-04-06,143000,152.94,104000,39000,41.71,P042,4000,26,2025-02-10,bottle 500g,0.0,Closed by cutoff,2025-02
B01746,P042,Honey,Sold Out,26,26.0,0.0,0.0,2025-06-25,143000,152.94,104000,39000,41.71,P042,4000,26,2025-04-27,bottle 500g,0.0,Closed by cutoff,2025-04
B01747,P042,Honey,Partial Loss,30,29.43,0.57,1.9,2027-06-21,161865,173.12,120000,41865,44.78,P042,4000,30,2025-06-21,bottle 500g,2280.0,After cutoff,2025-06
B01748,P043,Honey,Sold Out,22,22.0,0.0,0.0,2023-08-07,110000,117.65,75900,34100,36.47,P043,3450,22,2023-07-05,bottle 500g,0.0,Closed by cutoff,2023-07
B01749,P043,Honey,Sold Out,27,27.0,0.0,0.0,2023-10-20,135000,144.39,93150,41850,44.76,P043,3450,27,2023-09-04,bottle 500g,0.0,Closed by cutoff,2023-09
B01750,P043,Honey,Partial Loss,23,22.33,0.67,2.9,2025-11-05,111650,119.41,79350,32300,34.55,P043,3450,23,2023-11-06,bottle 500g,2311.5,After cutoff,2023-11
B01751,P043,Honey,Sold Out,25,25.0,0.0,0.0,2024-03-16,125000,133.69,86250,38750,41.44,P043,3450,25,2024-02-02,bottle 500g,0.0,Closed by cutoff,2024-02
B01752,P043,Honey,Partial Loss,27,26.0,1.0,3.7,2026-04-02,130000,139.04,93150,36850,39.41,P043,3450,27,2024-04-02,bottle 500g,3450.0,After cutoff,2024-04
B01753,P043,Honey,Sold Out,27,27.0,0.0,0.0,2024-07-27,135000,144.39,93150,41850,44.76,P043,3450,27,2024-05-26,bottle 500g,0.0,Closed by cutoff,2024-05
B01754,P043,Honey,Sold Out,24,24.0,0.0,0.0,2024-09-26,120000,128.34,82800,37200,39.79,P043,3450,24,2024-08-07,bottle 500g,0.0,Closed by cutoff,2024-08
B01755,P043,Honey,Sold Out,25,25.0,0.0,0.0,2024-11-20,125000,133.69,86250,38750,41.44,P043,3450,25,2024-10-06,bottle 500g,0.0,Closed by cutoff,2024-10
B01756,P043,Honey,Sold Out,26,26.0,0.0,0.0,2025-01-11,130000,139.04,89700,40300,43.1,P043,3450,26,2024-11-24,bottle 500g,0.0,Closed by cutoff,2024-11
B01757,P043,Honey,Partial Loss,26,24.83,1.17,4.5,2027-01-13,124150,132.78,89700,34450,36.84,P043,3450,26,2025-01-13,bottle 500g,4036.4999999999995,After cutoff,2025-01
B01758,P043,Honey,Partial Loss,29,28.22,0.78,2.7,2027-03-04,141100,150.91,100050,41050,43.9,P043,3450,29,2025-03-04,bottle 500g,2691.0,After cutoff,2025-03
B01759,P043,Honey,Sold Out,24,24.0,0.0,0.0,2025-06-20,120000,128.34,82800,37200,39.79,P043,3450,24,2025-05-05,bottle 500g,0.0,Closed by cutoff,2025-05
B01760,P044,Honey,Sold Out,23,23.0,0.0,0.0,2023-09-12,138000,147.59,94300,43700,46.74,P044,4100,23,2023-07-26,bottle 500g,0.0,Closed by cutoff,2023-07
B01761,P044,Honey,Sold Out,27,27.0,0.0,0.0,2023-11-01,162000,173.26,110700,51300,54.87,P044,4100,27,2023-09-12,bottle 500g,0.0,Closed by cutoff,2023-09
B01762,P044,Honey,Sold Out,23,23.0,0.0,0.0,2023-12-19,138000,147.59,94300,43700,46.74,P044,4100,23,2023-10-30,bottle 500g,0.0,Closed by cutoff,2023-10
B01763,P044,Honey,Partial Loss,28,27.44,0.56,2.0,2025-12-13,164640,176.09,114800,49840,53.3,P044,4100,28,2023-12-14,bottle 500g,2296.0,After cutoff,2023-12
B01764,P044,Honey,Sold Out,24,24.0,0.0,0.0,2024-04-01,144000,154.01,106800,37200,39.79,P044,4450,24,2024-02-22,bottle 500g,0.0,Closed by cutoff,2024-02
B01765,P044,Honey,Sold Out,22,22.0,0.0,0.0,2024-06-04,132000,141.18,90200,41800,44.71,P044,4100,22,2024-04-25,bottle 500g,0.0,Closed by cutoff,2024-04
B01766,P044,Honey,Sold Out,26,26.0,0.0,0.0,2024-07-19,156000,166.84,106600,49400,52.83,P044,4100,26,2024-06-08,bottle 500g,0.0,Closed by cutoff,2024-06
B01767,P044,Honey,Partial Loss,25,24.62,0.38,1.5,2026-08-14,147720,157.99,102500,45220,48.36,P044,4100,25,2024-08-14,bottle 500g,1558.0,After cutoff,2024-08
B01768,P044,Honey,Partial Loss,25,24.45,0.55,2.2,2026-10-09,146700,156.9,102500,44200,47.27,P044,4100,25,2024-10-09,bottle 500g,2255.0,After cutoff,2024-10
B01769,P044,Honey,Sold Out,29,29.0,0.0,0.0,2025-01-17,174000,186.1,118900,55100,58.93,P044,4100,29,2024-12-06,bottle 500g,0.0,Closed by cutoff,2024-12
B01770,P044,Honey,Sold Out,24,24.0,0.0,0.0,2025-03-08,144000,154.01,98400,45600,48.77,P044,4100,24,2025-02-01,bottle 500g,0.0,Closed by cutoff,2025-02
B01771,P044,Honey,Sold Out,24,24.0,0.0,0.0,2025-05-18,144000,154.01,98400,45600,48.77,P044,4100,24,2025-04-02,bottle 500g,0.0,Closed by cutoff,2025-04
B01772,P044,Honey,Sold Out,27,27.0,0.0,0.0,2025-07-29,162000,173.26,110700,51300,54.87,P044,4100,27,2025-06-04,bottle 500g,0.0,After cutoff,2025-06
B01773,P045,Honey,Sold Out,26,26.0,0.0,0.0,2023-08-11,169000,180.75,122200,46800,50.05,P045,4700,26,2023-07-28,box 400g,0.0,Closed by cutoff,2023-07
B01774,P045,Honey,Sold Out,33,33.0,0.0,0.0,2023-10-18,214500,229.41,155100,59400,63.53,P045,4700,33,2023-09-15,box 400g,0.0,Closed by cutoff,2023-09
B01775,P045,Honey,Sold Out,25,25.0,0.0,0.0,2024-01-28,162500,173.8,117500,45000,48.13,P045,4700,25,2023-11-11,box 400g,0.0,Closed by cutoff,2023-11
B01776,P045,Honey,Sold Out,25,25.0,0.0,0.0,2024-03-13,162500,173.8,117500,45000,48.13,P045,4700,25,2024-01-29,box 400g,0.0,Closed by cutoff,2024-01
B01777,P045,Honey,Sold Out,25,25.0,0.0,0.0,2024-04-30,162500,173.8,117500,45000,48.13,P045,4700,25,2024-03-14,box 400g,0.0,Closed by cutoff,2024-03
B01778,P045,Honey,Partial Loss,23,22.75,0.25,1.1,2026-05-03,147875,158.16,108100,39775,42.54,P045,4700,23,2024-05-03,box 400g,1175.0,After cutoff,2024-05
B01779,P045,Honey,Partial Loss,26,25.53,0.47,1.8,2026-06-24,165945,177.48,122200,43745,46.79,P045,4700,26,2024-06-24,box 400g,2209.0,After cutoff,2024-06
B01780,P045,Honey,Partial Loss,27,26.08,0.92,3.4,2026-08-30,169520,181.3,126900,42620,45.58,P045,4700,27,2024-08-30,box 400g,4324.0,After cutoff,2024-08
B01781,P045,Honey,Sold Out,27,27.0,0.0,0.0,2024-12-16,175500,187.7,126900,48600,51.98,P045,4700,27,2024-10-28,box 400g,0.0,Closed by cutoff,2024-10
B01782,P045,Honey,Sold Out,35,35.0,0.0,0.0,2025-02-17,227500,243.32,164500,63000,67.38,P045,4700,35,2024-12-28,box 400g,0.0,Closed by cutoff,2024-12
B01783,P045,Honey,Partial Loss,26,24.91,1.09,4.2,2027-02-18,161915,173.17,122200,39715,42.48,P045,4700,26,2025-02-18,box 400g,5123.0,After cutoff,2025-02
B01784,P045,Honey,Partial Loss,26,25.19,0.81,3.1,2027-04-16,163735,175.12,122200,41535,44.42,P045,4700,26,2025-04-16,box 400g,3807.0000000000005,After cutoff,2025-04
B01785,P045,Honey,Sold Out,30,30.0,0.0,0.0,2025-07-18,195000,208.56,141000,54000,57.75,P045,4700,30,2025-06-09,box 400g,0.0,After cutoff,2025-06
B01786,P046,Peanuts,Sold Out,18,18.0,0.0,0.0,2023-07-24,117000,125.13,85500,31500,33.69,P046,4750,18,2023-07-04,kg,0.0,Closed by cutoff,2023-07
B01787,P046,Peanuts,Partial Loss,17,16.01,0.99,5.8,2024-01-18,104065,111.3,80750,23315,24.94,P046,4750,17,2023-07-22,kg,4702.5,Closed by cutoff,2023-07
B01788,P046,Peanuts,Partial Loss,23,21.55,1.45,6.3,2024-02-08,140075,149.81,109250,30825,32.97,P046,4750,23,2023-08-12,kg,6887.5,Closed by cutoff,2023-08
B01789,P046,Peanuts,Sold Out,28,28.0,0.0,0.0,2023-09-26,182000,194.65,133000,49000,52.41,P046,4750,28,2023-09-04,kg,0.0,Closed by cutoff,2023-09
B01790,P046,Peanuts,Sold Out,22,22.0,0.0,0.0,2023-10-05,143000,152.94,104500,38500,41.18,P046,4750,22,2023-09-22,kg,0.0,Closed by cutoff,2023-09
B01791,P046,Peanuts,Partial Loss,19,18.05,0.95,5.0,2024-04-06,117325,125.48,90250,27075,28.96,P046,4750,19,2023-10-09,kg,4512.5,Closed by cutoff,2023-10
B01792,P046,Peanuts,Partial Loss,18,16.94,1.06,5.9,2024-04-29,110110,117.76,85500,24610,26.32,P046,4750,18,2023-11-01,kg,5035.0,Closed by cutoff,2023-11
B01793,P046,Peanuts,Partial Loss,18,17.05,0.95,5.3,2024-05-20,110825,118.53,85500,25325,27.09,P046,4750,18,2023-11-22,kg,4512.5,Closed by cutoff,2023-11
B01794,P046,Peanuts,Sold Out,25,25.0,0.0,0.0,2023-12-23,162500,173.8,118750,43750,46.79,P046,4750,25,2023-12-09,kg,0.0,Closed by cutoff,2023-12
B01795,P046,Peanuts,Partial Loss,18,16.4,1.6,8.9,2024-06-30,106600,114.01,85500,21100,22.57,P046,4750,18,2024-01-02,kg,7600.0,Closed by cutoff,2024-01
B01796,P046,Peanuts,Partial Loss,22,19.91,2.09,9.5,2024-07-24,129415,138.41,112200,17215,18.41,P046,5100,22,2024-01-26,kg,10659.0,Closed by cutoff,2024-01
B01797,P046,Peanuts,Partial Loss,17,15.3,1.7,10.0,2024-08-13,99450,106.36,86700,12750,13.64,P046,5100,17,2024-02-15,kg,8670.0,Closed by cutoff,2024-02
B01798,P046,Peanuts,Sold Out,21,21.0,0.0,0.0,2024-03-28,136500,145.99,99750,36750,39.3,P046,4750,21,2024-03-07,kg,0.0,Closed by cutoff,2024-03
B01799,P046,Peanuts,Partial Loss,21,19.95,1.05,5.0,2024-09-22,129675,138.69,99750,29925,32.01,P046,4750,21,2024-03-26,kg,4987.5,Closed by cutoff,2024-03
B01800,P046,Peanuts,Sold Out,19,19.0,0.0,0.0,2024-04-23,123500,132.09,90250,33250,35.56,P046,4750,19,2024-04-09,kg,0.0,Closed by cutoff,2024-04
B01801,P046,Peanuts,Partial Loss,17,16.42,0.58,3.4,2024-10-26,106730,114.15,80750,25980,27.79,P046,4750,17,2024-04-29,kg,2755.0,Closed by cutoff,2024-04
B01802,P046,Peanuts,Sold Out,21,21.0,0.0,0.0,2024-06-01,136500,145.99,99750,36750,39.3,P046,4750,21,2024-05-14,kg,0.0,Closed by cutoff,2024-05
B01803,P046,Peanuts,Sold Out,19,19.0,0.0,0.0,2024-06-26,123500,132.09,90250,33250,35.56,P046,4750,19,2024-06-09,kg,0.0,Closed by cutoff,2024-06
B01804,P046,Peanuts,Partial Loss,20,18.88,1.12,5.6,2024-12-23,122720,131.25,95000,27720,29.65,P046,4750,20,2024-06-26,kg,5320.000000000001,Closed by cutoff,2024-06
B01805,P046,Peanuts,Partial Loss,19,18.28,0.72,3.8,2025-01-11,118820,127.08,90250,28570,30.56,P046,4750,19,2024-07-15,kg,3420.0,Closed by cutoff,2024-07
B01806,P046,Peanuts,Sold Out,19,19.0,0.0,0.0,2024-09-06,123500,132.09,90250,33250,35.56,P046,4750,19,2024-08-10,kg,0.0,Closed by cutoff,2024-08
B01807,P046,Peanuts,Sold Out,23,23.0,0.0,0.0,2024-09-06,149500,159.89,109250,40250,43.05,P046,4750,23,2024-09-04,kg,0.0,Closed by cutoff,2024-09
B01808,P046,Peanuts,Partial Loss,29,27.2,1.8,6.2,2025-03-22,176800,189.09,137750,39050,41.76,P046,4750,29,2024-09-23,kg,8550.0,Closed by cutoff,2024-09
B01809,P046,Peanuts,Sold Out,19,19.0,0.0,0.0,2024-11-02,123500,132.09,90250,33250,35.56,P046,4750,19,2024-10-14,kg,0.0,Closed by cutoff,2024-10
B01810,P046,Peanuts,Sold Out,22,22.0,0.0,0.0,2024-11-22,143000,152.94,104500,38500,41.18,P046,4750,22,2024-11-01,kg,0.0,Closed by cutoff,2024-11
B01811,P046,Peanuts,Partial Loss,18,16.65,1.35,7.5,2025-05-20,108225,115.75,85500,22725,24.3,P046,4750,18,2024-11-21,kg,6412.5,Closed by cutoff,2024-11
B01812,P046,Peanuts,Sold Out,24,24.0,0.0,0.0,2024-12-28,156000,166.84,122400,33600,35.94,P046,5100,24,2024-12-11,kg,0.0,Closed by cutoff,2024-12
B01813,P046,Peanuts,Sold Out,27,27.0,0.0,0.0,2025-01-23,175500,187.7,128250,47250,50.53,P046,4750,27,2024-12-28,kg,0.0,Closed by cutoff,2024-12
B01814,P046,Peanuts,Sold Out,23,23.0,0.0,0.0,2025-02-03,149500,159.89,109250,40250,43.05,P046,4750,23,2025-01-21,kg,0.0,Closed by cutoff,2025-01
B01815,P046,Peanuts,Sold Out,21,21.0,0.0,0.0,2025-02-27,136500,145.99,99750,36750,39.3,P046,4750,21,2025-02-07,kg,0.0,Closed by cutoff,2025-02
B01816,P046,Peanuts,Partial Loss,20,18.12,1.88,9.4,2025-08-27,117780,125.97,95000,22780,24.36,P046,4750,20,2025-02-28,kg,8930.0,After cutoff,2025-02
B01817,P046,Peanuts,Partial Loss,19,17.71,1.29,6.8,2025-09-13,115115,123.12,96900,18215,19.48,P046,5100,19,2025-03-17,kg,6579.0,After cutoff,2025-03
B01818,P046,Peanuts,Partial Loss,22,20.0,2.0,9.1,2025-10-02,130000,139.04,112200,17800,19.04,P046,5100,22,2025-04-05,kg,10200.0,After cutoff,2025-04
B01819,P046,Peanuts,Sold Out,23,23.0,0.0,0.0,2025-05-13,149500,159.89,117300,32200,34.44,P046,5100,23,2025-04-24,kg,0.0,Closed by cutoff,2025-04
B01820,P046,Peanuts,Sold Out,21,21.0,0.0,0.0,2025-05-29,136500,145.99,107100,29400,31.44,P046,5100,21,2025-05-17,kg,0.0,Closed by cutoff,2025-05
B01821,P046,Peanuts,Partial Loss,22,20.88,1.12,5.1,2025-12-03,135720,145.16,104500,31220,33.39,P046,4750,22,2025-06-06,kg,5320.000000000001,After cutoff,2025-06
B01822,P046,Peanuts,Sold Out,25,25.0,0.0,0.0,2025-06-28,162500,173.8,118750,43750,46.79,P046,4750,25,2025-06-24,kg,0.0,Closed by cutoff,2025-06
B01823,P047,Peanuts,Sold Out,17,17.0,0.0,0.0,2023-07-12,110500,118.18,79050,31450,33.64,P047,4650,17,2023-07-04,kg,0.0,Closed by cutoff,2023-07
B01824,P047,Peanuts,Sold Out,22,22.0,0.0,0.0,2023-08-04,143000,152.94,103400,39600,42.35,P047,4700,22,2023-07-24,kg,0.0,Closed by cutoff,2023-07
B01825,P047,Peanuts,Partial Loss,21,19.84,1.16,5.5,2024-02-11,128960,137.93,97650,31310,33.49,P047,4650,21,2023-08-15,kg,5394.0,Closed by cutoff,2023-08
B01826,P047,Peanuts,Sold Out,24,24.0,0.0,0.0,2023-09-30,156000,166.84,111600,44400,47.49,P047,4650,24,2023-09-07,kg,0.0,Closed by cutoff,2023-09
B01827,P047,Peanuts,Sold Out,29,29.0,0.0,0.0,2023-10-25,188500,201.6,134850,53650,57.38,P047,4650,29,2023-09-28,kg,0.0,Closed by cutoff,2023-09
B01828,P047,Peanuts,Partial Loss,21,20.54,0.46,2.2,2024-04-19,133510,142.79,97650,35860,38.35,P047,4650,21,2023-10-22,kg,2139.0,Closed by cutoff,2023-10
B01829,P047,Peanuts,Sold Out,19,19.0,0.0,0.0,2023-11-28,123500,132.09,88350,35150,37.59,P047,4650,19,2023-11-12,kg,0.0,Closed by cutoff,2023-11
B01830,P047,Peanuts,Sold Out,27,27.0,0.0,0.0,2023-12-23,175500,187.7,125550,49950,53.42,P047,4650,27,2023-12-07,kg,0.0,Closed by cutoff,2023-12
B01831,P047,Peanuts,Partial Loss,24,21.79,2.21,9.2,2024-06-26,141635,151.48,111600,30035,32.12,P047,4650,24,2023-12-29,kg,10276.5,Closed by cutoff,2023-12
B01832,P047,Peanuts,Partial Loss,20,18.3,1.7,8.5,2024-07-10,118950,127.22,94000,24950,26.68,P047,4700,20,2024-01-12,kg,7990.0,Closed by cutoff,2024-01
B01833,P047,Peanuts,Sold Out,18,18.0,0.0,0.0,2024-02-13,117000,125.13,83700,33300,35.61,P047,4650,18,2024-01-26,kg,0.0,Closed by cutoff,2024-01
B01834,P047,Peanuts,Sold Out,22,22.0,0.0,0.0,2024-03-03,143000,152.94,102300,40700,43.53,P047,4650,22,2024-02-16,kg,0.0,Closed by cutoff,2024-02
B01835,P047,Peanuts,Sold Out,23,23.0,0.0,0.0,2024-03-25,149500,159.89,108100,41400,44.28,P047,4700,23,2024-03-07,kg,0.0,Closed by cutoff,2024-03
B01836,P047,Peanuts,Partial Loss,18,17.69,0.31,1.7,2024-09-29,114985,122.98,83700,31285,33.46,P047,4650,18,2024-04-02,kg,1441.5,Closed by cutoff,2024-04
B01837,P047,Peanuts,Sold Out,22,22.0,0.0,0.0,2024-05-11,143000,152.94,102300,40700,43.53,P047,4650,22,2024-04-22,kg,0.0,Closed by cutoff,2024-04
B01838,P047,Peanuts,Partial Loss,22,21.27,0.73,3.3,2024-11-08,138255,147.87,102300,35955,38.45,P047,4650,22,2024-05-12,kg,3394.5,Closed by cutoff,2024-05
B01839,P047,Peanuts,Sold Out,21,21.0,0.0,0.0,2024-06-12,136500,145.99,97650,38850,41.55,P047,4650,21,2024-05-24,kg,0.0,Closed by cutoff,2024-05
B01840,P047,Peanuts,Partial Loss,19,17.99,1.01,5.3,2024-12-05,116935,125.06,88350,28585,30.57,P047,4650,19,2024-06-08,kg,4696.5,Closed by cutoff,2024-06
B01841,P047,Peanuts,Partial Loss,19,17.57,1.43,7.5,2024-12-24,114205,122.14,88350,25855,27.65,P047,4650,19,2024-06-27,kg,6649.5,Closed by cutoff,2024-06
B01842,P047,Peanuts,Sold Out,17,17.0,0.0,0.0,2024-07-25,110500,118.18,79050,31450,33.64,P047,4650,17,2024-07-17,kg,0.0,Closed by cutoff,2024-07
B01843,P047,Peanuts,Partial Loss,23,22.63,0.37,1.6,2025-01-31,147095,157.32,106950,40145,42.94,P047,4650,23,2024-08-04,kg,1720.5,Closed by cutoff,2024-08
B01844,P047,Peanuts,Partial Loss,22,21.12,0.88,4.0,2025-02-21,137280,146.82,102300,34980,37.41,P047,4650,22,2024-08-25,kg,4092.0,Closed by cutoff,2024-08
B01845,P047,Peanuts,Sold Out,25,25.0,0.0,0.0,2024-09-28,162500,173.8,116250,46250,49.47,P047,4650,25,2024-09-14,kg,0.0,Closed by cutoff,2024-09
B01846,P047,Peanuts,Sold Out,24,24.0,0.0,0.0,2024-10-23,156000,166.84,111600,44400,47.49,P047,4650,24,2024-09-29,kg,0.0,Closed by cutoff,2024-09
B01847,P047,Peanuts,Sold Out,19,19.0,0.0,0.0,2024-11-13,123500,132.09,88350,35150,37.59,P047,4650,19,2024-10-19,kg,0.0,Closed by cutoff,2024-10
B01848,P047,Peanuts,Partial Loss,21,19.15,1.85,8.8,2025-05-04,124475,133.13,97650,26825,28.69,P047,4650,21,2024-11-05,kg,8602.5,Closed by cutoff,2024-11
B01849,P047,Peanuts,Sold Out,18,18.0,0.0,0.0,2024-12-14,117000,125.13,83700,33300,35.61,P047,4650,18,2024-11-27,kg,0.0,Closed by cutoff,2024-11
B01850,P047,Peanuts,Partial Loss,24,21.62,2.38,9.9,2025-06-18,140530,150.3,111600,28930,30.94,P047,4650,24,2024-12-20,kg,11067.0,Closed by cutoff,2024-12
B01851,P047,Peanuts,Sold Out,22,22.0,0.0,0.0,2025-01-23,143000,152.94,102300,40700,43.53,P047,4650,22,2025-01-13,kg,0.0,Closed by cutoff,2025-01
B01852,P047,Peanuts,Sold Out,21,21.0,0.0,0.0,2025-02-27,136500,145.99,97650,38850,41.55,P047,4650,21,2025-02-02,kg,0.0,Closed by cutoff,2025-02
B01853,P047,Peanuts,Partial Loss,22,20.24,1.76,8.0,2025-08-30,131560,140.71,102300,29260,31.29,P047,4650,22,2025-03-03,kg,8184.0,After cutoff,2025-03
B01854,P047,Peanuts,Sold Out,21,21.0,0.0,0.0,2025-04-08,136500,145.99,97650,38850,41.55,P047,4650,21,2025-03-23,kg,0.0,Closed by cutoff,2025-03
B01855,P047,Peanuts,Sold Out,20,20.0,0.0,0.0,2025-04-25,130000,139.04,94000,36000,38.5,P047,4700,20,2025-04-10,kg,0.0,Closed by cutoff,2025-04
B01856,P047,Peanuts,Sold Out,18,18.0,0.0,0.0,2025-05-14,117000,125.13,83700,33300,35.61,P047,4650,18,2025-05-03,kg,0.0,Closed by cutoff,2025-05
B01857,P047,Peanuts,Sold Out,19,19.0,0.0,0.0,2025-06-08,123500,132.09,89300,34200,36.58,P047,4700,19,2025-05-18,kg,0.0,Closed by cutoff,2025-05
B01858,P047,Peanuts,Sold Out,25,25.0,0.0,0.0,2025-07-04,162500,173.8,116250,46250,49.47,P047,4650,25,2025-06-06,kg,0.0,After cutoff,2025-06
B01859,P047,Peanuts,Partial Loss,25,24.12,0.88,3.5,2025-12-27,156780,167.68,116250,40530,43.35,P047,4650,25,2025-06-30,kg,4092.0,After cutoff,2025-06
B01860,P048,Peanuts,Sold Out,23,23.0,0.0,0.0,2023-07-20,161000,172.19,116150,44850,47.97,P048,5050,23,2023-07-01,kg,0.0,Closed by cutoff,2023-07
B01861,P048,Peanuts,Partial Loss,18,17.53,0.47,2.6,2024-01-12,122710,131.24,90900,31810,34.02,P048,5050,18,2023-07-16,kg,2373.5,Closed by cutoff,2023-07
B01862,P048,Peanuts,Partial Loss,22,20.92,1.08,4.9,2024-01-30,146440,156.62,111100,35340,37.8,P048,5050,22,2023-08-03,kg,5454.0,Closed by cutoff,2023-08
B01863,P048,Peanuts,Partial Loss,23,22.54,0.46,2.0,2024-02-25,157780,168.75,116150,41630,44.52,P048,5050,23,2023-08-29,kg,2323.0,Closed by cutoff,2023-08
B01864,P048,Peanuts,Partial Loss,23,21.87,1.13,4.9,2024-03-14,153090,163.73,116150,36940,39.51,P048,5050,23,2023-09-16,kg,5706.499999999999,Closed by cutoff,2023-09
B01865,P048,Peanuts,Partial Loss,23,22.7,0.3,1.3,2024-04-06,158900,169.95,116150,42750,45.72,P048,5050,23,2023-10-09,kg,1515.0,Closed by cutoff,2023-10
B01866,P048,Peanuts,Sold Out,21,21.0,0.0,0.0,2023-11-16,147000,157.22,106050,40950,43.8,P048,5050,21,2023-11-02,kg,0.0,Closed by cutoff,2023-11
B01867,P048,Peanuts,Sold Out,20,20.0,0.0,0.0,2023-11-29,140000,149.73,101000,39000,41.71,P048,5050,20,2023-11-22,kg,0.0,Closed by cutoff,2023-11
B01868,P048,Peanuts,Sold Out,26,26.0,0.0,0.0,2024-01-10,182000,194.65,131300,50700,54.22,P048,5050,26,2023-12-13,kg,0.0,Closed by cutoff,2023-12
B01869,P048,Peanuts,Sold Out,21,21.0,0.0,0.0,2024-01-31,147000,157.22,111300,35700,38.18,P048,5300,21,2024-01-09,kg,0.0,Closed by cutoff,2024-01
B01870,P048,Peanuts,Sold Out,18,18.0,0.0,0.0,2024-02-06,126000,134.76,90900,35100,37.54,P048,5050,18,2024-01-26,kg,0.0,Closed by cutoff,2024-01
B01871,P048,Peanuts,Partial Loss,18,16.09,1.91,10.6,2024-08-17,112630,120.46,90900,21730,23.24,P048,5050,18,2024-02-19,kg,9645.5,Closed by cutoff,2024-02
B01872,P048,Peanuts,Sold Out,21,21.0,0.0,0.0,2024-04-01,147000,157.22,106050,40950,43.8,P048,5050,21,2024-03-18,kg,0.0,Closed by cutoff,2024-03
B01873,P048,Peanuts,Sold Out,19,19.0,0.0,0.0,2024-04-18,133000,142.25,95950,37050,39.63,P048,5050,19,2024-04-05,kg,0.0,Closed by cutoff,2024-04
B01874,P048,Peanuts,Sold Out,18,18.0,0.0,0.0,2024-05-02,126000,134.76,90900,35100,37.54,P048,5050,18,2024-04-24,kg,0.0,Closed by cutoff,2024-04
B01875,P048,Peanuts,Sold Out,19,19.0,0.0,0.0,2024-06-06,133000,142.25,95950,37050,39.63,P048,5050,19,2024-05-14,kg,0.0,Closed by cutoff,2024-05
B01876,P048,Peanuts,Sold Out,21,21.0,0.0,0.0,2024-06-17,147000,157.22,106050,40950,43.8,P048,5050,21,2024-06-04,kg,0.0,Closed by cutoff,2024-06
B01877,P048,Peanuts,Partial Loss,23,20.98,2.02,8.8,2024-12-19,146860,157.07,116150,30710,32.84,P048,5050,23,2024-06-22,kg,10201.0,Closed by cutoff,2024-06
B01878,P048,Peanuts,Partial Loss,23,22.33,0.67,2.9,2025-01-09,156310,167.18,116150,40160,42.95,P048,5050,23,2024-07-13,kg,3383.5,Closed by cutoff,2024-07
B01879,P048,Peanuts,Partial Loss,23,20.49,2.51,10.9,2025-01-30,143430,153.4,121900,21530,23.03,P048,5300,23,2024-08-03,kg,13302.999999999998,Closed by cutoff,2024-08
B01880,P048,Peanuts,Sold Out,18,18.0,0.0,0.0,2024-09-06,126000,134.76,95400,30600,32.73,P048,5300,18,2024-08-26,kg,0.0,Closed by cutoff,2024-08
B01881,P048,Peanuts,Partial Loss,24,22.63,1.37,5.7,2025-03-19,158410,169.42,121200,37210,39.8,P048,5050,24,2024-09-20,kg,6918.500000000001,Closed by cutoff,2024-09
B01882,P048,Peanuts,Sold Out,23,23.0,0.0,0.0,2024-11-01,161000,172.19,121900,39100,41.82,P048,5300,23,2024-10-09,kg,0.0,Closed by cutoff,2024-10
B01883,P048,Peanuts,Sold Out,19,19.0,0.0,0.0,2024-11-16,133000,142.25,100700,32300,34.55,P048,5300,19,2024-10-29,kg,0.0,Closed by cutoff,2024-10
B01884,P048,Peanuts,Sold Out,18,18.0,0.0,0.0,2024-11-24,126000,134.76,90900,35100,37.54,P048,5050,18,2024-11-14,kg,0.0,Closed by cutoff,2024-11
B01885,P048,Peanuts,Sold Out,27,27.0,0.0,0.0,2024-12-24,189000,202.14,136350,52650,56.31,P048,5050,27,2024-12-02,kg,0.0,Closed by cutoff,2024-12
B01886,P048,Peanuts,Partial Loss,28,25.37,2.63,9.4,2025-06-19,177590,189.94,141400,36190,38.71,P048,5050,28,2024-12-21,kg,13281.5,Closed by cutoff,2024-12
B01887,P048,Peanuts,Partial Loss,20,18.74,1.26,6.3,2025-07-12,131180,140.3,106000,25180,26.93,P048,5300,20,2025-01-13,kg,6678.0,After cutoff,2025-01
B01888,P048,Peanuts,Partial Loss,23,19.89,3.11,13.5,2025-08-03,139230,148.91,116150,23080,24.68,P048,5050,23,2025-02-04,kg,15705.5,After cutoff,2025-02
B01889,P048,Peanuts,Sold Out,22,22.0,0.0,0.0,2025-03-12,154000,164.71,111100,42900,45.88,P048,5050,22,2025-02-19,kg,0.0,Closed by cutoff,2025-02
B01890,P048,Peanuts,Partial Loss,22,20.68,1.32,6.0,2025-09-10,144760,154.82,116600,28160,30.12,P048,5300,22,2025-03-14,kg,6996.0,After cutoff,2025-03
B01891,P048,Peanuts,Sold Out,23,23.0,0.0,0.0,2025-04-13,161000,172.19,116150,44850,47.97,P048,5050,23,2025-04-03,kg,0.0,Closed by cutoff,2025-04
B01892,P048,Peanuts,Sold Out,20,20.0,0.0,0.0,2025-05-13,140000,149.73,101000,39000,41.71,P048,5050,20,2025-04-23,kg,0.0,Closed by cutoff,2025-04
B01893,P048,Peanuts,Partial Loss,23,22.68,0.32,1.4,2025-11-07,158760,169.8,116150,42610,45.57,P048,5050,23,2025-05-11,kg,1616.0,After cutoff,2025-05
B01894,P048,Peanuts,Sold Out,20,20.0,0.0,0.0,2025-06-08,140000,149.73,101000,39000,41.71,P048,5050,20,2025-05-25,kg,0.0,Closed by cutoff,2025-05
B01895,P048,Peanuts,Sold Out,21,21.0,0.0,0.0,2025-06-22,147000,157.22,106050,40950,43.8,P048,5050,21,2025-06-12,kg,0.0,Closed by cutoff,2025-06
B01896,P049,Peanuts,Partial Loss,23,21.71,1.29,5.6,2024-01-06,217100,232.19,162150,54950,58.77,P049,7050,23,2023-07-10,kg,9094.5,Closed by cutoff,2023-07
B01897,P049,Peanuts,Sold Out,18,18.0,0.0,0.0,2024-01-22,180000,192.51,126900,53100,56.79,P049,7050,18,2023-07-26,kg,0.0,Closed by cutoff,2023-07
B01898,P049,Peanuts,Partial Loss,21,19.68,1.32,6.3,2024-02-08,196800,210.48,148050,48750,52.14,P049,7050,21,2023-08-12,kg,9306.0,Closed by cutoff,2023-08
B01899,P049,Peanuts,Sold Out,27,27.0,0.0,0.0,2023-09-25,270000,288.77,190350,79650,85.19,P049,7050,27,2023-09-07,kg,0.0,Closed by cutoff,2023-09
B01900,P049,Peanuts,Sold Out,21,21.0,0.0,0.0,2023-10-15,210000,224.6,148050,61950,66.26,P049,7050,21,2023-10-03,kg,0.0,Closed by cutoff,2023-10
B01901,P049,Peanuts,Partial Loss,19,16.99,2.01,10.6,2024-04-25,169900,181.71,133950,35950,38.45,P049,7050,19,2023-10-28,kg,14170.499999999998,Closed by cutoff,2023-10
B01902,P049,Peanuts,Sold Out,20,20.0,0.0,0.0,2023-12-09,200000,213.9,141000,59000,63.1,P049,7050,20,2023-11-14,kg,0.0,Closed by cutoff,2023-11
B01903,P049,Peanuts,Partial Loss,22,20.24,1.76,8.0,2024-05-28,202400,216.47,155100,47300,50.59,P049,7050,22,2023-11-30,kg,12408.0,Closed by cutoff,2023-11
B01904,P049,Peanuts,Partial Loss,25,22.48,2.53,10.1,2024-06-17,224800,240.43,176250,48550,51.93,P049,7050,25,2023-12-20,kg,17836.5,Closed by cutoff,2023-12
B01905,P049,Peanuts,Partial Loss,22,19.29,2.71,12.3,2024-07-12,192900,206.31,155100,37800,40.43,P049,7050,22,2024-01-14,kg,19105.5,Closed by cutoff,2024-01
B01906,P049,Peanuts,Partial Loss,20,17.98,2.02,10.1,2024-07-27,179800,192.3,141000,38800,41.5,P049,7050,20,2024-01-29,kg,14241.0,Closed by cutoff,2024-01
B01907,P049,Peanuts,Sold Out,20,20.0,0.0,0.0,2024-03-03,200000,213.9,141000,59000,63.1,P049,7050,20,2024-02-17,kg,0.0,Closed by cutoff,2024-02
B01908,P049,Peanuts,Sold Out,19,19.0,0.0,0.0,2024-03-30,190000,203.21,133950,56050,59.95,P049,7050,19,2024-03-11,kg,0.0,Closed by cutoff,2024-03
B01909,P049,Peanuts,Sold Out,17,17.0,0.0,0.0,2024-04-23,170000,181.82,119850,50150,53.64,P049,7050,17,2024-04-03,kg,0.0,Closed by cutoff,2024-04
B01910,P049,Peanuts,Sold Out,19,19.0,0.0,0.0,2024-05-11,190000,203.21,133950,56050,59.95,P049,7050,19,2024-04-22,kg,0.0,Closed by cutoff,2024-04
B01911,P049,Peanuts,Sold Out,18,18.0,0.0,0.0,2024-05-26,180000,192.51,126900,53100,56.79,P049,7050,18,2024-05-13,kg,0.0,Closed by cutoff,2024-05
B01912,P049,Peanuts,Sold Out,22,22.0,0.0,0.0,2024-06-25,220000,235.29,162800,57200,61.18,P049,7400,22,2024-06-08,kg,0.0,Closed by cutoff,2024-06
B01913,P049,Peanuts,Sold Out,19,19.0,0.0,0.0,2024-07-11,190000,203.21,133950,56050,59.95,P049,7050,19,2024-06-26,kg,0.0,Closed by cutoff,2024-06
B01914,P049,Peanuts,Sold Out,20,20.0,0.0,0.0,2024-07-21,200000,213.9,141000,59000,63.1,P049,7050,20,2024-07-15,kg,0.0,Closed by cutoff,2024-07
B01915,P049,Peanuts,Partial Loss,21,19.36,1.64,7.8,2025-01-31,193600,207.06,155400,38200,40.86,P049,7400,21,2024-08-04,kg,12136.0,Closed by cutoff,2024-08
B01916,P049,Peanuts,Sold Out,22,22.0,0.0,0.0,2024-09-11,220000,235.29,155100,64900,69.41,P049,7050,22,2024-08-23,kg,0.0,Closed by cutoff,2024-08
B01917,P049,Peanuts,Sold Out,24,24.0,0.0,0.0,2024-09-27,240000,256.68,169200,70800,75.72,P049,7050,24,2024-09-12,kg,0.0,Closed by cutoff,2024-09
B01918,P049,Peanuts,Sold Out,19,19.0,0.0,0.0,2025-03-31,190000,203.21,133950,56050,59.95,P049,7050,19,2024-10-02,kg,0.0,Closed by cutoff,2024-10
B01919,P049,Peanuts,Partial Loss,21,20.03,0.97,4.6,2025-04-16,200300,214.22,155400,44900,48.02,P049,7400,21,2024-10-18,kg,7178.0,Closed by cutoff,2024-10
B01920,P049,Peanuts,Partial Loss,18,16.4,1.6,8.9,2025-05-06,164000,175.4,126900,37100,39.68,P049,7050,18,2024-11-07,kg,11280.0,Closed by cutoff,2024-11
B01921,P049,Peanuts,Partial Loss,25,23.1,1.9,7.6,2025-06-02,231000,247.06,176250,54750,58.56,P049,7050,25,2024-12-04,kg,13395.0,Closed by cutoff,2024-12
B01922,P049,Peanuts,Sold Out,28,28.0,0.0,0.0,2025-01-10,280000,299.47,197400,82600,88.34,P049,7050,28,2024-12-22,kg,0.0,Closed by cutoff,2024-12
B01923,P049,Peanuts,Partial Loss,23,21.05,1.96,8.5,2025-07-18,210500,225.13,162150,48350,51.71,P049,7050,23,2025-01-19,kg,13818.0,After cutoff,2025-01
B01924,P049,Peanuts,Sold Out,22,22.0,0.0,0.0,2025-03-01,220000,235.29,162800,57200,61.18,P049,7400,22,2025-02-11,kg,0.0,Closed by cutoff,2025-02
B01925,P049,Peanuts,Partial Loss,24,21.91,2.09,8.7,2025-08-31,219100,234.33,177600,41500,44.39,P049,7400,24,2025-03-04,kg,15465.999999999998,After cutoff,2025-03
B01926,P049,Peanuts,Sold Out,20,20.0,0.0,0.0,2025-04-08,200000,213.9,141000,59000,63.1,P049,7050,20,2025-03-22,kg,0.0,Closed by cutoff,2025-03
B01927,P049,Peanuts,Partial Loss,23,21.62,1.38,6.0,2025-10-06,216200,231.23,162150,54050,57.81,P049,7050,23,2025-04-09,kg,9729.0,After cutoff,2025-04
B01928,P049,Peanuts,Sold Out,20,20.0,0.0,0.0,2025-05-18,200000,213.9,141000,59000,63.1,P049,7050,20,2025-05-03,kg,0.0,Closed by cutoff,2025-05
B01929,P049,Peanuts,Partial Loss,25,23.8,1.2,4.8,2025-11-21,238000,254.55,176250,61750,66.04,P049,7050,25,2025-05-25,kg,8460.0,After cutoff,2025-05
B01930,P049,Peanuts,Partial Loss,23,22.17,0.83,3.6,2025-12-13,221700,237.11,162150,59550,63.69,P049,7050,23,2025-06-16,kg,5851.5,After cutoff,2025-06
B01931,P050,Peanuts,Sold Out,20,20.0,0.0,0.0,2023-07-26,180000,192.51,129000,51000,54.55,P050,6450,20,2023-07-11,kg,0.0,Closed by cutoff,2023-07
B01932,P050,Peanuts,Sold Out,20,20.0,0.0,0.0,2023-08-11,180000,192.51,129000,51000,54.55,P050,6450,20,2023-07-23,kg,0.0,Closed by cutoff,2023-07
B01933,P050,Peanuts,Partial Loss,17,16.03,0.97,5.7,2024-02-07,144270,154.3,109650,34620,37.03,P050,6450,17,2023-08-11,kg,6256.5,Closed by cutoff,2023-08
B01934,P050,Peanuts,Sold Out,20,20.0,0.0,0.0,2023-09-09,180000,192.51,129000,51000,54.55,P050,6450,20,2023-08-27,kg,0.0,Closed by cutoff,2023-08
B01935,P050,Peanuts,Sold Out,22,22.0,0.0,0.0,2023-10-05,198000,211.76,141900,56100,60.0,P050,6450,22,2023-09-18,kg,0.0,Closed by cutoff,2023-09
B01936,P050,Peanuts,Partial Loss,18,16.78,1.22,6.8,2024-04-03,151020,161.52,119700,31320,33.5,P050,6650,18,2023-10-06,kg,8113.0,Closed by cutoff,2023-10
B01937,P050,Peanuts,Sold Out,21,21.0,0.0,0.0,2023-11-16,189000,202.14,135450,53550,57.27,P050,6450,21,2023-10-26,kg,0.0,Closed by cutoff,2023-10
B01938,P050,Peanuts,Partial Loss,18,17.55,0.45,2.5,2024-05-17,157950,168.93,116100,41850,44.76,P050,6450,18,2023-11-19,kg,2902.5,Closed by cutoff,2023-11
B01939,P050,Peanuts,Partial Loss,26,23.61,2.39,9.2,2024-06-13,212490,227.26,172900,39590,42.34,P050,6650,26,2023-12-16,kg,15893.5,Closed by cutoff,2023-12
B01940,P050,Peanuts,Sold Out,18,18.0,0.0,0.0,2024-01-24,162000,173.26,116100,45900,49.09,P050,6450,18,2024-01-02,kg,0.0,Closed by cutoff,2024-01
B01941,P050,Peanuts,Partial Loss,20,19.38,0.62,3.1,2024-07-17,174420,186.55,129000,45420,48.58,P050,6450,20,2024-01-19,kg,3999.0,Closed by cutoff,2024-01
B01942,P050,Peanuts,Sold Out,20,20.0,0.0,0.0,2024-02-25,180000,192.51,133000,47000,50.27,P050,6650,20,2024-02-08,kg,0.0,Closed by cutoff,2024-02
B01943,P050,Peanuts,Sold Out,22,22.0,0.0,0.0,2024-03-13,198000,211.76,146300,51700,55.29,P050,6650,22,2024-02-26,kg,0.0,Closed by cutoff,2024-02
B01944,P050,Peanuts,Partial Loss,23,21.02,1.98,8.6,2024-09-12,189180,202.33,148350,40830,43.67,P050,6450,23,2024-03-16,kg,12771.0,Closed by cutoff,2024-03
B01945,P050,Peanuts,Partial Loss,18,16.6,1.4,7.8,2024-09-27,149400,159.79,116100,33300,35.61,P050,6450,18,2024-03-31,kg,9030.0,Closed by cutoff,2024-03
B01946,P050,Peanuts,Partial Loss,21,19.8,1.2,5.7,2024-10-14,178200,190.59,135450,42750,45.72,P050,6450,21,2024-04-17,kg,7740.0,Closed by cutoff,2024-04
B01947,P050,Peanuts,Partial Loss,20,19.7,0.3,1.5,2024-11-08,177300,189.63,133000,44300,47.38,P050,6650,20,2024-05-12,kg,1995.0,Closed by cutoff,2024-05
B01948,P050,Peanuts,Sold Out,20,20.0,0.0,0.0,2024-06-19,180000,192.51,133000,47000,50.27,P050,6650,20,2024-05-31,kg,0.0,Closed by cutoff,2024-05
B01949,P050,Peanuts,Partial Loss,18,17.75,0.25,1.4,2024-12-14,159750,170.86,116100,43650,46.68,P050,6450,18,2024-06-17,kg,1612.5,Closed by cutoff,2024-06
B01950,P050,Peanuts,Partial Loss,20,19.12,0.88,4.4,2025-01-10,172080,184.04,129000,43080,46.07,P050,6450,20,2024-07-14,kg,5676.0,Closed by cutoff,2024-07
B01951,P050,Peanuts,Sold Out,20,20.0,0.0,0.0,2024-08-17,180000,192.51,129000,51000,54.55,P050,6450,20,2024-08-01,kg,0.0,Closed by cutoff,2024-08
B01952,P050,Peanuts,Sold Out,21,21.0,0.0,0.0,2024-08-30,189000,202.14,135450,53550,57.27,P050,6450,21,2024-08-17,kg,0.0,Closed by cutoff,2024-08
B01953,P050,Peanuts,Sold Out,25,25.0,0.0,0.0,2024-09-29,225000,240.64,166250,58750,62.83,P050,6650,25,2024-09-09,kg,0.0,Closed by cutoff,2024-09
B01954,P050,Peanuts,Partial Loss,21,20.18,0.82,3.9,2025-04-03,181620,194.25,139650,41970,44.89,P050,6650,21,2024-10-05,kg,5453.0,Closed by cutoff,2024-10
B01955,P050,Peanuts,Partial Loss,20,19.42,0.58,2.9,2025-04-26,174780,186.93,129000,45780,48.96,P050,6450,20,2024-10-28,kg,3740.9999999999995,Closed by cutoff,2024-10
B01956,P050,Peanuts,Sold Out,18,18.0,0.0,0.0,2024-12-10,162000,173.26,116100,45900,49.09,P050,6450,18,2024-11-22,kg,0.0,Closed by cutoff,2024-11
B01957,P050,Peanuts,Partial Loss,27,24.95,2.05,7.6,2025-06-06,224550,240.16,174150,50400,53.9,P050,6450,27,2024-12-08,kg,13222.499999999998,Closed by cutoff,2024-12
B01958,P050,Peanuts,Sold Out,24,24.0,0.0,0.0,2025-01-20,216000,231.02,159600,56400,60.32,P050,6650,24,2024-12-28,kg,0.0,Closed by cutoff,2024-12
B01959,P050,Peanuts,Partial Loss,22,19.65,2.35,10.7,2025-07-13,176850,189.14,146300,30550,32.67,P050,6650,22,2025-01-14,kg,15627.5,After cutoff,2025-01
B01960,P050,Peanuts,Partial Loss,21,19.11,1.89,9.0,2025-08-01,171990,183.95,135450,36540,39.08,P050,6450,21,2025-02-02,kg,12190.5,After cutoff,2025-02
B01961,P050,Peanuts,Sold Out,23,23.0,0.0,0.0,2025-03-08,207000,221.39,152950,54050,57.81,P050,6650,23,2025-02-22,kg,0.0,Closed by cutoff,2025-02
B01962,P050,Peanuts,Sold Out,24,24.0,0.0,0.0,2025-03-22,216000,231.02,154800,61200,65.45,P050,6450,24,2025-03-08,kg,0.0,Closed by cutoff,2025-03
B01963,P050,Peanuts,Sold Out,21,21.0,0.0,0.0,2025-04-14,189000,202.14,139650,49350,52.78,P050,6650,21,2025-03-25,kg,0.0,Closed by cutoff,2025-03
B01964,P050,Peanuts,Sold Out,19,19.0,0.0,0.0,2025-05-03,171000,182.89,122550,48450,51.82,P050,6450,19,2025-04-16,kg,0.0,Closed by cutoff,2025-04
B01965,P050,Peanuts,Sold Out,25,25.0,0.0,0.0,2025-11-03,225000,240.64,166250,58750,62.83,P050,6650,25,2025-05-07,kg,0.0,After cutoff,2025-05
B01966,P050,Peanuts,Sold Out,22,22.0,0.0,0.0,2025-06-12,198000,211.76,141900,56100,60.0,P050,6450,22,2025-05-27,kg,0.0,Closed by cutoff,2025-05
B01967,P050,Peanuts,Partial Loss,20,19.02,0.98,4.9,2025-12-15,171180,183.08,129000,42180,45.11,P050,6450,20,2025-06-18,kg,6321.0,After cutoff,2025-06
B01968,P051,Peanuts,Sold Out,36,36.0,0.0,0.0,2023-07-28,396000,423.53,277200,118800,127.06,P051,7700,36,2023-07-20,kg,0.0,Closed by cutoff,2023-07
B01969,P051,Peanuts,Sold Out,30,30.0,0.0,0.0,2023-08-28,330000,352.94,231000,99000,105.88,P051,7700,30,2023-08-07,kg,0.0,Closed by cutoff,2023-08
B01970,P051,Peanuts,Sold Out,37,37.0,0.0,0.0,2023-09-13,407000,435.29,284900,122100,130.59,P051,7700,37,2023-09-01,kg,0.0,Closed by cutoff,2023-09
B01971,P051,Peanuts,Partial Loss,38,35.57,2.43,6.4,2024-03-22,391270,418.47,292600,98670,105.53,P051,7700,38,2023-09-24,kg,18711.0,Closed by cutoff,2023-09
B01972,P051,Peanuts,Partial Loss,13,11.49,1.51,11.6,2024-04-11,126390,135.18,100100,26290,28.12,P051,7700,13,2023-10-14,kg,11627.0,Closed by cutoff,2023-10
B01973,P051,Peanuts,Partial Loss,12,10.74,1.26,10.5,2024-04-27,118140,126.35,92400,25740,27.53,P051,7700,12,2023-10-30,kg,9702.0,Closed by cutoff,2023-10
B01974,P051,Peanuts,Partial Loss,11,10.0,1.0,9.1,2024-05-13,110000,117.65,84700,25300,27.06,P051,7700,11,2023-11-15,kg,7700.0,Closed by cutoff,2023-11
B01975,P051,Peanuts,Partial Loss,16,15.14,0.86,5.4,2024-06-05,166540,178.12,123200,43340,46.35,P051,7700,16,2023-12-08,kg,6622.0,Closed by cutoff,2023-12
B01976,P051,Peanuts,Partial Loss,16,13.9,2.1,13.1,2024-06-27,152900,163.53,123200,29700,31.76,P051,7700,16,2023-12-30,kg,16170.0,Closed by cutoff,2023-12
B01977,P051,Peanuts,Partial Loss,11,9.21,1.79,16.3,2024-07-20,101310,108.35,84700,16610,17.76,P051,7700,11,2024-01-22,kg,13783.0,Closed by cutoff,2024-01
B01978,P051,Peanuts,Partial Loss,13,11.13,1.87,14.4,2024-08-10,122430,130.94,100100,22330,23.88,P051,7700,13,2024-02-12,kg,14399.0,Closed by cutoff,2024-02
B01979,P051,Peanuts,Sold Out,13,13.0,0.0,0.0,2024-03-09,143000,152.94,100100,42900,45.88,P051,7700,13,2024-02-28,kg,0.0,Closed by cutoff,2024-02
B01980,P051,Peanuts,Partial Loss,13,11.87,1.13,8.7,2024-09-13,130570,139.65,100100,30470,32.59,P051,7700,13,2024-03-17,kg,8701.0,Closed by cutoff,2024-03
B01981,P051,Peanuts,Sold Out,35,35.0,0.0,0.0,2024-04-21,385000,411.76,287000,98000,104.81,P051,8200,35,2024-04-02,kg,0.0,Closed by cutoff,2024-04
B01982,P051,Peanuts,Partial Loss,30,29.31,0.69,2.3,2024-10-18,322410,344.82,231000,91410,97.76,P051,7700,30,2024-04-21,kg,5313.0,Closed by cutoff,2024-04
B01983,P051,Peanuts,Sold Out,28,28.0,0.0,0.0,2024-06-03,308000,329.41,215600,92400,98.82,P051,7700,28,2024-05-17,kg,0.0,Closed by cutoff,2024-05
B01984,P051,Peanuts,Partial Loss,31,28.74,2.26,7.3,2024-12-02,316140,338.12,238700,77440,82.82,P051,7700,31,2024-06-05,kg,17402.0,Closed by cutoff,2024-06
B01985,P051,Peanuts,Sold Out,27,27.0,0.0,0.0,2024-07-10,297000,317.65,207900,89100,95.29,P051,7700,27,2024-06-25,kg,0.0,Closed by cutoff,2024-06
B01986,P051,Peanuts,Partial Loss,28,27.61,0.39,1.4,2025-01-10,303710,324.82,215600,88110,94.24,P051,7700,28,2024-07-14,kg,3003.0,Closed by cutoff,2024-07
B01987,P051,Peanuts,Sold Out,31,31.0,0.0,0.0,2024-08-25,341000,364.71,238700,102300,109.41,P051,7700,31,2024-08-05,kg,0.0,Closed by cutoff,2024-08
B01988,P051,Peanuts,Sold Out,35,35.0,0.0,0.0,2024-09-16,385000,411.76,269500,115500,123.53,P051,7700,35,2024-08-28,kg,0.0,Closed by cutoff,2024-08
B01989,P051,Peanuts,Sold Out,45,45.0,0.0,0.0,2024-10-09,495000,529.41,369000,126000,134.76,P051,8200,45,2024-09-20,kg,0.0,Closed by cutoff,2024-09
B01990,P051,Peanuts,Sold Out,13,13.0,0.0,0.0,2024-11-02,143000,152.94,100100,42900,45.88,P051,7700,13,2024-10-13,kg,0.0,Closed by cutoff,2024-10
B01991,P051,Peanuts,Partial Loss,12,10.97,1.03,8.6,2025-05-08,120670,129.06,98400,22270,23.82,P051,8200,12,2024-11-09,kg,8446.0,Closed by cutoff,2024-11
B01992,P051,Peanuts,Partial Loss,14,12.67,1.33,9.5,2025-05-30,139370,149.06,107800,31570,33.76,P051,7700,14,2024-12-01,kg,10241.0,Closed by cutoff,2024-12
B01993,P051,Peanuts,Sold Out,14,14.0,0.0,0.0,2025-01-09,154000,164.71,107800,46200,49.41,P051,7700,14,2024-12-23,kg,0.0,Closed by cutoff,2024-12
B01994,P051,Peanuts,Partial Loss,11,9.05,1.95,17.7,2025-07-15,99550,106.47,84700,14850,15.88,P051,7700,11,2025-01-16,kg,15015.0,After cutoff,2025-01
B01995,P051,Peanuts,Partial Loss,14,12.11,1.89,13.5,2025-08-07,133210,142.47,107800,25410,27.18,P051,7700,14,2025-02-08,kg,14553.0,After cutoff,2025-02
B01996,P051,Peanuts,Partial Loss,13,11.04,1.96,15.1,2025-08-22,121440,129.88,100100,21340,22.82,P051,7700,13,2025-02-23,kg,15092.0,After cutoff,2025-02
B01997,P051,Peanuts,Partial Loss,12,10.57,1.43,11.9,2025-09-08,116270,124.35,92400,23870,25.53,P051,7700,12,2025-03-12,kg,11011.0,After cutoff,2025-03
B01998,P051,Peanuts,Partial Loss,12,10.24,1.76,14.7,2025-09-25,112640,120.47,92400,20240,21.65,P051,7700,12,2025-03-29,kg,13552.0,After cutoff,2025-03
B01999,P051,Peanuts,Sold Out,37,37.0,0.0,0.0,2025-05-08,407000,435.29,284900,122100,130.59,P051,7700,37,2025-04-26,kg,0.0,Closed by cutoff,2025-04
B02000,P051,Peanuts,Sold Out,37,37.0,0.0,0.0,2025-05-27,407000,435.29,284900,122100,130.59,P051,7700,37,2025-05-12,kg,0.0,Closed by cutoff,2025-05
B02001,P051,Peanuts,Sold Out,38,38.0,0.0,0.0,2025-06-24,418000,447.06,292600,125400,134.12,P051,7700,38,2025-06-05,kg,0.0,Closed by cutoff,2025-06
B02002,P051,Peanuts,Sold Out,36,36.0,0.0,0.0,2025-07-12,396000,423.53,277200,118800,127.06,P051,7700,36,2025-06-29,kg,0.0,After cutoff,2025-06
B02003,P052,Peanuts,Sold Out,23,23.0,0.0,0.0,2023-08-01,172500,184.49,121900,50600,54.12,P052,5300,23,2023-07-16,kg,0.0,Closed by cutoff,2023-07
B02004,P052,Peanuts,Partial Loss,22,21.38,0.62,2.8,2024-02-03,160350,171.5,116600,43750,46.79,P052,5300,22,2023-08-07,kg,3286.0,Closed by cutoff,2023-08
B02005,P052,Peanuts,Partial Loss,23,22.68,0.32,1.4,2024-03-01,170100,181.93,121900,48200,51.55,P052,5300,23,2023-09-03,kg,1696.0,Closed by cutoff,2023-09
B02006,P052,Peanuts,Partial Loss,26,25.35,0.65,2.5,2024-03-21,190125,203.34,137800,52325,55.96,P052,5300,26,2023-09-23,kg,3445.0,Closed by cutoff,2023-09
B02007,P052,Peanuts,Partial Loss,19,18.09,0.91,4.8,2024-04-10,135675,145.11,100700,34975,37.41,P052,5300,19,2023-10-13,kg,4823.0,Closed by cutoff,2023-10
B02008,P052,Peanuts,Sold Out,22,22.0,0.0,0.0,2023-11-29,165000,176.47,121000,44000,47.06,P052,5500,22,2023-11-07,kg,0.0,Closed by cutoff,2023-11
B02009,P052,Peanuts,Sold Out,20,20.0,0.0,0.0,2023-12-20,150000,160.43,106000,44000,47.06,P052,5300,20,2023-11-29,kg,0.0,Closed by cutoff,2023-11
B02010,P052,Peanuts,Sold Out,29,29.0,0.0,0.0,2024-01-08,217500,232.62,159500,58000,62.03,P052,5500,29,2023-12-16,kg,0.0,Closed by cutoff,2023-12
B02011,P052,Peanuts,Partial Loss,23,21.14,1.86,8.1,2024-07-03,158550,169.57,121900,36650,39.2,P052,5300,23,2024-01-05,kg,9858.0,Closed by cutoff,2024-01
B02012,P052,Peanuts,Sold Out,21,21.0,0.0,0.0,2024-02-03,157500,168.45,111300,46200,49.41,P052,5300,21,2024-01-20,kg,0.0,Closed by cutoff,2024-01
B02013,P052,Peanuts,Partial Loss,19,16.97,2.03,10.7,2024-08-05,127275,136.12,100700,26575,28.42,P052,5300,19,2024-02-07,kg,10758.999999999998,Closed by cutoff,2024-02
B02014,P052,Peanuts,Partial Loss,23,21.44,1.56,6.8,2024-08-22,160800,171.98,121900,38900,41.6,P052,5300,23,2024-02-24,kg,8268.0,Closed by cutoff,2024-02
B02015,P052,Peanuts,Partial Loss,22,20.24,1.76,8.0,2024-09-10,151800,162.35,121000,30800,32.94,P052,5500,22,2024-03-14,kg,9680.0,Closed by cutoff,2024-03
B02016,P052,Peanuts,Sold Out,21,21.0,0.0,0.0,2024-04-21,157500,168.45,111300,46200,49.41,P052,5300,21,2024-04-01,kg,0.0,Closed by cutoff,2024-04
B02017,P052,Peanuts,Partial Loss,18,16.69,1.31,7.3,2024-10-17,125175,133.88,99000,26175,27.99,P052,5500,18,2024-04-20,kg,7205.0,Closed by cutoff,2024-04
B02018,P052,Peanuts,Sold Out,22,22.0,0.0,0.0,2024-06-08,165000,176.47,116600,48400,51.76,P052,5300,22,2024-05-11,kg,0.0,Closed by cutoff,2024-05
B02019,P052,Peanuts,Partial Loss,20,19.6,0.4,2.0,2024-11-24,147000,157.22,106000,41000,43.85,P052,5300,20,2024-05-28,kg,2120.0,Closed by cutoff,2024-05
B02020,P052,Peanuts,Sold Out,18,18.0,0.0,0.0,2024-07-07,135000,144.39,95400,39600,42.35,P052,5300,18,2024-06-19,kg,0.0,Closed by cutoff,2024-06
B02021,P052,Peanuts,Sold Out,23,23.0,0.0,0.0,2024-07-16,172500,184.49,121900,50600,54.12,P052,5300,23,2024-07-06,kg,0.0,Closed by cutoff,2024-07
B02022,P052,Peanuts,Sold Out,19,19.0,0.0,0.0,2024-08-14,142500,152.41,100700,41800,44.71,P052,5300,19,2024-07-25,kg,0.0,Closed by cutoff,2024-07
B02023,P052,Peanuts,Partial Loss,23,21.76,1.24,5.4,2025-02-12,163200,174.55,121900,41300,44.17,P052,5300,23,2024-08-16,kg,6572.0,Closed by cutoff,2024-08
B02024,P052,Peanuts,Partial Loss,22,20.9,1.1,5.0,2025-03-13,156750,167.65,116600,40150,42.94,P052,5300,22,2024-09-14,kg,5830.000000000001,Closed by cutoff,2024-09
B02025,P052,Peanuts,Sold Out,22,22.0,0.0,0.0,2024-10-24,165000,176.47,116600,48400,51.76,P052,5300,22,2024-10-04,kg,0.0,Closed by cutoff,2024-10
B02026,P052,Peanuts,Partial Loss,23,21.92,1.08,4.7,2025-04-25,164400,175.83,121900,42500,45.45,P052,5300,23,2024-10-27,kg,5724.0,Closed by cutoff,2024-10
B02027,P052,Peanuts,Sold Out,21,21.0,0.0,0.0,2024-12-07,157500,168.45,111300,46200,49.41,P052,5300,21,2024-11-19,kg,0.0,Closed by cutoff,2024-11
B02028,P052,Peanuts,Sold Out,27,27.0,0.0,0.0,2024-12-14,202500,216.58,143100,59400,63.53,P052,5300,27,2024-12-05,kg,0.0,Closed by cutoff,2024-12
B02029,P052,Peanuts,Sold Out,28,28.0,0.0,0.0,2025-01-06,210000,224.6,148400,61600,65.88,P052,5300,28,2024-12-27,kg,0.0,Closed by cutoff,2024-12
B02030,P052,Peanuts,Partial Loss,19,17.59,1.41,7.4,2025-07-14,131925,141.1,100700,31225,33.4,P052,5300,19,2025-01-15,kg,7473.0,After cutoff,2025-01
B02031,P052,Peanuts,Sold Out,21,21.0,0.0,0.0,2025-02-12,157500,168.45,111300,46200,49.41,P052,5300,21,2025-02-04,kg,0.0,Closed by cutoff,2025-02
B02032,P052,Peanuts,Sold Out,19,19.0,0.0,0.0,2025-03-14,142500,152.41,100700,41800,44.71,P052,5300,19,2025-02-23,kg,0.0,Closed by cutoff,2025-02
B02033,P052,Peanuts,Sold Out,22,22.0,0.0,0.0,2025-03-24,165000,176.47,116600,48400,51.76,P052,5300,22,2025-03-18,kg,0.0,Closed by cutoff,2025-03
B02034,P052,Peanuts,Sold Out,23,23.0,0.0,0.0,2025-04-22,172500,184.49,121900,50600,54.12,P052,5300,23,2025-04-05,kg,0.0,Closed by cutoff,2025-04
B02035,P052,Peanuts,Sold Out,21,21.0,0.0,0.0,2025-05-22,157500,168.45,111300,46200,49.41,P052,5300,21,2025-04-27,kg,0.0,Closed by cutoff,2025-04
B02036,P052,Peanuts,Sold Out,25,25.0,0.0,0.0,2025-05-25,187500,200.53,132500,55000,58.82,P052,5300,25,2025-05-10,kg,0.0,Closed by cutoff,2025-05
B02037,P052,Peanuts,Sold Out,21,21.0,0.0,0.0,2025-06-11,157500,168.45,111300,46200,49.41,P052,5300,21,2025-05-28,kg,0.0,Closed by cutoff,2025-05
B02038,P052,Peanuts,Partial Loss,18,16.76,1.24,6.9,2025-12-19,125700,134.44,95400,30300,32.41,P052,5300,18,2025-06-22,kg,6572.0,After cutoff,2025-06
B02039,P053,Peanuts,Sold Out,21,21.0,0.0,0.0,2023-07-14,178500,190.91,123900,54600,58.4,P053,5900,21,2023-07-03,kg,0.0,Closed by cutoff,2023-07
B02040,P053,Peanuts,Sold Out,19,19.0,0.0,0.0,2023-08-12,161500,172.73,112100,49400,52.83,P053,5900,19,2023-07-22,kg,0.0,Closed by cutoff,2023-07
B02041,P053,Peanuts,Partial Loss,18,17.33,0.67,3.7,2024-02-05,147305,157.55,106200,41105,43.96,P053,5900,18,2023-08-09,kg,3953.0000000000005,Closed by cutoff,2023-08
B02042,P053,Peanuts,Partial Loss,26,24.67,1.33,5.1,2024-02-29,209695,224.27,153400,56295,60.21,P053,5900,26,2023-09-02,kg,7847.0,Closed by cutoff,2023-09
B02043,P053,Peanuts,Sold Out,26,26.0,0.0,0.0,2023-10-08,221000,236.36,153400,67600,72.3,P053,5900,26,2023-09-25,kg,0.0,Closed by cutoff,2023-09
B02044,P053,Peanuts,Partial Loss,22,20.02,1.98,9.0,2024-04-12,170170,182.0,129800,40370,43.18,P053,5900,22,2023-10-15,kg,11682.0,Closed by cutoff,2023-10
B02045,P053,Peanuts,Sold Out,19,19.0,0.0,0.0,2023-11-24,161500,172.73,112100,49400,52.83,P053,5900,19,2023-11-03,kg,0.0,Closed by cutoff,2023-11
B02046,P053,Peanuts,Partial Loss,21,20.03,0.97,4.6,2024-05-16,170255,182.09,123900,46355,49.58,P053,5900,21,2023-11-18,kg,5723.0,Closed by cutoff,2023-11
B02047,P053,Peanuts,Partial Loss,29,27.32,1.68,5.8,2024-06-07,232220,248.36,171100,61120,65.37,P053,5900,29,2023-12-10,kg,9912.0,Closed by cutoff,2023-12
B02048,P053,Peanuts,Partial Loss,28,26.04,1.96,7.0,2024-06-24,221340,236.73,165200,56140,60.04,P053,5900,28,2023-12-27,kg,11564.0,Closed by cutoff,2023-12
B02049,P053,Peanuts,Partial Loss,23,20.98,2.02,8.8,2024-07-13,178330,190.73,135700,42630,45.59,P053,5900,23,2024-01-15,kg,11918.0,Closed by cutoff,2024-01
B02050,P053,Peanuts,Sold Out,18,18.0,0.0,0.0,2024-02-19,153000,163.64,106200,46800,50.05,P053,5900,18,2024-02-07,kg,0.0,Closed by cutoff,2024-02
B02051,P053,Peanuts,Partial Loss,21,19.05,1.95,9.3,2024-08-25,161925,173.18,123900,38025,40.67,P053,5900,21,2024-02-27,kg,11505.0,Closed by cutoff,2024-02
B02052,P053,Peanuts,Sold Out,18,18.0,0.0,0.0,2024-04-07,153000,163.64,106200,46800,50.05,P053,5900,18,2024-03-24,kg,0.0,Closed by cutoff,2024-03
B02053,P053,Peanuts,Sold Out,19,19.0,0.0,0.0,2024-05-03,161500,172.73,112100,49400,52.83,P053,5900,19,2024-04-12,kg,0.0,Closed by cutoff,2024-04
B02054,P053,Peanuts,Sold Out,19,19.0,0.0,0.0,2024-05-24,161500,172.73,112100,49400,52.83,P053,5900,19,2024-05-01,kg,0.0,Closed by cutoff,2024-05
B02055,P053,Peanuts,Sold Out,17,17.0,0.0,0.0,2024-06-03,144500,154.55,100300,44200,47.27,P053,5900,17,2024-05-25,kg,0.0,Closed by cutoff,2024-05
B02056,P053,Peanuts,Sold Out,23,23.0,0.0,0.0,2024-06-27,195500,209.09,135700,59800,63.96,P053,5900,23,2024-06-13,kg,0.0,Closed by cutoff,2024-06
B02057,P053,Peanuts,Sold Out,20,20.0,0.0,0.0,2024-07-21,170000,181.82,118000,52000,55.61,P053,5900,20,2024-07-02,kg,0.0,Closed by cutoff,2024-07
B02058,P053,Peanuts,Sold Out,22,22.0,0.0,0.0,2024-08-13,187000,200.0,129800,57200,61.18,P053,5900,22,2024-07-23,kg,0.0,Closed by cutoff,2024-07
B02059,P053,Peanuts,Sold Out,18,18.0,0.0,0.0,2024-08-30,153000,163.64,106200,46800,50.05,P053,5900,18,2024-08-16,kg,0.0,Closed by cutoff,2024-08
B02060,P053,Peanuts,Partial Loss,28,27.16,0.84,3.0,2025-03-08,230860,246.91,165200,65660,70.22,P053,5900,28,2024-09-09,kg,4956.0,Closed by cutoff,2024-09
B02061,P053,Peanuts,Partial Loss,19,18.6,0.4,2.1,2025-03-30,158100,169.09,112100,46000,49.2,P053,5900,19,2024-10-01,kg,2360.0,Closed by cutoff,2024-10
B02062,P053,Peanuts,Sold Out,19,19.0,0.0,0.0,2024-11-11,161500,172.73,112100,49400,52.83,P053,5900,19,2024-10-17,kg,0.0,Closed by cutoff,2024-10
B02063,P053,Peanuts,Sold Out,19,19.0,0.0,0.0,2024-11-19,161500,172.73,112100,49400,52.83,P053,5900,19,2024-10-29,kg,0.0,Closed by cutoff,2024-10
B02064,P053,Peanuts,Partial Loss,23,20.98,2.02,8.8,2025-05-24,178330,190.73,135700,42630,45.59,P053,5900,23,2024-11-25,kg,11918.0,Closed by cutoff,2024-11
B02065,P053,Peanuts,Sold Out,28,28.0,0.0,0.0,2024-12-18,238000,254.55,165200,72800,77.86,P053,5900,28,2024-12-15,kg,0.0,Closed by cutoff,2024-12
B02066,P053,Peanuts,Partial Loss,21,19.09,1.91,9.1,2025-07-11,162265,173.55,123900,38365,41.03,P053,5900,21,2025-01-12,kg,11269.0,After cutoff,2025-01
B02067,P053,Peanuts,Sold Out,20,20.0,0.0,0.0,2025-02-08,170000,181.82,118000,52000,55.61,P053,5900,20,2025-01-27,kg,0.0,Closed by cutoff,2025-01
B02068,P053,Peanuts,Partial Loss,19,17.52,1.48,7.8,2025-08-14,148920,159.27,112100,36820,39.38,P053,5900,19,2025-02-15,kg,8732.0,After cutoff,2025-02
B02069,P053,Peanuts,Sold Out,23,23.0,0.0,0.0,2025-03-28,195500,209.09,135700,59800,63.96,P053,5900,23,2025-03-08,kg,0.0,Closed by cutoff,2025-03
B02070,P053,Peanuts,Partial Loss,24,21.62,2.38,9.9,2025-09-29,183770,196.55,141600,42170,45.1,P053,5900,24,2025-04-02,kg,14042.0,After cutoff,2025-04
B02071,P053,Peanuts,Sold Out,19,19.0,0.0,0.0,2025-04-27,161500,172.73,112100,49400,52.83,P053,5900,19,2025-04-15,kg,0.0,Closed by cutoff,2025-04
B02072,P053,Peanuts,Partial Loss,23,22.84,0.16,0.7,2025-11-04,194140,207.64,135700,58440,62.5,P053,5900,23,2025-05-08,kg,944.0,After cutoff,2025-05
B02073,P053,Peanuts,Sold Out,21,21.0,0.0,0.0,2025-06-13,178500,190.91,123900,54600,58.4,P053,5900,21,2025-05-25,kg,0.0,Closed by cutoff,2025-05
B02074,P053,Peanuts,Sold Out,21,21.0,0.0,0.0,2025-06-26,178500,190.91,123900,54600,58.4,P053,5900,21,2025-06-13,kg,0.0,Closed by cutoff,2025-06
B02075,P054,Peanuts,Sold Out,23,23.0,0.0,0.0,2023-07-18,126500,135.29,98900,27600,29.52,P054,4300,23,2023-07-05,kg,0.0,Closed by cutoff,2023-07
B02076,P054,Peanuts,Sold Out,22,22.0,0.0,0.0,2023-07-30,121000,129.41,89100,31900,34.12,P054,4050,22,2023-07-19,kg,0.0,Closed by cutoff,2023-07
B02077,P054,Peanuts,Sold Out,19,19.0,0.0,0.0,2023-08-27,104500,111.76,76950,27550,29.47,P054,4050,19,2023-08-11,kg,0.0,Closed by cutoff,2023-08
B02078,P054,Peanuts,Sold Out,20,20.0,0.0,0.0,2023-09-16,110000,117.65,81000,29000,31.02,P054,4050,20,2023-08-27,kg,0.0,Closed by cutoff,2023-08
B02079,P054,Peanuts,Sold Out,23,23.0,0.0,0.0,2023-10-04,126500,135.29,93150,33350,35.67,P054,4050,23,2023-09-17,kg,0.0,Closed by cutoff,2023-09
B02080,P054,Peanuts,Sold Out,21,21.0,0.0,0.0,2023-10-26,115500,123.53,85050,30450,32.57,P054,4050,21,2023-10-07,kg,0.0,Closed by cutoff,2023-10
B02081,P054,Peanuts,Sold Out,18,18.0,0.0,0.0,2023-11-05,99000,105.88,72900,26100,27.91,P054,4050,18,2023-10-26,kg,0.0,Closed by cutoff,2023-10
B02082,P054,Peanuts,Partial Loss,19,17.31,1.69,8.9,2024-05-12,95205,101.82,76950,18255,19.52,P054,4050,19,2023-11-14,kg,6844.5,Closed by cutoff,2023-11
B02083,P054,Peanuts,Partial Loss,29,26.07,2.93,10.1,2024-05-31,143385,153.35,117450,25935,27.74,P054,4050,29,2023-12-03,kg,11866.5,Closed by cutoff,2023-12
B02084,P054,Peanuts,Partial Loss,23,21.87,1.13,4.9,2024-06-21,120285,128.65,93150,27135,29.02,P054,4050,23,2023-12-24,kg,4576.5,Closed by cutoff,2023-12
B02085,P054,Peanuts,Partial Loss,22,19.87,2.13,9.7,2024-07-10,109285,116.88,89100,20185,21.59,P054,4050,22,2024-01-12,kg,8626.5,Closed by cutoff,2024-01
B02086,P054,Peanuts,Sold Out,18,18.0,0.0,0.0,2024-02-20,99000,105.88,77400,21600,23.1,P054,4300,18,2024-02-04,kg,0.0,Closed by cutoff,2024-02
B02087,P054,Peanuts,Sold Out,21,21.0,0.0,0.0,2024-03-12,115500,123.53,85050,30450,32.57,P054,4050,21,2024-02-24,kg,0.0,Closed by cutoff,2024-02
B02088,P054,Peanuts,Sold Out,19,19.0,0.0,0.0,2024-04-05,104500,111.76,76950,27550,29.47,P054,4050,19,2024-03-21,kg,0.0,Closed by cutoff,2024-03
B02089,P054,Peanuts,Partial Loss,17,15.86,1.14,6.7,2024-10-05,87230,93.29,68850,18380,19.66,P054,4050,17,2024-04-08,kg,4617.0,Closed by cutoff,2024-04
B02090,P054,Peanuts,Sold Out,23,23.0,0.0,0.0,2024-10-25,126500,135.29,93150,33350,35.67,P054,4050,23,2024-04-28,kg,0.0,Closed by cutoff,2024-04
B02091,P054,Peanuts,Sold Out,19,19.0,0.0,0.0,2024-06-08,104500,111.76,76950,27550,29.47,P054,4050,19,2024-05-16,kg,0.0,Closed by cutoff,2024-05
B02092,P054,Peanuts,Sold Out,19,19.0,0.0,0.0,2024-06-09,104500,111.76,76950,27550,29.47,P054,4050,19,2024-05-29,kg,0.0,Closed by cutoff,2024-05
B02093,P054,Peanuts,Partial Loss,19,17.54,1.46,7.7,2024-12-12,96470,103.18,76950,19520,20.88,P054,4050,19,2024-06-15,kg,5913.0,Closed by cutoff,2024-06
B02094,P054,Peanuts,Sold Out,19,19.0,0.0,0.0,2024-07-31,104500,111.76,76950,27550,29.47,P054,4050,19,2024-07-06,kg,0.0,Closed by cutoff,2024-07
B02095,P054,Peanuts,Sold Out,23,23.0,0.0,0.0,2024-08-05,126500,135.29,93150,33350,35.67,P054,4050,23,2024-07-24,kg,0.0,Closed by cutoff,2024-07
B02096,P054,Peanuts,Sold Out,22,22.0,0.0,0.0,2024-09-04,121000,129.41,89100,31900,34.12,P054,4050,22,2024-08-07,kg,0.0,Closed by cutoff,2024-08
B02097,P054,Peanuts,Sold Out,21,21.0,0.0,0.0,2024-09-17,115500,123.53,85050,30450,32.57,P054,4050,21,2024-08-30,kg,0.0,Closed by cutoff,2024-08
B02098,P054,Peanuts,Sold Out,23,23.0,0.0,0.0,2024-10-25,126500,135.29,98900,27600,29.52,P054,4300,23,2024-09-26,kg,0.0,Closed by cutoff,2024-09
B02099,P054,Peanuts,Partial Loss,18,17.48,0.52,2.9,2025-04-15,96140,102.82,72900,23240,24.86,P054,4050,18,2024-10-17,kg,2106.0,Closed by cutoff,2024-10
B02100,P054,Peanuts,Partial Loss,22,20.22,1.78,8.1,2025-05-05,111210,118.94,89100,22110,23.65,P054,4050,22,2024-11-06,kg,7209.0,Closed by cutoff,2024-11
B02101,P054,Peanuts,Sold Out,19,19.0,0.0,0.0,2024-12-13,104500,111.76,76950,27550,29.47,P054,4050,19,2024-11-29,kg,0.0,Closed by cutoff,2024-11
B02102,P054,Peanuts,Sold Out,26,26.0,0.0,0.0,2025-01-09,143000,152.94,105300,37700,40.32,P054,4050,26,2024-12-18,kg,0.0,Closed by cutoff,2024-12
B02103,P054,Peanuts,Partial Loss,25,22.95,2.05,8.2,2025-07-04,126225,135.0,101250,24975,26.71,P054,4050,25,2025-01-05,kg,8302.5,After cutoff,2025-01
B02104,P054,Peanuts,Partial Loss,21,18.69,2.31,11.0,2025-07-23,102795,109.94,85050,17745,18.98,P054,4050,21,2025-01-24,kg,9355.5,After cutoff,2025-01
B02105,P054,Peanuts,Sold Out,20,20.0,0.0,0.0,2025-03-07,110000,117.65,81000,29000,31.02,P054,4050,20,2025-02-19,kg,0.0,Closed by cutoff,2025-02
B02106,P054,Peanuts,Partial Loss,20,18.9,1.1,5.5,2025-09-07,103950,111.18,81000,22950,24.55,P054,4050,20,2025-03-11,kg,4455.0,After cutoff,2025-03
B02107,P054,Peanuts,Sold Out,19,19.0,0.0,0.0,2025-04-13,104500,111.76,76950,27550,29.47,P054,4050,19,2025-04-01,kg,0.0,Closed by cutoff,2025-04
B02108,P054,Peanuts,Sold Out,21,21.0,0.0,0.0,2025-05-08,115500,123.53,85050,30450,32.57,P054,4050,21,2025-04-20,kg,0.0,Closed by cutoff,2025-04
B02109,P054,Peanuts,Partial Loss,25,24.12,0.88,3.5,2025-11-07,132660,141.88,101250,31410,33.59,P054,4050,25,2025-05-11,kg,3564.0,After cutoff,2025-05
B02110,P054,Peanuts,Sold Out,21,21.0,0.0,0.0,2025-11-29,115500,123.53,85050,30450,32.57,P054,4050,21,2025-06-02,kg,0.0,After cutoff,2025-06
B02111,P054,Peanuts,Sold Out,22,22.0,0.0,0.0,2025-07-16,121000,129.41,89100,31900,34.12,P054,4050,22,2025-06-26,kg,0.0,After cutoff,2025-06
B02112,P055,Nuts,Sold Out,22,22.0,0.0,0.0,2023-07-29,198000,211.76,149600,48400,51.76,P055,6800,22,2023-07-13,kg,0.0,Closed by cutoff,2023-07
B02113,P055,Nuts,Sold Out,22,22.0,0.0,0.0,2023-08-22,198000,211.76,149600,48400,51.76,P055,6800,22,2023-08-07,kg,0.0,Closed by cutoff,2023-08
B02114,P055,Nuts,Sold Out,21,21.0,0.0,0.0,2023-09-20,189000,202.14,142800,46200,49.41,P055,6800,21,2023-08-30,kg,0.0,Closed by cutoff,2023-08
B02115,P055,Nuts,Partial Loss,22,20.99,1.01,4.6,2024-04-18,188910,202.04,149600,39310,42.04,P055,6800,22,2023-09-21,kg,6868.0,Closed by cutoff,2023-09
B02116,P055,Nuts,Sold Out,8,8.0,0.0,0.0,2023-10-16,72000,77.01,54400,17600,18.82,P055,6800,8,2023-10-07,kg,0.0,Closed by cutoff,2023-10
B02117,P055,Nuts,Sold Out,6,6.0,0.0,0.0,2023-11-13,54000,57.75,40800,13200,14.12,P055,6800,6,2023-10-27,kg,0.0,Closed by cutoff,2023-10
B02118,P055,Nuts,Partial Loss,6,5.39,0.61,10.1,2024-06-15,48510,51.88,40800,7710,8.25,P055,6800,6,2023-11-18,kg,4148.0,Closed by cutoff,2023-11
B02119,P055,Nuts,Partial Loss,9,8.66,0.34,3.8,2024-07-01,77940,83.36,61200,16740,17.9,P055,6800,9,2023-12-04,kg,2312.0,Closed by cutoff,2023-12
B02120,P055,Nuts,Sold Out,9,9.0,0.0,0.0,2024-01-09,81000,86.63,61200,19800,21.18,P055,6800,9,2023-12-25,kg,0.0,Closed by cutoff,2023-12
B02121,P055,Nuts,Partial Loss,8,7.74,0.26,3.3,2024-08-13,69660,74.5,54400,15260,16.32,P055,6800,8,2024-01-16,kg,1768.0,Closed by cutoff,2024-01
B02122,P055,Nuts,Partial Loss,7,6.12,0.88,12.5,2024-09-09,55080,58.91,47600,7480,8.0,P055,6800,7,2024-02-12,kg,5984.0,Closed by cutoff,2024-02
B02123,P055,Nuts,Partial Loss,7,6.48,0.52,7.4,2024-09-27,58320,62.37,47600,10720,11.47,P055,6800,7,2024-03-01,kg,3536.0,Closed by cutoff,2024-03
B02124,P055,Nuts,Sold Out,6,6.0,0.0,0.0,2024-04-08,54000,57.75,40800,13200,14.12,P055,6800,6,2024-03-20,kg,0.0,Closed by cutoff,2024-03
B02125,P055,Nuts,Partial Loss,19,17.56,1.44,7.6,2024-11-03,158040,169.03,129200,28840,30.84,P055,6800,19,2024-04-07,kg,9792.0,Closed by cutoff,2024-04
B02126,P055,Nuts,Partial Loss,20,19.14,0.86,4.3,2024-11-21,172260,184.24,136000,36260,38.78,P055,6800,20,2024-04-25,kg,5848.0,Closed by cutoff,2024-04
B02127,P055,Nuts,Sold Out,20,20.0,0.0,0.0,2024-06-06,180000,192.51,136000,44000,47.06,P055,6800,20,2024-05-19,kg,0.0,Closed by cutoff,2024-05
B02128,P055,Nuts,Sold Out,22,22.0,0.0,0.0,2024-06-25,198000,211.76,149600,48400,51.76,P055,6800,22,2024-06-05,kg,0.0,Closed by cutoff,2024-06
B02129,P055,Nuts,Sold Out,20,20.0,0.0,0.0,2024-07-07,180000,192.51,146000,34000,36.36,P055,7300,20,2024-06-28,kg,0.0,Closed by cutoff,2024-06
B02130,P055,Nuts,Sold Out,19,19.0,0.0,0.0,2024-07-31,171000,182.89,138700,32300,34.55,P055,7300,19,2024-07-16,kg,0.0,Closed by cutoff,2024-07
B02131,P055,Nuts,Partial Loss,18,17.35,0.65,3.6,2025-02-23,156150,167.01,122400,33750,36.1,P055,6800,18,2024-07-28,kg,4420.0,Closed by cutoff,2024-07
B02132,P055,Nuts,Sold Out,22,22.0,0.0,0.0,2024-09-13,198000,211.76,149600,48400,51.76,P055,6800,22,2024-08-23,kg,0.0,Closed by cutoff,2024-08
B02133,P055,Nuts,Sold Out,28,28.0,0.0,0.0,2024-09-24,252000,269.52,204400,47600,50.91,P055,7300,28,2024-09-12,kg,0.0,Closed by cutoff,2024-09
B02134,P055,Nuts,Sold Out,6,6.0,0.0,0.0,2024-10-22,54000,57.75,40800,13200,14.12,P055,6800,6,2024-10-09,kg,0.0,Closed by cutoff,2024-10
B02135,P055,Nuts,Partial Loss,7,6.84,0.16,2.3,2025-05-28,61560,65.84,51100,10460,11.19,P055,7300,7,2024-10-30,kg,1168.0,Closed by cutoff,2024-10
B02136,P055,Nuts,Sold Out,8,8.0,0.0,0.0,2024-12-04,72000,77.01,58400,13600,14.55,P055,7300,8,2024-11-20,kg,0.0,Closed by cutoff,2024-11
B02137,P055,Nuts,Partial Loss,10,9.11,0.89,8.9,2025-07-10,81990,87.69,73000,8990,9.61,P055,7300,10,2024-12-12,kg,6497.0,After cutoff,2024-12
B02138,P055,Nuts,Sold Out,7,7.0,0.0,0.0,2025-01-08,63000,67.38,47600,15400,16.47,P055,6800,7,2025-01-01,kg,0.0,Closed by cutoff,2025-01
B02139,P055,Nuts,Sold Out,7,7.0,0.0,0.0,2025-02-16,63000,67.38,47600,15400,16.47,P055,6800,7,2025-01-19,kg,0.0,Closed by cutoff,2025-01
B02140,P055,Nuts,Sold Out,7,7.0,0.0,0.0,2025-03-05,63000,67.38,47600,15400,16.47,P055,6800,7,2025-02-13,kg,0.0,Closed by cutoff,2025-02
B02141,P055,Nuts,Sold Out,7,7.0,0.0,0.0,2025-03-13,63000,67.38,47600,15400,16.47,P055,6800,7,2025-02-27,kg,0.0,Closed by cutoff,2025-02
B02142,P055,Nuts,Partial Loss,7,6.5,0.5,7.1,2025-10-19,58500,62.57,47600,10900,11.66,P055,6800,7,2025-03-23,kg,3400.0,After cutoff,2025-03
B02143,P055,Nuts,Sold Out,19,19.0,0.0,0.0,2025-04-24,171000,182.89,129200,41800,44.71,P055,6800,19,2025-04-13,kg,0.0,Closed by cutoff,2025-04
B02144,P055,Nuts,Sold Out,18,18.0,0.0,0.0,2025-05-26,162000,173.26,122400,39600,42.35,P055,6800,18,2025-05-05,kg,0.0,Closed by cutoff,2025-05
B02145,P055,Nuts,Sold Out,23,23.0,0.0,0.0,2025-05-29,207000,221.39,156400,50600,54.12,P055,6800,23,2025-05-22,kg,0.0,Closed by cutoff,2025-05
B02146,P055,Nuts,Sold Out,22,22.0,0.0,0.0,2025-07-06,198000,211.76,149600,48400,51.76,P055,6800,22,2025-06-14,kg,0.0,After cutoff,2025-06
B02147,P056,Nuts,Sold Out,18,18.0,0.0,0.0,2023-07-31,234000,250.27,180000,54000,57.75,P056,10000,18,2023-07-15,kg,0.0,Closed by cutoff,2023-07
B02148,P056,Nuts,Partial Loss,18,17.08,0.92,5.1,2024-03-07,222040,237.48,180000,42040,44.96,P056,10000,18,2023-08-10,kg,9200.0,Closed by cutoff,2023-08
B02149,P056,Nuts,Sold Out,28,28.0,0.0,0.0,2023-09-09,364000,389.3,280000,84000,89.84,P056,10000,28,2023-09-02,kg,0.0,Closed by cutoff,2023-09
B02150,P056,Nuts,Partial Loss,22,21.69,0.31,1.4,2024-04-15,281970,301.57,220000,61970,66.28,P056,10000,22,2023-09-18,kg,3100.0,Closed by cutoff,2023-09
B02151,P056,Nuts,Partial Loss,8,7.43,0.57,7.1,2024-05-06,96590,103.3,80000,16590,17.74,P056,10000,8,2023-10-09,kg,5699.999999999999,Closed by cutoff,2023-10
B02152,P056,Nuts,Partial Loss,8,7.18,0.82,10.3,2024-05-28,93340,99.83,80000,13340,14.27,P056,10000,8,2023-10-31,kg,8200.0,Closed by cutoff,2023-10
B02153,P056,Nuts,Sold Out,8,8.0,0.0,0.0,2023-12-16,104000,111.23,80000,24000,25.67,P056,10000,8,2023-11-21,kg,0.0,Closed by cutoff,2023-11
B02154,P056,Nuts,Sold Out,10,10.0,0.0,0.0,2024-01-10,130000,139.04,100000,30000,32.09,P056,10000,10,2023-12-16,kg,0.0,Closed by cutoff,2023-12
B02155,P056,Nuts,Sold Out,7,7.0,0.0,0.0,2024-01-27,91000,97.33,70000,21000,22.46,P056,10000,7,2024-01-08,kg,0.0,Closed by cutoff,2024-01
B02156,P056,Nuts,Sold Out,7,7.0,0.0,0.0,2024-02-18,91000,97.33,70000,21000,22.46,P056,10000,7,2024-01-25,kg,0.0,Closed by cutoff,2024-01
B02157,P056,Nuts,Partial Loss,7,6.04,0.96,13.7,2024-09-10,78520,83.98,67550,10970,11.73,P056,9650,7,2024-02-13,kg,9264.0,Closed by cutoff,2024-02
B02158,P056,Nuts,Sold Out,8,8.0,0.0,0.0,2024-03-12,104000,111.23,80000,24000,25.67,P056,10000,8,2024-02-28,kg,0.0,Closed by cutoff,2024-02
B02159,P056,Nuts,Partial Loss,6,5.58,0.42,7.0,2024-10-15,72540,77.58,60000,12540,13.41,P056,10000,6,2024-03-19,kg,4200.0,Closed by cutoff,2024-03
B02160,P056,Nuts,Sold Out,20,20.0,0.0,0.0,2024-04-21,260000,278.07,200000,60000,64.17,P056,10000,20,2024-04-11,kg,0.0,Closed by cutoff,2024-04
B02161,P056,Nuts,Sold Out,21,21.0,0.0,0.0,2024-05-22,273000,291.98,210000,63000,67.38,P056,10000,21,2024-05-05,kg,0.0,Closed by cutoff,2024-05
B02162,P056,Nuts,Sold Out,22,22.0,0.0,0.0,2024-06-02,286000,305.88,220000,66000,70.59,P056,10000,22,2024-05-25,kg,0.0,Closed by cutoff,2024-05
B02163,P056,Nuts,Sold Out,17,17.0,0.0,0.0,2024-07-01,221000,236.36,170000,51000,54.55,P056,10000,17,2024-06-14,kg,0.0,Closed by cutoff,2024-06
B02164,P056,Nuts,Sold Out,22,22.0,0.0,0.0,2024-07-21,286000,305.88,220000,66000,70.59,P056,10000,22,2024-06-28,kg,0.0,Closed by cutoff,2024-06
B02165,P056,Nuts,Sold Out,16,16.0,0.0,0.0,2024-08-01,208000,222.46,160000,48000,51.34,P056,10000,16,2024-07-16,kg,0.0,Closed by cutoff,2024-07
B02166,P056,Nuts,Partial Loss,21,19.87,1.13,5.4,2025-03-06,258310,276.27,210000,48310,51.67,P056,10000,21,2024-08-08,kg,11299.999999999998,Closed by cutoff,2024-08
B02167,P056,Nuts,Sold Out,16,16.0,0.0,0.0,2024-09-05,208000,222.46,160000,48000,51.34,P056,10000,16,2024-08-26,kg,0.0,Closed by cutoff,2024-08
B02168,P056,Nuts,Sold Out,28,28.0,0.0,0.0,2024-10-01,364000,389.3,270200,93800,100.32,P056,9650,28,2024-09-16,kg,0.0,Closed by cutoff,2024-09
B02169,P056,Nuts,Sold Out,7,7.0,0.0,0.0,2024-10-27,91000,97.33,70000,21000,22.46,P056,10000,7,2024-10-08,kg,0.0,Closed by cutoff,2024-10
B02170,P056,Nuts,Partial Loss,7,6.74,0.26,3.7,2025-05-29,87620,93.71,70000,17620,18.84,P056,10000,7,2024-10-31,kg,2600.0,Closed by cutoff,2024-10
B02171,P056,Nuts,Partial Loss,8,7.35,0.65,8.1,2025-06-20,95550,102.19,80000,15550,16.63,P056,10000,8,2024-11-22,kg,6500.0,Closed by cutoff,2024-11
B02172,P056,Nuts,Partial Loss,9,8.93,0.07,0.8,2025-07-13,116090,124.16,90000,26090,27.9,P056,10000,9,2024-12-15,kg,700.0000000000001,After cutoff,2024-12
B02173,P056,Nuts,Partial Loss,7,6.73,0.27,3.8,2025-08-02,87490,93.57,67550,19940,21.33,P056,9650,7,2025-01-04,kg,2605.5,After cutoff,2025-01
B02174,P056,Nuts,Partial Loss,8,7.41,0.59,7.4,2025-08-24,96330,103.03,80000,16330,17.47,P056,10000,8,2025-01-26,kg,5900.0,After cutoff,2025-01
B02175,P056,Nuts,Partial Loss,8,7.31,0.69,8.6,2025-09-15,95030,101.64,80000,15030,16.07,P056,10000,8,2025-02-17,kg,6899.999999999999,After cutoff,2025-02
B02176,P056,Nuts,Partial Loss,8,7.45,0.55,6.9,2025-10-03,96850,103.58,80000,16850,18.02,P056,10000,8,2025-03-07,kg,5500.0,After cutoff,2025-03
B02177,P056,Nuts,Sold Out,19,19.0,0.0,0.0,2025-04-18,247000,264.17,190000,57000,60.96,P056,10000,19,2025-04-01,kg,0.0,Closed by cutoff,2025-04
B02178,P056,Nuts,Sold Out,21,21.0,0.0,0.0,2025-05-13,273000,291.98,210000,63000,67.38,P056,10000,21,2025-04-23,kg,0.0,Closed by cutoff,2025-04
B02179,P056,Nuts,Partial Loss,22,21.52,0.48,2.2,2025-12-07,279760,299.21,220000,59760,63.91,P056,10000,22,2025-05-11,kg,4800.0,After cutoff,2025-05
B02180,P056,Nuts,Sold Out,22,22.0,0.0,0.0,2025-06-23,286000,305.88,220000,66000,70.59,P056,10000,22,2025-06-06,kg,0.0,Closed by cutoff,2025-06
B02181,P056,Nuts,Sold Out,23,23.0,0.0,0.0,2025-07-12,299000,319.79,221950,77050,82.41,P056,9650,23,2025-06-26,kg,0.0,After cutoff,2025-06
B02182,P057,Nuts,Sold Out,18,18.0,0.0,0.0,2023-07-23,108000,115.51,83700,24300,25.99,P057,4650,18,2023-07-06,kg,0.0,Closed by cutoff,2023-07
B02183,P057,Nuts,Partial Loss,21,20.29,0.71,3.4,2024-02-25,121740,130.2,97650,24090,25.76,P057,4650,21,2023-07-30,kg,3301.5,Closed by cutoff,2023-07
B02184,P057,Nuts,Sold Out,18,18.0,0.0,0.0,2023-09-18,108000,115.51,83700,24300,25.99,P057,4650,18,2023-08-26,kg,0.0,Closed by cutoff,2023-08
B02185,P057,Nuts,Sold Out,22,22.0,0.0,0.0,2023-09-30,132000,141.18,102300,29700,31.76,P057,4650,22,2023-09-10,kg,0.0,Closed by cutoff,2023-09
B02186,P057,Nuts,Sold Out,25,25.0,0.0,0.0,2023-10-15,150000,160.43,116250,33750,36.1,P057,4650,25,2023-09-25,kg,0.0,Closed by cutoff,2023-09
B02187,P057,Nuts,Sold Out,7,7.0,0.0,0.0,2023-11-08,42000,44.92,32550,9450,10.11,P057,4650,7,2023-10-15,kg,0.0,Closed by cutoff,2023-10
B02188,P057,Nuts,Partial Loss,6,5.69,0.31,5.1,2024-06-07,34140,36.51,27900,6240,6.67,P057,4650,6,2023-11-10,kg,1441.5,Closed by cutoff,2023-11
B02189,P057,Nuts,Partial Loss,7,6.42,0.58,8.3,2024-06-26,38520,41.2,32200,6320,6.76,P057,4600,7,2023-11-29,kg,2668.0,Closed by cutoff,2023-11
B02190,P057,Nuts,Partial Loss,9,8.5,0.49,5.5,2024-07-14,51000,54.55,41850,9150,9.79,P057,4650,9,2023-12-17,kg,2278.5,Closed by cutoff,2023-12
B02191,P057,Nuts,Sold Out,8,8.0,0.0,0.0,2024-01-23,48000,51.34,37200,10800,11.55,P057,4650,8,2024-01-04,kg,0.0,Closed by cutoff,2024-01
B02192,P057,Nuts,Partial Loss,8,7.54,0.46,5.8,2024-08-20,45240,48.39,37200,8040,8.6,P057,4650,8,2024-01-23,kg,2139.0,Closed by cutoff,2024-01
B02193,P057,Nuts,Sold Out,8,8.0,0.0,0.0,2024-03-01,48000,51.34,37200,10800,11.55,P057,4650,8,2024-02-13,kg,0.0,Closed by cutoff,2024-02
B02194,P057,Nuts,Partial Loss,7,6.69,0.31,4.4,2024-09-29,40140,42.93,32550,7590,8.12,P057,4650,7,2024-03-03,kg,1441.5,Closed by cutoff,2024-03
B02195,P057,Nuts,Sold Out,7,7.0,0.0,0.0,2024-03-26,42000,44.92,32200,9800,10.48,P057,4600,7,2024-03-21,kg,0.0,Closed by cutoff,2024-03
B02196,P057,Nuts,Sold Out,17,17.0,0.0,0.0,2024-04-23,102000,109.09,79050,22950,24.55,P057,4650,17,2024-04-11,kg,0.0,Closed by cutoff,2024-04
B02197,P057,Nuts,Sold Out,20,20.0,0.0,0.0,2024-05-16,120000,128.34,93000,27000,28.88,P057,4650,20,2024-05-04,kg,0.0,Closed by cutoff,2024-05
B02198,P057,Nuts,Sold Out,18,18.0,0.0,0.0,2024-06-05,108000,115.51,83700,24300,25.99,P057,4650,18,2024-05-25,kg,0.0,Closed by cutoff,2024-05
B02199,P057,Nuts,Sold Out,17,17.0,0.0,0.0,2024-06-27,102000,109.09,79050,22950,24.55,P057,4650,17,2024-06-14,kg,0.0,Closed by cutoff,2024-06
B02200,P057,Nuts,Sold Out,19,19.0,0.0,0.0,2024-07-25,114000,121.93,88350,25650,27.43,P057,4650,19,2024-07-04,kg,0.0,Closed by cutoff,2024-07
B02201,P057,Nuts,Sold Out,19,19.0,0.0,0.0,2024-08-06,114000,121.93,87400,26600,28.45,P057,4600,19,2024-07-19,kg,0.0,Closed by cutoff,2024-07
B02202,P057,Nuts,Sold Out,18,18.0,0.0,0.0,2024-09-03,108000,115.51,83700,24300,25.99,P057,4650,18,2024-08-14,kg,0.0,Closed by cutoff,2024-08
B02203,P057,Nuts,Sold Out,22,22.0,0.0,0.0,2024-09-16,132000,141.18,102300,29700,31.76,P057,4650,22,2024-09-01,kg,0.0,Closed by cutoff,2024-09
B02204,P057,Nuts,Sold Out,24,24.0,0.0,0.0,2024-10-08,144000,154.01,111600,32400,34.65,P057,4650,24,2024-09-21,kg,0.0,Closed by cutoff,2024-09
B02205,P057,Nuts,Sold Out,6,6.0,0.0,0.0,2024-11-14,36000,38.5,27900,8100,8.66,P057,4650,6,2024-10-18,kg,0.0,Closed by cutoff,2024-10
B02206,P057,Nuts,Sold Out,8,8.0,0.0,0.0,2024-11-21,48000,51.34,37200,10800,11.55,P057,4650,8,2024-11-08,kg,0.0,Closed by cutoff,2024-11
B02207,P057,Nuts,Sold Out,8,8.0,0.0,0.0,2024-12-12,48000,51.34,37200,10800,11.55,P057,4650,8,2024-11-29,kg,0.0,Closed by cutoff,2024-11
B02208,P057,Nuts,Partial Loss,9,8.33,0.67,7.4,2025-07-10,49980,53.45,41850,8130,8.7,P057,4650,9,2024-12-12,kg,3115.5,After cutoff,2024-12
B02209,P057,Nuts,Partial Loss,8,7.54,0.46,5.8,2025-07-30,45240,48.39,37200,8040,8.6,P057,4650,8,2025-01-01,kg,2139.0,After cutoff,2025-01
B02210,P057,Nuts,Sold Out,9,9.0,0.0,0.0,2025-02-04,54000,57.75,41850,12150,12.99,P057,4650,9,2025-01-23,kg,0.0,Closed by cutoff,2025-01
B02211,P057,Nuts,Sold Out,8,8.0,0.0,0.0,2025-03-07,48000,51.34,36800,11200,11.98,P057,4600,8,2025-02-14,kg,0.0,Closed by cutoff,2025-02
B02212,P057,Nuts,Partial Loss,9,8.29,0.71,7.9,2025-10-06,49740,53.2,41850,7890,8.44,P057,4650,9,2025-03-10,kg,3301.5,After cutoff,2025-03
B02213,P057,Nuts,Sold Out,21,21.0,0.0,0.0,2025-04-30,126000,134.76,97650,28350,30.32,P057,4650,21,2025-04-06,kg,0.0,Closed by cutoff,2025-04
B02214,P057,Nuts,Sold Out,20,20.0,0.0,0.0,2025-05-10,120000,128.34,93000,27000,28.88,P057,4650,20,2025-04-23,kg,0.0,Closed by cutoff,2025-04
B02215,P057,Nuts,Sold Out,19,19.0,0.0,0.0,2025-05-31,114000,121.93,88350,25650,27.43,P057,4650,19,2025-05-14,kg,0.0,Closed by cutoff,2025-05
B02216,P057,Nuts,Partial Loss,22,19.67,2.33,10.6,2026-01-01,118020,126.22,102300,15720,16.81,P057,4650,22,2025-06-05,kg,10834.5,After cutoff,2025-06
B02217,P057,Nuts,Sold Out,23,23.0,0.0,0.0,2025-07-13,138000,147.59,106950,31050,33.21,P057,4650,23,2025-06-21,kg,0.0,After cutoff,2025-06
B02218,P058,Nuts,Partial Loss,19,17.77,1.24,6.5,2024-01-28,177700,190.05,143450,34250,36.63,P058,7550,19,2023-07-02,kg,9362.0,Closed by cutoff,2023-07
B02219,P058,Nuts,Sold Out,22,22.0,0.0,0.0,2023-08-08,220000,235.29,166100,53900,57.65,P058,7550,22,2023-07-27,kg,0.0,Closed by cutoff,2023-07
B02220,P058,Nuts,Sold Out,20,20.0,0.0,0.0,2023-08-26,200000,213.9,151000,49000,52.41,P058,7550,20,2023-08-12,kg,0.0,Closed by cutoff,2023-08
B02221,P058,Nuts,Partial Loss,21,19.53,1.47,7.0,2024-03-25,195300,208.88,160650,34650,37.06,P058,7650,21,2023-08-28,kg,11245.5,Closed by cutoff,2023-08
B02222,P058,Nuts,Partial Loss,26,25.79,0.21,0.8,2024-04-17,257900,275.83,198900,59000,63.1,P058,7650,26,2023-09-20,kg,1606.5,Closed by cutoff,2023-09
B02223,P058,Nuts,Partial Loss,6,5.39,0.61,10.1,2024-05-10,53900,57.65,45300,8600,9.2,P058,7550,6,2023-10-13,kg,4605.5,Closed by cutoff,2023-10
B02224,P058,Nuts,Sold Out,7,7.0,0.0,0.0,2023-11-18,70000,74.87,52850,17150,18.34,P058,7550,7,2023-11-07,kg,0.0,Closed by cutoff,2023-11
B02225,P058,Nuts,Partial Loss,7,6.56,0.44,6.3,2024-06-26,65600,70.16,52850,12750,13.64,P058,7550,7,2023-11-29,kg,3322.0,Closed by cutoff,2023-11
B02226,P058,Nuts,Sold Out,10,10.0,0.0,0.0,2024-01-13,100000,106.95,75500,24500,26.2,P058,7550,10,2023-12-21,kg,0.0,Closed by cutoff,2023-12
B02227,P058,Nuts,Partial Loss,7,6.45,0.55,7.9,2024-08-08,64500,68.98,52850,11650,12.46,P058,7550,7,2024-01-11,kg,4152.5,Closed by cutoff,2024-01
B02228,P058,Nuts,Sold Out,6,6.0,0.0,0.0,2024-02-24,60000,64.17,45300,14700,15.72,P058,7550,6,2024-02-04,kg,0.0,Closed by cutoff,2024-02
B02229,P058,Nuts,Partial Loss,8,7.21,0.79,9.9,2024-09-22,72100,77.11,60400,11700,12.51,P058,7550,8,2024-02-25,kg,5964.5,Closed by cutoff,2024-02
B02230,P058,Nuts,Sold Out,6,6.0,0.0,0.0,2024-03-30,60000,64.17,45900,14100,15.08,P058,7650,6,2024-03-15,kg,0.0,Closed by cutoff,2024-03
B02231,P058,Nuts,Partial Loss,8,7.48,0.52,6.5,2024-10-23,74800,80.0,60400,14400,15.4,P058,7550,8,2024-03-27,kg,3926.0,Closed by cutoff,2024-03
B02232,P058,Nuts,Sold Out,20,20.0,0.0,0.0,2024-04-29,200000,213.9,151000,49000,52.41,P058,7550,20,2024-04-18,kg,0.0,Closed by cutoff,2024-04
B02233,P058,Nuts,Sold Out,21,21.0,0.0,0.0,2024-05-30,210000,224.6,158550,51450,55.03,P058,7550,21,2024-05-14,kg,0.0,Closed by cutoff,2024-05
B02234,P058,Nuts,Partial Loss,19,17.48,1.52,8.0,2024-12-30,174800,186.95,143450,31350,33.53,P058,7550,19,2024-06-03,kg,11476.0,Closed by cutoff,2024-06
B02235,P058,Nuts,Sold Out,19,19.0,0.0,0.0,2024-07-07,190000,203.21,143450,46550,49.79,P058,7550,19,2024-06-19,kg,0.0,Closed by cutoff,2024-06
B02236,P058,Nuts,Partial Loss,20,18.84,1.16,5.8,2025-01-31,188400,201.5,151000,37400,40.0,P058,7550,20,2024-07-05,kg,8758.0,Closed by cutoff,2024-07
B02237,P058,Nuts,Sold Out,18,18.0,0.0,0.0,2024-08-12,180000,192.51,135900,44100,47.17,P058,7550,18,2024-07-27,kg,0.0,Closed by cutoff,2024-07
B02238,P058,Nuts,Partial Loss,17,15.83,1.17,6.9,2025-03-13,158300,169.3,128350,29950,32.03,P058,7550,17,2024-08-15,kg,8833.5,Closed by cutoff,2024-08
B02239,P058,Nuts,Sold Out,26,26.0,0.0,0.0,2024-09-22,260000,278.07,196300,63700,68.13,P058,7550,26,2024-09-04,kg,0.0,Closed by cutoff,2024-09
B02240,P058,Nuts,Sold Out,21,21.0,0.0,0.0,2024-10-19,210000,224.6,158550,51450,55.03,P058,7550,21,2024-09-28,kg,0.0,Closed by cutoff,2024-09
B02241,P058,Nuts,Sold Out,7,7.0,0.0,0.0,2024-11-02,70000,74.87,52850,17150,18.34,P058,7550,7,2024-10-16,kg,0.0,Closed by cutoff,2024-10
B02242,P058,Nuts,Sold Out,7,7.0,0.0,0.0,2024-11-24,70000,74.87,52850,17150,18.34,P058,7550,7,2024-11-04,kg,0.0,Closed by cutoff,2024-11
B02243,P058,Nuts,Sold Out,7,7.0,0.0,0.0,2024-12-09,70000,74.87,52850,17150,18.34,P058,7550,7,2024-11-25,kg,0.0,Closed by cutoff,2024-11
B02244,P058,Nuts,Partial Loss,8,7.53,0.47,5.9,2025-07-16,75300,80.53,60400,14900,15.94,P058,7550,8,2024-12-18,kg,3548.5,After cutoff,2024-12
B02245,P058,Nuts,Partial Loss,7,6.42,0.58,8.3,2025-08-06,64200,68.66,52850,11350,12.14,P058,7550,7,2025-01-08,kg,4379.0,After cutoff,2025-01
B02246,P058,Nuts,Partial Loss,8,7.17,0.83,10.4,2025-08-29,71700,76.68,60400,11300,12.09,P058,7550,8,2025-01-31,kg,6266.5,After cutoff,2025-01
B02247,P058,Nuts,Partial Loss,7,6.34,0.66,9.4,2025-09-17,63400,67.81,52850,10550,11.28,P058,7550,7,2025-02-19,kg,4983.0,After cutoff,2025-02
B02248,P058,Nuts,Partial Loss,9,8.09,0.91,10.1,2025-10-10,80900,86.52,67950,12950,13.85,P058,7550,9,2025-03-14,kg,6870.5,After cutoff,2025-03
B02249,P058,Nuts,Sold Out,22,22.0,0.0,0.0,2025-04-26,220000,235.29,166100,53900,57.65,P058,7550,22,2025-04-06,kg,0.0,Closed by cutoff,2025-04
B02250,P058,Nuts,Sold Out,23,23.0,0.0,0.0,2025-05-08,230000,245.99,173650,56350,60.27,P058,7550,23,2025-04-26,kg,0.0,Closed by cutoff,2025-04
B02251,P058,Nuts,Sold Out,20,20.0,0.0,0.0,2025-06-04,200000,213.9,151000,49000,52.41,P058,7550,20,2025-05-17,kg,0.0,Closed by cutoff,2025-05
B02252,P058,Nuts,Sold Out,22,22.0,0.0,0.0,2025-06-23,220000,235.29,166100,53900,57.65,P058,7550,22,2025-06-02,kg,0.0,Closed by cutoff,2025-06
B02253,P058,Nuts,Sold Out,19,19.0,0.0,0.0,2025-06-30,190000,203.21,143450,46550,49.79,P058,7550,19,2025-06-22,kg,0.0,Closed by cutoff,2025-06
B02254,P059,Nuts,Sold Out,20,20.0,0.0,0.0,2023-07-27,240000,256.68,185000,55000,58.82,P059,9250,20,2023-07-14,kg,0.0,Closed by cutoff,2023-07
B02255,P059,Nuts,Sold Out,21,21.0,0.0,0.0,2023-08-28,252000,269.52,194250,57750,61.76,P059,9250,21,2023-08-02,kg,0.0,Closed by cutoff,2023-08
B02256,P059,Nuts,Sold Out,18,18.0,0.0,0.0,2023-09-10,216000,231.02,166500,49500,52.94,P059,9250,18,2023-08-24,kg,0.0,Closed by cutoff,2023-08
B02257,P059,Nuts,Sold Out,27,27.0,0.0,0.0,2023-10-02,324000,346.52,249750,74250,79.41,P059,9250,27,2023-09-14,kg,0.0,Closed by cutoff,2023-09
B02258,P059,Nuts,Partial Loss,8,7.64,0.36,4.5,2024-05-02,91680,98.05,74000,17680,18.91,P059,9250,8,2023-10-05,kg,3330.0,Closed by cutoff,2023-10
B02259,P059,Nuts,Partial Loss,7,6.45,0.55,7.8,2024-05-19,77400,82.78,64750,12650,13.53,P059,9250,7,2023-10-22,kg,5087.5,Closed by cutoff,2023-10
B02260,P059,Nuts,Sold Out,7,7.0,0.0,0.0,2023-11-19,84000,89.84,64750,19250,20.59,P059,9250,7,2023-11-10,kg,0.0,Closed by cutoff,2023-11
B02261,P059,Nuts,Partial Loss,8,7.14,0.86,10.8,2024-06-26,85680,91.64,74000,11680,12.49,P059,9250,8,2023-11-29,kg,7955.0,Closed by cutoff,2023-11
B02262,P059,Nuts,Sold Out,8,8.0,0.0,0.0,2024-01-10,96000,102.67,74000,22000,23.53,P059,9250,8,2023-12-18,kg,0.0,Closed by cutoff,2023-12
B02263,P059,Nuts,Sold Out,8,8.0,0.0,0.0,2024-01-29,96000,102.67,74000,22000,23.53,P059,9250,8,2024-01-06,kg,0.0,Closed by cutoff,2024-01
B02264,P059,Nuts,Partial Loss,7,6.25,0.75,10.7,2024-08-21,75000,80.21,66850,8150,8.72,P059,9550,7,2024-01-24,kg,7162.5,Closed by cutoff,2024-01
B02265,P059,Nuts,Sold Out,7,7.0,0.0,0.0,2024-02-22,84000,89.84,64750,19250,20.59,P059,9250,7,2024-02-11,kg,0.0,Closed by cutoff,2024-02
B02266,P059,Nuts,Sold Out,7,7.0,0.0,0.0,2024-03-12,84000,89.84,64750,19250,20.59,P059,9250,7,2024-03-02,kg,0.0,Closed by cutoff,2024-03
B02267,P059,Nuts,Sold Out,8,8.0,0.0,0.0,2024-04-16,96000,102.67,74000,22000,23.53,P059,9250,8,2024-03-30,kg,0.0,Closed by cutoff,2024-03
B02268,P059,Nuts,Sold Out,18,18.0,0.0,0.0,2024-05-10,216000,231.02,171900,44100,47.17,P059,9550,18,2024-04-19,kg,0.0,Closed by cutoff,2024-04
B02269,P059,Nuts,Sold Out,20,20.0,0.0,0.0,2024-05-21,240000,256.68,185000,55000,58.82,P059,9250,20,2024-05-10,kg,0.0,Closed by cutoff,2024-05
B02270,P059,Nuts,Sold Out,21,21.0,0.0,0.0,2024-06-16,252000,269.52,200550,51450,55.03,P059,9550,21,2024-05-25,kg,0.0,Closed by cutoff,2024-05
B02271,P059,Nuts,Sold Out,18,18.0,0.0,0.0,2024-06-30,216000,231.02,166500,49500,52.94,P059,9250,18,2024-06-13,kg,0.0,Closed by cutoff,2024-06
B02272,P059,Nuts,Sold Out,19,19.0,0.0,0.0,2024-07-14,228000,243.85,175750,52250,55.88,P059,9250,19,2024-06-30,kg,0.0,Closed by cutoff,2024-06
B02273,P059,Nuts,Sold Out,21,21.0,0.0,0.0,2024-08-02,252000,269.52,194250,57750,61.76,P059,9250,21,2024-07-21,kg,0.0,Closed by cutoff,2024-07
B02274,P059,Nuts,Sold Out,20,20.0,0.0,0.0,2024-08-27,240000,256.68,185000,55000,58.82,P059,9250,20,2024-08-09,kg,0.0,Closed by cutoff,2024-08
B02275,P059,Nuts,Partial Loss,24,21.98,2.02,8.4,2025-03-31,263760,282.1,229200,34560,36.96,P059,9550,24,2024-09-02,kg,19291.0,Closed by cutoff,2024-09
B02276,P059,Nuts,Sold Out,21,21.0,0.0,0.0,2024-10-12,252000,269.52,194250,57750,61.76,P059,9250,21,2024-09-30,kg,0.0,Closed by cutoff,2024-09
B02277,P059,Nuts,Sold Out,6,6.0,0.0,0.0,2024-11-05,72000,77.01,55500,16500,17.65,P059,9250,6,2024-10-18,kg,0.0,Closed by cutoff,2024-10
B02278,P059,Nuts,Partial Loss,7,6.52,0.48,6.8,2025-06-01,78240,83.68,64750,13490,14.43,P059,9250,7,2024-11-03,kg,4440.0,Closed by cutoff,2024-11
B02279,P059,Nuts,Partial Loss,7,6.33,0.67,9.5,2025-06-16,75960,81.24,64750,11210,11.99,P059,9250,7,2024-11-18,kg,6197.5,Closed by cutoff,2024-11
B02280,P059,Nuts,Sold Out,8,8.0,0.0,0.0,2024-12-18,96000,102.67,74000,22000,23.53,P059,9250,8,2024-12-07,kg,0.0,Closed by cutoff,2024-12
B02281,P059,Nuts,Partial Loss,8,7.38,0.62,7.7,2025-07-24,88560,94.72,76400,12160,13.01,P059,9550,8,2024-12-26,kg,5921.0,After cutoff,2024-12
B02282,P059,Nuts,Sold Out,7,7.0,0.0,0.0,2025-02-02,84000,89.84,64750,19250,20.59,P059,9250,7,2025-01-14,kg,0.0,Closed by cutoff,2025-01
B02283,P059,Nuts,Sold Out,8,8.0,0.0,0.0,2025-02-16,96000,102.67,74000,22000,23.53,P059,9250,8,2025-02-02,kg,0.0,Closed by cutoff,2025-02
B02284,P059,Nuts,Sold Out,8,8.0,0.0,0.0,2025-03-10,96000,102.67,74000,22000,23.53,P059,9250,8,2025-02-27,kg,0.0,Closed by cutoff,2025-02
B02285,P059,Nuts,Partial Loss,7,6.12,0.88,12.6,2025-10-21,73440,78.55,64750,8690,9.29,P059,9250,7,2025-03-25,kg,8140.0,After cutoff,2025-03
B02286,P059,Nuts,Sold Out,21,21.0,0.0,0.0,2025-05-13,252000,269.52,194250,57750,61.76,P059,9250,21,2025-04-21,kg,0.0,Closed by cutoff,2025-04
B02287,P059,Nuts,Sold Out,19,19.0,0.0,0.0,2025-05-26,228000,243.85,175750,52250,55.88,P059,9250,19,2025-05-17,kg,0.0,Closed by cutoff,2025-05
B02288,P059,Nuts,Sold Out,22,22.0,0.0,0.0,2025-06-29,264000,282.35,203500,60500,64.71,P059,9250,22,2025-06-08,kg,0.0,Closed by cutoff,2025-06
B02289,P059,Nuts,Sold Out,23,23.0,0.0,0.0,2025-07-12,276000,295.19,212750,63250,67.65,P059,9250,23,2025-06-24,kg,0.0,After cutoff,2025-06
B02290,P060,Nuts,Sold Out,20,20.0,0.0,0.0,2023-08-05,220000,235.29,170000,50000,53.48,P060,8500,20,2023-07-21,kg,0.0,Closed by cutoff,2023-07
B02291,P060,Nuts,Sold Out,22,22.0,0.0,0.0,2023-08-21,242000,258.82,187000,55000,58.82,P060,8500,22,2023-08-12,kg,0.0,Closed by cutoff,2023-08
B02292,P060,Nuts,Sold Out,19,19.0,0.0,0.0,2023-09-18,209000,223.53,161500,47500,50.8,P060,8500,19,2023-08-31,kg,0.0,Closed by cutoff,2023-08
B02293,P060,Nuts,Sold Out,23,23.0,0.0,0.0,2023-10-03,253000,270.59,202400,50600,54.12,P060,8800,23,2023-09-27,kg,0.0,Closed by cutoff,2023-09
B02294,P060,Nuts,Partial Loss,8,7.34,0.66,8.3,2024-05-09,80740,86.35,68000,12740,13.63,P060,8500,8,2023-10-12,kg,5610.0,Closed by cutoff,2023-10
B02295,P060,Nuts,Partial Loss,8,7.39,0.61,7.6,2024-05-24,81290,86.94,70400,10890,11.65,P060,8800,8,2023-10-27,kg,5368.0,Closed by cutoff,2023-10
B02296,P060,Nuts,Sold Out,8,8.0,0.0,0.0,2023-12-09,88000,94.12,68000,20000,21.39,P060,8500,8,2023-11-20,kg,0.0,Closed by cutoff,2023-11
B02297,P060,Nuts,Sold Out,8,8.0,0.0,0.0,2023-12-31,88000,94.12,68000,20000,21.39,P060,8500,8,2023-12-12,kg,0.0,Closed by cutoff,2023-12
B02298,P060,Nuts,Partial Loss,10,9.19,0.81,8.1,2024-07-28,101090,108.12,85000,16090,17.21,P060,8500,10,2023-12-31,kg,6885.0,Closed by cutoff,2023-12
B02299,P060,Nuts,Partial Loss,6,5.5,0.5,8.3,2024-08-13,60500,64.71,51000,9500,10.16,P060,8500,6,2024-01-16,kg,4250.0,Closed by cutoff,2024-01
B02300,P060,Nuts,Partial Loss,7,6.36,0.64,9.1,2024-09-04,69960,74.82,59500,10460,11.19,P060,8500,7,2024-02-07,kg,5440.0,Closed by cutoff,2024-02
B02301,P060,Nuts,Partial Loss,8,7.25,0.75,9.4,2024-09-28,79750,85.29,68000,11750,12.57,P060,8500,8,2024-03-02,kg,6375.0,Closed by cutoff,2024-03
B02302,P060,Nuts,Partial Loss,7,6.76,0.24,3.4,2024-10-16,74360,79.53,59500,14860,15.89,P060,8500,7,2024-03-20,kg,2040.0,Closed by cutoff,2024-03
B02303,P060,Nuts,Sold Out,20,20.0,0.0,0.0,2024-04-27,220000,235.29,170000,50000,53.48,P060,8500,20,2024-04-08,kg,0.0,Closed by cutoff,2024-04
B02304,P060,Nuts,Sold Out,22,22.0,0.0,0.0,2024-05-18,242000,258.82,187000,55000,58.82,P060,8500,22,2024-04-29,kg,0.0,Closed by cutoff,2024-04
B02305,P060,Nuts,Sold Out,22,22.0,0.0,0.0,2024-05-27,242000,258.82,187000,55000,58.82,P060,8500,22,2024-05-17,kg,0.0,Closed by cutoff,2024-05
B02306,P060,Nuts,Sold Out,19,19.0,0.0,0.0,2024-06-28,209000,223.53,161500,47500,50.8,P060,8500,19,2024-06-06,kg,0.0,Closed by cutoff,2024-06
B02307,P060,Nuts,Sold Out,19,19.0,0.0,0.0,2024-07-20,209000,223.53,161500,47500,50.8,P060,8500,19,2024-06-26,kg,0.0,Closed by cutoff,2024-06
B02308,P060,Nuts,Sold Out,19,19.0,0.0,0.0,2024-07-27,209000,223.53,161500,47500,50.8,P060,8500,19,2024-07-16,kg,0.0,Closed by cutoff,2024-07
B02309,P060,Nuts,Sold Out,19,19.0,0.0,0.0,2024-08-25,209000,223.53,161500,47500,50.8,P060,8500,19,2024-08-09,kg,0.0,Closed by cutoff,2024-08
B02310,P060,Nuts,Sold Out,20,20.0,0.0,0.0,2024-09-10,220000,235.29,170000,50000,53.48,P060,8500,20,2024-08-31,kg,0.0,Closed by cutoff,2024-08
B02311,P060,Nuts,Sold Out,27,27.0,0.0,0.0,2024-10-01,297000,317.65,229500,67500,72.19,P060,8500,27,2024-09-20,kg,0.0,Closed by cutoff,2024-09
B02312,P060,Nuts,Sold Out,7,7.0,0.0,0.0,2024-10-22,77000,82.35,59500,17500,18.72,P060,8500,7,2024-10-11,kg,0.0,Closed by cutoff,2024-10
B02313,P060,Nuts,Sold Out,7,7.0,0.0,0.0,2024-11-07,77000,82.35,59500,17500,18.72,P060,8500,7,2024-10-30,kg,0.0,Closed by cutoff,2024-10
B02314,P060,Nuts,Sold Out,7,7.0,0.0,0.0,2024-12-11,77000,82.35,59500,17500,18.72,P060,8500,7,2024-11-20,kg,0.0,Closed by cutoff,2024-11
B02315,P060,Nuts,Partial Loss,10,9.56,0.44,4.4,2025-07-06,105160,112.47,85000,20160,21.56,P060,8500,10,2024-12-08,kg,3740.0,After cutoff,2024-12
B02316,P060,Nuts,Partial Loss,8,7.08,0.92,11.5,2025-07-23,77880,83.29,68000,9880,10.57,P060,8500,8,2024-12-25,kg,7820.0,After cutoff,2024-12
B02317,P060,Nuts,Sold Out,7,7.0,0.0,0.0,2025-01-26,77000,82.35,59500,17500,18.72,P060,8500,7,2025-01-12,kg,0.0,Closed by cutoff,2025-01
B02318,P060,Nuts,Partial Loss,7,6.71,0.29,4.2,2025-08-31,73810,78.94,59500,14310,15.3,P060,8500,7,2025-02-02,kg,2465.0,After cutoff,2025-02
B02319,P060,Nuts,Partial Loss,7,6.52,0.48,6.8,2025-09-23,71720,76.71,59500,12220,13.07,P060,8500,7,2025-02-25,kg,4080.0,After cutoff,2025-02
B02320,P060,Nuts,Partial Loss,8,7.26,0.74,9.2,2025-10-18,79860,85.41,68000,11860,12.68,P060,8500,8,2025-03-22,kg,6290.0,After cutoff,2025-03
B02321,P060,Nuts,Sold Out,20,20.0,0.0,0.0,2025-05-06,220000,235.29,170000,50000,53.48,P060,8500,20,2025-04-13,kg,0.0,Closed by cutoff,2025-04
B02322,P060,Nuts,Sold Out,20,20.0,0.0,0.0,2025-05-20,220000,235.29,170000,50000,53.48,P060,8500,20,2025-05-02,kg,0.0,Closed by cutoff,2025-05
B02323,P060,Nuts,Sold Out,20,20.0,0.0,0.0,2025-06-13,220000,235.29,170000,50000,53.48,P060,8500,20,2025-05-28,kg,0.0,Closed by cutoff,2025-05
B02324,P060,Nuts,Sold Out,21,21.0,0.0,0.0,2025-07-09,231000,247.06,178500,52500,56.15,P060,8500,21,2025-06-16,kg,0.0,After cutoff,2025-06
B02325,P061,Nuts,Sold Out,17,17.0,0.0,0.0,2023-07-24,127500,136.36,91800,35700,38.18,P061,5400,17,2023-07-13,kg,0.0,Closed by cutoff,2023-07
B02326,P061,Nuts,Sold Out,18,18.0,0.0,0.0,2023-08-13,135000,144.39,97200,37800,40.43,P061,5400,18,2023-07-31,kg,0.0,Closed by cutoff,2023-07
B02327,P061,Nuts,Sold Out,19,19.0,0.0,0.0,2023-09-07,142500,152.41,118750,23750,25.4,P061,6250,19,2023-08-22,kg,0.0,Closed by cutoff,2023-08
B02328,P061,Nuts,Partial Loss,23,22.15,0.85,3.7,2024-04-10,166125,177.67,124200,41925,44.84,P061,5400,23,2023-09-13,kg,4590.0,Closed by cutoff,2023-09
B02329,P061,Nuts,Partial Loss,8,7.42,0.58,7.2,2024-04-30,55650,59.52,43200,12450,13.32,P061,5400,8,2023-10-03,kg,3132.0,Closed by cutoff,2023-10
B02330,P061,Nuts,Sold Out,7,7.0,0.0,0.0,2023-10-31,52500,56.15,37800,14700,15.72,P061,5400,7,2023-10-24,kg,0.0,Closed by cutoff,2023-10
B02331,P061,Nuts,Sold Out,8,8.0,0.0,0.0,2023-12-07,60000,64.17,43200,16800,17.97,P061,5400,8,2023-11-18,kg,0.0,Closed by cutoff,2023-11
B02332,P061,Nuts,Sold Out,10,10.0,0.0,0.0,2024-01-02,75000,80.21,54000,21000,22.46,P061,5400,10,2023-12-14,kg,0.0,Closed by cutoff,2023-12
B02333,P061,Nuts,Partial Loss,6,5.46,0.54,9.0,2024-08-02,40950,43.8,32400,8550,9.14,P061,5400,6,2024-01-05,kg,2916.0,Closed by cutoff,2024-01
B02334,P061,Nuts,Sold Out,7,7.0,0.0,0.0,2024-02-19,52500,56.15,37800,14700,15.72,P061,5400,7,2024-01-28,kg,0.0,Closed by cutoff,2024-01
B02335,P061,Nuts,Partial Loss,8,7.06,0.94,11.7,2024-09-21,52950,56.63,43200,9750,10.43,P061,5400,8,2024-02-24,kg,5076.0,Closed by cutoff,2024-02
B02336,P061,Nuts,Sold Out,6,6.0,0.0,0.0,2024-04-14,45000,48.13,32400,12600,13.48,P061,5400,6,2024-03-19,kg,0.0,Closed by cutoff,2024-03
B02337,P061,Nuts,Partial Loss,17,15.66,1.34,7.9,2024-11-09,117450,125.61,91800,25650,27.43,P061,5400,17,2024-04-13,kg,7236.0,Closed by cutoff,2024-04
B02338,P061,Nuts,Sold Out,18,18.0,0.0,0.0,2024-05-08,135000,144.39,97200,37800,40.43,P061,5400,18,2024-04-30,kg,0.0,Closed by cutoff,2024-04
B02339,P061,Nuts,Sold Out,19,19.0,0.0,0.0,2024-06-16,142500,152.41,118750,23750,25.4,P061,6250,19,2024-05-25,kg,0.0,Closed by cutoff,2024-05
B02340,P061,Nuts,Sold Out,17,17.0,0.0,0.0,2024-06-25,127500,136.36,91800,35700,38.18,P061,5400,17,2024-06-16,kg,0.0,Closed by cutoff,2024-06
B02341,P061,Nuts,Partial Loss,17,15.78,1.22,7.2,2025-01-29,118350,126.58,91800,26550,28.4,P061,5400,17,2024-07-03,kg,6588.0,Closed by cutoff,2024-07
B02342,P061,Nuts,Sold Out,19,19.0,0.0,0.0,2024-08-20,142500,152.41,102600,39900,42.67,P061,5400,19,2024-07-26,kg,0.0,Closed by cutoff,2024-07
B02343,P061,Nuts,Sold Out,21,21.0,0.0,0.0,2024-09-02,157500,168.45,113400,44100,47.17,P061,5400,21,2024-08-16,kg,0.0,Closed by cutoff,2024-08
B02344,P061,Nuts,Sold Out,26,26.0,0.0,0.0,2024-09-20,195000,208.56,140400,54600,58.4,P061,5400,26,2024-09-05,kg,0.0,Closed by cutoff,2024-09
B02345,P061,Nuts,Partial Loss,8,7.57,0.43,5.4,2025-04-29,56775,60.72,43200,13575,14.52,P061,5400,8,2024-10-01,kg,2322.0,Closed by cutoff,2024-10
B02346,P061,Nuts,Sold Out,8,8.0,0.0,0.0,2024-11-07,60000,64.17,43200,16800,17.97,P061,5400,8,2024-10-19,kg,0.0,Closed by cutoff,2024-10
B02347,P061,Nuts,Partial Loss,7,6.38,0.62,8.8,2025-06-09,47850,51.18,37800,10050,10.75,P061,5400,7,2024-11-11,kg,3348.0,Closed by cutoff,2024-11
B02348,P061,Nuts,Sold Out,7,7.0,0.0,0.0,2024-12-12,52500,56.15,37800,14700,15.72,P061,5400,7,2024-11-30,kg,0.0,Closed by cutoff,2024-11
B02349,P061,Nuts,Sold Out,11,11.0,0.0,0.0,2025-01-03,82500,88.24,68750,13750,14.71,P061,6250,11,2024-12-21,kg,0.0,Closed by cutoff,2024-12
B02350,P061,Nuts,Sold Out,7,7.0,0.0,0.0,2025-01-31,52500,56.15,37800,14700,15.72,P061,5400,7,2025-01-12,kg,0.0,Closed by cutoff,2025-01
B02351,P061,Nuts,Partial Loss,7,6.31,0.69,9.8,2025-08-29,47325,50.61,37800,9525,10.19,P061,5400,7,2025-01-31,kg,3725.9999999999995,After cutoff,2025-01
B02352,P061,Nuts,Sold Out,7,7.0,0.0,0.0,2025-03-13,52500,56.15,37800,14700,15.72,P061,5400,7,2025-02-23,kg,0.0,Closed by cutoff,2025-02
B02353,P061,Nuts,Partial Loss,8,7.59,0.41,5.1,2025-10-13,56925,60.88,43200,13725,14.68,P061,5400,8,2025-03-17,kg,2214.0,After cutoff,2025-03
B02354,P061,Nuts,Sold Out,22,22.0,0.0,0.0,2025-04-21,165000,176.47,118800,46200,49.41,P061,5400,22,2025-04-07,kg,0.0,Closed by cutoff,2025-04
B02355,P061,Nuts,Sold Out,23,23.0,0.0,0.0,2025-05-21,172500,184.49,124200,48300,51.66,P061,5400,23,2025-05-03,kg,0.0,Closed by cutoff,2025-05
B02356,P061,Nuts,Partial Loss,20,19.38,0.62,3.1,2025-12-23,145350,155.45,108000,37350,39.95,P061,5400,20,2025-05-27,kg,3348.0,After cutoff,2025-05
B02357,P061,Nuts,Sold Out,22,22.0,0.0,0.0,2025-07-01,165000,176.47,118800,46200,49.41,P061,5400,22,2025-06-17,kg,0.0,After cutoff,2025-06
B02358,P062,Nuts,Sold Out,20,20.0,0.0,0.0,2023-07-29,440000,470.59,334000,106000,113.37,P062,16700,20,2023-07-18,kg,0.0,Closed by cutoff,2023-07
B02359,P062,Nuts,Partial Loss,18,17.1,0.9,5.0,2024-03-11,376200,402.35,298800,77400,82.78,P062,16600,18,2023-08-14,kg,14940.0,Closed by cutoff,2023-08
B02360,P062,Nuts,Sold Out,18,18.0,0.0,0.0,2023-09-17,396000,423.53,298800,97200,103.96,P062,16600,18,2023-08-29,kg,0.0,Closed by cutoff,2023-08
B02361,P062,Nuts,Sold Out,27,27.0,0.0,0.0,2023-10-04,594000,635.29,448200,145800,155.94,P062,16600,27,2023-09-12,kg,0.0,Closed by cutoff,2023-09
B02362,P062,Nuts,Sold Out,7,7.0,0.0,0.0,2023-10-26,154000,164.71,116200,37800,40.43,P062,16600,7,2023-10-05,kg,0.0,Closed by cutoff,2023-10
B02363,P062,Nuts,Partial Loss,7,6.22,0.78,11.2,2024-05-24,136840,146.35,116200,20640,22.07,P062,16600,7,2023-10-27,kg,12948.0,Closed by cutoff,2023-10
B02364,P062,Nuts,Sold Out,6,6.0,0.0,0.0,2023-11-29,132000,141.18,99600,32400,34.65,P062,16600,6,2023-11-17,kg,0.0,Closed by cutoff,2023-11
B02365,P062,Nuts,Partial Loss,10,9.82,0.18,1.8,2024-07-01,216040,231.06,166000,50040,53.52,P062,16600,10,2023-12-04,kg,2988.0,Closed by cutoff,2023-12
B02366,P062,Nuts,Partial Loss,10,9.18,0.82,8.2,2024-07-27,201960,216.0,166000,35960,38.46,P062,16600,10,2023-12-30,kg,13612.0,Closed by cutoff,2023-12
B02367,P062,Nuts,Sold Out,8,8.0,0.0,0.0,2024-02-08,176000,188.24,132800,43200,46.2,P062,16600,8,2024-01-18,kg,0.0,Closed by cutoff,2024-01
B02368,P062,Nuts,Sold Out,7,7.0,0.0,0.0,2024-02-19,154000,164.71,116200,37800,40.43,P062,16600,7,2024-02-08,kg,0.0,Closed by cutoff,2024-02
B02369,P062,Nuts,Partial Loss,8,7.32,0.68,8.5,2024-09-27,161040,172.24,132800,28240,30.2,P062,16600,8,2024-03-01,kg,11288.0,Closed by cutoff,2024-03
B02370,P062,Nuts,Partial Loss,7,6.41,0.59,8.4,2024-10-17,141020,150.82,116200,24820,26.55,P062,16600,7,2024-03-21,kg,9794.0,Closed by cutoff,2024-03
B02371,P062,Nuts,Sold Out,18,18.0,0.0,0.0,2024-05-09,396000,423.53,298800,97200,103.96,P062,16600,18,2024-04-16,kg,0.0,Closed by cutoff,2024-04
B02372,P062,Nuts,Sold Out,22,22.0,0.0,0.0,2024-05-25,484000,517.65,367400,116600,124.71,P062,16700,22,2024-05-06,kg,0.0,Closed by cutoff,2024-05
B02373,P062,Nuts,Sold Out,19,19.0,0.0,0.0,2024-06-07,418000,447.06,317300,100700,107.7,P062,16700,19,2024-05-22,kg,0.0,Closed by cutoff,2024-05
B02374,P062,Nuts,Sold Out,21,21.0,0.0,0.0,2024-07-02,462000,494.12,348600,113400,121.28,P062,16600,21,2024-06-11,kg,0.0,Closed by cutoff,2024-06
B02375,P062,Nuts,Partial Loss,20,18.38,1.62,8.1,2025-01-24,404360,432.47,332000,72360,77.39,P062,16600,20,2024-06-28,kg,26892.0,Closed by cutoff,2024-06
B02376,P062,Nuts,Partial Loss,21,18.84,2.16,10.3,2025-02-06,414480,443.29,348600,65880,70.46,P062,16600,21,2024-07-11,kg,35856.0,Closed by cutoff,2024-07
B02377,P062,Nuts,Partial Loss,20,18.94,1.06,5.3,2025-02-25,416680,445.65,332000,84680,90.57,P062,16600,20,2024-07-30,kg,17596.0,Closed by cutoff,2024-07
B02378,P062,Nuts,Partial Loss,21,19.4,1.6,7.6,2025-03-16,426800,456.47,348600,78200,83.64,P062,16600,21,2024-08-18,kg,26560.0,Closed by cutoff,2024-08
B02379,P062,Nuts,Sold Out,24,24.0,0.0,0.0,2024-09-22,528000,564.71,398400,129600,138.61,P062,16600,24,2024-09-08,kg,0.0,Closed by cutoff,2024-09
B02380,P062,Nuts,Partial Loss,8,7.51,0.49,6.1,2025-04-29,165220,176.71,132800,32420,34.67,P062,16600,8,2024-10-01,kg,8134.0,Closed by cutoff,2024-10
B02381,P062,Nuts,Sold Out,8,8.0,0.0,0.0,2024-11-03,176000,188.24,133600,42400,45.35,P062,16700,8,2024-10-25,kg,0.0,Closed by cutoff,2024-10
B02382,P062,Nuts,Sold Out,8,8.0,0.0,0.0,2024-12-09,176000,188.24,132800,43200,46.2,P062,16600,8,2024-11-17,kg,0.0,Closed by cutoff,2024-11
B02383,P062,Nuts,Partial Loss,8,7.74,0.26,3.3,2025-07-03,170280,182.12,132800,37480,40.09,P062,16600,8,2024-12-05,kg,4316.0,After cutoff,2024-12
B02384,P062,Nuts,Sold Out,10,10.0,0.0,0.0,2025-01-12,220000,235.29,166000,54000,57.75,P062,16600,10,2024-12-23,kg,0.0,Closed by cutoff,2024-12
B02385,P062,Nuts,Sold Out,8,8.0,0.0,0.0,2025-01-30,176000,188.24,132800,43200,46.2,P062,16600,8,2025-01-13,kg,0.0,Closed by cutoff,2025-01
B02386,P062,Nuts,Partial Loss,8,7.33,0.67,8.4,2025-08-28,161260,172.47,132800,28460,30.44,P062,16600,8,2025-01-30,kg,11122.0,After cutoff,2025-01
B02387,P062,Nuts,Sold Out,7,7.0,0.0,0.0,2025-02-25,154000,164.71,116200,37800,40.43,P062,16600,7,2025-02-16,kg,0.0,Closed by cutoff,2025-02
B02388,P062,Nuts,Partial Loss,7,6.68,0.32,4.6,2025-09-30,146960,157.18,116200,30760,32.9,P062,16600,7,2025-03-04,kg,5312.0,After cutoff,2025-03
B02389,P062,Nuts,Partial Loss,8,7.2,0.8,10.0,2025-10-25,158400,169.41,133600,24800,26.52,P062,16700,8,2025-03-29,kg,13360.0,After cutoff,2025-03
B02390,P062,Nuts,Sold Out,18,18.0,0.0,0.0,2025-05-18,396000,423.53,298800,97200,103.96,P062,16600,18,2025-04-22,kg,0.0,Closed by cutoff,2025-04
B02391,P062,Nuts,Sold Out,23,23.0,0.0,0.0,2025-05-21,506000,541.18,381800,124200,132.83,P062,16600,23,2025-05-10,kg,0.0,Closed by cutoff,2025-05
B02392,P062,Nuts,Partial Loss,19,17.4,1.6,8.4,2025-12-23,382800,409.41,315400,67400,72.09,P062,16600,19,2025-05-27,kg,26560.0,After cutoff,2025-05
B02393,P062,Nuts,Partial Loss,22,20.22,1.78,8.1,2026-01-13,444840,475.76,365200,79640,85.18,P062,16600,22,2025-06-17,kg,29548.0,After cutoff,2025-06
B02394,P063,Nuts,Partial Loss,19,18.01,0.99,5.2,2024-02-16,468260,500.81,377150,91110,97.44,P063,19850,19,2023-07-21,kg,19651.5,Closed by cutoff,2023-07
B02395,P063,Nuts,Sold Out,17,17.0,0.0,0.0,2023-08-18,442000,472.73,333200,108800,116.36,P063,19600,17,2023-08-09,kg,0.0,Closed by cutoff,2023-08
B02396,P063,Nuts,Sold Out,17,17.0,0.0,0.0,2023-09-08,442000,472.73,333200,108800,116.36,P063,19600,17,2023-08-27,kg,0.0,Closed by cutoff,2023-08
B02397,P063,Nuts,Sold Out,26,26.0,0.0,0.0,2023-09-29,676000,722.99,509600,166400,177.97,P063,19600,26,2023-09-19,kg,0.0,Closed by cutoff,2023-09
B02398,P063,Nuts,Partial Loss,8,7.33,0.67,8.4,2024-05-03,190580,203.83,156800,33780,36.13,P063,19600,8,2023-10-06,kg,13132.0,Closed by cutoff,2023-10
B02399,P063,Nuts,Partial Loss,7,6.43,0.57,8.1,2024-05-26,167180,178.8,137200,29980,32.06,P063,19600,7,2023-10-29,kg,11171.999999999998,Closed by cutoff,2023-10
B02400,P063,Nuts,Sold Out,8,8.0,0.0,0.0,2023-12-11,208000,222.46,156800,51200,54.76,P063,19600,8,2023-11-18,kg,0.0,Closed by cutoff,2023-11
B02401,P063,Nuts,Sold Out,9,9.0,0.0,0.0,2023-12-19,234000,250.27,176400,57600,61.6,P063,19600,9,2023-12-05,kg,0.0,Closed by cutoff,2023-12
B02402,P063,Nuts,Partial Loss,9,8.3,0.7,7.8,2024-07-22,215800,230.8,178650,37150,39.73,P063,19850,9,2023-12-25,kg,13895.0,Closed by cutoff,2023-12
B02403,P063,Nuts,Partial Loss,8,7.21,0.79,9.9,2024-08-15,187460,200.49,156800,30660,32.79,P063,19600,8,2024-01-18,kg,15484.0,Closed by cutoff,2024-01
B02404,P063,Nuts,Sold Out,6,6.0,0.0,0.0,2024-02-17,156000,166.84,117600,38400,41.07,P063,19600,6,2024-02-04,kg,0.0,Closed by cutoff,2024-02
B02405,P063,Nuts,Partial Loss,8,7.58,0.42,5.2,2024-09-25,197080,210.78,156800,40280,43.08,P063,19600,8,2024-02-28,kg,8232.0,Closed by cutoff,2024-02
B02406,P063,Nuts,Partial Loss,8,7.56,0.44,5.5,2024-10-10,196560,210.22,156800,39760,42.52,P063,19600,8,2024-03-14,kg,8624.0,Closed by cutoff,2024-03
B02407,P063,Nuts,Sold Out,18,18.0,0.0,0.0,2024-04-27,468000,500.53,352800,115200,123.21,P063,19600,18,2024-04-10,kg,0.0,Closed by cutoff,2024-04
B02408,P063,Nuts,Sold Out,20,20.0,0.0,0.0,2024-05-14,520000,556.15,392000,128000,136.9,P063,19600,20,2024-04-29,kg,0.0,Closed by cutoff,2024-04
B02409,P063,Nuts,Sold Out,21,21.0,0.0,0.0,2024-06-09,546000,583.96,411600,134400,143.74,P063,19600,21,2024-05-23,kg,0.0,Closed by cutoff,2024-05
B02410,P063,Nuts,Sold Out,20,20.0,0.0,0.0,2024-06-22,520000,556.15,392000,128000,136.9,P063,19600,20,2024-06-11,kg,0.0,Closed by cutoff,2024-06
B02411,P063,Nuts,Partial Loss,20,19.02,0.98,4.9,2025-01-24,494520,528.9,397000,97520,104.3,P063,19850,20,2024-06-28,kg,19453.0,Closed by cutoff,2024-06
B02412,P063,Nuts,Partial Loss,20,19.18,0.82,4.1,2025-02-17,498680,533.35,392000,106680,114.1,P063,19600,20,2024-07-22,kg,16071.999999999998,Closed by cutoff,2024-07
B02413,P063,Nuts,Sold Out,22,22.0,0.0,0.0,2024-09-06,572000,611.76,431200,140800,150.59,P063,19600,22,2024-08-13,kg,0.0,Closed by cutoff,2024-08
B02414,P063,Nuts,Sold Out,24,24.0,0.0,0.0,2024-09-25,624000,667.38,470400,153600,164.28,P063,19600,24,2024-09-07,kg,0.0,Closed by cutoff,2024-09
B02415,P063,Nuts,Sold Out,23,23.0,0.0,0.0,2024-10-14,598000,639.57,450800,147200,157.43,P063,19600,23,2024-09-28,kg,0.0,Closed by cutoff,2024-09
B02416,P063,Nuts,Sold Out,7,7.0,0.0,0.0,2024-11-09,182000,194.65,137200,44800,47.91,P063,19600,7,2024-10-16,kg,0.0,Closed by cutoff,2024-10
B02417,P063,Nuts,Sold Out,8,8.0,0.0,0.0,2024-11-12,208000,222.46,156800,51200,54.76,P063,19600,8,2024-11-05,kg,0.0,Closed by cutoff,2024-11
B02418,P063,Nuts,Partial Loss,8,7.24,0.76,9.5,2025-06-26,188240,201.33,156800,31440,33.63,P063,19600,8,2024-11-28,kg,14896.0,Closed by cutoff,2024-11
B02419,P063,Nuts,Sold Out,8,8.0,0.0,0.0,2024-12-22,208000,222.46,156800,51200,54.76,P063,19600,8,2024-12-13,kg,0.0,Closed by cutoff,2024-12
B02420,P063,Nuts,Sold Out,10,10.0,0.0,0.0,2025-01-23,260000,278.07,196000,64000,68.45,P063,19600,10,2024-12-30,kg,0.0,Closed by cutoff,2024-12
B02421,P063,Nuts,Sold Out,9,9.0,0.0,0.0,2025-02-07,234000,250.27,178650,55350,59.2,P063,19850,9,2025-01-20,kg,0.0,Closed by cutoff,2025-01
B02422,P063,Nuts,Partial Loss,8,7.15,0.85,10.6,2025-09-05,185900,198.82,156800,29100,31.12,P063,19600,8,2025-02-07,kg,16660.0,After cutoff,2025-02
B02423,P063,Nuts,Sold Out,7,7.0,0.0,0.0,2025-03-10,182000,194.65,137200,44800,47.91,P063,19600,7,2025-02-24,kg,0.0,Closed by cutoff,2025-02
B02424,P063,Nuts,Sold Out,7,7.0,0.0,0.0,2025-03-29,182000,194.65,137200,44800,47.91,P063,19600,7,2025-03-12,kg,0.0,Closed by cutoff,2025-03
B02425,P063,Nuts,Sold Out,20,20.0,0.0,0.0,2025-04-24,520000,556.15,397000,123000,131.55,P063,19850,20,2025-04-05,kg,0.0,Closed by cutoff,2025-04
B02426,P063,Nuts,Sold Out,18,18.0,0.0,0.0,2025-05-18,468000,500.53,352800,115200,123.21,P063,19600,18,2025-04-26,kg,0.0,Closed by cutoff,2025-04
B02427,P063,Nuts,Sold Out,18,18.0,0.0,0.0,2025-05-28,468000,500.53,352800,115200,123.21,P063,19600,18,2025-05-14,kg,0.0,Closed by cutoff,2025-05
B02428,P063,Nuts,Sold Out,22,22.0,0.0,0.0,2025-06-29,572000,611.76,431200,140800,150.59,P063,19600,22,2025-06-02,kg,0.0,Closed by cutoff,2025-06
B02429,P063,Nuts,Sold Out,19,19.0,0.0,0.0,2025-07-04,494000,528.34,372400,121600,130.05,P063,19600,19,2025-06-24,kg,0.0,After cutoff,2025-06
B02430,P064,Nuts,Sold Out,22,22.0,0.0,0.0,2023-07-21,572000,611.76,443300,128700,137.65,P064,20150,22,2023-07-02,kg,0.0,Closed by cutoff,2023-07
B02431,P064,Nuts,Sold Out,21,21.0,0.0,0.0,2023-08-08,546000,583.96,423150,122850,131.39,P064,20150,21,2023-07-25,kg,0.0,Closed by cutoff,2023-07
B02432,P064,Nuts,Sold Out,17,17.0,0.0,0.0,2023-09-09,442000,472.73,342550,99450,106.36,P064,20150,17,2023-08-20,kg,0.0,Closed by cutoff,2023-08
B02433,P064,Nuts,Sold Out,23,23.0,0.0,0.0,2023-10-03,598000,639.57,463450,134550,143.9,P064,20150,23,2023-09-10,kg,0.0,Closed by cutoff,2023-09
B02434,P064,Nuts,Sold Out,6,6.0,0.0,0.0,2023-10-18,156000,166.84,120900,35100,37.54,P064,20150,6,2023-10-04,kg,0.0,Closed by cutoff,2023-10
B02435,P064,Nuts,Partial Loss,8,7.7,0.3,3.8,2024-05-21,200200,214.12,161200,39000,41.71,P064,20150,8,2023-10-24,kg,6045.0,Closed by cutoff,2023-10
B02436,P064,Nuts,Partial Loss,6,5.36,0.64,10.6,2024-06-03,139360,149.05,121500,17860,19.1,P064,20250,6,2023-11-06,kg,12960.0,Closed by cutoff,2023-11
B02437,P064,Nuts,Partial Loss,7,6.33,0.67,9.5,2024-06-22,164580,176.02,141050,23530,25.17,P064,20150,7,2023-11-25,kg,13500.5,Closed by cutoff,2023-11
B02438,P064,Nuts,Sold Out,11,11.0,0.0,0.0,2024-01-11,286000,305.88,221650,64350,68.82,P064,20150,11,2023-12-22,kg,0.0,Closed by cutoff,2023-12
B02439,P064,Nuts,Partial Loss,7,6.31,0.69,9.8,2024-08-07,164060,175.47,141050,23010,24.61,P064,20150,7,2024-01-10,kg,13903.499999999998,Closed by cutoff,2024-01
B02440,P064,Nuts,Partial Loss,7,6.61,0.39,5.6,2024-08-30,171860,183.81,141050,30810,32.95,P064,20150,7,2024-02-02,kg,7858.5,Closed by cutoff,2024-02
B02441,P064,Nuts,Partial Loss,7,6.31,0.69,9.8,2024-09-23,164060,175.47,141050,23010,24.61,P064,20150,7,2024-02-26,kg,13903.499999999998,Closed by cutoff,2024-02
B02442,P064,Nuts,Sold Out,6,6.0,0.0,0.0,2024-04-04,156000,166.84,120900,35100,37.54,P064,20150,6,2024-03-17,kg,0.0,Closed by cutoff,2024-03
B02443,P064,Nuts,Sold Out,19,19.0,0.0,0.0,2024-04-27,494000,528.34,382850,111150,118.88,P064,20150,19,2024-04-02,kg,0.0,Closed by cutoff,2024-04
B02444,P064,Nuts,Partial Loss,18,16.9,1.1,6.1,2024-11-19,439400,469.95,362700,76700,82.03,P064,20150,18,2024-04-23,kg,22165.0,Closed by cutoff,2024-04
B02445,P064,Nuts,Sold Out,20,20.0,0.0,0.0,2024-06-13,520000,556.15,403000,117000,125.13,P064,20150,20,2024-05-17,kg,0.0,Closed by cutoff,2024-05
B02446,P064,Nuts,Sold Out,20,20.0,0.0,0.0,2024-06-16,520000,556.15,403000,117000,125.13,P064,20150,20,2024-06-04,kg,0.0,Closed by cutoff,2024-06
B02447,P064,Nuts,Sold Out,19,19.0,0.0,0.0,2024-07-17,494000,528.34,382850,111150,118.88,P064,20150,19,2024-06-26,kg,0.0,Closed by cutoff,2024-06
B02448,P064,Nuts,Partial Loss,21,19.38,1.62,7.7,2025-02-14,503880,538.91,425250,78630,84.1,P064,20250,21,2024-07-19,kg,32805.0,Closed by cutoff,2024-07
B02449,P064,Nuts,Sold Out,19,19.0,0.0,0.0,2024-08-22,494000,528.34,382850,111150,118.88,P064,20150,19,2024-08-07,kg,0.0,Closed by cutoff,2024-08
B02450,P064,Nuts,Sold Out,19,19.0,0.0,0.0,2024-09-10,494000,528.34,382850,111150,118.88,P064,20150,19,2024-08-28,kg,0.0,Closed by cutoff,2024-08
B02451,P064,Nuts,Sold Out,27,27.0,0.0,0.0,2024-10-03,702000,750.8,544050,157950,168.93,P064,20150,27,2024-09-13,kg,0.0,Closed by cutoff,2024-09
B02452,P064,Nuts,Partial Loss,6,5.71,0.29,4.9,2025-05-04,148460,158.78,120900,27560,29.48,P064,20150,6,2024-10-06,kg,5843.5,Closed by cutoff,2024-10
B02453,P064,Nuts,Sold Out,7,7.0,0.0,0.0,2024-11-14,182000,194.65,141050,40950,43.8,P064,20150,7,2024-10-26,kg,0.0,Closed by cutoff,2024-10
B02454,P064,Nuts,Sold Out,8,8.0,0.0,0.0,2024-12-12,208000,222.46,161200,46800,50.05,P064,20150,8,2024-11-17,kg,0.0,Closed by cutoff,2024-11
B02455,P064,Nuts,Sold Out,9,9.0,0.0,0.0,2024-12-19,234000,250.27,181350,52650,56.31,P064,20150,9,2024-12-07,kg,0.0,Closed by cutoff,2024-12
B02456,P064,Nuts,Sold Out,9,9.0,0.0,0.0,2025-07-27,234000,250.27,182250,51750,55.35,P064,20250,9,2024-12-29,kg,0.0,After cutoff,2024-12
B02457,P064,Nuts,Partial Loss,9,8.23,0.77,8.5,2025-08-13,213980,228.86,181350,32630,34.9,P064,20150,9,2025-01-15,kg,15515.5,After cutoff,2025-01
B02458,P064,Nuts,Partial Loss,7,6.17,0.83,11.8,2025-09-02,160420,171.57,141050,19370,20.72,P064,20150,7,2025-02-04,kg,16724.5,After cutoff,2025-02
B02459,P064,Nuts,Partial Loss,8,7.4,0.6,7.5,2025-09-24,192400,205.78,161200,31200,33.37,P064,20150,8,2025-02-26,kg,12090.0,After cutoff,2025-02
B02460,P064,Nuts,Sold Out,7,7.0,0.0,0.0,2025-04-06,182000,194.65,141050,40950,43.8,P064,20150,7,2025-03-16,kg,0.0,Closed by cutoff,2025-03
B02461,P064,Nuts,Sold Out,21,21.0,0.0,0.0,2025-04-21,546000,583.96,423150,122850,131.39,P064,20150,21,2025-04-12,kg,0.0,Closed by cutoff,2025-04
B02462,P064,Nuts,Sold Out,21,21.0,0.0,0.0,2025-05-11,546000,583.96,423150,122850,131.39,P064,20150,21,2025-05-03,kg,0.0,Closed by cutoff,2025-05
B02463,P064,Nuts,Sold Out,22,22.0,0.0,0.0,2025-06-21,572000,611.76,443300,128700,137.65,P064,20150,22,2025-05-27,kg,0.0,Closed by cutoff,2025-05
B02464,P064,Nuts,Sold Out,22,22.0,0.0,0.0,2025-07-01,572000,611.76,443300,128700,137.65,P064,20150,22,2025-06-16,kg,0.0,After cutoff,2025-06
B02465,P065,Nuts,Partial Loss,21,20.58,0.42,2.0,2024-02-11,617400,660.32,481950,135450,144.87,P065,22950,21,2023-07-16,kg,9639.0,Closed by cutoff,2023-07
B02466,P065,Nuts,Sold Out,21,21.0,0.0,0.0,2023-08-24,630000,673.8,481950,148050,158.34,P065,22950,21,2023-08-05,kg,0.0,Closed by cutoff,2023-08
B02467,P065,Nuts,Sold Out,20,20.0,0.0,0.0,2023-09-03,600000,641.71,459000,141000,150.8,P065,22950,20,2023-08-21,kg,0.0,Closed by cutoff,2023-08
B02468,P065,Nuts,Sold Out,23,23.0,0.0,0.0,2023-09-23,690000,737.97,527850,162150,173.42,P065,22950,23,2023-09-11,kg,0.0,Closed by cutoff,2023-09
B02469,P065,Nuts,Sold Out,7,7.0,0.0,0.0,2023-10-12,210000,224.6,160650,49350,52.78,P065,22950,7,2023-10-01,kg,0.0,Closed by cutoff,2023-10
B02470,P065,Nuts,Sold Out,8,8.0,0.0,0.0,2023-11-10,240000,256.68,183600,56400,60.32,P065,22950,8,2023-10-24,kg,0.0,Closed by cutoff,2023-10
B02471,P065,Nuts,Sold Out,7,7.0,0.0,0.0,2023-12-06,210000,224.6,160650,49350,52.78,P065,22950,7,2023-11-13,kg,0.0,Closed by cutoff,2023-11
B02472,P065,Nuts,Partial Loss,9,8.69,0.31,3.4,2024-06-29,260700,278.82,206550,54150,57.91,P065,22950,9,2023-12-02,kg,7114.5,Closed by cutoff,2023-12
B02473,P065,Nuts,Sold Out,10,10.0,0.0,0.0,2024-01-16,300000,320.86,229500,70500,75.4,P065,22950,10,2023-12-21,kg,0.0,Closed by cutoff,2023-12
B02474,P065,Nuts,Sold Out,7,7.0,0.0,0.0,2024-01-28,210000,224.6,160650,49350,52.78,P065,22950,7,2024-01-06,kg,0.0,Closed by cutoff,2024-01
B02475,P065,Nuts,Partial Loss,8,7.27,0.73,9.1,2024-08-17,218100,233.26,183600,34500,36.9,P065,22950,8,2024-01-20,kg,16753.5,Closed by cutoff,2024-01
B02476,P065,Nuts,Partial Loss,8,7.46,0.54,6.8,2024-09-05,223800,239.36,183600,40200,42.99,P065,22950,8,2024-02-08,kg,12393.0,Closed by cutoff,2024-02
B02477,P065,Nuts,Sold Out,7,7.0,0.0,0.0,2024-03-15,210000,224.6,160650,49350,52.78,P065,22950,7,2024-03-03,kg,0.0,Closed by cutoff,2024-03
B02478,P065,Nuts,Partial Loss,7,6.5,0.5,7.2,2024-10-22,195000,208.56,160650,34350,36.74,P065,22950,7,2024-03-26,kg,11475.0,Closed by cutoff,2024-03
B02479,P065,Nuts,Sold Out,20,20.0,0.0,0.0,2024-05-03,600000,641.71,478000,122000,130.48,P065,23900,20,2024-04-16,kg,0.0,Closed by cutoff,2024-04
B02480,P065,Nuts,Sold Out,20,20.0,0.0,0.0,2024-05-16,600000,641.71,459000,141000,150.8,P065,22950,20,2024-05-06,kg,0.0,Closed by cutoff,2024-05
B02481,P065,Nuts,Partial Loss,20,18.3,1.7,8.5,2024-12-19,549000,587.17,478000,71000,75.94,P065,23900,20,2024-05-23,kg,40630.0,Closed by cutoff,2024-05
B02482,P065,Nuts,Partial Loss,19,17.78,1.22,6.4,2024-12-31,533400,570.48,436050,97350,104.12,P065,22950,19,2024-06-04,kg,27999.0,Closed by cutoff,2024-06
B02483,P065,Nuts,Sold Out,22,22.0,0.0,0.0,2024-07-11,660000,705.88,504900,155100,165.88,P065,22950,22,2024-06-25,kg,0.0,Closed by cutoff,2024-06
B02484,P065,Nuts,Sold Out,21,21.0,0.0,0.0,2024-07-10,630000,673.8,481950,148050,158.34,P065,22950,21,2024-07-07,kg,0.0,Closed by cutoff,2024-07
B02485,P065,Nuts,Sold Out,20,20.0,0.0,0.0,2024-08-05,600000,641.71,459000,141000,150.8,P065,22950,20,2024-07-25,kg,0.0,Closed by cutoff,2024-07
B02486,P065,Nuts,Sold Out,19,19.0,0.0,0.0,2024-08-29,570000,609.63,436050,133950,143.26,P065,22950,19,2024-08-17,kg,0.0,Closed by cutoff,2024-08
B02487,P065,Nuts,Sold Out,25,25.0,0.0,0.0,2024-09-19,750000,802.14,573750,176250,188.5,P065,22950,25,2024-09-01,kg,0.0,Closed by cutoff,2024-09
B02488,P065,Nuts,Sold Out,23,23.0,0.0,0.0,2024-10-10,690000,737.97,527850,162150,173.42,P065,22950,23,2024-09-23,kg,0.0,Closed by cutoff,2024-09
B02489,P065,Nuts,Sold Out,7,7.0,0.0,0.0,2024-10-24,210000,224.6,160650,49350,52.78,P065,22950,7,2024-10-15,kg,0.0,Closed by cutoff,2024-10
B02490,P065,Nuts,Sold Out,7,7.0,0.0,0.0,2024-11-27,210000,224.6,160650,49350,52.78,P065,22950,7,2024-11-07,kg,0.0,Closed by cutoff,2024-11
B02491,P065,Nuts,Partial Loss,8,7.71,0.29,3.6,2025-06-23,231300,247.38,183600,47700,51.02,P065,22950,8,2024-11-25,kg,6655.499999999999,Closed by cutoff,2024-11
B02492,P065,Nuts,Sold Out,9,9.0,0.0,0.0,2025-01-05,270000,288.77,206550,63450,67.86,P065,22950,9,2024-12-16,kg,0.0,Closed by cutoff,2024-12
B02493,P065,Nuts,Sold Out,9,9.0,0.0,0.0,2025-01-16,270000,288.77,206550,63450,67.86,P065,22950,9,2025-01-02,kg,0.0,Closed by cutoff,2025-01
B02494,P065,Nuts,Partial Loss,8,7.18,0.82,10.3,2025-08-23,215400,230.37,183600,31800,34.01,P065,22950,8,2025-01-25,kg,18819.0,After cutoff,2025-01
B02495,P065,Nuts,Sold Out,7,7.0,0.0,0.0,2025-02-24,210000,224.6,160650,49350,52.78,P065,22950,7,2025-02-15,kg,0.0,Closed by cutoff,2025-02
B02496,P065,Nuts,Partial Loss,7,6.45,0.55,7.9,2025-10-04,193500,206.95,160650,32850,35.13,P065,22950,7,2025-03-08,kg,12622.500000000002,After cutoff,2025-03
B02497,P065,Nuts,Partial Loss,9,8.27,0.73,8.1,2025-10-23,248100,265.35,206550,41550,44.44,P065,22950,9,2025-03-27,kg,16753.5,After cutoff,2025-03
B02498,P065,Nuts,Partial Loss,22,20.55,1.45,6.6,2025-11-14,616500,659.36,504900,111600,119.36,P065,22950,22,2025-04-18,kg,33277.5,After cutoff,2025-04
B02499,P065,Nuts,Sold Out,19,19.0,0.0,0.0,2025-05-29,570000,609.63,454100,115900,123.96,P065,23900,19,2025-05-08,kg,0.0,Closed by cutoff,2025-05
B02500,P065,Nuts,Sold Out,23,23.0,0.0,0.0,2025-06-21,690000,737.97,527850,162150,173.42,P065,22950,23,2025-06-03,kg,0.0,Closed by cutoff,2025-06
B02501,P065,Nuts,Sold Out,22,22.0,0.0,0.0,2025-07-05,660000,705.88,504900,155100,165.88,P065,22950,22,2025-06-22,kg,0.0,After cutoff,2025-06
B02502,P066,Nuts,Sold Out,21,21.0,0.0,0.0,2023-08-01,630000,673.8,471450,158550,169.57,P066,22450,21,2023-07-18,kg,0.0,Closed by cutoff,2023-07
B02503,P066,Nuts,Sold Out,17,17.0,0.0,0.0,2023-08-16,510000,545.45,381650,128350,137.27,P066,22450,17,2023-08-11,kg,0.0,Closed by cutoff,2023-08
B02504,P066,Nuts,Sold Out,18,18.0,0.0,0.0,2023-09-08,540000,577.54,404100,135900,145.35,P066,22450,18,2023-08-30,kg,0.0,Closed by cutoff,2023-08
B02505,P066,Nuts,Sold Out,25,25.0,0.0,0.0,2023-10-03,750000,802.14,561250,188750,201.87,P066,22450,25,2023-09-16,kg,0.0,Closed by cutoff,2023-09
B02506,P066,Nuts,Partial Loss,6,5.48,0.52,8.7,2024-05-03,164400,175.83,134700,29700,31.76,P066,22450,6,2023-10-06,kg,11674.0,Closed by cutoff,2023-10
B02507,P066,Nuts,Sold Out,8,8.0,0.0,0.0,2023-11-20,240000,256.68,179600,60400,64.6,P066,22450,8,2023-10-28,kg,0.0,Closed by cutoff,2023-10
B02508,P066,Nuts,Partial Loss,6,5.36,0.64,10.7,2024-06-14,160800,171.98,134700,26100,27.91,P066,22450,6,2023-11-17,kg,14368.0,Closed by cutoff,2023-11
B02509,P066,Nuts,Partial Loss,10,9.32,0.68,6.8,2024-07-05,279600,299.04,224500,55100,58.93,P066,22450,10,2023-12-08,kg,15266.000000000002,Closed by cutoff,2023-12
B02510,P066,Nuts,Partial Loss,9,8.43,0.57,6.3,2024-07-26,252900,270.48,202050,50850,54.39,P066,22450,9,2023-12-29,kg,12796.499999999998,Closed by cutoff,2023-12
B02511,P066,Nuts,Partial Loss,7,6.39,0.61,8.7,2024-08-13,191700,205.03,157150,34550,36.95,P066,22450,7,2024-01-16,kg,13694.5,Closed by cutoff,2024-01
B02512,P066,Nuts,Partial Loss,7,6.44,0.56,8.0,2024-08-30,193200,206.63,157150,36050,38.56,P066,22450,7,2024-02-02,kg,12572.000000000002,Closed by cutoff,2024-02
B02513,P066,Nuts,Partial Loss,7,6.14,0.86,12.3,2024-09-27,184200,197.01,157150,27050,28.93,P066,22450,7,2024-03-01,kg,19307.0,Closed by cutoff,2024-03
B02514,P066,Nuts,Partial Loss,8,7.06,0.94,11.7,2024-10-11,211800,226.52,179600,32200,34.44,P066,22450,8,2024-03-15,kg,21103.0,Closed by cutoff,2024-03
B02515,P066,Nuts,Sold Out,18,18.0,0.0,0.0,2024-04-20,540000,577.54,404100,135900,145.35,P066,22450,18,2024-04-04,kg,0.0,Closed by cutoff,2024-04
B02516,P066,Nuts,Sold Out,20,20.0,0.0,0.0,2024-05-15,600000,641.71,449000,151000,161.5,P066,22450,20,2024-04-21,kg,0.0,Closed by cutoff,2024-04
B02517,P066,Nuts,Sold Out,19,19.0,0.0,0.0,2024-05-23,570000,609.63,426550,143450,153.42,P066,22450,19,2024-05-10,kg,0.0,Closed by cutoff,2024-05
B02518,P066,Nuts,Sold Out,21,21.0,0.0,0.0,2024-06-15,630000,673.8,471450,158550,169.57,P066,22450,21,2024-05-27,kg,0.0,Closed by cutoff,2024-05
B02519,P066,Nuts,Partial Loss,18,17.41,0.59,3.3,2025-01-09,522300,558.61,439200,83100,88.88,P066,24400,18,2024-06-13,kg,14396.0,Closed by cutoff,2024-06
B02520,P066,Nuts,Sold Out,21,21.0,0.0,0.0,2024-07-28,630000,673.8,471450,158550,169.57,P066,22450,21,2024-07-03,kg,0.0,Closed by cutoff,2024-07
B02521,P066,Nuts,Sold Out,22,22.0,0.0,0.0,2024-08-18,660000,705.88,493900,166100,177.65,P066,22450,22,2024-07-27,kg,0.0,Closed by cutoff,2024-07
B02522,P066,Nuts,Sold Out,22,22.0,0.0,0.0,2024-08-28,660000,705.88,536800,123200,131.76,P066,24400,22,2024-08-15,kg,0.0,Closed by cutoff,2024-08
B02523,P066,Nuts,Sold Out,26,26.0,0.0,0.0,2024-09-24,780000,834.22,583700,196300,209.95,P066,22450,26,2024-09-09,kg,0.0,Closed by cutoff,2024-09
B02524,P066,Nuts,Sold Out,27,27.0,0.0,0.0,2024-10-16,810000,866.31,606150,203850,218.02,P066,22450,27,2024-09-30,kg,0.0,Closed by cutoff,2024-09
B02525,P066,Nuts,Partial Loss,6,5.57,0.43,7.1,2025-05-16,167100,178.72,134700,32400,34.65,P066,22450,6,2024-10-18,kg,9653.5,Closed by cutoff,2024-10
B02526,P066,Nuts,Sold Out,7,7.0,0.0,0.0,2024-11-24,210000,224.6,157150,52850,56.52,P066,22450,7,2024-11-06,kg,0.0,Closed by cutoff,2024-11
B02527,P066,Nuts,Partial Loss,8,7.61,0.39,4.9,2025-06-25,228300,244.17,179600,48700,52.09,P066,22450,8,2024-11-27,kg,8755.5,Closed by cutoff,2024-11
B02528,P066,Nuts,Sold Out,10,10.0,0.0,0.0,2024-12-27,300000,320.86,224500,75500,80.75,P066,22450,10,2024-12-13,kg,0.0,Closed by cutoff,2024-12
B02529,P066,Nuts,Sold Out,7,7.0,0.0,0.0,2025-01-16,210000,224.6,157150,52850,56.52,P066,22450,7,2025-01-05,kg,0.0,Closed by cutoff,2025-01
B02530,P066,Nuts,Partial Loss,8,7.06,0.94,11.8,2025-08-21,211800,226.52,195200,16600,17.75,P066,24400,8,2025-01-23,kg,22936.0,After cutoff,2025-01
B02531,P066,Nuts,Sold Out,7,7.0,0.0,0.0,2025-02-24,210000,224.6,157150,52850,56.52,P066,22450,7,2025-02-11,kg,0.0,Closed by cutoff,2025-02
B02532,P066,Nuts,Partial Loss,9,8.38,0.62,6.9,2025-10-04,251400,268.88,202050,49350,52.78,P066,22450,9,2025-03-08,kg,13919.0,After cutoff,2025-03
B02533,P066,Nuts,Partial Loss,9,8.34,0.66,7.3,2025-10-24,250200,267.59,202050,48150,51.5,P066,22450,9,2025-03-28,kg,14817.0,After cutoff,2025-03
B02534,P066,Nuts,Partial Loss,19,18.34,0.67,3.5,2025-11-17,550200,588.45,426550,123650,132.25,P066,22450,19,2025-04-21,kg,15041.5,After cutoff,2025-04
B02535,P066,Nuts,Sold Out,20,20.0,0.0,0.0,2025-05-26,600000,641.71,449000,151000,161.5,P066,22450,20,2025-05-10,kg,0.0,Closed by cutoff,2025-05
B02536,P066,Nuts,Sold Out,22,22.0,0.0,0.0,2025-06-13,660000,705.88,493900,166100,177.65,P066,22450,22,2025-05-31,kg,0.0,Closed by cutoff,2025-05
B02537,P066,Nuts,Sold Out,20,20.0,0.0,0.0,2025-07-09,600000,641.71,449000,151000,161.5,P066,22450,20,2025-06-17,kg,0.0,After cutoff,2025-06
B02538,P067,Nuts,Sold Out,17,17.0,0.0,0.0,2023-07-10,306000,327.27,221000,85000,90.91,P067,13000,17,2023-07-06,kg,0.0,Closed by cutoff,2023-07
B02539,P067,Nuts,Sold Out,19,19.0,0.0,0.0,2023-08-06,342000,365.78,247000,95000,101.6,P067,13000,19,2023-07-18,kg,0.0,Closed by cutoff,2023-07
B02540,P067,Nuts,Sold Out,19,19.0,0.0,0.0,2023-08-20,342000,365.78,247000,95000,101.6,P067,13000,19,2023-08-07,kg,0.0,Closed by cutoff,2023-08
B02541,P067,Nuts,Sold Out,18,18.0,0.0,0.0,2023-09-30,324000,346.52,234000,90000,96.26,P067,13000,18,2023-08-31,kg,0.0,Closed by cutoff,2023-08
B02542,P067,Nuts,Sold Out,26,26.0,0.0,0.0,2023-10-05,468000,500.53,338000,130000,139.04,P067,13000,26,2023-09-20,kg,0.0,Closed by cutoff,2023-09
B02543,P067,Nuts,Sold Out,7,7.0,0.0,0.0,2023-10-24,126000,134.76,91000,35000,37.43,P067,13000,7,2023-10-10,kg,0.0,Closed by cutoff,2023-10
B02544,P067,Nuts,Partial Loss,8,6.94,1.06,13.3,2024-05-23,124920,133.6,104000,20920,22.37,P067,13000,8,2023-10-26,kg,13780.0,Closed by cutoff,2023-10
B02545,P067,Nuts,Partial Loss,7,6.18,0.82,11.7,2024-06-14,111240,118.97,91000,20240,21.65,P067,13000,7,2023-11-17,kg,10660.0,Closed by cutoff,2023-11
B02546,P067,Nuts,Partial Loss,7,6.33,0.67,9.6,2024-06-27,113940,121.86,91000,22940,24.53,P067,13000,7,2023-11-30,kg,8710.0,Closed by cutoff,2023-11
B02547,P067,Nuts,Partial Loss,10,9.65,0.35,3.5,2024-07-14,173700,185.78,130000,43700,46.74,P067,13000,10,2023-12-17,kg,4550.0,Closed by cutoff,2023-12
B02548,P067,Nuts,Partial Loss,8,7.26,0.74,9.3,2024-08-05,130680,139.76,104000,26680,28.53,P067,13000,8,2024-01-08,kg,9620.0,Closed by cutoff,2024-01
B02549,P067,Nuts,Sold Out,7,7.0,0.0,0.0,2024-02-04,126000,134.76,91000,35000,37.43,P067,13000,7,2024-01-26,kg,0.0,Closed by cutoff,2024-01
B02550,P067,Nuts,Partial Loss,6,5.72,0.28,4.6,2024-09-12,102960,110.12,88800,14160,15.14,P067,14800,6,2024-02-15,kg,4144.0,Closed by cutoff,2024-02
B02551,P067,Nuts,Sold Out,7,7.0,0.0,0.0,2024-03-30,126000,134.76,91000,35000,37.43,P067,13000,7,2024-03-06,kg,0.0,Closed by cutoff,2024-03
B02552,P067,Nuts,Sold Out,8,8.0,0.0,0.0,2024-04-06,144000,154.01,104000,40000,42.78,P067,13000,8,2024-03-23,kg,0.0,Closed by cutoff,2024-03
B02553,P067,Nuts,Partial Loss,22,21.41,0.59,2.7,2024-11-10,385380,412.17,286000,99380,106.29,P067,13000,22,2024-04-14,kg,7670.0,Closed by cutoff,2024-04
B02554,P067,Nuts,Sold Out,18,18.0,0.0,0.0,2024-06-03,324000,346.52,234000,90000,96.26,P067,13000,18,2024-05-07,kg,0.0,Closed by cutoff,2024-05
B02555,P067,Nuts,Sold Out,19,19.0,0.0,0.0,2024-06-10,342000,365.78,247000,95000,101.6,P067,13000,19,2024-05-25,kg,0.0,Closed by cutoff,2024-05
B02556,P067,Nuts,Partial Loss,21,20.52,0.48,2.3,2025-01-10,369360,395.04,273000,96360,103.06,P067,13000,21,2024-06-14,kg,6240.0,Closed by cutoff,2024-06
B02557,P067,Nuts,Sold Out,16,16.0,0.0,0.0,2024-07-15,288000,308.02,208000,80000,85.56,P067,13000,16,2024-07-01,kg,0.0,Closed by cutoff,2024-07
B02558,P067,Nuts,Sold Out,19,19.0,0.0,0.0,2024-07-27,342000,365.78,247000,95000,101.6,P067,13000,19,2024-07-17,kg,0.0,Closed by cutoff,2024-07
B02559,P067,Nuts,Sold Out,22,22.0,0.0,0.0,2024-08-22,396000,423.53,286000,110000,117.65,P067,13000,22,2024-08-07,kg,0.0,Closed by cutoff,2024-08
B02560,P067,Nuts,Sold Out,17,17.0,0.0,0.0,2024-09-19,306000,327.27,221000,85000,90.91,P067,13000,17,2024-08-28,kg,0.0,Closed by cutoff,2024-08
B02561,P067,Nuts,Partial Loss,25,22.3,2.7,10.8,2025-04-10,401400,429.3,325000,76400,81.71,P067,13000,25,2024-09-12,kg,35100.0,Closed by cutoff,2024-09
B02562,P067,Nuts,Sold Out,8,8.0,0.0,0.0,2024-10-22,144000,154.01,118400,25600,27.38,P067,14800,8,2024-10-03,kg,0.0,Closed by cutoff,2024-10
B02563,P067,Nuts,Partial Loss,6,5.27,0.73,12.2,2025-05-19,94860,101.45,78000,16860,18.03,P067,13000,6,2024-10-21,kg,9490.0,Closed by cutoff,2024-10
B02564,P067,Nuts,Sold Out,7,7.0,0.0,0.0,2024-11-25,126000,134.76,91000,35000,37.43,P067,13000,7,2024-11-14,kg,0.0,Closed by cutoff,2024-11
B02565,P067,Nuts,Partial Loss,10,9.46,0.54,5.4,2025-07-10,170280,182.12,130000,40280,43.08,P067,13000,10,2024-12-12,kg,7020.000000000001,After cutoff,2024-12
B02566,P067,Nuts,Sold Out,10,10.0,0.0,0.0,2025-01-18,180000,192.51,148000,32000,34.22,P067,14800,10,2024-12-31,kg,0.0,Closed by cutoff,2024-12
B02567,P067,Nuts,Sold Out,8,8.0,0.0,0.0,2025-02-16,144000,154.01,104000,40000,42.78,P067,13000,8,2025-01-22,kg,0.0,Closed by cutoff,2025-01
B02568,P067,Nuts,Partial Loss,8,7.19,0.81,10.1,2025-09-07,129420,138.42,104000,25420,27.19,P067,13000,8,2025-02-09,kg,10530.0,After cutoff,2025-02
B02569,P067,Nuts,Sold Out,9,9.0,0.0,0.0,2025-03-06,162000,173.26,117000,45000,48.13,P067,13000,9,2025-02-28,kg,0.0,Closed by cutoff,2025-02
B02570,P067,Nuts,Partial Loss,8,7.37,0.63,7.9,2025-10-24,132660,141.88,104000,28660,30.65,P067,13000,8,2025-03-28,kg,8190.0,After cutoff,2025-03
B02571,P067,Nuts,Sold Out,18,18.0,0.0,0.0,2025-04-29,324000,346.52,234000,90000,96.26,P067,13000,18,2025-04-17,kg,0.0,Closed by cutoff,2025-04
B02572,P067,Nuts,Sold Out,18,18.0,0.0,0.0,2025-05-24,324000,346.52,234000,90000,96.26,P067,13000,18,2025-05-10,kg,0.0,Closed by cutoff,2025-05
B02573,P067,Nuts,Partial Loss,18,16.92,1.08,6.0,2026-01-02,304560,325.73,234000,70560,75.47,P067,13000,18,2025-06-06,kg,14040.000000000002,After cutoff,2025-06
B02574,P067,Nuts,Sold Out,21,21.0,0.0,0.0,2025-07-16,378000,404.28,273000,105000,112.3,P067,13000,21,2025-06-26,kg,0.0,After cutoff,2025-06
B02575,P068,Nuts,Sold Out,21,21.0,0.0,0.0,2023-07-25,336000,359.36,243600,92400,98.82,P068,11600,21,2023-07-09,kg,0.0,Closed by cutoff,2023-07
B02576,P068,Nuts,Sold Out,18,18.0,0.0,0.0,2023-08-03,288000,308.02,208800,79200,84.71,P068,11600,18,2023-07-25,kg,0.0,Closed by cutoff,2023-07
B02577,P068,Nuts,Partial Loss,21,19.59,1.41,6.7,2024-03-13,313440,335.23,243600,69840,74.7,P068,11600,21,2023-08-16,kg,16355.999999999998,Closed by cutoff,2023-08
B02578,P068,Nuts,Sold Out,25,25.0,0.0,0.0,2023-09-22,400000,427.81,302500,97500,104.28,P068,12100,25,2023-09-10,kg,0.0,Closed by cutoff,2023-09
B02579,P068,Nuts,Partial Loss,24,23.18,0.82,3.4,2024-04-19,370880,396.66,278400,92480,98.91,P068,11600,24,2023-09-22,kg,9512.0,Closed by cutoff,2023-09
B02580,P068,Nuts,Partial Loss,6,5.52,0.48,8.0,2024-05-13,88320,94.46,69600,18720,20.02,P068,11600,6,2023-10-16,kg,5568.0,Closed by cutoff,2023-10
B02581,P068,Nuts,Sold Out,7,7.0,0.0,0.0,2023-11-28,112000,119.79,81200,30800,32.94,P068,11600,7,2023-11-07,kg,0.0,Closed by cutoff,2023-11
B02582,P068,Nuts,Partial Loss,7,6.23,0.77,11.0,2024-06-23,99680,106.61,81200,18480,19.76,P068,11600,7,2023-11-26,kg,8932.0,Closed by cutoff,2023-11
B02583,P068,Nuts,Sold Out,8,8.0,0.0,0.0,2024-01-08,128000,136.9,92800,35200,37.65,P068,11600,8,2023-12-19,kg,0.0,Closed by cutoff,2023-12
B02584,P068,Nuts,Partial Loss,8,7.22,0.78,9.7,2024-08-11,115520,123.55,92800,22720,24.3,P068,11600,8,2024-01-14,kg,9048.0,Closed by cutoff,2024-01
B02585,P068,Nuts,Sold Out,7,7.0,0.0,0.0,2024-02-18,112000,119.79,81200,30800,32.94,P068,11600,7,2024-02-03,kg,0.0,Closed by cutoff,2024-02
B02586,P068,Nuts,Sold Out,7,7.0,0.0,0.0,2024-03-04,112000,119.79,81200,30800,32.94,P068,11600,7,2024-02-27,kg,0.0,Closed by cutoff,2024-02
B02587,P068,Nuts,Partial Loss,7,6.5,0.5,7.2,2024-10-14,104000,111.23,81200,22800,24.39,P068,11600,7,2024-03-18,kg,5800.0,Closed by cutoff,2024-03
B02588,P068,Nuts,Sold Out,17,17.0,0.0,0.0,2024-05-15,272000,290.91,197200,74800,80.0,P068,11600,17,2024-04-11,kg,0.0,Closed by cutoff,2024-04
B02589,P068,Nuts,Partial Loss,18,16.25,1.75,9.7,2024-11-30,260000,278.07,208800,51200,54.76,P068,11600,18,2024-05-04,kg,20300.0,Closed by cutoff,2024-05
B02590,P068,Nuts,Sold Out,21,21.0,0.0,0.0,2024-06-12,336000,359.36,254100,81900,87.59,P068,12100,21,2024-05-25,kg,0.0,Closed by cutoff,2024-05
B02591,P068,Nuts,Sold Out,22,22.0,0.0,0.0,2024-07-08,352000,376.47,255200,96800,103.53,P068,11600,22,2024-06-20,kg,0.0,Closed by cutoff,2024-06
B02592,P068,Nuts,Sold Out,20,20.0,0.0,0.0,2024-07-28,320000,342.25,242000,78000,83.42,P068,12100,20,2024-07-14,kg,0.0,Closed by cutoff,2024-07
B02593,P068,Nuts,Partial Loss,17,15.81,1.19,7.0,2025-02-28,252960,270.55,197200,55760,59.64,P068,11600,17,2024-08-02,kg,13804.0,Closed by cutoff,2024-08
B02594,P068,Nuts,Sold Out,19,19.0,0.0,0.0,2024-09-12,304000,325.13,220400,83600,89.41,P068,11600,19,2024-08-24,kg,0.0,Closed by cutoff,2024-08
B02595,P068,Nuts,Sold Out,25,25.0,0.0,0.0,2024-10-03,400000,427.81,290000,110000,117.65,P068,11600,25,2024-09-14,kg,0.0,Closed by cutoff,2024-09
B02596,P068,Nuts,Partial Loss,7,6.58,0.42,6.0,2025-05-02,105280,112.6,81200,24080,25.75,P068,11600,7,2024-10-04,kg,4872.0,Closed by cutoff,2024-10
B02597,P068,Nuts,Partial Loss,8,7.44,0.56,7.0,2025-05-25,119040,127.32,92800,26240,28.06,P068,11600,8,2024-10-27,kg,6496.000000000001,Closed by cutoff,2024-10
B02598,P068,Nuts,Partial Loss,8,7.38,0.62,7.7,2025-06-10,118080,126.29,92800,25280,27.04,P068,11600,8,2024-11-12,kg,7192.0,Closed by cutoff,2024-11
B02599,P068,Nuts,Sold Out,8,8.0,0.0,0.0,2024-12-21,128000,136.9,92800,35200,37.65,P068,11600,8,2024-11-30,kg,0.0,Closed by cutoff,2024-11
B02600,P068,Nuts,Partial Loss,8,7.4,0.6,7.5,2025-07-20,118400,126.63,92800,25600,27.38,P068,11600,8,2024-12-22,kg,6960.0,After cutoff,2024-12
B02601,P068,Nuts,Partial Loss,8,7.37,0.63,7.9,2025-08-10,117920,126.12,92800,25120,26.87,P068,11600,8,2025-01-12,kg,7308.0,After cutoff,2025-01
B02602,P068,Nuts,Sold Out,8,8.0,0.0,0.0,2025-02-11,128000,136.9,92800,35200,37.65,P068,11600,8,2025-01-30,kg,0.0,Closed by cutoff,2025-01
B02603,P068,Nuts,Sold Out,8,8.0,0.0,0.0,2025-03-11,128000,136.9,92800,35200,37.65,P068,11600,8,2025-02-25,kg,0.0,Closed by cutoff,2025-02
B02604,P068,Nuts,Sold Out,7,7.0,0.0,0.0,2025-03-25,112000,119.79,81200,30800,32.94,P068,11600,7,2025-03-13,kg,0.0,Closed by cutoff,2025-03
B02605,P068,Nuts,Sold Out,19,19.0,0.0,0.0,2025-04-24,304000,325.13,220400,83600,89.41,P068,11600,19,2025-04-06,kg,0.0,Closed by cutoff,2025-04
B02606,P068,Nuts,Partial Loss,23,22.24,0.76,3.3,2025-11-20,355840,380.58,266800,89040,95.23,P068,11600,23,2025-04-24,kg,8816.0,After cutoff,2025-04
B02607,P068,Nuts,Sold Out,22,22.0,0.0,0.0,2025-05-28,352000,376.47,255200,96800,103.53,P068,11600,22,2025-05-14,kg,0.0,Closed by cutoff,2025-05
B02608,P068,Nuts,Sold Out,23,23.0,0.0,0.0,2025-06-29,368000,393.58,278300,89700,95.94,P068,12100,23,2025-06-13,kg,0.0,Closed by cutoff,2025-06
B02609,P069,Nuts,Sold Out,20,20.0,0.0,0.0,2023-07-16,480000,513.37,344000,136000,145.45,P069,17200,20,2023-07-04,kg,0.0,Closed by cutoff,2023-07
B02610,P069,Nuts,Sold Out,18,18.0,0.0,0.0,2023-08-03,432000,462.03,309600,122400,130.91,P069,17200,18,2023-07-21,kg,0.0,Closed by cutoff,2023-07
B02611,P069,Nuts,Sold Out,17,17.0,0.0,0.0,2023-09-19,408000,436.36,292400,115600,123.64,P069,17200,17,2023-08-21,kg,0.0,Closed by cutoff,2023-08
B02612,P069,Nuts,Sold Out,24,24.0,0.0,0.0,2023-09-21,576000,616.04,412800,163200,174.55,P069,17200,24,2023-09-10,kg,0.0,Closed by cutoff,2023-09
B02613,P069,Nuts,Sold Out,26,26.0,0.0,0.0,2023-10-21,624000,667.38,483600,140400,150.16,P069,18600,26,2023-09-30,kg,0.0,Closed by cutoff,2023-09
B02614,P069,Nuts,Partial Loss,6,5.72,0.28,4.7,2024-05-15,137280,146.82,103200,34080,36.45,P069,17200,6,2023-10-18,kg,4816.000000000001,Closed by cutoff,2023-10
B02615,P069,Nuts,Sold Out,7,7.0,0.0,0.0,2023-11-15,168000,179.68,120400,47600,50.91,P069,17200,7,2023-11-08,kg,0.0,Closed by cutoff,2023-11
B02616,P069,Nuts,Partial Loss,7,6.37,0.63,9.0,2024-06-26,152880,163.51,120400,32480,34.74,P069,17200,7,2023-11-29,kg,10836.0,Closed by cutoff,2023-11
B02617,P069,Nuts,Sold Out,8,8.0,0.0,0.0,2024-01-02,192000,205.35,137600,54400,58.18,P069,17200,8,2023-12-16,kg,0.0,Closed by cutoff,2023-12
B02618,P069,Nuts,Partial Loss,7,6.7,0.3,4.3,2024-08-02,160800,171.98,120400,40400,43.21,P069,17200,7,2024-01-05,kg,5160.0,Closed by cutoff,2024-01
B02619,P069,Nuts,Sold Out,6,6.0,0.0,0.0,2024-02-14,144000,154.01,103200,40800,43.64,P069,17200,6,2024-01-25,kg,0.0,Closed by cutoff,2024-01
B02620,P069,Nuts,Partial Loss,7,6.38,0.62,8.9,2024-09-19,153120,163.76,120400,32720,34.99,P069,17200,7,2024-02-22,kg,10664.0,Closed by cutoff,2024-02
B02621,P069,Nuts,Sold Out,7,7.0,0.0,0.0,2024-03-28,168000,179.68,120400,47600,50.91,P069,17200,7,2024-03-12,kg,0.0,Closed by cutoff,2024-03
B02622,P069,Nuts,Sold Out,22,22.0,0.0,0.0,2024-04-04,528000,564.71,378400,149600,160.0,P069,17200,22,2024-04-02,kg,0.0,Closed by cutoff,2024-04
B02623,P069,Nuts,Partial Loss,18,17.48,0.52,2.9,2024-11-18,419520,448.68,309600,109920,117.56,P069,17200,18,2024-04-22,kg,8944.0,Closed by cutoff,2024-04
B02624,P069,Nuts,Sold Out,19,19.0,0.0,0.0,2024-05-27,456000,487.7,326800,129200,138.18,P069,17200,19,2024-05-13,kg,0.0,Closed by cutoff,2024-05
B02625,P069,Nuts,Sold Out,21,21.0,0.0,0.0,2024-06-15,504000,539.04,361200,142800,152.73,P069,17200,21,2024-06-01,kg,0.0,Closed by cutoff,2024-06
B02626,P069,Nuts,Sold Out,18,18.0,0.0,0.0,2024-07-08,432000,462.03,309600,122400,130.91,P069,17200,18,2024-06-25,kg,0.0,Closed by cutoff,2024-06
B02627,P069,Nuts,Partial Loss,17,15.35,1.65,9.7,2025-02-05,368400,394.01,292400,76000,81.28,P069,17200,17,2024-07-10,kg,28380.0,Closed by cutoff,2024-07
B02628,P069,Nuts,Sold Out,17,17.0,0.0,0.0,2024-08-14,408000,436.36,292400,115600,123.64,P069,17200,17,2024-08-02,kg,0.0,Closed by cutoff,2024-08
B02629,P069,Nuts,Partial Loss,18,16.45,1.55,8.6,2025-03-22,394800,422.25,309600,85200,91.12,P069,17200,18,2024-08-24,kg,26660.0,Closed by cutoff,2024-08
B02630,P069,Nuts,Sold Out,23,23.0,0.0,0.0,2024-10-06,552000,590.37,395600,156400,167.27,P069,17200,23,2024-09-19,kg,0.0,Closed by cutoff,2024-09
B02631,P069,Nuts,Partial Loss,6,5.47,0.53,8.9,2025-05-05,131280,140.41,103200,28080,30.03,P069,17200,6,2024-10-07,kg,9116.0,Closed by cutoff,2024-10
B02632,P069,Nuts,Sold Out,7,7.0,0.0,0.0,2024-11-16,168000,179.68,120400,47600,50.91,P069,17200,7,2024-10-26,kg,0.0,Closed by cutoff,2024-10
B02633,P069,Nuts,Partial Loss,8,7.78,0.22,2.8,2025-06-17,186720,199.7,137600,49120,52.53,P069,17200,8,2024-11-19,kg,3784.0,Closed by cutoff,2024-11
B02634,P069,Nuts,Sold Out,8,8.0,0.0,0.0,2024-12-15,192000,205.35,148800,43200,46.2,P069,18600,8,2024-12-02,kg,0.0,Closed by cutoff,2024-12
B02635,P069,Nuts,Partial Loss,9,8.43,0.57,6.3,2025-07-21,202320,216.39,154800,47520,50.82,P069,17200,9,2024-12-23,kg,9804.0,After cutoff,2024-12
B02636,P069,Nuts,Partial Loss,9,8.16,0.84,9.3,2025-08-12,195840,209.45,154800,41040,43.89,P069,17200,9,2025-01-14,kg,14448.0,After cutoff,2025-01
B02637,P069,Nuts,Sold Out,7,7.0,0.0,0.0,2025-02-26,168000,179.68,130200,37800,40.43,P069,18600,7,2025-02-05,kg,0.0,Closed by cutoff,2025-02
B02638,P069,Nuts,Partial Loss,8,7.26,0.74,9.3,2025-09-22,174240,186.35,137600,36640,39.19,P069,17200,8,2025-02-24,kg,12728.0,After cutoff,2025-02
B02639,P069,Nuts,Partial Loss,7,6.34,0.66,9.4,2025-10-10,152160,162.74,120400,31760,33.97,P069,17200,7,2025-03-14,kg,11352.0,After cutoff,2025-03
B02640,P069,Nuts,Sold Out,7,7.0,0.0,0.0,2025-04-19,168000,179.68,120400,47600,50.91,P069,17200,7,2025-03-30,kg,0.0,Closed by cutoff,2025-03
B02641,P069,Nuts,Sold Out,18,18.0,0.0,0.0,2025-05-06,432000,462.03,309600,122400,130.91,P069,17200,18,2025-04-13,kg,0.0,Closed by cutoff,2025-04
B02642,P069,Nuts,Sold Out,19,19.0,0.0,0.0,2025-05-10,456000,487.7,326800,129200,138.18,P069,17200,19,2025-05-04,kg,0.0,Closed by cutoff,2025-05
B02643,P069,Nuts,Sold Out,18,18.0,0.0,0.0,2025-06-11,432000,462.03,309600,122400,130.91,P069,17200,18,2025-05-22,kg,0.0,Closed by cutoff,2025-05
B02644,P069,Nuts,Sold Out,19,19.0,0.0,0.0,2025-06-27,456000,487.7,326800,129200,138.18,P069,17200,19,2025-06-13,kg,0.0,Closed by cutoff,2025-06
B02645,P070,Seeds,Partial Loss,11,10.66,0.34,3.1,2024-03-03,42640,45.6,30800,11840,12.66,P070,2800,11,2023-07-07,kg,952.0000000000001,Closed by cutoff,2023-07
B02646,P070,Seeds,Sold Out,11,11.0,0.0,0.0,2023-09-10,44000,47.06,30800,13200,14.12,P070,2800,11,2023-08-11,kg,0.0,Closed by cutoff,2023-08
B02647,P070,Seeds,Sold Out,13,13.0,0.0,0.0,2023-10-08,52000,55.61,36400,15600,16.68,P070,2800,13,2023-09-08,kg,0.0,Closed by cutoff,2023-09
B02648,P070,Seeds,Partial Loss,9,8.34,0.66,7.3,2024-06-03,33360,35.68,27450,5910,6.32,P070,3050,9,2023-10-07,kg,2013.0,Closed by cutoff,2023-10
B02649,P070,Seeds,Partial Loss,11,10.35,0.65,5.9,2024-07-05,41400,44.28,30800,10600,11.34,P070,2800,11,2023-11-08,kg,1820.0,Closed by cutoff,2023-11
B02650,P070,Seeds,Sold Out,14,14.0,0.0,0.0,2024-01-18,56000,59.89,39200,16800,17.97,P070,2800,14,2023-12-10,kg,0.0,Closed by cutoff,2023-12
B02651,P070,Seeds,Partial Loss,10,9.95,0.05,0.5,2024-08-28,39800,42.57,28000,11800,12.62,P070,2800,10,2024-01-01,kg,140.0,Closed by cutoff,2024-01
B02652,P070,Seeds,Sold Out,9,9.0,0.0,0.0,2024-03-16,36000,38.5,25200,10800,11.55,P070,2800,9,2024-02-11,kg,0.0,Closed by cutoff,2024-02
B02653,P070,Seeds,Partial Loss,10,9.04,0.96,9.6,2024-11-14,36160,38.67,30500,5660,6.05,P070,3050,10,2024-03-19,kg,2928.0,Closed by cutoff,2024-03
B02654,P070,Seeds,Partial Loss,9,8.28,0.72,8.0,2024-12-18,33120,35.42,25200,7920,8.47,P070,2800,9,2024-04-22,kg,2016.0,Closed by cutoff,2024-04
B02655,P070,Seeds,Partial Loss,11,10.39,0.6,5.5,2025-01-23,41560,44.45,30800,10760,11.51,P070,2800,11,2024-05-28,kg,1680.0,Closed by cutoff,2024-05
B02656,P070,Seeds,Sold Out,9,9.0,0.0,0.0,2024-07-26,36000,38.5,25200,10800,11.55,P070,2800,9,2024-07-03,kg,0.0,Closed by cutoff,2024-07
B02657,P070,Seeds,Sold Out,11,11.0,0.0,0.0,2024-09-03,44000,47.06,30800,13200,14.12,P070,2800,11,2024-08-02,kg,0.0,Closed by cutoff,2024-08
B02658,P070,Seeds,Sold Out,12,12.0,0.0,0.0,2024-09-30,48000,51.34,33600,14400,15.4,P070,2800,12,2024-09-06,kg,0.0,Closed by cutoff,2024-09
B02659,P070,Seeds,Partial Loss,10,9.34,0.66,6.6,2025-06-09,37360,39.96,28000,9360,10.01,P070,2800,10,2024-10-12,kg,1848.0,Closed by cutoff,2024-10
B02660,P070,Seeds,Sold Out,9,9.0,0.0,0.0,2024-12-30,36000,38.5,25200,10800,11.55,P070,2800,9,2024-11-19,kg,0.0,Closed by cutoff,2024-11
B02661,P070,Seeds,Sold Out,13,13.0,0.0,0.0,2025-01-17,52000,55.61,36400,15600,16.68,P070,2800,13,2024-12-22,kg,0.0,Closed by cutoff,2024-12
B02662,P070,Seeds,Sold Out,10,10.0,0.0,0.0,2025-03-05,40000,42.78,28000,12000,12.83,P070,2800,10,2025-01-22,kg,0.0,Closed by cutoff,2025-01
B02663,P070,Seeds,Sold Out,10,10.0,0.0,0.0,2025-04-05,40000,42.78,28000,12000,12.83,P070,2800,10,2025-02-25,kg,0.0,Closed by cutoff,2025-02
B02664,P070,Seeds,Sold Out,10,10.0,0.0,0.0,2025-04-24,40000,42.78,28000,12000,12.83,P070,2800,10,2025-04-04,kg,0.0,Closed by cutoff,2025-04
B02665,P070,Seeds,Partial Loss,12,11.23,0.77,6.4,2026-01-09,44920,48.04,33600,11320,12.11,P070,2800,12,2025-05-14,kg,2156.0,After cutoff,2025-05
B02666,P070,Seeds,Sold Out,11,11.0,0.0,0.0,2025-07-15,44000,47.06,30800,13200,14.12,P070,2800,11,2025-06-16,kg,0.0,After cutoff,2025-06
B02667,P071,Seeds,Partial Loss,9,8.52,0.48,5.3,2024-03-27,51120,54.67,37800,13320,14.25,P071,4200,9,2023-07-31,kg,2016.0,Closed by cutoff,2023-07
B02668,P071,Seeds,Sold Out,9,9.0,0.0,0.0,2023-09-20,54000,57.75,37800,16200,17.33,P071,4200,9,2023-08-26,kg,0.0,Closed by cutoff,2023-08
B02669,P071,Seeds,Partial Loss,12,11.36,0.64,5.3,2024-05-24,68160,72.9,50400,17760,18.99,P071,4200,12,2023-09-27,kg,2688.0,Closed by cutoff,2023-09
B02670,P071,Seeds,Partial Loss,10,9.37,0.63,6.3,2024-07-02,56220,60.13,42000,14220,15.21,P071,4200,10,2023-11-05,kg,2646.0,Closed by cutoff,2023-11
B02671,P071,Seeds,Sold Out,15,15.0,0.0,0.0,2024-01-01,90000,96.26,63000,27000,28.88,P071,4200,15,2023-12-08,kg,0.0,Closed by cutoff,2023-12
B02672,P071,Seeds,Sold Out,10,10.0,0.0,0.0,2024-01-22,60000,64.17,42000,18000,19.25,P071,4200,10,2024-01-02,kg,0.0,Closed by cutoff,2024-01
B02673,P071,Seeds,Sold Out,11,11.0,0.0,0.0,2024-02-10,66000,70.59,46200,19800,21.18,P071,4200,11,2024-02-08,kg,0.0,Closed by cutoff,2024-02
B02674,P071,Seeds,Partial Loss,9,8.63,0.37,4.1,2024-11-13,51780,55.38,37800,13980,14.95,P071,4200,9,2024-03-18,kg,1554.0,Closed by cutoff,2024-03
B02675,P071,Seeds,Sold Out,11,11.0,0.0,0.0,2024-05-16,66000,70.59,46200,19800,21.18,P071,4200,11,2024-04-17,kg,0.0,Closed by cutoff,2024-04
B02676,P071,Seeds,Partial Loss,11,10.57,0.43,3.9,2025-01-15,63420,67.83,46200,17220,18.42,P071,4200,11,2024-05-20,kg,1806.0,Closed by cutoff,2024-05
B02677,P071,Seeds,Partial Loss,11,10.42,0.58,5.3,2025-02-15,62520,66.87,46200,16320,17.45,P071,4200,11,2024-06-20,kg,2436.0,Closed by cutoff,2024-06
B02678,P071,Seeds,Sold Out,11,11.0,0.0,0.0,2024-08-30,66000,70.59,46200,19800,21.18,P071,4200,11,2024-07-28,kg,0.0,Closed by cutoff,2024-07
B02679,P071,Seeds,Partial Loss,10,9.56,0.44,4.4,2025-04-21,57360,61.35,42000,15360,16.43,P071,4200,10,2024-08-24,kg,1848.0,Closed by cutoff,2024-08
B02680,P071,Seeds,Sold Out,10,10.0,0.0,0.0,2024-10-26,60000,64.17,42000,18000,19.25,P071,4200,10,2024-10-02,kg,0.0,Closed by cutoff,2024-10
B02681,P071,Seeds,Sold Out,9,9.0,0.0,0.0,2024-12-18,54000,57.75,37800,16200,17.33,P071,4200,9,2024-11-09,kg,0.0,Closed by cutoff,2024-11
B02682,P071,Seeds,Sold Out,15,15.0,0.0,0.0,2025-01-05,90000,96.26,63000,27000,28.88,P071,4200,15,2024-12-01,kg,0.0,Closed by cutoff,2024-12
B02683,P071,Seeds,Sold Out,12,12.0,0.0,0.0,2025-01-21,72000,77.01,50400,21600,23.1,P071,4200,12,2024-12-29,kg,0.0,Closed by cutoff,2024-12
B02684,P071,Seeds,Sold Out,11,11.0,0.0,0.0,2025-03-06,66000,70.59,46200,19800,21.18,P071,4200,11,2025-02-11,kg,0.0,Closed by cutoff,2025-02
B02685,P071,Seeds,Sold Out,12,12.0,0.0,0.0,2025-04-03,72000,77.01,50400,21600,23.1,P071,4200,12,2025-03-09,kg,0.0,Closed by cutoff,2025-03
B02686,P071,Seeds,Sold Out,11,11.0,0.0,0.0,2025-04-26,66000,70.59,46200,19800,21.18,P071,4200,11,2025-04-12,kg,0.0,Closed by cutoff,2025-04
B02687,P071,Seeds,Sold Out,10,10.0,0.0,0.0,2025-06-23,60000,64.17,42000,18000,19.25,P071,4200,10,2025-05-19,kg,0.0,Closed by cutoff,2025-05
B02688,P072,Seeds,Sold Out,9,9.0,0.0,0.0,2023-08-17,45000,48.13,33300,11700,12.51,P072,3700,9,2023-07-23,kg,0.0,Closed by cutoff,2023-07
B02689,P072,Seeds,Partial Loss,9,8.5,0.5,5.6,2024-04-19,42500,45.45,33300,9200,9.84,P072,3700,9,2023-08-23,kg,1850.0,Closed by cutoff,2023-08
B02690,P072,Seeds,Sold Out,11,11.0,0.0,0.0,2023-10-30,55000,58.82,40700,14300,15.29,P072,3700,11,2023-09-23,kg,0.0,Closed by cutoff,2023-09
B02691,P072,Seeds,Sold Out,9,9.0,0.0,0.0,2023-11-05,45000,48.13,33300,11700,12.51,P072,3700,9,2023-10-31,kg,0.0,Closed by cutoff,2023-10
B02692,P072,Seeds,Sold Out,15,15.0,0.0,0.0,2023-12-28,75000,80.21,55500,19500,20.86,P072,3700,15,2023-12-07,kg,0.0,Closed by cutoff,2023-12
B02693,P072,Seeds,Sold Out,11,11.0,0.0,0.0,2024-01-13,55000,58.82,40700,14300,15.29,P072,3700,11,2024-01-11,kg,0.0,Closed by cutoff,2024-01
B02694,P072,Seeds,Partial Loss,10,9.99,0.01,0.1,2024-10-21,49950,53.42,37000,12950,13.85,P072,3700,10,2024-02-24,kg,37.0,Closed by cutoff,2024-02
B02695,P072,Seeds,Sold Out,9,9.0,0.0,0.0,2024-04-24,45000,48.13,33300,11700,12.51,P072,3700,9,2024-03-26,kg,0.0,Closed by cutoff,2024-03
B02696,P072,Seeds,Sold Out,9,9.0,0.0,0.0,2024-05-21,45000,48.13,33300,11700,12.51,P072,3700,9,2024-05-05,kg,0.0,Closed by cutoff,2024-05
B02697,P072,Seeds,Partial Loss,9,8.65,0.35,3.9,2025-02-08,43250,46.26,33300,9950,10.64,P072,3700,9,2024-06-13,kg,1295.0,Closed by cutoff,2024-06
B02698,P072,Seeds,Sold Out,10,10.0,0.0,0.0,2024-08-31,50000,53.48,37000,13000,13.9,P072,3700,10,2024-07-25,kg,0.0,Closed by cutoff,2024-07
B02699,P072,Seeds,Partial Loss,11,10.43,0.57,5.2,2025-04-24,52150,55.78,40700,11450,12.25,P072,3700,11,2024-08-27,kg,2109.0,Closed by cutoff,2024-08
B02700,P072,Seeds,Sold Out,11,11.0,0.0,0.0,2024-10-16,55000,58.82,40700,14300,15.29,P072,3700,11,2024-09-28,kg,0.0,Closed by cutoff,2024-09
B02701,P072,Seeds,Partial Loss,10,9.43,0.57,5.7,2025-07-04,47150,50.43,37000,10150,10.86,P072,3700,10,2024-11-06,kg,2109.0,After cutoff,2024-11
B02702,P072,Seeds,Sold Out,12,12.0,0.0,0.0,2025-01-14,60000,64.17,44400,15600,16.68,P072,3700,12,2024-12-21,kg,0.0,Closed by cutoff,2024-12
B02703,P072,Seeds,Sold Out,9,9.0,0.0,0.0,2025-02-16,45000,48.13,33300,11700,12.51,P072,3700,9,2025-01-13,kg,0.0,Closed by cutoff,2025-01
B02704,P072,Seeds,Partial Loss,11,10.53,0.47,4.3,2025-10-13,52650,56.31,40700,11950,12.78,P072,3700,11,2025-02-15,kg,1739.0,After cutoff,2025-02
B02705,P072,Seeds,Partial Loss,10,9.23,0.77,7.7,2025-11-13,46150,49.36,37000,9150,9.79,P072,3700,10,2025-03-18,kg,2849.0,After cutoff,2025-03
B02706,P072,Seeds,Sold Out,11,11.0,0.0,0.0,2025-05-17,55000,58.82,40700,14300,15.29,P072,3700,11,2025-04-27,kg,0.0,Closed by cutoff,2025-04
B02707,P072,Seeds,Partial Loss,10,9.46,0.54,5.4,2026-01-30,47300,50.59,37000,10300,11.02,P072,3700,10,2025-06-04,kg,1998.0000000000002,After cutoff,2025-06
B02708,P073,Seeds,Sold Out,10,10.0,0.0,0.0,2023-08-17,35000,37.43,25500,9500,10.16,P073,2550,10,2023-07-16,kg,0.0,Closed by cutoff,2023-07
B02709,P073,Seeds,Partial Loss,10,9.56,0.44,4.4,2024-04-13,33460,35.79,25500,7960,8.51,P073,2550,10,2023-08-17,kg,1122.0,Closed by cutoff,2023-08
B02710,P073,Seeds,Sold Out,14,14.0,0.0,0.0,2023-10-14,49000,52.41,35700,13300,14.22,P073,2550,14,2023-09-13,kg,0.0,Closed by cutoff,2023-09
B02711,P073,Seeds,Partial Loss,11,10.43,0.57,5.2,2024-06-18,36505,39.04,28050,8455,9.04,P073,2550,11,2023-10-22,kg,1453.4999999999998,Closed by cutoff,2023-10
B02712,P073,Seeds,Sold Out,10,10.0,0.0,0.0,2023-12-16,35000,37.43,25500,9500,10.16,P073,2550,10,2023-11-26,kg,0.0,Closed by cutoff,2023-11
B02713,P073,Seeds,Sold Out,10,10.0,0.0,0.0,2024-01-25,35000,37.43,25500,9500,10.16,P073,2550,10,2024-01-05,kg,0.0,Closed by cutoff,2024-01
B02714,P073,Seeds,Sold Out,9,9.0,0.0,0.0,2024-03-28,31500,33.69,22950,8550,9.14,P073,2550,9,2024-02-21,kg,0.0,Closed by cutoff,2024-02
B02715,P073,Seeds,Sold Out,10,10.0,0.0,0.0,2024-04-26,35000,37.43,25500,9500,10.16,P073,2550,10,2024-03-21,kg,0.0,Closed by cutoff,2024-03
B02716,P073,Seeds,Sold Out,9,9.0,0.0,0.0,2024-06-03,31500,33.69,22950,8550,9.14,P073,2550,9,2024-04-23,kg,0.0,Closed by cutoff,2024-04
B02717,P073,Seeds,Partial Loss,11,10.44,0.56,5.1,2025-01-19,36540,39.08,28050,8490,9.08,P073,2550,11,2024-05-24,kg,1428.0000000000002,Closed by cutoff,2024-05
B02718,P073,Seeds,Partial Loss,9,8.36,0.64,7.1,2025-02-24,29260,31.29,22950,6310,6.75,P073,2550,9,2024-06-29,kg,1632.0,Closed by cutoff,2024-06
B02719,P073,Seeds,Sold Out,9,9.0,0.0,0.0,2024-09-01,31500,33.69,22950,8550,9.14,P073,2550,9,2024-07-26,kg,0.0,Closed by cutoff,2024-07
B02720,P073,Seeds,Partial Loss,10,9.44,0.56,5.6,2025-04-25,33040,35.34,25500,7540,8.06,P073,2550,10,2024-08-28,kg,1428.0000000000002,Closed by cutoff,2024-08
B02721,P073,Seeds,Partial Loss,9,8.42,0.58,6.5,2025-06-04,29470,31.52,22950,6520,6.97,P073,2550,9,2024-10-07,kg,1479.0,Closed by cutoff,2024-10
B02722,P073,Seeds,Partial Loss,11,9.9,1.1,10.0,2025-07-17,34650,37.06,28050,6600,7.06,P073,2550,11,2024-11-19,kg,2805.0,After cutoff,2024-11
B02723,P073,Seeds,Sold Out,12,12.0,0.0,0.0,2025-01-30,42000,44.92,30600,11400,12.19,P073,2550,12,2024-12-26,kg,0.0,Closed by cutoff,2024-12
B02724,P073,Seeds,Sold Out,10,10.0,0.0,0.0,2025-02-24,35000,37.43,25500,9500,10.16,P073,2550,10,2025-01-31,kg,0.0,Closed by cutoff,2025-01
B02725,P073,Seeds,Sold Out,12,12.0,0.0,0.0,2025-11-05,42000,44.92,30600,11400,12.19,P073,2550,12,2025-03-10,kg,0.0,After cutoff,2025-03
B02726,P073,Seeds,Sold Out,11,11.0,0.0,0.0,2025-05-12,38500,41.18,28050,10450,11.18,P073,2550,11,2025-04-12,kg,0.0,Closed by cutoff,2025-04
B02727,P073,Seeds,Sold Out,11,11.0,0.0,0.0,2025-06-17,38500,41.18,28050,10450,11.18,P073,2550,11,2025-05-11,kg,0.0,Closed by cutoff,2025-05
B02728,P073,Seeds,Partial Loss,12,11.4,0.6,5.0,2026-02-13,39900,42.67,30600,9300,9.95,P073,2550,12,2025-06-18,kg,1530.0,After cutoff,2025-06
B02729,P074,Seeds,Sold Out,11,11.0,0.0,0.0,2023-09-08,49500,52.94,36300,13200,14.12,P074,3300,11,2023-07-29,kg,0.0,Closed by cutoff,2023-07
B02730,P074,Seeds,Sold Out,13,13.0,0.0,0.0,2023-09-24,58500,62.57,42900,15600,16.68,P074,3300,13,2023-09-03,kg,0.0,Closed by cutoff,2023-09
B02731,P074,Seeds,Sold Out,11,11.0,0.0,0.0,2023-10-29,49500,52.94,36300,13200,14.12,P074,3300,11,2023-10-03,kg,0.0,Closed by cutoff,2023-10
B02732,P074,Seeds,Partial Loss,10,9.52,0.48,4.8,2024-07-05,42840,45.82,33000,9840,10.52,P074,3300,10,2023-11-08,kg,1584.0,Closed by cutoff,2023-11
B02733,P074,Seeds,Partial Loss,13,11.92,1.08,8.3,2024-08-15,53640,57.37,42900,10740,11.49,P074,3300,13,2023-12-19,kg,3564.0000000000005,Closed by cutoff,2023-12
B02734,P074,Seeds,Partial Loss,11,10.56,0.44,4.0,2024-09-13,47520,50.82,36300,11220,12.0,P074,3300,11,2024-01-17,kg,1452.0,Closed by cutoff,2024-01
B02735,P074,Seeds,Sold Out,10,10.0,0.0,0.0,2024-03-24,45000,48.13,33000,12000,12.83,P074,3300,10,2024-02-29,kg,0.0,Closed by cutoff,2024-02
B02736,P074,Seeds,Sold Out,11,11.0,0.0,0.0,2024-04-16,49500,52.94,36300,13200,14.12,P074,3300,11,2024-03-25,kg,0.0,Closed by cutoff,2024-03
B02737,P074,Seeds,Partial Loss,11,10.25,0.75,6.8,2024-12-30,46125,49.33,36300,9825,10.51,P074,3300,11,2024-05-04,kg,2475.0,Closed by cutoff,2024-05
B02738,P074,Seeds,Sold Out,9,9.0,0.0,0.0,2024-07-18,40500,43.32,29700,10800,11.55,P074,3300,9,2024-06-13,kg,0.0,Closed by cutoff,2024-06
B02739,P074,Seeds,Partial Loss,11,10.29,0.72,6.5,2025-03-15,46305,49.52,36300,10005,10.7,P074,3300,11,2024-07-18,kg,2376.0,Closed by cutoff,2024-07
B02740,P074,Seeds,Sold Out,10,10.0,0.0,0.0,2024-09-29,45000,48.13,34500,10500,11.23,P074,3450,10,2024-08-24,kg,0.0,Closed by cutoff,2024-08
B02741,P074,Seeds,Sold Out,14,14.0,0.0,0.0,2024-10-14,63000,67.38,46200,16800,17.97,P074,3300,14,2024-09-22,kg,0.0,Closed by cutoff,2024-09
B02742,P074,Seeds,Partial Loss,11,10.63,0.37,3.4,2025-06-16,47835,51.16,36300,11535,12.34,P074,3300,11,2024-10-19,kg,1221.0,Closed by cutoff,2024-10
B02743,P074,Seeds,Sold Out,11,11.0,0.0,0.0,2024-12-25,49500,52.94,37950,11550,12.35,P074,3450,11,2024-11-20,kg,0.0,Closed by cutoff,2024-11
B02744,P074,Seeds,Sold Out,14,14.0,0.0,0.0,2025-01-27,63000,67.38,46200,16800,17.97,P074,3300,14,2024-12-22,kg,0.0,Closed by cutoff,2024-12
B02745,P074,Seeds,Partial Loss,10,9.41,0.59,5.9,2025-09-23,42345,45.29,33000,9345,9.99,P074,3300,10,2025-01-26,kg,1947.0,After cutoff,2025-01
B02746,P074,Seeds,Partial Loss,10,9.69,0.31,3.1,2025-10-14,43605,46.64,33000,10605,11.34,P074,3300,10,2025-02-16,kg,1023.0,After cutoff,2025-02
B02747,P074,Seeds,Sold Out,10,10.0,0.0,0.0,2025-04-03,45000,48.13,33000,12000,12.83,P074,3300,10,2025-03-20,kg,0.0,Closed by cutoff,2025-03
B02748,P074,Seeds,Sold Out,10,10.0,0.0,0.0,2025-12-15,45000,48.13,33000,12000,12.83,P074,3300,10,2025-04-19,kg,0.0,After cutoff,2025-04
B02749,P074,Seeds,Partial Loss,10,9.39,0.61,6.1,2026-01-26,42255,45.19,33000,9255,9.9,P074,3300,10,2025-05-31,kg,2013.0,After cutoff,2025-05
B02750,P074,Seeds,Partial Loss,10,9.28,0.72,7.2,2026-02-25,41760,44.66,33000,8760,9.37,P074,3300,10,2025-06-30,kg,2376.0,After cutoff,2025-06
B02751,P075,Candy,Sold Out,44,44.0,0.0,0.0,2023-08-19,44000,47.06,30800,13200,14.12,P075,700,44,2023-07-09,unit,0.0,Closed by cutoff,2023-07
B02752,P075,Candy,Sold Out,37,37.0,0.0,0.0,2023-09-02,37000,39.57,25900,11100,11.87,P075,700,37,2023-08-11,unit,0.0,Closed by cutoff,2023-08
B02753,P075,Candy,Sold Out,50,50.0,0.0,0.0,2023-09-28,50000,53.48,35000,15000,16.04,P075,700,50,2023-09-11,unit,0.0,Closed by cutoff,2023-09
B02754,P075,Candy,Partial Loss,36,34.99,1.01,2.8,2024-08-05,34990,37.42,25200,9790,10.47,P075,700,36,2023-10-10,unit,707.0,Closed by cutoff,2023-10
B02755,P075,Candy,Sold Out,35,35.0,0.0,0.0,2023-12-27,35000,37.43,24500,10500,11.23,P075,700,35,2023-11-24,unit,0.0,Closed by cutoff,2023-11
B02756,P075,Candy,Partial Loss,48,46.42,1.58,3.3,2024-10-24,46420,49.65,33600,12820,13.71,P075,700,48,2023-12-29,unit,1106.0,Closed by cutoff,2023-12
B02757,P075,Candy,Partial Loss,42,41.03,0.97,2.3,2024-11-27,41030,43.88,29400,11630,12.44,P075,700,42,2024-02-01,unit,679.0,Closed by cutoff,2024-02
B02758,P075,Candy,Sold Out,44,44.0,0.0,0.0,2024-04-11,44000,47.06,30800,13200,14.12,P075,700,44,2024-03-13,unit,0.0,Closed by cutoff,2024-03
B02759,P075,Candy,Partial Loss,34,33.39,0.61,1.8,2025-02-10,33390,35.71,23800,9590,10.26,P075,700,34,2024-04-16,unit,427.0,Closed by cutoff,2024-04
B02760,P075,Candy,Sold Out,41,41.0,0.0,0.0,2024-06-13,41000,43.85,28700,12300,13.16,P075,700,41,2024-05-24,unit,0.0,Closed by cutoff,2024-05
B02761,P075,Candy,Sold Out,36,36.0,0.0,0.0,2024-08-06,36000,38.5,25200,10800,11.55,P075,700,36,2024-07-01,unit,0.0,Closed by cutoff,2024-07
B02762,P075,Candy,Partial Loss,45,44.1,0.9,2.0,2025-05-27,44100,47.17,31500,12600,13.48,P075,700,45,2024-07-31,unit,630.0,Closed by cutoff,2024-07
B02763,P075,Candy,Partial Loss,45,43.2,1.8,4.0,2025-07-12,43200,46.2,31500,11700,12.51,P075,700,45,2024-09-15,unit,1260.0,After cutoff,2024-09
B02764,P075,Candy,Sold Out,38,38.0,0.0,0.0,2024-11-19,38000,40.64,26600,11400,12.19,P075,700,38,2024-10-25,unit,0.0,Closed by cutoff,2024-10
B02765,P075,Candy,Partial Loss,40,39.92,0.08,0.2,2025-09-26,39920,42.7,28000,11920,12.75,P075,700,40,2024-11-30,unit,56.0,After cutoff,2024-11
B02766,P075,Candy,Sold Out,45,45.0,0.0,0.0,2025-02-10,45000,48.13,31500,13500,14.44,P075,700,45,2025-01-06,unit,0.0,Closed by cutoff,2025-01
B02767,P075,Candy,Partial Loss,42,40.49,1.51,3.6,2025-11-29,40490,43.3,29400,11090,11.86,P075,700,42,2025-02-02,unit,1057.0,After cutoff,2025-02
B02768,P075,Candy,Sold Out,44,44.0,0.0,0.0,2025-04-05,44000,47.06,30800,13200,14.12,P075,700,44,2025-03-12,unit,0.0,Closed by cutoff,2025-03
B02769,P075,Candy,Sold Out,37,37.0,0.0,0.0,2025-05-05,37000,39.57,25900,11100,11.87,P075,700,37,2025-04-20,unit,0.0,Closed by cutoff,2025-04
B02770,P075,Candy,Partial Loss,39,38.41,0.58,1.5,2026-03-19,38410,41.08,27300,11110,11.88,P075,700,39,2025-05-23,unit,406.0,After cutoff,2025-05
B02771,P075,Candy,Sold Out,39,39.0,0.0,0.0,2025-07-16,39000,41.71,27300,11700,12.51,P075,700,39,2025-06-15,unit,0.0,After cutoff,2025-06
B02772,P076,Candy,Partial Loss,14,13.66,0.34,2.4,2024-05-02,47810,51.13,34300,13510,14.45,P076,2450,14,2023-07-07,kg,833.0000000000001,Closed by cutoff,2023-07
B02773,P076,Candy,Partial Loss,14,13.27,0.73,5.2,2024-06-08,46445,49.67,34300,12145,12.99,P076,2450,14,2023-08-13,kg,1788.5,Closed by cutoff,2023-08
B02774,P076,Candy,Sold Out,18,18.0,0.0,0.0,2023-10-13,63000,67.38,44100,18900,20.21,P076,2450,18,2023-09-26,kg,0.0,Closed by cutoff,2023-09
B02775,P076,Candy,Sold Out,5,5.0,0.0,0.0,2023-11-19,17500,18.72,12250,5250,5.61,P076,2450,5,2023-10-22,kg,0.0,Closed by cutoff,2023-10
B02776,P076,Candy,Partial Loss,5,4.82,0.18,3.6,2024-09-24,16870,18.04,12250,4620,4.94,P076,2450,5,2023-11-29,kg,441.0,Closed by cutoff,2023-11
B02777,P076,Candy,Sold Out,5,5.0,0.0,0.0,2024-01-23,17500,18.72,12250,5250,5.61,P076,2450,5,2024-01-01,kg,0.0,Closed by cutoff,2024-01
B02778,P076,Candy,Partial Loss,4,3.87,0.13,3.2,2024-11-30,13545,14.49,9600,3945,4.22,P076,2400,4,2024-02-04,kg,312.0,Closed by cutoff,2024-02
B02779,P076,Candy,Partial Loss,5,4.7,0.3,6.1,2025-01-08,16450,17.59,12250,4200,4.49,P076,2450,5,2024-03-14,kg,735.0,Closed by cutoff,2024-03
B02780,P076,Candy,Partial Loss,13,12.84,0.16,1.2,2025-02-15,44940,48.06,31850,13090,14.0,P076,2450,13,2024-04-21,kg,392.0,Closed by cutoff,2024-04
B02781,P076,Candy,Sold Out,12,12.0,0.0,0.0,2024-06-09,42000,44.92,29400,12600,13.48,P076,2450,12,2024-05-29,kg,0.0,Closed by cutoff,2024-05
B02782,P076,Candy,Sold Out,12,12.0,0.0,0.0,2024-07-31,42000,44.92,29400,12600,13.48,P076,2450,12,2024-07-02,kg,0.0,Closed by cutoff,2024-07
B02783,P076,Candy,Sold Out,14,14.0,0.0,0.0,2024-08-27,49000,52.41,33600,15400,16.47,P076,2400,14,2024-08-08,kg,0.0,Closed by cutoff,2024-08
B02784,P076,Candy,Sold Out,16,16.0,0.0,0.0,2024-09-27,56000,59.89,39200,16800,17.97,P076,2450,16,2024-09-13,kg,0.0,Closed by cutoff,2024-09
B02785,P076,Candy,Sold Out,4,4.0,0.0,0.0,2024-11-24,14000,14.97,9800,4200,4.49,P076,2450,4,2024-10-16,kg,0.0,Closed by cutoff,2024-10
B02786,P076,Candy,Sold Out,4,4.0,0.0,0.0,2024-12-20,14000,14.97,9600,4400,4.71,P076,2400,4,2024-11-25,kg,0.0,Closed by cutoff,2024-11
B02787,P076,Candy,Partial Loss,7,6.85,0.15,2.2,2025-10-26,23975,25.64,17150,6825,7.3,P076,2450,7,2024-12-30,kg,367.5,After cutoff,2024-12
B02788,P076,Candy,Sold Out,5,5.0,0.0,0.0,2025-03-03,17500,18.72,12250,5250,5.61,P076,2450,5,2025-02-03,kg,0.0,Closed by cutoff,2025-02
B02789,P076,Candy,Partial Loss,5,4.82,0.18,3.6,2026-01-01,16870,18.04,12250,4620,4.94,P076,2450,5,2025-03-07,kg,441.0,After cutoff,2025-03
B02790,P076,Candy,Partial Loss,14,13.66,0.34,2.4,2026-02-05,47810,51.13,34300,13510,14.45,P076,2450,14,2025-04-11,kg,833.0000000000001,After cutoff,2025-04
B02791,P076,Candy,Sold Out,14,14.0,0.0,0.0,2025-06-04,49000,52.41,34300,14700,15.72,P076,2450,14,2025-05-12,kg,0.0,Closed by cutoff,2025-05
B02792,P076,Candy,Sold Out,13,13.0,0.0,0.0,2025-07-03,45500,48.66,31200,14300,15.29,P076,2400,13,2025-06-11,kg,0.0,After cutoff,2025-06
B02793,P077,Candy,Partial Loss,27,25.65,1.35,5.0,2024-05-09,51300,54.87,36450,14850,15.88,P077,1350,27,2023-07-14,jar 350g,1822.5000000000002,Closed by cutoff,2023-07
B02794,P077,Candy,Partial Loss,21,20.45,0.55,2.6,2024-06-11,40900,43.74,28350,12550,13.42,P077,1350,21,2023-08-16,jar 350g,742.5000000000001,Closed by cutoff,2023-08
B02795,P077,Candy,Partial Loss,24,22.7,1.3,5.4,2024-08-02,45400,48.56,32400,13000,13.9,P077,1350,24,2023-10-07,jar 350g,1755.0,Closed by cutoff,2023-10
B02796,P077,Candy,Sold Out,24,24.0,0.0,0.0,2023-12-09,48000,51.34,34800,13200,14.12,P077,1450,24,2023-11-11,jar 350g,0.0,Closed by cutoff,2023-11
B02797,P077,Candy,Sold Out,35,35.0,0.0,0.0,2024-01-02,70000,74.87,47250,22750,24.33,P077,1350,35,2023-12-11,jar 350g,0.0,Closed by cutoff,2023-12
B02798,P077,Candy,Sold Out,26,26.0,0.0,0.0,2024-02-17,52000,55.61,35100,16900,18.07,P077,1350,26,2024-01-17,jar 350g,0.0,Closed by cutoff,2024-01
B02799,P077,Candy,Partial Loss,27,26.68,0.32,1.2,2024-12-24,53360,57.07,36450,16910,18.09,P077,1350,27,2024-02-28,jar 350g,432.0,Closed by cutoff,2024-02
B02800,P077,Candy,Sold Out,25,25.0,0.0,0.0,2024-04-27,50000,53.48,33750,16250,17.38,P077,1350,25,2024-04-09,jar 350g,0.0,Closed by cutoff,2024-04
B02801,P077,Candy,Partial Loss,23,21.87,1.13,4.9,2025-03-05,43740,46.78,31050,12690,13.57,P077,1350,23,2024-05-09,jar 350g,1525.4999999999998,Closed by cutoff,2024-05
B02802,P077,Candy,Sold Out,22,22.0,0.0,0.0,2024-07-20,44000,47.06,29700,14300,15.29,P077,1350,22,2024-06-16,jar 350g,0.0,Closed by cutoff,2024-06
B02803,P077,Candy,Partial Loss,27,26.05,0.95,3.5,2025-05-26,52100,55.72,36450,15650,16.74,P077,1350,27,2024-07-30,jar 350g,1282.5,Closed by cutoff,2024-07
B02804,P077,Candy,Partial Loss,26,25.12,0.88,3.4,2025-06-26,50240,53.73,35100,15140,16.19,P077,1350,26,2024-08-30,jar 350g,1188.0,Closed by cutoff,2024-08
B02805,P077,Candy,Sold Out,22,22.0,0.0,0.0,2024-10-25,44000,47.06,31900,12100,12.94,P077,1450,22,2024-10-02,jar 350g,0.0,Closed by cutoff,2024-10
B02806,P077,Candy,Sold Out,21,21.0,0.0,0.0,2024-11-23,42000,44.92,28350,13650,14.6,P077,1350,21,2024-11-04,jar 350g,0.0,Closed by cutoff,2024-11
B02807,P077,Candy,Sold Out,31,31.0,0.0,0.0,2025-01-13,62000,66.31,41850,20150,21.55,P077,1350,31,2024-12-10,jar 350g,0.0,Closed by cutoff,2024-12
B02808,P077,Candy,Sold Out,27,27.0,0.0,0.0,2025-02-03,54000,57.75,36450,17550,18.77,P077,1350,27,2025-01-08,jar 350g,0.0,Closed by cutoff,2025-01
B02809,P077,Candy,Partial Loss,23,22.52,0.48,2.1,2025-12-07,45040,48.17,31050,13990,14.96,P077,1350,23,2025-02-10,jar 350g,648.0,After cutoff,2025-02
B02810,P077,Candy,Sold Out,28,28.0,0.0,0.0,2025-04-12,56000,59.89,37800,18200,19.47,P077,1350,28,2025-03-20,jar 350g,0.0,Closed by cutoff,2025-03
B02811,P077,Candy,Partial Loss,23,21.87,1.13,4.9,2026-02-12,43740,46.78,33350,10390,11.11,P077,1450,23,2025-04-18,jar 350g,1638.4999999999998,After cutoff,2025-04
B02812,P077,Candy,Partial Loss,26,24.6,1.4,5.4,2026-03-19,49200,52.62,35100,14100,15.08,P077,1350,26,2025-05-23,jar 350g,1889.9999999999998,After cutoff,2025-05
B02813,P077,Candy,Partial Loss,22,20.94,1.06,4.8,2026-04-21,41880,44.79,29700,12180,13.03,P077,1350,22,2025-06-25,jar 350g,1431.0,After cutoff,2025-06
B02814,P078,Candy,Partial Loss,45,43.02,1.98,4.4,2024-05-04,43020,46.01,31500,11520,12.32,P078,700,45,2023-07-09,unit,1386.0,Closed by cutoff,2023-07
B02815,P078,Candy,Sold Out,45,45.0,0.0,0.0,2023-09-08,45000,48.13,31500,13500,14.44,P078,700,45,2023-08-09,unit,0.0,Closed by cutoff,2023-08
B02816,P078,Candy,Partial Loss,45,44.33,0.67,1.5,2024-06-30,44330,47.41,31500,12830,13.72,P078,700,45,2023-09-04,unit,469.0,Closed by cutoff,2023-09
B02817,P078,Candy,Partial Loss,41,39.73,1.27,3.1,2024-08-04,39730,42.49,28700,11030,11.8,P078,700,41,2023-10-09,unit,889.0,Closed by cutoff,2023-10
B02818,P078,Candy,Sold Out,44,44.0,0.0,0.0,2023-12-10,44000,47.06,30800,13200,14.12,P078,700,44,2023-11-16,unit,0.0,Closed by cutoff,2023-11
B02819,P078,Candy,Partial Loss,47,46.53,0.47,1.0,2024-10-15,46530,49.76,32900,13630,14.58,P078,700,47,2023-12-20,unit,329.0,Closed by cutoff,2023-12
B02820,P078,Candy,Sold Out,39,39.0,0.0,0.0,2024-03-03,39000,41.71,27300,11700,12.51,P078,700,39,2024-02-01,unit,0.0,Closed by cutoff,2024-02
B02821,P078,Candy,Sold Out,45,45.0,0.0,0.0,2024-04-08,45000,48.13,31500,13500,14.44,P078,700,45,2024-03-09,unit,0.0,Closed by cutoff,2024-03
B02822,P078,Candy,Partial Loss,39,37.32,1.68,4.3,2025-02-09,37320,39.91,27300,10020,10.72,P078,700,39,2024-04-15,unit,1176.0,Closed by cutoff,2024-04
B02823,P078,Candy,Partial Loss,44,41.71,2.29,5.2,2025-03-10,41710,44.61,30800,10910,11.67,P078,700,44,2024-05-14,unit,1603.0,Closed by cutoff,2024-05
B02824,P078,Candy,Partial Loss,41,38.83,2.17,5.3,2025-04-19,38830,41.53,28700,10130,10.83,P078,700,41,2024-06-23,unit,1519.0,Closed by cutoff,2024-06
B02825,P078,Candy,Sold Out,42,42.0,0.0,0.0,2024-08-21,42000,44.92,29400,12600,13.48,P078,700,42,2024-07-24,unit,0.0,Closed by cutoff,2024-07
B02826,P078,Candy,Partial Loss,43,40.81,2.19,5.1,2025-06-23,40810,43.65,32250,8560,9.16,P078,750,43,2024-08-27,unit,1642.5,Closed by cutoff,2024-08
B02827,P078,Candy,Partial Loss,53,51.36,1.64,3.1,2025-07-25,51360,54.93,37100,14260,15.25,P078,700,53,2024-09-28,unit,1148.0,After cutoff,2024-09
B02828,P078,Candy,Partial Loss,37,35.52,1.48,4.0,2025-08-24,35520,37.99,25900,9620,10.29,P078,700,37,2024-10-28,unit,1036.0,After cutoff,2024-10
B02829,P078,Candy,Partial Loss,45,44.01,0.99,2.2,2025-09-23,44010,47.07,31500,12510,13.38,P078,700,45,2024-11-27,unit,693.0,After cutoff,2024-11
B02830,P078,Candy,Sold Out,39,39.0,0.0,0.0,2025-02-18,39000,41.71,27300,11700,12.51,P078,700,39,2025-01-12,unit,0.0,Closed by cutoff,2025-01
B02831,P078,Candy,Partial Loss,45,44.01,0.99,2.2,2025-12-14,44010,47.07,31500,12510,13.38,P078,700,45,2025-02-17,unit,693.0,After cutoff,2025-02
B02832,P078,Candy,Sold Out,45,45.0,0.0,0.0,2025-04-26,45000,48.13,31500,13500,14.44,P078,700,45,2025-03-26,unit,0.0,Closed by cutoff,2025-03
B02833,P078,Candy,Partial Loss,49,48.46,0.54,1.1,2026-03-06,48460,51.83,36750,11710,12.52,P078,750,49,2025-05-10,unit,405.0,After cutoff,2025-05
B02834,P078,Candy,Partial Loss,45,43.2,1.8,4.0,2026-04-03,43200,46.2,31500,11700,12.51,P078,700,45,2025-06-07,unit,1260.0,After cutoff,2025-06
B02835,P079,Candy,Partial Loss,71,68.3,2.7,3.8,2024-05-26,68300,73.05,49700,18600,19.89,P079,700,71,2023-07-31,unit,1890.0000000000002,Closed by cutoff,2023-07
B02836,P079,Candy,Partial Loss,64,62.46,1.54,2.4,2024-06-25,62460,66.8,44800,17660,18.89,P079,700,64,2023-08-30,unit,1078.0,Closed by cutoff,2023-08
B02837,P079,Candy,Sold Out,23,23.0,0.0,0.0,2023-10-18,23000,24.6,16100,6900,7.38,P079,700,23,2023-10-02,unit,0.0,Closed by cutoff,2023-10
B02838,P079,Candy,Sold Out,25,25.0,0.0,0.0,2023-11-28,25000,26.74,17500,7500,8.02,P079,700,25,2023-11-02,unit,0.0,Closed by cutoff,2023-11
B02839,P079,Candy,Partial Loss,25,23.0,2.0,8.0,2024-09-25,23000,24.6,18750,4250,4.55,P079,750,25,2023-11-30,unit,1500.0,Closed by cutoff,2023-11
B02840,P079,Candy,Sold Out,24,24.0,0.0,0.0,2024-02-10,24000,25.67,16800,7200,7.7,P079,700,24,2024-01-01,unit,0.0,Closed by cutoff,2024-01
B02841,P079,Candy,Partial Loss,27,25.7,1.3,4.8,2024-12-07,25700,27.49,18900,6800,7.27,P079,700,27,2024-02-11,unit,910.0,Closed by cutoff,2024-02
B02842,P079,Candy,Partial Loss,23,22.08,0.92,4.0,2025-01-07,22080,23.61,16100,5980,6.4,P079,700,23,2024-03-13,unit,644.0,Closed by cutoff,2024-03
B02843,P079,Candy,Sold Out,68,68.0,0.0,0.0,2024-05-20,68000,72.73,47600,20400,21.82,P079,700,68,2024-04-20,unit,0.0,Closed by cutoff,2024-04
B02844,P079,Candy,Partial Loss,73,68.98,4.01,5.5,2025-03-09,68980,73.78,51100,17880,19.12,P079,700,73,2024-05-13,unit,2807.0,Closed by cutoff,2024-05
B02845,P079,Candy,Sold Out,73,73.0,0.0,0.0,2024-07-26,73000,78.07,54750,18250,19.52,P079,750,73,2024-06-21,unit,0.0,Closed by cutoff,2024-06
B02846,P079,Candy,Sold Out,66,66.0,0.0,0.0,2024-08-16,66000,70.59,46200,19800,21.18,P079,700,66,2024-07-26,unit,0.0,Closed by cutoff,2024-07
B02847,P079,Candy,Sold Out,80,80.0,0.0,0.0,2024-10-16,80000,85.56,56000,24000,25.67,P079,700,80,2024-09-09,unit,0.0,Closed by cutoff,2024-09
B02848,P079,Candy,Sold Out,26,26.0,0.0,0.0,2024-10-29,26000,27.81,18200,7800,8.34,P079,700,26,2024-10-12,unit,0.0,Closed by cutoff,2024-10
B02849,P079,Candy,Partial Loss,24,23.11,0.89,3.7,2025-09-10,23110,24.72,16800,6310,6.75,P079,700,24,2024-11-14,unit,623.0,After cutoff,2024-11
B02850,P079,Candy,Partial Loss,35,33.21,1.78,5.1,2025-10-17,33210,35.52,24500,8710,9.32,P079,700,35,2024-12-21,unit,1246.0,After cutoff,2024-12
B02851,P079,Candy,Sold Out,27,27.0,0.0,0.0,2025-02-16,27000,28.88,18900,8100,8.66,P079,700,27,2025-01-22,unit,0.0,Closed by cutoff,2025-01
B02852,P079,Candy,Sold Out,26,26.0,0.0,0.0,2025-03-24,26000,27.81,18200,7800,8.34,P079,700,26,2025-02-27,unit,0.0,Closed by cutoff,2025-02
B02853,P079,Candy,Partial Loss,28,26.6,1.4,5.0,2026-01-17,26600,28.45,21000,5600,5.99,P079,750,28,2025-03-23,unit,1050.0,After cutoff,2025-03
B02854,P079,Candy,Sold Out,70,70.0,0.0,0.0,2025-06-03,70000,74.87,52500,17500,18.72,P079,750,70,2025-04-27,unit,0.0,Closed by cutoff,2025-04
B02855,P079,Candy,Sold Out,67,67.0,0.0,0.0,2025-06-23,67000,71.66,46900,20100,21.5,P079,700,67,2025-05-29,unit,0.0,Closed by cutoff,2025-05
B02856,P080,Candy,Partial Loss,46,45.36,0.64,1.4,2024-05-02,45360,48.51,29900,15460,16.53,P080,650,46,2023-07-07,bag 100g,416.0,Closed by cutoff,2023-07
B02857,P080,Candy,Sold Out,55,55.0,0.0,0.0,2023-09-13,55000,58.82,35750,19250,20.59,P080,650,55,2023-08-11,bag 100g,0.0,Closed by cutoff,2023-08
B02858,P080,Candy,Partial Loss,57,54.43,2.56,4.5,2024-07-09,54430,58.21,37050,17380,18.59,P080,650,57,2023-09-13,bag 100g,1664.0,Closed by cutoff,2023-09
B02859,P080,Candy,Partial Loss,49,47.73,1.27,2.6,2024-08-19,47730,51.05,31850,15880,16.98,P080,650,49,2023-10-24,bag 100g,825.5,Closed by cutoff,2023-10
B02860,P080,Candy,Partial Loss,50,49.3,0.7,1.4,2024-09-24,49300,52.73,32500,16800,17.97,P080,650,50,2023-11-29,bag 100g,454.99999999999994,Closed by cutoff,2023-11
B02861,P080,Candy,Sold Out,63,63.0,0.0,0.0,2024-01-18,63000,67.38,47250,15750,16.84,P080,750,63,2023-12-27,bag 100g,0.0,Closed by cutoff,2023-12
B02862,P080,Candy,Sold Out,47,47.0,0.0,0.0,2024-03-04,47000,50.27,30550,16450,17.59,P080,650,47,2024-01-30,bag 100g,0.0,Closed by cutoff,2024-01
B02863,P080,Candy,Partial Loss,51,48.5,2.5,4.9,2024-12-29,48500,51.87,33150,15350,16.42,P080,650,51,2024-03-04,bag 100g,1625.0,Closed by cutoff,2024-03
B02864,P080,Candy,Sold Out,53,53.0,0.0,0.0,2024-05-02,53000,56.68,34450,18550,19.84,P080,650,53,2024-04-11,bag 100g,0.0,Closed by cutoff,2024-04
B02865,P080,Candy,Sold Out,48,48.0,0.0,0.0,2024-06-01,48000,51.34,36000,12000,12.83,P080,750,48,2024-05-10,bag 100g,0.0,Closed by cutoff,2024-05
B02866,P080,Candy,Sold Out,55,55.0,0.0,0.0,2024-07-04,55000,58.82,35750,19250,20.59,P080,650,55,2024-06-02,bag 100g,0.0,Closed by cutoff,2024-06
B02867,P080,Candy,Partial Loss,56,54.21,1.79,3.2,2025-05-04,54210,57.98,42000,12210,13.06,P080,750,56,2024-07-08,bag 100g,1342.5,Closed by cutoff,2024-07
B02868,P080,Candy,Partial Loss,53,50.77,2.23,4.2,2025-06-09,50770,54.3,34450,16320,17.45,P080,650,53,2024-08-13,bag 100g,1449.5,Closed by cutoff,2024-08
B02869,P080,Candy,Sold Out,61,61.0,0.0,0.0,2024-10-26,61000,65.24,45750,15250,16.31,P080,750,61,2024-09-17,bag 100g,0.0,Closed by cutoff,2024-09
B02870,P080,Candy,Partial Loss,54,52.43,1.57,2.9,2025-08-13,52430,56.07,35100,17330,18.53,P080,650,54,2024-10-17,bag 100g,1020.5,After cutoff,2024-10
B02871,P080,Candy,Partial Loss,57,55.86,1.14,2.0,2025-09-14,55860,59.74,37050,18810,20.12,P080,650,57,2024-11-18,bag 100g,740.9999999999999,After cutoff,2024-11
B02872,P080,Candy,Sold Out,65,65.0,0.0,0.0,2025-01-24,65000,69.52,42250,22750,24.33,P080,650,65,2024-12-25,bag 100g,0.0,Closed by cutoff,2024-12
B02873,P080,Candy,Sold Out,50,50.0,0.0,0.0,2025-03-04,50000,53.48,37500,12500,13.37,P080,750,50,2025-01-29,bag 100g,0.0,Closed by cutoff,2025-01
B02874,P080,Candy,Partial Loss,48,47.66,0.34,0.7,2025-12-27,47660,50.97,31200,16460,17.6,P080,650,48,2025-03-02,bag 100g,221.00000000000003,After cutoff,2025-03
B02875,P080,Candy,Sold Out,59,59.0,0.0,0.0,2025-04-26,59000,63.1,38350,20650,22.09,P080,650,59,2025-04-06,bag 100g,0.0,Closed by cutoff,2025-04
B02876,P080,Candy,Sold Out,54,54.0,0.0,0.0,2025-05-20,54000,57.75,35100,18900,20.21,P080,650,54,2025-05-01,bag 100g,0.0,Closed by cutoff,2025-05
B02877,P080,Candy,Sold Out,55,55.0,0.0,0.0,2025-07-05,55000,58.82,35750,19250,20.59,P080,650,55,2025-06-02,bag 100g,0.0,After cutoff,2025-06
B02878,P081,Candy,Sold Out,56,56.0,0.0,0.0,2023-08-04,28000,29.95,19600,8400,8.98,P081,350,56,2023-07-12,bag 50g,0.0,Closed by cutoff,2023-07
B02879,P081,Candy,Sold Out,51,51.0,0.0,0.0,2023-09-30,25500,27.27,17850,7650,8.18,P081,350,51,2023-08-22,bag 50g,0.0,Closed by cutoff,2023-08
B02880,P081,Candy,Sold Out,60,60.0,0.0,0.0,2023-10-30,30000,32.09,21000,9000,9.63,P081,350,60,2023-09-28,bag 50g,0.0,Closed by cutoff,2023-09
B02881,P081,Candy,Sold Out,46,46.0,0.0,0.0,2023-12-21,23000,24.6,16100,6900,7.38,P081,350,46,2023-11-05,bag 50g,0.0,Closed by cutoff,2023-11
B02882,P081,Candy,Partial Loss,59,57.17,1.83,3.1,2024-09-30,28585,30.57,20650,7935,8.49,P081,350,59,2023-12-05,bag 50g,640.5,Closed by cutoff,2023-12
B02883,P081,Candy,Sold Out,52,52.0,0.0,0.0,2024-01-29,26000,27.81,18200,7800,8.34,P081,350,52,2024-01-01,bag 50g,0.0,Closed by cutoff,2024-01
B02884,P081,Candy,Partial Loss,44,42.42,1.58,3.6,2024-12-02,21210,22.68,15400,5810,6.21,P081,350,44,2024-02-06,bag 50g,553.0,Closed by cutoff,2024-02
B02885,P081,Candy,Sold Out,56,56.0,0.0,0.0,2024-04-19,28000,29.95,19600,8400,8.98,P081,350,56,2024-03-13,bag 50g,0.0,Closed by cutoff,2024-03
B02886,P081,Candy,Sold Out,49,49.0,0.0,0.0,2024-05-04,24500,26.2,17150,7350,7.86,P081,350,49,2024-04-21,bag 50g,0.0,Closed by cutoff,2024-04
B02887,P081,Candy,Sold Out,44,44.0,0.0,0.0,2024-06-25,22000,23.53,15400,6600,7.06,P081,350,44,2024-05-27,bag 50g,0.0,Closed by cutoff,2024-05
B02888,P081,Candy,Sold Out,46,46.0,0.0,0.0,2024-07-23,23000,24.6,16100,6900,7.38,P081,350,46,2024-06-25,bag 50g,0.0,Closed by cutoff,2024-06
B02889,P081,Candy,Sold Out,46,46.0,0.0,0.0,2024-08-29,23000,24.6,16100,6900,7.38,P081,350,46,2024-07-27,bag 50g,0.0,Closed by cutoff,2024-07
B02890,P081,Candy,Sold Out,50,50.0,0.0,0.0,2024-09-19,25000,26.74,17500,7500,8.02,P081,350,50,2024-08-26,bag 50g,0.0,Closed by cutoff,2024-08
B02891,P081,Candy,Partial Loss,69,66.24,2.76,4.0,2025-07-14,33120,35.42,24150,8970,9.59,P081,350,69,2024-09-17,bag 50g,965.9999999999999,After cutoff,2024-09
B02892,P081,Candy,Sold Out,48,48.0,0.0,0.0,2024-11-14,24000,25.67,16800,7200,7.7,P081,350,48,2024-10-12,bag 50g,0.0,Closed by cutoff,2024-10
B02893,P081,Candy,Sold Out,57,57.0,0.0,0.0,2024-11-25,28500,30.48,19950,8550,9.14,P081,350,57,2024-11-12,bag 50g,0.0,Closed by cutoff,2024-11
B02894,P081,Candy,Sold Out,68,68.0,0.0,0.0,2024-12-27,34000,36.36,23800,10200,10.91,P081,350,68,2024-12-19,bag 50g,0.0,Closed by cutoff,2024-12
B02895,P081,Candy,Partial Loss,47,44.74,2.26,4.8,2025-11-15,22370,23.93,16450,5920,6.33,P081,350,47,2025-01-19,bag 50g,790.9999999999999,After cutoff,2025-01
B02896,P081,Candy,Sold Out,59,59.0,0.0,0.0,2025-04-14,29500,31.55,20650,8850,9.47,P081,350,59,2025-02-28,bag 50g,0.0,Closed by cutoff,2025-02
B02897,P081,Candy,Sold Out,58,58.0,0.0,0.0,2025-04-22,29000,31.02,20300,8700,9.3,P081,350,58,2025-04-03,bag 50g,0.0,Closed by cutoff,2025-04
B02898,P081,Candy,Partial Loss,59,55.75,3.25,5.5,2026-03-05,27875,29.81,20650,7225,7.73,P081,350,59,2025-05-09,bag 50g,1137.5,After cutoff,2025-05
B02899,P081,Candy,Sold Out,61,61.0,0.0,0.0,2025-07-21,30500,32.62,21350,9150,9.79,P081,350,61,2025-06-23,bag 50g,0.0,After cutoff,2025-06
B02900,P082,Candy,Sold Out,46,46.0,0.0,0.0,2023-09-04,46000,49.2,32200,13800,14.76,P082,700,46,2023-07-28,bag 100g,0.0,Closed by cutoff,2023-07
B02901,P082,Candy,Sold Out,61,61.0,0.0,0.0,2023-09-24,61000,65.24,42700,18300,19.57,P082,700,61,2023-09-03,bag 100g,0.0,Closed by cutoff,2023-09
B02902,P082,Candy,Partial Loss,51,49.47,1.53,3.0,2024-07-29,49470,52.91,35700,13770,14.73,P082,700,51,2023-10-03,bag 100g,1071.0,Closed by cutoff,2023-10
B02903,P082,Candy,Sold Out,43,43.0,0.0,0.0,2023-11-28,43000,45.99,30100,12900,13.8,P082,700,43,2023-10-29,bag 100g,0.0,Closed by cutoff,2023-10
B02904,P082,Candy,Sold Out,55,55.0,0.0,0.0,2023-12-18,55000,58.82,38500,16500,17.65,P082,700,55,2023-11-29,bag 100g,0.0,Closed by cutoff,2023-11
B02905,P082,Candy,Partial Loss,48,46.42,1.58,3.3,2024-11-02,46420,49.65,33600,12820,13.71,P082,700,48,2024-01-07,bag 100g,1106.0,Closed by cutoff,2024-01
B02906,P082,Candy,Sold Out,46,46.0,0.0,0.0,2024-03-12,46000,49.2,32200,13800,14.76,P082,700,46,2024-02-06,bag 100g,0.0,Closed by cutoff,2024-02
B02907,P082,Candy,Partial Loss,47,45.5,1.5,3.2,2025-01-04,45500,48.66,32900,12600,13.48,P082,700,47,2024-03-10,bag 100g,1050.0,Closed by cutoff,2024-03
B02908,P082,Candy,Partial Loss,56,55.1,0.9,1.6,2025-01-27,55100,58.93,39200,15900,17.01,P082,700,56,2024-04-02,bag 100g,630.0,Closed by cutoff,2024-04
B02909,P082,Candy,Partial Loss,45,43.7,1.31,2.9,2025-03-09,43700,46.74,31500,12200,13.05,P082,700,45,2024-05-13,bag 100g,917.0,Closed by cutoff,2024-05
B02910,P082,Candy,Partial Loss,50,49.3,0.7,1.4,2025-04-15,49300,52.73,35000,14300,15.29,P082,700,50,2024-06-19,bag 100g,489.99999999999994,Closed by cutoff,2024-06
B02911,P082,Candy,Sold Out,56,56.0,0.0,0.0,2024-08-21,56000,59.89,39200,16800,17.97,P082,700,56,2024-07-14,bag 100g,0.0,Closed by cutoff,2024-07
B02912,P082,Candy,Sold Out,53,53.0,0.0,0.0,2024-10-04,53000,56.68,37100,15900,17.01,P082,700,53,2024-08-24,bag 100g,0.0,Closed by cutoff,2024-08
B02913,P082,Candy,Sold Out,62,62.0,0.0,0.0,2024-10-23,62000,66.31,43400,18600,19.89,P082,700,62,2024-09-24,bag 100g,0.0,Closed by cutoff,2024-09
B02914,P082,Candy,Sold Out,52,52.0,0.0,0.0,2024-11-16,52000,55.61,36400,15600,16.68,P082,700,52,2024-10-29,bag 100g,0.0,Closed by cutoff,2024-10
B02915,P082,Candy,Sold Out,72,72.0,0.0,0.0,2024-12-27,72000,77.01,50400,21600,23.1,P082,700,72,2024-12-02,bag 100g,0.0,Closed by cutoff,2024-12
B02916,P082,Candy,Sold Out,56,56.0,0.0,0.0,2025-01-21,56000,59.89,39200,16800,17.97,P082,700,56,2025-01-03,bag 100g,0.0,Closed by cutoff,2025-01
B02917,P082,Candy,Partial Loss,62,57.85,4.15,6.7,2025-11-29,57850,61.87,43400,14450,15.45,P082,700,62,2025-02-02,bag 100g,2905.0000000000005,After cutoff,2025-02
B02918,P082,Candy,Sold Out,52,52.0,0.0,0.0,2025-04-19,52000,55.61,36400,15600,16.68,P082,700,52,2025-03-12,bag 100g,0.0,Closed by cutoff,2025-03
B02919,P082,Candy,Partial Loss,46,44.67,1.33,2.9,2026-02-19,44670,47.78,32200,12470,13.34,P082,700,46,2025-04-25,bag 100g,931.0,After cutoff,2025-04
B02920,P082,Candy,Sold Out,52,52.0,0.0,0.0,2025-06-30,52000,55.61,36400,15600,16.68,P082,700,52,2025-05-26,bag 100g,0.0,Closed by cutoff,2025-05
B02921,P083,Candy,Sold Out,46,46.0,0.0,0.0,2023-08-16,23000,24.6,16100,6900,7.38,P083,350,46,2023-07-20,bag 50g,0.0,Closed by cutoff,2023-07
B02922,P083,Candy,Sold Out,56,56.0,0.0,0.0,2023-09-17,28000,29.95,19600,8400,8.98,P083,350,56,2023-08-21,bag 50g,0.0,Closed by cutoff,2023-08
B02923,P083,Candy,Sold Out,57,57.0,0.0,0.0,2023-11-01,28500,30.48,19950,8550,9.14,P083,350,57,2023-09-28,bag 50g,0.0,Closed by cutoff,2023-09
B02924,P083,Candy,Sold Out,55,55.0,0.0,0.0,2023-11-25,27500,29.41,19250,8250,8.82,P083,350,55,2023-10-22,bag 50g,0.0,Closed by cutoff,2023-10
B02925,P083,Candy,Sold Out,47,47.0,0.0,0.0,2023-12-24,23500,25.13,16450,7050,7.54,P083,350,47,2023-11-30,bag 50g,0.0,Closed by cutoff,2023-11
B02926,P083,Candy,Partial Loss,55,53.24,1.76,3.2,2024-11-03,26620,28.47,19250,7370,7.88,P083,350,55,2024-01-08,bag 50g,616.0,Closed by cutoff,2024-01
B02927,P083,Candy,Partial Loss,49,47.73,1.27,2.6,2024-12-10,23865,25.52,17150,6715,7.18,P083,350,49,2024-02-14,bag 50g,444.5,Closed by cutoff,2024-02
B02928,P083,Candy,Sold Out,53,53.0,0.0,0.0,2024-04-25,26500,28.34,18550,7950,8.5,P083,350,53,2024-03-29,bag 50g,0.0,Closed by cutoff,2024-03
B02929,P083,Candy,Sold Out,46,46.0,0.0,0.0,2025-02-18,23000,24.6,16100,6900,7.38,P083,350,46,2024-04-24,bag 50g,0.0,Closed by cutoff,2024-04
B02930,P083,Candy,Sold Out,51,51.0,0.0,0.0,2024-07-11,25500,27.27,17850,7650,8.18,P083,350,51,2024-06-04,bag 50g,0.0,Closed by cutoff,2024-06
B02931,P083,Candy,Sold Out,48,48.0,0.0,0.0,2024-07-30,24000,25.67,16800,7200,7.7,P083,350,48,2024-07-09,bag 50g,0.0,Closed by cutoff,2024-07
B02932,P083,Candy,Partial Loss,57,54.43,2.56,4.5,2025-06-02,27215,29.11,19950,7265,7.77,P083,350,57,2024-08-06,bag 50g,896.0,Closed by cutoff,2024-08
B02933,P083,Candy,Sold Out,61,61.0,0.0,0.0,2024-10-01,30500,32.62,21350,9150,9.79,P083,350,61,2024-09-09,bag 50g,0.0,Closed by cutoff,2024-09
B02934,P083,Candy,Sold Out,49,49.0,0.0,0.0,2024-11-11,24500,26.2,17150,7350,7.86,P083,350,49,2024-10-10,bag 50g,0.0,Closed by cutoff,2024-10
B02935,P083,Candy,Partial Loss,50,48.95,1.05,2.1,2025-09-12,24475,26.18,17500,6975,7.46,P083,350,50,2024-11-16,bag 50g,367.5,After cutoff,2024-11
B02936,P083,Candy,Partial Loss,47,45.78,1.22,2.6,2025-11-02,22890,24.48,16450,6440,6.89,P083,350,47,2025-01-06,bag 50g,427.0,After cutoff,2025-01
B02937,P083,Candy,Sold Out,53,53.0,0.0,0.0,2025-02-26,26500,28.34,18550,7950,8.5,P083,350,53,2025-02-07,bag 50g,0.0,Closed by cutoff,2025-02
B02938,P083,Candy,Partial Loss,51,49.21,1.79,3.5,2026-01-11,24605,26.32,17850,6755,7.22,P083,350,51,2025-03-17,bag 50g,626.5,After cutoff,2025-03
B02939,P083,Candy,Sold Out,62,62.0,0.0,0.0,2025-05-12,31000,33.16,21700,9300,9.95,P083,350,62,2025-04-16,bag 50g,0.0,Closed by cutoff,2025-04
B02940,P083,Candy,Partial Loss,48,46.03,1.97,4.1,2026-03-15,23015,24.61,16800,6215,6.65,P083,350,48,2025-05-19,bag 50g,689.5,After cutoff,2025-05
B02941,P083,Candy,Sold Out,59,59.0,0.0,0.0,2025-07-28,29500,31.55,20650,8850,9.47,P083,350,59,2025-06-16,bag 50g,0.0,After cutoff,2025-06
B02942,P084,Candy,Sold Out,78,78.0,0.0,0.0,2023-07-31,78000,83.42,54600,23400,25.03,P084,700,78,2023-07-01,bag 100g,0.0,Closed by cutoff,2023-07
B02943,P084,Candy,Partial Loss,73,71.25,1.75,2.4,2024-05-24,71250,76.2,51100,20150,21.55,P084,700,73,2023-07-29,bag 100g,1225.0,Closed by cutoff,2023-07
B02944,P084,Candy,Sold Out,106,106.0,0.0,0.0,2023-10-14,106000,113.37,74200,31800,34.01,P084,700,106,2023-09-03,bag 100g,0.0,Closed by cutoff,2023-09
B02945,P084,Candy,Partial Loss,32,29.79,2.21,6.9,2024-07-28,29790,31.86,22400,7390,7.9,P084,700,32,2023-10-02,bag 100g,1547.0,Closed by cutoff,2023-10
B02946,P084,Candy,Partial Loss,26,24.6,1.4,5.4,2024-08-28,24600,26.31,18200,6400,6.84,P084,700,26,2023-11-02,bag 100g,979.9999999999999,Closed by cutoff,2023-11
B02947,P084,Candy,Partial Loss,33,32.11,0.89,2.7,2024-10-01,32110,34.34,23100,9010,9.64,P084,700,33,2023-12-06,bag 100g,623.0,Closed by cutoff,2023-12
B02948,P084,Candy,Sold Out,34,34.0,0.0,0.0,2024-02-09,34000,36.36,23800,10200,10.91,P084,700,34,2024-01-08,bag 100g,0.0,Closed by cutoff,2024-01
B02949,P084,Candy,Partial Loss,26,24.8,1.2,4.6,2024-12-17,24800,26.52,18200,6600,7.06,P084,700,26,2024-02-21,bag 100g,840.0,Closed by cutoff,2024-02
B02950,P084,Candy,Partial Loss,28,26.6,1.4,5.0,2025-01-16,26600,28.45,19600,7000,7.49,P084,700,28,2024-03-22,bag 100g,979.9999999999999,Closed by cutoff,2024-03
B02951,P084,Candy,Sold Out,73,73.0,0.0,0.0,2024-05-27,73000,78.07,51100,21900,23.42,P084,700,73,2024-04-21,bag 100g,0.0,Closed by cutoff,2024-04
B02952,P084,Candy,Partial Loss,86,83.16,2.84,3.3,2025-03-22,83160,88.94,60200,22960,24.56,P084,700,86,2024-05-26,bag 100g,1988.0,Closed by cutoff,2024-05
B02953,P084,Candy,Partial Loss,70,67.83,2.17,3.1,2025-04-18,67830,72.55,49000,18830,20.14,P084,700,70,2024-06-22,bag 100g,1519.0,Closed by cutoff,2024-06
B02954,P084,Candy,Sold Out,70,70.0,0.0,0.0,2024-08-29,70000,74.87,49000,21000,22.46,P084,700,70,2024-07-31,bag 100g,0.0,Closed by cutoff,2024-07
B02955,P084,Candy,Partial Loss,98,95.26,2.74,2.8,2025-07-05,95260,101.88,68600,26660,28.51,P084,700,98,2024-09-08,bag 100g,1918.0000000000002,After cutoff,2024-09
B02956,P084,Candy,Partial Loss,33,31.71,1.29,3.9,2025-08-09,31710,33.91,23100,8610,9.21,P084,700,33,2024-10-13,bag 100g,903.0,After cutoff,2024-10
B02957,P084,Candy,Partial Loss,33,30.86,2.15,6.5,2025-09-18,30860,33.01,23100,7760,8.3,P084,700,33,2024-11-22,bag 100g,1505.0,After cutoff,2024-11
B02958,P084,Candy,Sold Out,44,44.0,0.0,0.0,2025-01-10,44000,47.06,30800,13200,14.12,P084,700,44,2024-12-20,bag 100g,0.0,Closed by cutoff,2024-12
B02959,P084,Candy,Sold Out,29,29.0,0.0,0.0,2025-02-05,29000,31.02,20300,8700,9.3,P084,700,29,2025-01-23,bag 100g,0.0,Closed by cutoff,2025-01
B02960,P084,Candy,Partial Loss,32,29.79,2.21,6.9,2025-12-18,29790,31.86,22400,7390,7.9,P084,700,32,2025-02-21,bag 100g,1547.0,After cutoff,2025-02
B02961,P084,Candy,Partial Loss,35,33.63,1.36,3.9,2026-01-18,33630,35.97,24500,9130,9.76,P084,700,35,2025-03-24,bag 100g,952.0000000000001,After cutoff,2025-03
B02962,P084,Candy,Partial Loss,91,88.72,2.27,2.5,2026-02-26,88720,94.89,63700,25020,26.76,P084,700,91,2025-05-02,bag 100g,1589.0,After cutoff,2025-05
B02963,P084,Candy,Sold Out,96,96.0,0.0,0.0,2025-06-11,96000,102.67,67200,28800,30.8,P084,700,96,2025-05-23,bag 100g,0.0,Closed by cutoff,2025-05
B02964,P085,Candy,Partial Loss,81,77.03,3.97,4.9,2024-05-03,77030,82.39,56700,20330,21.74,P085,700,81,2023-07-08,bag 100g,2779.0,Closed by cutoff,2023-07
B02965,P085,Candy,Sold Out,83,83.0,0.0,0.0,2023-08-27,83000,88.77,58100,24900,26.63,P085,700,83,2023-08-14,bag 100g,0.0,Closed by cutoff,2023-08
B02966,P085,Candy,Sold Out,88,88.0,0.0,0.0,2023-10-06,88000,94.12,61600,26400,28.24,P085,700,88,2023-09-24,bag 100g,0.0,Closed by cutoff,2023-09
B02967,P085,Candy,Partial Loss,31,29.85,1.15,3.7,2024-08-26,29850,31.93,21700,8150,8.72,P085,700,31,2023-10-31,bag 100g,804.9999999999999,Closed by cutoff,2023-10
B02968,P085,Candy,Sold Out,32,32.0,0.0,0.0,2024-01-05,32000,34.22,22400,9600,10.27,P085,700,32,2023-11-30,bag 100g,0.0,Closed by cutoff,2023-11
B02969,P085,Candy,Partial Loss,31,30.07,0.93,3.0,2024-10-30,30070,32.16,21700,8370,8.95,P085,700,31,2024-01-04,bag 100g,651.0,Closed by cutoff,2024-01
B02970,P085,Candy,Partial Loss,28,26.26,1.74,6.2,2024-12-01,26260,28.09,19600,6660,7.12,P085,700,28,2024-02-05,bag 100g,1218.0,Closed by cutoff,2024-02
B02971,P085,Candy,Sold Out,26,26.0,0.0,0.0,2024-04-09,26000,27.81,18200,7800,8.34,P085,700,26,2024-03-10,bag 100g,0.0,Closed by cutoff,2024-03
B02972,P085,Candy,Sold Out,82,82.0,0.0,0.0,2024-04-23,82000,87.7,57400,24600,26.31,P085,700,82,2024-04-08,bag 100g,0.0,Closed by cutoff,2024-04
B02973,P085,Candy,Partial Loss,82,78.47,3.53,4.3,2025-03-09,78470,83.93,57400,21070,22.53,P085,700,82,2024-05-13,bag 100g,2471.0,Closed by cutoff,2024-05
B02974,P085,Candy,Sold Out,72,72.0,0.0,0.0,2024-07-29,72000,77.01,50400,21600,23.1,P085,700,72,2024-06-23,bag 100g,0.0,Closed by cutoff,2024-06
B02975,P085,Candy,Sold Out,89,89.0,0.0,0.0,2024-08-25,89000,95.19,62300,26700,28.56,P085,700,89,2024-07-26,bag 100g,0.0,Closed by cutoff,2024-07
B02976,P085,Candy,Sold Out,71,71.0,0.0,0.0,2024-09-18,71000,75.94,49700,21300,22.78,P085,700,71,2024-08-20,bag 100g,0.0,Closed by cutoff,2024-08
B02977,P085,Candy,Partial Loss,98,97.12,0.88,0.9,2025-07-18,97120,103.87,68600,28520,30.5,P085,700,98,2024-09-21,bag 100g,616.0,After cutoff,2024-09
B02978,P085,Candy,Partial Loss,31,30.1,0.9,2.9,2025-08-23,30100,32.19,21700,8400,8.98,P085,700,31,2024-10-27,bag 100g,630.0,After cutoff,2024-10
B02979,P085,Candy,Sold Out,36,36.0,0.0,0.0,2025-01-06,36000,38.5,25200,10800,11.55,P085,700,36,2024-12-02,bag 100g,0.0,Closed by cutoff,2024-12
B02980,P085,Candy,Partial Loss,33,32.08,0.92,2.8,2025-11-05,32080,34.31,23100,8980,9.6,P085,700,33,2025-01-09,bag 100g,644.0,After cutoff,2025-01
B02981,P085,Candy,Partial Loss,29,27.61,1.39,4.8,2025-12-08,27610,29.53,20300,7310,7.82,P085,700,29,2025-02-11,bag 100g,972.9999999999999,After cutoff,2025-02
B02982,P085,Candy,Partial Loss,30,28.32,1.68,5.6,2026-01-15,28320,30.29,21000,7320,7.83,P085,700,30,2025-03-21,bag 100g,1176.0,After cutoff,2025-03
B02983,P085,Candy,Sold Out,75,75.0,0.0,0.0,2025-05-07,75000,80.21,52500,22500,24.06,P085,700,75,2025-04-17,bag 100g,0.0,Closed by cutoff,2025-04
B02984,P085,Candy,Sold Out,78,78.0,0.0,0.0,2025-07-09,78000,83.42,54600,23400,25.03,P085,700,78,2025-06-01,bag 100g,0.0,After cutoff,2025-06
B02985,P086,Candy,Partial Loss,53,51.94,1.06,2.0,2024-05-13,51940,55.55,34450,17490,18.71,P086,650,53,2023-07-18,bag 100g,689.0,Closed by cutoff,2023-07
B02986,P086,Candy,Partial Loss,56,54.43,1.57,2.8,2024-06-23,54430,58.21,36400,18030,19.28,P086,650,56,2023-08-28,bag 100g,1020.5,Closed by cutoff,2023-08
B02987,P086,Candy,Partial Loss,45,43.02,1.98,4.4,2024-08-02,43020,46.01,29250,13770,14.73,P086,650,45,2023-10-07,bag 100g,1287.0,Closed by cutoff,2023-10
B02988,P086,Candy,Sold Out,55,55.0,0.0,0.0,2023-12-09,55000,58.82,35750,19250,20.59,P086,650,55,2023-11-09,bag 100g,0.0,Closed by cutoff,2023-11
B02989,P086,Candy,Sold Out,59,59.0,0.0,0.0,2024-01-11,59000,63.1,38350,20650,22.09,P086,650,59,2023-12-09,bag 100g,0.0,Closed by cutoff,2023-12
B02990,P086,Candy,Partial Loss,51,49.52,1.48,2.9,2024-11-16,49520,52.96,33150,16370,17.51,P086,650,51,2024-01-21,bag 100g,962.0,Closed by cutoff,2024-01
B02991,P086,Candy,Partial Loss,54,51.41,2.59,4.8,2024-12-24,51410,54.98,35100,16310,17.44,P086,650,54,2024-02-28,bag 100g,1683.5,Closed by cutoff,2024-02
B02992,P086,Candy,Sold Out,56,56.0,0.0,0.0,2024-04-11,56000,59.89,39200,16800,17.97,P086,700,56,2024-03-30,bag 100g,0.0,Closed by cutoff,2024-03
B02993,P086,Candy,Sold Out,55,55.0,0.0,0.0,2024-06-10,55000,58.82,35750,19250,20.59,P086,650,55,2024-05-01,bag 100g,0.0,Closed by cutoff,2024-05
B02994,P086,Candy,Sold Out,49,49.0,0.0,0.0,2024-06-04,49000,52.41,34300,14700,15.72,P086,700,49,2024-05-24,bag 100g,0.0,Closed by cutoff,2024-05
B02995,P086,Candy,Sold Out,52,52.0,0.0,0.0,2024-08-09,52000,55.61,33800,18200,19.47,P086,650,52,2024-07-03,bag 100g,0.0,Closed by cutoff,2024-07
B02996,P086,Candy,Sold Out,49,49.0,0.0,0.0,2024-09-16,49000,52.41,34300,14700,15.72,P086,700,49,2024-08-12,bag 100g,0.0,Closed by cutoff,2024-08
B02997,P086,Candy,Partial Loss,59,57.58,1.42,2.4,2025-07-06,57580,61.58,38350,19230,20.57,P086,650,59,2024-09-09,bag 100g,923.0,After cutoff,2024-09
B02998,P086,Candy,Sold Out,48,48.0,0.0,0.0,2024-11-09,48000,51.34,31200,16800,17.97,P086,650,48,2024-10-15,bag 100g,0.0,Closed by cutoff,2024-10
B02999,P086,Candy,Sold Out,51,51.0,0.0,0.0,2024-12-18,51000,54.55,33150,17850,19.09,P086,650,51,2024-11-22,bag 100g,0.0,Closed by cutoff,2024-11
B03000,P086,Candy,Sold Out,57,57.0,0.0,0.0,2025-01-15,57000,60.96,37050,19950,21.34,P086,650,57,2024-12-24,bag 100g,0.0,Closed by cutoff,2024-12
B03001,P086,Candy,Partial Loss,48,46.27,1.73,3.6,2025-11-22,46270,49.49,31200,15070,16.12,P086,650,48,2025-01-26,bag 100g,1124.5,After cutoff,2025-01
B03002,P086,Candy,Sold Out,47,47.0,0.0,0.0,2025-04-25,47000,50.27,30550,16450,17.59,P086,650,47,2025-03-13,bag 100g,0.0,Closed by cutoff,2025-03
B03003,P086,Candy,Partial Loss,54,52.22,1.78,3.3,2026-02-11,52220,55.85,37800,14420,15.42,P086,700,54,2025-04-17,bag 100g,1246.0,After cutoff,2025-04
B03004,P086,Candy,Partial Loss,48,46.94,1.06,2.2,2026-03-16,46940,50.2,31200,15740,16.83,P086,650,48,2025-05-20,bag 100g,689.0,After cutoff,2025-05
B03005,P086,Candy,Partial Loss,61,57.58,3.42,5.6,2026-04-18,57580,61.58,39650,17930,19.18,P086,650,61,2025-06-22,bag 100g,2223.0,After cutoff,2025-06
B03006,P087,Candy,Sold Out,54,54.0,0.0,0.0,2023-08-10,27000,28.88,18900,8100,8.66,P087,350,54,2023-07-15,bag 50g,0.0,Closed by cutoff,2023-07
B03007,P087,Candy,Partial Loss,53,51.52,1.48,2.8,2024-06-19,25760,27.55,18550,7210,7.71,P087,350,53,2023-08-24,bag 50g,518.0,Closed by cutoff,2023-08
B03008,P087,Candy,Partial Loss,56,52.92,3.08,5.5,2024-07-29,26460,28.3,19600,6860,7.34,P087,350,56,2023-10-03,bag 50g,1078.0,Closed by cutoff,2023-10
B03009,P087,Candy,Sold Out,49,49.0,0.0,0.0,2023-12-11,24500,26.2,17150,7350,7.86,P087,350,49,2023-11-03,bag 50g,0.0,Closed by cutoff,2023-11
B03010,P087,Candy,Sold Out,61,61.0,0.0,0.0,2023-12-21,30500,32.62,21350,9150,9.79,P087,350,61,2023-12-05,bag 50g,0.0,Closed by cutoff,2023-12
B03011,P087,Candy,Sold Out,45,45.0,0.0,0.0,2024-01-25,22500,24.06,15750,6750,7.22,P087,350,45,2024-01-02,bag 50g,0.0,Closed by cutoff,2024-01
B03012,P087,Candy,Partial Loss,48,46.03,1.97,4.1,2024-11-21,23015,24.61,16800,6215,6.65,P087,350,48,2024-01-26,bag 50g,689.5,Closed by cutoff,2024-01
B03013,P087,Candy,Sold Out,52,52.0,0.0,0.0,2024-03-30,26000,27.81,18200,7800,8.34,P087,350,52,2024-03-05,bag 50g,0.0,Closed by cutoff,2024-03
B03014,P087,Candy,Sold Out,45,45.0,0.0,0.0,2024-04-28,22500,24.06,15750,6750,7.22,P087,350,45,2024-04-08,bag 50g,0.0,Closed by cutoff,2024-04
B03015,P087,Candy,Sold Out,49,49.0,0.0,0.0,2024-06-24,24500,26.2,17150,7350,7.86,P087,350,49,2024-05-11,bag 50g,0.0,Closed by cutoff,2024-05
B03016,P087,Candy,Partial Loss,57,56.71,0.29,0.5,2025-04-20,28355,30.33,19950,8405,8.99,P087,350,57,2024-06-24,bag 50g,101.5,Closed by cutoff,2024-06
B03017,P087,Candy,Sold Out,45,45.0,0.0,0.0,2024-09-04,22500,24.06,15750,6750,7.22,P087,350,45,2024-07-29,bag 50g,0.0,Closed by cutoff,2024-07
B03018,P087,Candy,Sold Out,68,68.0,0.0,0.0,2024-10-03,34000,36.36,23800,10200,10.91,P087,350,68,2024-09-13,bag 50g,0.0,Closed by cutoff,2024-09
B03019,P087,Candy,Sold Out,52,52.0,0.0,0.0,2024-11-11,26000,27.81,18200,7800,8.34,P087,350,52,2024-10-10,bag 50g,0.0,Closed by cutoff,2024-10
B03020,P087,Candy,Sold Out,50,50.0,0.0,0.0,2024-12-18,25000,26.74,17500,7500,8.02,P087,350,50,2024-11-08,bag 50g,0.0,Closed by cutoff,2024-11
B03021,P087,Candy,Sold Out,56,56.0,0.0,0.0,2025-01-16,28000,29.95,19600,8400,8.98,P087,350,56,2024-12-17,bag 50g,0.0,Closed by cutoff,2024-12
B03022,P087,Candy,Partial Loss,50,48.5,1.5,3.0,2025-11-10,24250,25.94,17500,6750,7.22,P087,350,50,2025-01-14,bag 50g,525.0,After cutoff,2025-01
B03023,P087,Candy,Partial Loss,57,54.95,2.05,3.6,2025-12-19,27475,29.39,19950,7525,8.05,P087,350,57,2025-02-22,bag 50g,717.4999999999999,After cutoff,2025-02
B03024,P087,Candy,Sold Out,58,58.0,0.0,0.0,2025-05-08,29000,31.02,20300,8700,9.3,P087,350,58,2025-04-03,bag 50g,0.0,Closed by cutoff,2025-04
B03025,P087,Candy,Sold Out,53,53.0,0.0,0.0,2025-06-04,26500,28.34,18550,7950,8.5,P087,350,53,2025-05-04,bag 50g,0.0,Closed by cutoff,2025-05
B03026,P087,Candy,Partial Loss,55,53.9,1.1,2.0,2026-03-29,26950,28.82,19250,7700,8.24,P087,350,55,2025-06-02,bag 50g,385.00000000000006,After cutoff,2025-06
B03027,P088,Candy,Sold Out,54,54.0,0.0,0.0,2023-07-30,54000,57.75,40500,13500,14.44,P088,750,54,2023-07-11,bag 100g,0.0,Closed by cutoff,2023-07
B03028,P088,Candy,Sold Out,44,44.0,0.0,0.0,2023-09-11,44000,47.06,28600,15400,16.47,P088,650,44,2023-08-14,bag 100g,0.0,Closed by cutoff,2023-08
B03029,P088,Candy,Sold Out,53,53.0,0.0,0.0,2023-11-02,53000,56.68,34450,18550,19.84,P088,650,53,2023-09-19,bag 100g,0.0,Closed by cutoff,2023-09
B03030,P088,Candy,Sold Out,54,54.0,0.0,0.0,2023-11-19,54000,57.75,35100,18900,20.21,P088,650,54,2023-10-28,bag 100g,0.0,Closed by cutoff,2023-10
B03031,P088,Candy,Sold Out,52,52.0,0.0,0.0,2023-12-19,52000,55.61,33800,18200,19.47,P088,650,52,2023-11-27,bag 100g,0.0,Closed by cutoff,2023-11
B03032,P088,Candy,Partial Loss,55,54.12,0.88,1.6,2024-10-28,54120,57.88,41250,12870,13.76,P088,750,55,2024-01-02,bag 100g,660.0,Closed by cutoff,2024-01
B03033,P088,Candy,Partial Loss,48,46.66,1.34,2.8,2024-12-04,46660,49.9,31200,15460,16.53,P088,650,48,2024-02-08,bag 100g,871.0,Closed by cutoff,2024-02
B03034,P088,Candy,Partial Loss,54,52.76,1.24,2.3,2025-01-03,52760,56.43,40500,12260,13.11,P088,750,54,2024-03-09,bag 100g,930.0,Closed by cutoff,2024-03
B03035,P088,Candy,Sold Out,57,57.0,0.0,0.0,2024-05-29,57000,60.96,37050,19950,21.34,P088,650,57,2024-04-19,bag 100g,0.0,Closed by cutoff,2024-04
B03036,P088,Candy,Sold Out,52,52.0,0.0,0.0,2024-05-28,52000,55.61,33800,18200,19.47,P088,650,52,2024-05-16,bag 100g,0.0,Closed by cutoff,2024-05
B03037,P088,Candy,Partial Loss,51,49.37,1.63,3.2,2025-04-10,49370,52.8,33150,16220,17.35,P088,650,51,2024-06-14,bag 100g,1059.5,Closed by cutoff,2024-06
B03038,P088,Candy,Partial Loss,48,47.23,0.77,1.6,2025-05-19,47230,50.51,31200,16030,17.14,P088,650,48,2024-07-23,bag 100g,500.5,Closed by cutoff,2024-07
B03039,P088,Candy,Partial Loss,51,49.37,1.63,3.2,2025-06-22,49370,52.8,33150,16220,17.35,P088,650,51,2024-08-26,bag 100g,1059.5,Closed by cutoff,2024-08
B03040,P088,Candy,Partial Loss,46,44.57,1.43,3.1,2025-07-29,44570,47.67,29900,14670,15.69,P088,650,46,2024-10-02,bag 100g,929.5,After cutoff,2024-10
B03041,P088,Candy,Partial Loss,44,43.34,0.66,1.5,2025-09-02,43340,46.35,28600,14740,15.76,P088,650,44,2024-11-06,bag 100g,429.0,After cutoff,2024-11
B03042,P088,Candy,Sold Out,57,57.0,0.0,0.0,2025-01-11,57000,60.96,37050,19950,21.34,P088,650,57,2024-12-09,bag 100g,0.0,Closed by cutoff,2024-12
B03043,P088,Candy,Sold Out,59,59.0,0.0,0.0,2025-02-02,59000,63.1,38350,20650,22.09,P088,650,59,2025-01-02,bag 100g,0.0,Closed by cutoff,2025-01
B03044,P088,Candy,Sold Out,51,51.0,0.0,0.0,2025-03-02,51000,54.55,33150,17850,19.09,P088,650,51,2025-02-07,bag 100g,0.0,Closed by cutoff,2025-02
B03045,P088,Candy,Sold Out,51,51.0,0.0,0.0,2025-04-11,51000,54.55,33150,17850,19.09,P088,650,51,2025-03-16,bag 100g,0.0,Closed by cutoff,2025-03
B03046,P088,Candy,Partial Loss,51,49.21,1.79,3.5,2026-02-17,49210,52.63,33150,16060,17.18,P088,650,51,2025-04-23,bag 100g,1163.5,After cutoff,2025-04
B03047,P088,Candy,Sold Out,59,59.0,0.0,0.0,2025-06-18,59000,63.1,38350,20650,22.09,P088,650,59,2025-05-15,bag 100g,0.0,Closed by cutoff,2025-05
B03048,P088,Candy,Partial Loss,61,59.6,1.4,2.3,2026-04-13,59600,63.74,45750,13850,14.81,P088,750,61,2025-06-17,bag 100g,1050.0,After cutoff,2025-06
B03049,P089,Candy,Partial Loss,51,49.47,1.53,3.0,2024-05-16,24735,26.45,17850,6885,7.36,P089,350,51,2023-07-21,bag 50g,535.5,Closed by cutoff,2023-07
B03050,P089,Candy,Partial Loss,45,44.05,0.95,2.1,2024-06-21,22025,23.56,15750,6275,6.71,P089,350,45,2023-08-26,bag 50g,332.5,Closed by cutoff,2023-08
B03051,P089,Candy,Sold Out,54,54.0,0.0,0.0,2023-10-29,27000,28.88,18900,8100,8.66,P089,350,54,2023-09-28,bag 50g,0.0,Closed by cutoff,2023-09
B03052,P089,Candy,Sold Out,43,43.0,0.0,0.0,2023-11-25,21500,22.99,15050,6450,6.9,P089,350,43,2023-11-05,bag 50g,0.0,Closed by cutoff,2023-11
B03053,P089,Candy,Sold Out,58,58.0,0.0,0.0,2024-01-08,29000,31.02,20300,8700,9.3,P089,350,58,2023-12-14,bag 50g,0.0,Closed by cutoff,2023-12
B03054,P089,Candy,Sold Out,44,44.0,0.0,0.0,2024-02-16,22000,23.53,15400,6600,7.06,P089,350,44,2024-01-14,bag 50g,0.0,Closed by cutoff,2024-01
B03055,P089,Candy,Partial Loss,43,41.97,1.03,2.4,2024-12-14,20985,22.44,15050,5935,6.35,P089,350,43,2024-02-18,bag 50g,360.5,Closed by cutoff,2024-02
B03056,P089,Candy,Partial Loss,46,44.3,1.7,3.7,2025-01-11,22150,23.69,16100,6050,6.47,P089,350,46,2024-03-17,bag 50g,595.0,Closed by cutoff,2024-03
B03057,P089,Candy,Sold Out,56,56.0,0.0,0.0,2024-05-16,28000,29.95,19600,8400,8.98,P089,350,56,2024-04-18,bag 50g,0.0,Closed by cutoff,2024-04
B03058,P089,Candy,Sold Out,55,55.0,0.0,0.0,2024-06-10,27500,29.41,19250,8250,8.82,P089,350,55,2024-05-25,bag 50g,0.0,Closed by cutoff,2024-05
B03059,P089,Candy,Sold Out,43,43.0,0.0,0.0,2024-08-03,21500,22.99,15050,6450,6.9,P089,350,43,2024-07-08,bag 50g,0.0,Closed by cutoff,2024-07
B03060,P089,Candy,Sold Out,52,52.0,0.0,0.0,2025-06-05,26000,27.81,18200,7800,8.34,P089,350,52,2024-08-09,bag 50g,0.0,Closed by cutoff,2024-08
B03061,P089,Candy,Sold Out,63,63.0,0.0,0.0,2024-10-17,31500,33.69,22050,9450,10.11,P089,350,63,2024-09-23,bag 50g,0.0,Closed by cutoff,2024-09
B03062,P089,Candy,Sold Out,54,54.0,0.0,0.0,2024-11-13,27000,28.88,18900,8100,8.66,P089,350,54,2024-10-27,bag 50g,0.0,Closed by cutoff,2024-10
B03063,P089,Candy,Sold Out,57,57.0,0.0,0.0,2025-01-01,28500,30.48,19950,8550,9.14,P089,350,57,2024-12-04,bag 50g,0.0,Closed by cutoff,2024-12
B03064,P089,Candy,Sold Out,59,59.0,0.0,0.0,2025-02-03,29500,31.55,20650,8850,9.47,P089,350,59,2025-01-03,bag 50g,0.0,Closed by cutoff,2025-01
B03065,P089,Candy,Sold Out,46,46.0,0.0,0.0,2025-03-01,23000,24.6,16100,6900,7.38,P089,350,46,2025-02-15,bag 50g,0.0,Closed by cutoff,2025-02
B03066,P089,Candy,Partial Loss,53,51.3,1.7,3.2,2026-01-13,25650,27.43,18550,7100,7.59,P089,350,53,2025-03-19,bag 50g,595.0,After cutoff,2025-03
B03067,P089,Candy,Partial Loss,57,56.26,0.74,1.3,2026-02-21,28130,30.09,19950,8180,8.75,P089,350,57,2025-04-27,bag 50g,259.0,After cutoff,2025-04
B03068,P089,Candy,Sold Out,52,52.0,0.0,0.0,2025-07-11,26000,27.81,18200,7800,8.34,P089,350,52,2025-05-30,bag 50g,0.0,After cutoff,2025-05
B03069,P090,Candy,Sold Out,56,56.0,0.0,0.0,2023-07-18,56000,59.89,36400,19600,20.96,P090,650,56,2023-07-02,bag 100g,0.0,Closed by cutoff,2023-07
B03070,P090,Candy,Partial Loss,53,51.14,1.86,3.5,2024-06-05,51140,54.7,34450,16690,17.85,P090,650,53,2023-08-10,bag 100g,1209.0,Closed by cutoff,2023-08
B03071,P090,Candy,Sold Out,55,55.0,0.0,0.0,2023-10-19,55000,58.82,35750,19250,20.59,P090,650,55,2023-09-23,bag 100g,0.0,Closed by cutoff,2023-09
B03072,P090,Candy,Sold Out,52,52.0,0.0,0.0,2023-11-28,52000,55.61,33800,18200,19.47,P090,650,52,2023-10-21,bag 100g,0.0,Closed by cutoff,2023-10
B03073,P090,Candy,Sold Out,54,54.0,0.0,0.0,2023-12-17,54000,57.75,35100,18900,20.21,P090,650,54,2023-11-22,bag 100g,0.0,Closed by cutoff,2023-11
B03074,P090,Candy,Partial Loss,57,55.35,1.65,2.9,2024-10-21,55350,59.2,37050,18300,19.57,P090,650,57,2023-12-26,bag 100g,1072.5,Closed by cutoff,2023-12
B03075,P090,Candy,Partial Loss,57,55.92,1.08,1.9,2024-11-28,55920,59.81,37050,18870,20.18,P090,650,57,2024-02-02,bag 100g,702.0,Closed by cutoff,2024-02
B03076,P090,Candy,Partial Loss,53,50.09,2.92,5.5,2025-01-04,50090,53.57,34450,15640,16.73,P090,650,53,2024-03-10,bag 100g,1898.0,Closed by cutoff,2024-03
B03077,P090,Candy,Sold Out,48,48.0,0.0,0.0,2024-06-05,48000,51.34,31200,16800,17.97,P090,650,48,2024-04-21,bag 100g,0.0,Closed by cutoff,2024-04
B03078,P090,Candy,Partial Loss,51,49.62,1.38,2.7,2025-03-16,49620,53.07,33150,16470,17.61,P090,650,51,2024-05-20,bag 100g,896.9999999999999,Closed by cutoff,2024-05
B03079,P090,Candy,Partial Loss,54,53.14,0.86,1.6,2025-04-14,53140,56.83,35100,18040,19.29,P090,650,54,2024-06-18,bag 100g,559.0,Closed by cutoff,2024-06
B03080,P090,Candy,Partial Loss,52,49.61,2.39,4.6,2025-05-19,49610,53.06,33800,15810,16.91,P090,650,52,2024-07-23,bag 100g,1553.5,Closed by cutoff,2024-07
B03081,P090,Candy,Partial Loss,43,40.81,2.19,5.1,2025-06-20,40810,43.65,27950,12860,13.75,P090,650,43,2024-08-24,bag 100g,1423.5,Closed by cutoff,2024-08
B03082,P090,Candy,Sold Out,54,54.0,0.0,0.0,2024-11-06,54000,57.75,35100,18900,20.21,P090,650,54,2024-10-01,bag 100g,0.0,Closed by cutoff,2024-10
B03083,P090,Candy,Partial Loss,55,52.91,2.09,3.8,2025-08-24,52910,56.59,35750,17160,18.35,P090,650,55,2024-10-28,bag 100g,1358.5,After cutoff,2024-10
B03084,P090,Candy,Partial Loss,49,47.68,1.32,2.7,2025-09-24,47680,50.99,31850,15830,16.93,P090,650,49,2024-11-28,bag 100g,858.0,After cutoff,2024-11
B03085,P090,Candy,Sold Out,62,62.0,0.0,0.0,2025-01-31,62000,66.31,40300,21700,23.21,P090,650,62,2024-12-30,bag 100g,0.0,Closed by cutoff,2024-12
B03086,P090,Candy,Partial Loss,48,47.95,0.05,0.1,2025-11-23,47950,51.28,36000,11950,12.78,P090,750,48,2025-01-27,bag 100g,37.5,After cutoff,2025-01
B03087,P090,Candy,Sold Out,47,47.0,0.0,0.0,2025-04-22,47000,50.27,30550,16450,17.59,P090,650,47,2025-03-08,bag 100g,0.0,Closed by cutoff,2025-03
B03088,P090,Candy,Sold Out,62,62.0,0.0,0.0,2025-05-17,62000,66.31,40300,21700,23.21,P090,650,62,2025-04-16,bag 100g,0.0,Closed by cutoff,2025-04
B03089,P090,Candy,Partial Loss,48,46.18,1.82,3.8,2026-03-20,46180,49.39,31200,14980,16.02,P090,650,48,2025-05-24,bag 100g,1183.0,After cutoff,2025-05
B03090,P091,Candy,Partial Loss,49,47.38,1.62,3.3,2024-04-29,47380,50.67,34300,13080,13.99,P091,700,49,2023-07-04,bag 100g,1134.0,Closed by cutoff,2023-07
B03091,P091,Candy,Sold Out,54,54.0,0.0,0.0,2023-08-27,54000,57.75,37800,16200,17.33,P091,700,54,2023-08-09,bag 100g,0.0,Closed by cutoff,2023-08
B03092,P091,Candy,Sold Out,59,59.0,0.0,0.0,2023-09-25,59000,63.1,41300,17700,18.93,P091,700,59,2023-09-09,bag 100g,0.0,Closed by cutoff,2023-09
B03093,P091,Candy,Sold Out,46,46.0,0.0,0.0,2023-10-22,46000,49.2,32200,13800,14.76,P091,700,46,2023-10-11,bag 100g,0.0,Closed by cutoff,2023-10
B03094,P091,Candy,Partial Loss,53,51.36,1.64,3.1,2024-09-07,51360,54.93,37100,14260,15.25,P091,700,53,2023-11-12,bag 100g,1148.0,Closed by cutoff,2023-11
B03095,P091,Candy,Partial Loss,68,65.08,2.92,4.3,2024-10-05,65080,69.6,47600,17480,18.7,P091,700,68,2023-12-10,bag 100g,2044.0,Closed by cutoff,2023-12
B03096,P091,Candy,Partial Loss,49,48.31,0.69,1.4,2024-11-10,48310,51.67,34300,14010,14.98,P091,700,49,2024-01-15,bag 100g,482.99999999999994,Closed by cutoff,2024-01
B03097,P091,Candy,Sold Out,53,53.0,0.0,0.0,2024-04-02,53000,56.68,37100,15900,17.01,P091,700,53,2024-03-01,bag 100g,0.0,Closed by cutoff,2024-03
B03098,P091,Candy,Partial Loss,55,53.3,1.71,3.1,2025-01-22,53300,57.01,38500,14800,15.83,P091,700,55,2024-03-28,bag 100g,1197.0,Closed by cutoff,2024-03
B03099,P091,Candy,Sold Out,52,52.0,0.0,0.0,2024-06-15,52000,55.61,36400,15600,16.68,P091,700,52,2024-05-05,bag 100g,0.0,Closed by cutoff,2024-05
B03100,P091,Candy,Partial Loss,44,41.71,2.29,5.2,2025-04-03,41710,44.61,30800,10910,11.67,P091,700,44,2024-06-07,bag 100g,1603.0,Closed by cutoff,2024-06
B03101,P091,Candy,Sold Out,43,43.0,0.0,0.0,2024-08-18,43000,45.99,30100,12900,13.8,P091,700,43,2024-07-13,bag 100g,0.0,Closed by cutoff,2024-07
B03102,P091,Candy,Sold Out,52,52.0,0.0,0.0,2024-09-05,52000,55.61,36400,15600,16.68,P091,700,52,2024-08-20,bag 100g,0.0,Closed by cutoff,2024-08
B03103,P091,Candy,Sold Out,67,67.0,0.0,0.0,2024-10-05,67000,71.66,46900,20100,21.5,P091,700,67,2024-09-22,bag 100g,0.0,Closed by cutoff,2024-09
B03104,P091,Candy,Partial Loss,55,52.8,2.2,4.0,2025-08-25,52800,56.47,38500,14300,15.29,P091,700,55,2024-10-29,bag 100g,1540.0000000000002,After cutoff,2024-10
B03105,P091,Candy,Partial Loss,52,50.28,1.72,3.3,2025-09-25,50280,53.78,36400,13880,14.84,P091,700,52,2024-11-29,bag 100g,1204.0,After cutoff,2024-11
B03106,P091,Candy,Sold Out,47,47.0,0.0,0.0,2025-02-05,47000,50.27,32900,14100,15.08,P091,700,47,2025-01-09,bag 100g,0.0,Closed by cutoff,2025-01
B03107,P091,Candy,Partial Loss,60,59.16,0.84,1.4,2025-12-09,59160,63.27,42000,17160,18.35,P091,700,60,2025-02-12,bag 100g,588.0,After cutoff,2025-02
B03108,P091,Candy,Partial Loss,61,59.17,1.83,3.0,2025-12-30,59170,63.28,42700,16470,17.61,P091,700,61,2025-03-05,bag 100g,1281.0,After cutoff,2025-03
B03109,P091,Candy,Partial Loss,48,46.13,1.87,3.9,2026-02-08,46130,49.34,33600,12530,13.4,P091,700,48,2025-04-14,bag 100g,1309.0,After cutoff,2025-04
B03110,P091,Candy,Sold Out,60,60.0,0.0,0.0,2025-06-04,60000,64.17,42000,18000,19.25,P091,700,60,2025-05-11,bag 100g,0.0,Closed by cutoff,2025-05
B03111,P091,Candy,Sold Out,62,62.0,0.0,0.0,2025-07-07,62000,66.31,43400,18600,19.89,P091,700,62,2025-06-07,bag 100g,0.0,After cutoff,2025-06
B03112,P092,Raisins,Sold Out,25,25.0,0.0,0.0,2023-08-16,187500,200.53,133750,53750,57.49,P092,5350,25,2023-07-13,kg,0.0,Closed by cutoff,2023-07
B03113,P092,Raisins,Partial Loss,24,23.33,0.67,2.8,2024-06-07,174975,187.14,128400,46575,49.81,P092,5350,24,2023-08-12,kg,3584.5,Closed by cutoff,2023-08
B03114,P092,Raisins,Sold Out,29,29.0,0.0,0.0,2023-10-21,217500,232.62,155150,62350,66.68,P092,5350,29,2023-09-22,kg,0.0,Closed by cutoff,2023-09
B03115,P092,Raisins,Partial Loss,9,8.74,0.26,2.9,2024-08-18,65550,70.11,48150,17400,18.61,P092,5350,9,2023-10-23,kg,1391.0,Closed by cutoff,2023-10
B03116,P092,Raisins,Sold Out,9,9.0,0.0,0.0,2023-12-18,67500,72.19,48150,19350,20.7,P092,5350,9,2023-11-25,kg,0.0,Closed by cutoff,2023-11
B03117,P092,Raisins,Sold Out,12,12.0,0.0,0.0,2024-01-16,90000,96.26,66600,23400,25.03,P092,5550,12,2023-12-21,kg,0.0,Closed by cutoff,2023-12
B03118,P092,Raisins,Partial Loss,9,8.31,0.69,7.7,2024-11-28,62325,66.66,49950,12375,13.24,P092,5550,9,2024-02-02,kg,3829.4999999999995,Closed by cutoff,2024-02
B03119,P092,Raisins,Partial Loss,9,8.6,0.4,4.4,2024-12-29,64500,68.98,48150,16350,17.49,P092,5350,9,2024-03-04,kg,2140.0,Closed by cutoff,2024-03
B03120,P092,Raisins,Sold Out,26,26.0,0.0,0.0,2024-04-29,195000,208.56,139100,55900,59.79,P092,5350,26,2024-04-02,kg,0.0,Closed by cutoff,2024-04
B03121,P092,Raisins,Sold Out,27,27.0,0.0,0.0,2024-06-01,202500,216.58,144450,58050,62.09,P092,5350,27,2024-05-09,kg,0.0,Closed by cutoff,2024-05
B03122,P092,Raisins,Partial Loss,22,20.83,1.17,5.3,2025-04-04,156225,167.09,117700,38525,41.2,P092,5350,22,2024-06-08,kg,6259.5,Closed by cutoff,2024-06
B03123,P092,Raisins,Sold Out,21,21.0,0.0,0.0,2024-08-14,157500,168.45,112350,45150,48.29,P092,5350,21,2024-07-16,kg,0.0,Closed by cutoff,2024-07
B03124,P092,Raisins,Sold Out,21,21.0,0.0,0.0,2024-09-20,157500,168.45,112350,45150,48.29,P092,5350,21,2024-08-24,kg,0.0,Closed by cutoff,2024-08
B03125,P092,Raisins,Sold Out,9,9.0,0.0,0.0,2024-11-23,67500,72.19,48150,19350,20.7,P092,5350,9,2024-10-01,kg,0.0,Closed by cutoff,2024-10
B03126,P092,Raisins,Partial Loss,9,8.52,0.48,5.3,2025-08-24,63900,68.34,49950,13950,14.92,P092,5550,9,2024-10-28,kg,2664.0,After cutoff,2024-10
B03127,P092,Raisins,Partial Loss,12,11.87,0.13,1.1,2025-10-03,89025,95.21,64200,24825,26.55,P092,5350,12,2024-12-07,kg,695.5,After cutoff,2024-12
B03128,P092,Raisins,Partial Loss,10,9.75,0.25,2.5,2025-11-10,73125,78.21,53500,19625,20.99,P092,5350,10,2025-01-14,kg,1337.5,After cutoff,2025-01
B03129,P092,Raisins,Partial Loss,9,8.51,0.49,5.4,2025-12-17,63825,68.26,48150,15675,16.76,P092,5350,9,2025-02-20,kg,2621.5,After cutoff,2025-02
B03130,P092,Raisins,Partial Loss,9,8.78,0.23,2.5,2026-01-15,65850,70.43,48150,17700,18.93,P092,5350,9,2025-03-21,kg,1230.5,After cutoff,2025-03
B03131,P092,Raisins,Sold Out,28,28.0,0.0,0.0,2025-05-16,210000,224.6,149800,60200,64.39,P092,5350,28,2025-04-25,kg,0.0,Closed by cutoff,2025-04
B03132,P092,Raisins,Sold Out,30,30.0,0.0,0.0,2025-06-15,225000,240.64,160500,64500,68.98,P092,5350,30,2025-05-25,kg,0.0,Closed by cutoff,2025-05
B03133,P092,Raisins,Sold Out,27,27.0,0.0,0.0,2025-07-12,202500,216.58,144450,58050,62.09,P092,5350,27,2025-06-27,kg,0.0,After cutoff,2025-06
B03134,P093,Raisins,Sold Out,24,24.0,0.0,0.0,2023-08-11,168000,179.68,123600,44400,47.49,P093,5150,24,2023-07-10,kg,0.0,Closed by cutoff,2023-07
B03135,P093,Raisins,Sold Out,24,24.0,0.0,0.0,2023-09-25,168000,179.68,123600,44400,47.49,P093,5150,24,2023-08-20,kg,0.0,Closed by cutoff,2023-08
B03136,P093,Raisins,Sold Out,29,29.0,0.0,0.0,2023-10-22,203000,217.11,149350,53650,57.38,P093,5150,29,2023-09-25,kg,0.0,Closed by cutoff,2023-09
B03137,P093,Raisins,Partial Loss,9,8.74,0.26,2.9,2024-09-07,61180,65.43,46350,14830,15.86,P093,5150,9,2023-11-12,kg,1339.0,Closed by cutoff,2023-11
B03138,P093,Raisins,Sold Out,13,13.0,0.0,0.0,2023-12-24,91000,97.33,66950,24050,25.72,P093,5150,13,2023-12-13,kg,0.0,Closed by cutoff,2023-12
B03139,P093,Raisins,Partial Loss,9,8.72,0.28,3.1,2024-11-19,61040,65.28,46350,14690,15.71,P093,5150,9,2024-01-24,kg,1442.0000000000002,Closed by cutoff,2024-01
B03140,P093,Raisins,Partial Loss,9,8.58,0.42,4.7,2024-12-20,60060,64.24,46350,13710,14.66,P093,5150,9,2024-02-24,kg,2163.0,Closed by cutoff,2024-02
B03141,P093,Raisins,Sold Out,8,8.0,0.0,0.0,2024-05-25,56000,59.89,40800,15200,16.26,P093,5100,8,2024-03-23,kg,0.0,Closed by cutoff,2024-03
B03142,P093,Raisins,Sold Out,23,23.0,0.0,0.0,2024-05-24,161000,172.19,117300,43700,46.74,P093,5100,23,2024-04-25,kg,0.0,Closed by cutoff,2024-04
B03143,P093,Raisins,Sold Out,22,22.0,0.0,0.0,2024-07-01,154000,164.71,112200,41800,44.71,P093,5100,22,2024-05-30,kg,0.0,Closed by cutoff,2024-05
B03144,P093,Raisins,Sold Out,24,24.0,0.0,0.0,2024-08-05,168000,179.68,122400,45600,48.77,P093,5100,24,2024-07-11,kg,0.0,Closed by cutoff,2024-07
B03145,P093,Raisins,Partial Loss,26,25.09,0.91,3.5,2025-06-07,175630,187.84,133900,41730,44.63,P093,5150,26,2024-08-11,kg,4686.5,Closed by cutoff,2024-08
B03146,P093,Raisins,Partial Loss,30,28.95,1.05,3.5,2025-07-13,202650,216.74,154500,48150,51.5,P093,5150,30,2024-09-16,kg,5407.5,After cutoff,2024-09
B03147,P093,Raisins,Sold Out,8,8.0,0.0,0.0,2024-12-07,56000,59.89,40800,15200,16.26,P093,5100,8,2024-10-21,kg,0.0,Closed by cutoff,2024-10
B03148,P093,Raisins,Partial Loss,9,8.68,0.32,3.6,2025-09-17,60760,64.98,46350,14410,15.41,P093,5150,9,2024-11-21,kg,1648.0,After cutoff,2024-11
B03149,P093,Raisins,Partial Loss,11,10.6,0.4,3.6,2025-10-16,74200,79.36,56650,17550,18.77,P093,5150,11,2024-12-20,kg,2060.0,After cutoff,2024-12
B03150,P093,Raisins,Sold Out,9,9.0,0.0,0.0,2025-02-21,63000,67.38,46350,16650,17.81,P093,5150,9,2025-01-19,kg,0.0,Closed by cutoff,2025-01
B03151,P093,Raisins,Sold Out,8,8.0,0.0,0.0,2025-03-26,56000,59.89,41200,14800,15.83,P093,5150,8,2025-03-01,kg,0.0,Closed by cutoff,2025-03
B03152,P093,Raisins,Sold Out,27,27.0,0.0,0.0,2025-05-02,189000,202.14,139050,49950,53.42,P093,5150,27,2025-04-05,kg,0.0,Closed by cutoff,2025-04
B03153,P093,Raisins,Sold Out,29,29.0,0.0,0.0,2025-06-12,203000,217.11,149350,53650,57.38,P093,5150,29,2025-05-05,kg,0.0,Closed by cutoff,2025-05
B03154,P093,Raisins,Sold Out,26,26.0,0.0,0.0,2025-06-27,182000,194.65,132600,49400,52.83,P093,5100,26,2025-06-12,kg,0.0,Closed by cutoff,2025-06
B03155,P094,Raisins,Sold Out,26,26.0,0.0,0.0,2023-08-19,208000,222.46,156000,52000,55.61,P094,6000,26,2023-07-19,kg,0.0,Closed by cutoff,2023-07
B03156,P094,Raisins,Sold Out,26,26.0,0.0,0.0,2023-10-07,208000,222.46,156000,52000,55.61,P094,6000,26,2023-08-26,kg,0.0,Closed by cutoff,2023-08
B03157,P094,Raisins,Sold Out,31,31.0,0.0,0.0,2023-10-30,248000,265.24,186000,62000,66.31,P094,6000,31,2023-09-25,kg,0.0,Closed by cutoff,2023-09
B03158,P094,Raisins,Partial Loss,9,8.58,0.42,4.7,2024-08-17,68640,73.41,54000,14640,15.66,P094,6000,9,2023-10-22,kg,2520.0,Closed by cutoff,2023-10
B03159,P094,Raisins,Partial Loss,10,9.7,0.3,3.0,2024-09-21,77600,82.99,60000,17600,18.82,P094,6000,10,2023-11-26,kg,1800.0,Closed by cutoff,2023-11
B03160,P094,Raisins,Sold Out,13,13.0,0.0,0.0,2024-02-01,104000,111.23,78000,26000,27.81,P094,6000,13,2023-12-26,kg,0.0,Closed by cutoff,2023-12
B03161,P094,Raisins,Partial Loss,9,8.47,0.53,5.9,2024-11-22,67760,72.47,54000,13760,14.72,P094,6000,9,2024-01-27,kg,3180.0,Closed by cutoff,2024-01
B03162,P094,Raisins,Sold Out,9,9.0,0.0,0.0,2024-03-28,72000,77.01,54000,18000,19.25,P094,6000,9,2024-02-29,kg,0.0,Closed by cutoff,2024-02
B03163,P094,Raisins,Sold Out,26,26.0,0.0,0.0,2024-04-17,208000,222.46,156000,52000,55.61,P094,6000,26,2024-04-02,kg,0.0,Closed by cutoff,2024-04
B03164,P094,Raisins,Sold Out,26,26.0,0.0,0.0,2024-06-02,208000,222.46,156000,52000,55.61,P094,6000,26,2024-04-28,kg,0.0,Closed by cutoff,2024-04
B03165,P094,Raisins,Sold Out,23,23.0,0.0,0.0,2024-06-12,184000,196.79,138000,46000,49.2,P094,6000,23,2024-05-27,kg,0.0,Closed by cutoff,2024-05
B03166,P094,Raisins,Sold Out,27,27.0,0.0,0.0,2024-07-21,216000,231.02,162000,54000,57.75,P094,6000,27,2024-07-07,kg,0.0,Closed by cutoff,2024-07
B03167,P094,Raisins,Sold Out,24,24.0,0.0,0.0,2024-09-11,192000,205.35,144000,48000,51.34,P094,6000,24,2024-08-12,kg,0.0,Closed by cutoff,2024-08
B03168,P094,Raisins,Sold Out,28,28.0,0.0,0.0,2024-10-15,224000,239.57,168000,56000,59.89,P094,6000,28,2024-09-11,kg,0.0,Closed by cutoff,2024-09
B03169,P094,Raisins,Sold Out,8,8.0,0.0,0.0,2024-11-18,64000,68.45,48000,16000,17.11,P094,6000,8,2024-10-11,kg,0.0,Closed by cutoff,2024-10
B03170,P094,Raisins,Sold Out,8,8.0,0.0,0.0,2024-12-18,64000,68.45,48000,16000,17.11,P094,6000,8,2024-11-15,kg,0.0,Closed by cutoff,2024-11
B03171,P094,Raisins,Sold Out,12,12.0,0.0,0.0,2025-01-09,96000,102.67,72000,24000,25.67,P094,6000,12,2024-12-13,kg,0.0,Closed by cutoff,2024-12
B03172,P094,Raisins,Partial Loss,9,8.62,0.38,4.2,2025-11-09,68960,73.75,54000,14960,16.0,P094,6000,9,2025-01-13,kg,2280.0,After cutoff,2025-01
B03173,P094,Raisins,Sold Out,11,11.0,0.0,0.0,2025-03-23,88000,94.12,66000,22000,23.53,P094,6000,11,2025-02-12,kg,0.0,Closed by cutoff,2025-02
B03174,P094,Raisins,Partial Loss,11,10.6,0.4,3.6,2026-01-13,84800,90.7,66000,18800,20.11,P094,6000,11,2025-03-19,kg,2400.0,After cutoff,2025-03
B03175,P094,Raisins,Sold Out,27,27.0,0.0,0.0,2025-06-13,216000,231.02,162000,54000,57.75,P094,6000,27,2025-04-28,kg,0.0,Closed by cutoff,2025-04
B03176,P094,Raisins,Sold Out,24,24.0,0.0,0.0,2025-06-25,192000,205.35,144000,48000,51.34,P094,6000,24,2025-06-07,kg,0.0,Closed by cutoff,2025-06
B03177,P095,Dried Fruit,Sold Out,24,24.0,0.0,0.0,2023-09-02,108000,115.51,80400,27600,29.52,P095,3350,24,2023-07-24,kg,0.0,Closed by cutoff,2023-07
B03178,P095,Dried Fruit,Sold Out,22,22.0,0.0,0.0,2023-10-06,99000,105.88,74800,24200,25.88,P095,3400,22,2023-08-31,kg,0.0,Closed by cutoff,2023-08
B03179,P095,Dried Fruit,Partial Loss,9,8.31,0.69,7.7,2024-07-29,37395,39.99,30600,6795,7.27,P095,3400,9,2023-10-03,kg,2346.0,Closed by cutoff,2023-10
B03180,P095,Dried Fruit,Partial Loss,9,8.05,0.95,10.6,2024-09-04,36225,38.74,30600,5625,6.02,P095,3400,9,2023-11-09,kg,3230.0,Closed by cutoff,2023-11
B03181,P095,Dried Fruit,Partial Loss,13,12.31,0.69,5.3,2024-10-08,55395,59.25,44200,11195,11.97,P095,3400,13,2023-12-13,kg,2346.0,Closed by cutoff,2023-12
B03182,P095,Dried Fruit,Partial Loss,9,8.48,0.52,5.8,2024-11-16,38160,40.81,30600,7560,8.09,P095,3400,9,2024-01-21,kg,1768.0,Closed by cutoff,2024-01
B03183,P095,Dried Fruit,Partial Loss,10,9.35,0.65,6.5,2024-12-21,42075,45.0,34000,8075,8.64,P095,3400,10,2024-02-25,kg,2210.0,Closed by cutoff,2024-02
B03184,P095,Dried Fruit,Sold Out,25,25.0,0.0,0.0,2024-04-14,112500,120.32,85000,27500,29.41,P095,3400,25,2024-04-03,kg,0.0,Closed by cutoff,2024-04
B03185,P095,Dried Fruit,Sold Out,21,21.0,0.0,0.0,2024-06-18,94500,101.07,71400,23100,24.71,P095,3400,21,2024-05-11,kg,0.0,Closed by cutoff,2024-05
B03186,P095,Dried Fruit,Sold Out,23,23.0,0.0,0.0,2024-07-26,103500,110.7,78200,25300,27.06,P095,3400,23,2024-06-20,kg,0.0,Closed by cutoff,2024-06
B03187,P095,Dried Fruit,Sold Out,24,24.0,0.0,0.0,2024-08-15,108000,115.51,81600,26400,28.24,P095,3400,24,2024-07-20,kg,0.0,Closed by cutoff,2024-07
B03188,P095,Dried Fruit,Sold Out,24,24.0,0.0,0.0,2024-09-17,108000,115.51,81600,26400,28.24,P095,3400,24,2024-08-25,kg,0.0,Closed by cutoff,2024-08
B03189,P095,Dried Fruit,Sold Out,30,30.0,0.0,0.0,2024-10-28,135000,144.39,102000,33000,35.29,P095,3400,30,2024-09-29,kg,0.0,Closed by cutoff,2024-09
B03190,P095,Dried Fruit,Partial Loss,10,9.14,0.86,8.6,2025-08-29,41130,43.99,34000,7130,7.63,P095,3400,10,2024-11-02,kg,2924.0,After cutoff,2024-11
B03191,P095,Dried Fruit,Partial Loss,9,8.31,0.69,7.7,2025-09-20,37395,39.99,30600,6795,7.27,P095,3400,9,2024-11-24,kg,2346.0,After cutoff,2024-11
B03192,P095,Dried Fruit,Partial Loss,11,10.64,0.36,3.3,2025-10-20,47880,51.21,36850,11030,11.8,P095,3350,11,2024-12-24,kg,1206.0,After cutoff,2024-12
B03193,P095,Dried Fruit,Partial Loss,10,9.61,0.39,3.9,2025-11-25,43245,46.25,34000,9245,9.89,P095,3400,10,2025-01-29,kg,1326.0,After cutoff,2025-01
B03194,P095,Dried Fruit,Partial Loss,10,9.37,0.63,6.3,2025-12-29,42165,45.1,34000,8165,8.73,P095,3400,10,2025-03-04,kg,2142.0,After cutoff,2025-03
B03195,P095,Dried Fruit,Partial Loss,28,27.5,0.5,1.8,2026-01-31,123750,132.35,95200,28550,30.53,P095,3400,28,2025-04-06,kg,1700.0,After cutoff,2025-04
B03196,P095,Dried Fruit,Sold Out,26,26.0,0.0,0.0,2025-06-25,117000,125.13,88400,28600,30.59,P095,3400,26,2025-05-14,kg,0.0,Closed by cutoff,2025-05
B03197,P095,Dried Fruit,Sold Out,24,24.0,0.0,0.0,2025-07-22,108000,115.51,81600,26400,28.24,P095,3400,24,2025-06-20,kg,0.0,After cutoff,2025-06
B03198,P096,Dried Fruit,Sold Out,25,25.0,0.0,0.0,2023-08-24,137500,147.06,103750,33750,36.1,P096,4150,25,2023-07-23,kg,0.0,Closed by cutoff,2023-07
B03199,P096,Dried Fruit,Sold Out,25,25.0,0.0,0.0,2023-09-23,137500,147.06,103750,33750,36.1,P096,4150,25,2023-08-28,kg,0.0,Closed by cutoff,2023-08
B03200,P096,Dried Fruit,Sold Out,31,31.0,0.0,0.0,2023-10-24,170500,182.35,128650,41850,44.76,P096,4150,31,2023-09-25,kg,0.0,Closed by cutoff,2023-09
B03201,P096,Dried Fruit,Sold Out,8,8.0,0.0,0.0,2023-11-29,44000,47.06,33200,10800,11.55,P096,4150,8,2023-10-30,kg,0.0,Closed by cutoff,2023-10
B03202,P096,Dried Fruit,Partial Loss,13,12.62,0.38,2.9,2024-10-03,69410,74.24,53950,15460,16.53,P096,4150,13,2023-12-08,kg,1577.0,Closed by cutoff,2023-12
B03203,P096,Dried Fruit,Partial Loss,10,9.55,0.45,4.5,2024-11-13,52525,56.18,41500,11025,11.79,P096,4150,10,2024-01-18,kg,1867.5,Closed by cutoff,2024-01
B03204,P096,Dried Fruit,Sold Out,8,8.0,0.0,0.0,2024-03-07,44000,47.06,33200,10800,11.55,P096,4150,8,2024-02-15,kg,0.0,Closed by cutoff,2024-02
B03205,P096,Dried Fruit,Partial Loss,8,7.66,0.34,4.3,2025-01-10,42130,45.06,34000,8130,8.7,P096,4250,8,2024-03-16,kg,1445.0,Closed by cutoff,2024-03
B03206,P096,Dried Fruit,Partial Loss,24,23.06,0.94,3.9,2025-02-16,126830,135.65,99600,27230,29.12,P096,4150,24,2024-04-22,kg,3901.0,Closed by cutoff,2024-04
B03207,P096,Dried Fruit,Sold Out,23,23.0,0.0,0.0,2024-06-24,126500,135.29,95450,31050,33.21,P096,4150,23,2024-05-24,kg,0.0,Closed by cutoff,2024-05
B03208,P096,Dried Fruit,Sold Out,24,24.0,0.0,0.0,2024-07-14,132000,141.18,102000,30000,32.09,P096,4250,24,2024-06-19,kg,0.0,Closed by cutoff,2024-06
B03209,P096,Dried Fruit,Sold Out,23,23.0,0.0,0.0,2024-08-08,126500,135.29,95450,31050,33.21,P096,4150,23,2024-07-10,kg,0.0,Closed by cutoff,2024-07
B03210,P096,Dried Fruit,Sold Out,25,25.0,0.0,0.0,2024-09-10,137500,147.06,103750,33750,36.1,P096,4150,25,2024-08-13,kg,0.0,Closed by cutoff,2024-08
B03211,P096,Dried Fruit,Sold Out,30,30.0,0.0,0.0,2024-10-24,165000,176.47,124500,40500,43.32,P096,4150,30,2024-09-17,kg,0.0,Closed by cutoff,2024-09
B03212,P096,Dried Fruit,Partial Loss,8,7.53,0.47,5.9,2025-08-15,41415,44.29,33200,8215,8.79,P096,4150,8,2024-10-19,kg,1950.5,After cutoff,2024-10
B03213,P096,Dried Fruit,Sold Out,10,10.0,0.0,0.0,2024-12-21,55000,58.82,41500,13500,14.44,P096,4150,10,2024-11-28,kg,0.0,Closed by cutoff,2024-11
B03214,P096,Dried Fruit,Partial Loss,12,11.12,0.88,7.3,2025-10-25,61160,65.41,49800,11360,12.15,P096,4150,12,2024-12-29,kg,3652.0,After cutoff,2024-12
B03215,P096,Dried Fruit,Partial Loss,9,8.53,0.47,5.2,2025-12-01,46915,50.18,37350,9565,10.23,P096,4150,9,2025-02-04,kg,1950.5,After cutoff,2025-02
B03216,P096,Dried Fruit,Partial Loss,10,9.22,0.78,7.8,2026-01-14,50710,54.24,41500,9210,9.85,P096,4150,10,2025-03-20,kg,3237.0,After cutoff,2025-03
B03217,P096,Dried Fruit,Sold Out,25,25.0,0.0,0.0,2025-05-23,137500,147.06,103750,33750,36.1,P096,4150,25,2025-04-12,kg,0.0,Closed by cutoff,2025-04
B03218,P096,Dried Fruit,Sold Out,22,22.0,0.0,0.0,2025-06-16,121000,129.41,91300,29700,31.76,P096,4150,22,2025-05-19,kg,0.0,Closed by cutoff,2025-05
B03219,P096,Dried Fruit,Sold Out,28,28.0,0.0,0.0,2025-07-13,154000,164.71,116200,37800,40.43,P096,4150,28,2025-06-17,kg,0.0,After cutoff,2025-06
B03220,P097,Dried Fruit,Sold Out,25,25.0,0.0,0.0,2023-07-30,150000,160.43,105000,45000,48.13,P097,4200,25,2023-07-19,kg,0.0,Closed by cutoff,2023-07
B03221,P097,Dried Fruit,Sold Out,23,23.0,0.0,0.0,2023-09-06,138000,147.59,96600,41400,44.28,P097,4200,23,2023-08-17,kg,0.0,Closed by cutoff,2023-08
B03222,P097,Dried Fruit,Sold Out,33,33.0,0.0,0.0,2023-10-18,198000,211.76,151800,46200,49.41,P097,4600,33,2023-09-26,kg,0.0,Closed by cutoff,2023-09
B03223,P097,Dried Fruit,Partial Loss,9,8.25,0.75,8.3,2024-08-23,49500,52.94,37800,11700,12.51,P097,4200,9,2023-10-28,kg,3150.0,Closed by cutoff,2023-10
B03224,P097,Dried Fruit,Partial Loss,11,10.23,0.77,7.0,2024-09-27,61380,65.65,46200,15180,16.24,P097,4200,11,2023-12-02,kg,3234.0,Closed by cutoff,2023-12
B03225,P097,Dried Fruit,Sold Out,9,9.0,0.0,0.0,2024-02-13,54000,57.75,37800,16200,17.33,P097,4200,9,2024-01-12,kg,0.0,Closed by cutoff,2024-01
B03226,P097,Dried Fruit,Sold Out,8,8.0,0.0,0.0,2024-03-04,48000,51.34,33600,14400,15.4,P097,4200,8,2024-02-12,kg,0.0,Closed by cutoff,2024-02
B03227,P097,Dried Fruit,Partial Loss,8,7.59,0.41,5.1,2025-01-16,45540,48.71,33600,11940,12.77,P097,4200,8,2024-03-22,kg,1722.0,Closed by cutoff,2024-03
B03228,P097,Dried Fruit,Sold Out,24,24.0,0.0,0.0,2024-05-12,144000,154.01,100800,43200,46.2,P097,4200,24,2024-04-26,kg,0.0,Closed by cutoff,2024-04
B03229,P097,Dried Fruit,Sold Out,22,22.0,0.0,0.0,2024-06-22,132000,141.18,92400,39600,42.35,P097,4200,22,2024-05-28,kg,0.0,Closed by cutoff,2024-05
B03230,P097,Dried Fruit,Sold Out,27,27.0,0.0,0.0,2024-07-19,162000,173.26,113400,48600,51.98,P097,4200,27,2024-06-29,kg,0.0,Closed by cutoff,2024-06
B03231,P097,Dried Fruit,Sold Out,24,24.0,0.0,0.0,2024-08-15,144000,154.01,100800,43200,46.2,P097,4200,24,2024-07-30,kg,0.0,Closed by cutoff,2024-07
B03232,P097,Dried Fruit,Sold Out,33,33.0,0.0,0.0,2024-09-21,198000,211.76,138600,59400,63.53,P097,4200,33,2024-09-01,kg,0.0,Closed by cutoff,2024-09
B03233,P097,Dried Fruit,Sold Out,9,9.0,0.0,0.0,2024-10-19,54000,57.75,37800,16200,17.33,P097,4200,9,2024-10-06,kg,0.0,Closed by cutoff,2024-10
B03234,P097,Dried Fruit,Partial Loss,9,8.57,0.43,4.8,2025-09-04,51420,54.99,41400,10020,10.72,P097,4600,9,2024-11-08,kg,1978.0,After cutoff,2024-11
B03235,P097,Dried Fruit,Sold Out,12,12.0,0.0,0.0,2025-01-13,72000,77.01,50400,21600,23.1,P097,4200,12,2024-12-23,kg,0.0,Closed by cutoff,2024-12
B03236,P097,Dried Fruit,Partial Loss,9,8.67,0.33,3.7,2025-11-25,52020,55.64,41400,10620,11.36,P097,4600,9,2025-01-29,kg,1518.0,After cutoff,2025-01
B03237,P097,Dried Fruit,Partial Loss,9,8.34,0.66,7.3,2025-12-30,50040,53.52,37800,12240,13.09,P097,4200,9,2025-03-05,kg,2772.0,After cutoff,2025-03
B03238,P097,Dried Fruit,Sold Out,26,26.0,0.0,0.0,2025-04-26,156000,166.84,109200,46800,50.05,P097,4200,26,2025-04-05,kg,0.0,Closed by cutoff,2025-04
B03239,P097,Dried Fruit,Sold Out,24,24.0,0.0,0.0,2025-06-13,144000,154.01,100800,43200,46.2,P097,4200,24,2025-05-19,kg,0.0,Closed by cutoff,2025-05
B03240,P097,Dried Fruit,Partial Loss,25,24.55,0.45,1.8,2026-04-15,147300,157.54,105000,42300,45.24,P097,4200,25,2025-06-19,kg,1890.0,After cutoff,2025-06
B03241,P098,Dried Fruit,Sold Out,24,24.0,0.0,0.0,2023-07-24,120000,128.34,90000,30000,32.09,P098,3750,24,2023-07-07,kg,0.0,Closed by cutoff,2023-07
B03242,P098,Dried Fruit,Sold Out,22,22.0,0.0,0.0,2023-09-08,110000,117.65,82500,27500,29.41,P098,3750,22,2023-08-20,kg,0.0,Closed by cutoff,2023-08
B03243,P098,Dried Fruit,Sold Out,30,30.0,0.0,0.0,2023-10-23,150000,160.43,112500,37500,40.11,P098,3750,30,2023-09-16,kg,0.0,Closed by cutoff,2023-09
B03244,P098,Dried Fruit,Partial Loss,10,9.39,0.61,6.1,2024-08-22,46950,50.21,36000,10950,11.71,P098,3600,10,2023-10-27,kg,2196.0,Closed by cutoff,2023-10
B03245,P098,Dried Fruit,Sold Out,10,10.0,0.0,0.0,2024-01-03,50000,53.48,37500,12500,13.37,P098,3750,10,2023-12-02,kg,0.0,Closed by cutoff,2023-12
B03246,P098,Dried Fruit,Partial Loss,8,7.37,0.63,7.9,2024-11-05,36850,39.41,28800,8050,8.61,P098,3600,8,2024-01-10,kg,2268.0,Closed by cutoff,2024-01
B03247,P098,Dried Fruit,Sold Out,10,10.0,0.0,0.0,2024-03-15,50000,53.48,36000,14000,14.97,P098,3600,10,2024-02-19,kg,0.0,Closed by cutoff,2024-02
B03248,P098,Dried Fruit,Partial Loss,10,9.06,0.94,9.4,2025-01-18,45300,48.45,36000,9300,9.95,P098,3600,10,2024-03-24,kg,3384.0,Closed by cutoff,2024-03
B03249,P098,Dried Fruit,Sold Out,27,27.0,0.0,0.0,2024-05-21,135000,144.39,97200,37800,40.43,P098,3600,27,2024-04-22,kg,0.0,Closed by cutoff,2024-04
B03250,P098,Dried Fruit,Sold Out,21,21.0,0.0,0.0,2024-06-19,105000,112.3,75600,29400,31.44,P098,3600,21,2024-05-29,kg,0.0,Closed by cutoff,2024-05
B03251,P098,Dried Fruit,Sold Out,27,27.0,0.0,0.0,2024-08-09,135000,144.39,101250,33750,36.1,P098,3750,27,2024-07-10,kg,0.0,Closed by cutoff,2024-07
B03252,P098,Dried Fruit,Partial Loss,21,20.16,0.84,4.0,2025-06-06,100800,107.81,75600,25200,26.95,P098,3600,21,2024-08-10,kg,3024.0,Closed by cutoff,2024-08
B03253,P098,Dried Fruit,Sold Out,30,30.0,0.0,0.0,2024-09-28,150000,160.43,108000,42000,44.92,P098,3600,30,2024-09-08,kg,0.0,Closed by cutoff,2024-09
B03254,P098,Dried Fruit,Partial Loss,8,7.56,0.44,5.5,2025-08-06,37800,40.43,28800,9000,9.63,P098,3600,8,2024-10-10,kg,1584.0,After cutoff,2024-10
B03255,P098,Dried Fruit,Partial Loss,9,8.59,0.41,4.6,2025-09-21,42950,45.94,32400,10550,11.28,P098,3600,9,2024-11-25,kg,1476.0,After cutoff,2024-11
B03256,P098,Dried Fruit,Sold Out,11,11.0,0.0,0.0,2025-01-25,55000,58.82,39600,15400,16.47,P098,3600,11,2024-12-28,kg,0.0,Closed by cutoff,2024-12
B03257,P098,Dried Fruit,Sold Out,9,9.0,0.0,0.0,2025-03-06,45000,48.13,32400,12600,13.48,P098,3600,9,2025-01-29,kg,0.0,Closed by cutoff,2025-01
B03258,P098,Dried Fruit,Partial Loss,9,8.47,0.53,5.9,2026-01-02,42350,45.29,32400,9950,10.64,P098,3600,9,2025-03-08,kg,1908.0,After cutoff,2025-03
B03259,P098,Dried Fruit,Sold Out,26,26.0,0.0,0.0,2025-05-18,130000,139.04,97500,32500,34.76,P098,3750,26,2025-04-20,kg,0.0,Closed by cutoff,2025-04
B03260,P098,Dried Fruit,Sold Out,27,27.0,0.0,0.0,2025-06-11,135000,144.39,97200,37800,40.43,P098,3600,27,2025-05-24,kg,0.0,Closed by cutoff,2025-05
B03261,P098,Dried Fruit,Partial Loss,28,26.8,1.2,4.3,2026-04-25,134000,143.32,100800,33200,35.51,P098,3600,28,2025-06-29,kg,4320.0,After cutoff,2025-06
B03262,P099,Dried Fruit,Sold Out,23,23.0,0.0,0.0,2023-08-16,161000,172.19,115000,46000,49.2,P099,5000,23,2023-07-02,kg,0.0,Closed by cutoff,2023-07
B03263,P099,Dried Fruit,Sold Out,24,24.0,0.0,0.0,2023-08-31,168000,179.68,120000,48000,51.34,P099,5000,24,2023-08-03,kg,0.0,Closed by cutoff,2023-08
B03264,P099,Dried Fruit,Sold Out,34,34.0,0.0,0.0,2023-09-24,238000,254.55,170000,68000,72.73,P099,5000,34,2023-09-13,kg,0.0,Closed by cutoff,2023-09
B03265,P099,Dried Fruit,Partial Loss,9,8.44,0.56,6.2,2024-08-14,59080,63.19,45000,14080,15.06,P099,5000,9,2023-10-19,kg,2800.0000000000005,Closed by cutoff,2023-10
B03266,P099,Dried Fruit,Sold Out,8,8.0,0.0,0.0,2023-12-18,56000,59.89,40000,16000,17.11,P099,5000,8,2023-11-24,kg,0.0,Closed by cutoff,2023-11
B03267,P099,Dried Fruit,Sold Out,10,10.0,0.0,0.0,2024-02-02,70000,74.87,50000,20000,21.39,P099,5000,10,2023-12-26,kg,0.0,Closed by cutoff,2023-12
B03268,P099,Dried Fruit,Partial Loss,9,8.31,0.69,7.7,2024-11-15,58170,62.21,45000,13170,14.09,P099,5000,9,2024-01-20,kg,3449.9999999999995,Closed by cutoff,2024-01
B03269,P099,Dried Fruit,Partial Loss,8,7.34,0.66,8.2,2024-12-25,51380,54.95,40000,11380,12.17,P099,5000,8,2024-02-29,kg,3300.0,Closed by cutoff,2024-02
B03270,P099,Dried Fruit,Partial Loss,21,20.77,0.23,1.1,2025-02-02,145390,155.5,105000,40390,43.2,P099,5000,21,2024-04-08,kg,1150.0,Closed by cutoff,2024-04
B03271,P099,Dried Fruit,Partial Loss,25,23.6,1.4,5.6,2025-03-10,165200,176.68,125000,40200,42.99,P099,5000,25,2024-05-14,kg,7000.0,Closed by cutoff,2024-05
B03272,P099,Dried Fruit,Sold Out,27,27.0,0.0,0.0,2024-07-21,189000,202.14,135000,54000,57.75,P099,5000,27,2024-06-17,kg,0.0,Closed by cutoff,2024-06
B03273,P099,Dried Fruit,Sold Out,23,23.0,0.0,0.0,2024-09-02,161000,172.19,115000,46000,49.2,P099,5000,23,2024-07-23,kg,0.0,Closed by cutoff,2024-07
B03274,P099,Dried Fruit,Sold Out,25,25.0,0.0,0.0,2024-09-22,175000,187.17,126250,48750,52.14,P099,5050,25,2024-08-24,kg,0.0,Closed by cutoff,2024-08
B03275,P099,Dried Fruit,Sold Out,31,31.0,0.0,0.0,2024-11-14,217000,232.09,155000,62000,66.31,P099,5000,31,2024-09-30,kg,0.0,Closed by cutoff,2024-09
B03276,P099,Dried Fruit,Partial Loss,9,8.44,0.56,6.2,2025-09-03,59080,63.19,45000,14080,15.06,P099,5000,9,2024-11-07,kg,2800.0000000000005,After cutoff,2024-11
B03277,P099,Dried Fruit,Sold Out,12,12.0,0.0,0.0,2025-01-21,84000,89.84,60000,24000,25.67,P099,5000,12,2024-12-06,kg,0.0,Closed by cutoff,2024-12
B03278,P099,Dried Fruit,Partial Loss,8,7.45,0.55,6.9,2025-11-02,52150,55.78,40000,12150,12.99,P099,5000,8,2025-01-06,kg,2750.0,After cutoff,2025-01
B03279,P099,Dried Fruit,Sold Out,10,10.0,0.0,0.0,2025-03-16,70000,74.87,50000,20000,21.39,P099,5000,10,2025-02-09,kg,0.0,Closed by cutoff,2025-02
B03280,P099,Dried Fruit,Partial Loss,9,8.3,0.7,7.8,2026-01-16,58100,62.14,45000,13100,14.01,P099,5000,9,2025-03-22,kg,3500.0,After cutoff,2025-03
B03281,P099,Dried Fruit,Partial Loss,28,26.99,1.01,3.6,2026-02-22,188930,202.06,140000,48930,52.33,P099,5000,28,2025-04-28,kg,5050.0,After cutoff,2025-04
B03282,P099,Dried Fruit,Sold Out,23,23.0,0.0,0.0,2025-06-23,161000,172.19,115000,46000,49.2,P099,5000,23,2025-05-30,kg,0.0,Closed by cutoff,2025-05
B03283,P099,Dried Fruit,Sold Out,23,23.0,0.0,0.0,2025-07-19,161000,172.19,115000,46000,49.2,P099,5000,23,2025-06-27,kg,0.0,After cutoff,2025-06
B03284,P100,Dried Fruit,Sold Out,24,24.0,0.0,0.0,2023-08-05,156000,166.84,108000,48000,51.34,P100,4500,24,2023-07-14,kg,0.0,Closed by cutoff,2023-07
B03285,P100,Dried Fruit,Partial Loss,26,24.62,1.38,5.3,2024-06-08,160030,171.16,117000,43030,46.02,P100,4500,26,2023-08-13,kg,6209.999999999999,Closed by cutoff,2023-08
B03286,P100,Dried Fruit,Sold Out,33,33.0,0.0,0.0,2023-10-18,214500,229.41,148500,66000,70.59,P100,4500,33,2023-09-20,kg,0.0,Closed by cutoff,2023-09
B03287,P100,Dried Fruit,Sold Out,9,9.0,0.0,0.0,2023-11-30,58500,62.57,40500,18000,19.25,P100,4500,9,2023-10-29,kg,0.0,Closed by cutoff,2023-10
B03288,P100,Dried Fruit,Sold Out,11,11.0,0.0,0.0,2024-01-05,71500,76.47,49500,22000,23.53,P100,4500,11,2023-12-05,kg,0.0,Closed by cutoff,2023-12
B03289,P100,Dried Fruit,Partial Loss,10,8.96,1.04,10.4,2024-11-11,58240,62.29,45000,13240,14.16,P100,4500,10,2024-01-16,kg,4680.0,Closed by cutoff,2024-01
B03290,P100,Dried Fruit,Partial Loss,8,7.74,0.26,3.3,2024-12-14,50310,53.81,36000,14310,15.3,P100,4500,8,2024-02-18,kg,1170.0,Closed by cutoff,2024-02
B03291,P100,Dried Fruit,Sold Out,9,9.0,0.0,0.0,2024-04-20,58500,62.57,40500,18000,19.25,P100,4500,9,2024-03-18,kg,0.0,Closed by cutoff,2024-03
B03292,P100,Dried Fruit,Partial Loss,24,22.97,1.03,4.3,2025-02-06,149305,159.68,118800,30505,32.63,P100,4950,24,2024-04-12,kg,5098.5,Closed by cutoff,2024-04
B03293,P100,Dried Fruit,Partial Loss,21,19.59,1.41,6.7,2025-03-18,127335,136.19,94500,32835,35.12,P100,4500,21,2024-05-22,kg,6345.0,Closed by cutoff,2024-05
B03294,P100,Dried Fruit,Sold Out,27,27.0,0.0,0.0,2024-08-04,175500,187.7,121500,54000,57.75,P100,4500,27,2024-06-29,kg,0.0,Closed by cutoff,2024-06
B03295,P100,Dried Fruit,Sold Out,27,27.0,0.0,0.0,2024-08-16,175500,187.7,121500,54000,57.75,P100,4500,27,2024-07-25,kg,0.0,Closed by cutoff,2024-07
B03296,P100,Dried Fruit,Partial Loss,22,21.34,0.66,3.0,2025-06-18,138710,148.35,99000,39710,42.47,P100,4500,22,2024-08-22,kg,2970.0,Closed by cutoff,2024-08
B03297,P100,Dried Fruit,Sold Out,33,33.0,0.0,0.0,2024-10-09,214500,229.41,163350,51150,54.71,P100,4950,33,2024-09-23,kg,0.0,Closed by cutoff,2024-09
B03298,P100,Dried Fruit,Partial Loss,10,9.55,0.45,4.5,2025-08-26,62075,66.39,45000,17075,18.26,P100,4500,10,2024-10-30,kg,2025.0,After cutoff,2024-10
B03299,P100,Dried Fruit,Sold Out,12,12.0,0.0,0.0,2025-01-01,78000,83.42,54000,24000,25.67,P100,4500,12,2024-12-02,kg,0.0,Closed by cutoff,2024-12
B03300,P100,Dried Fruit,Sold Out,10,10.0,0.0,0.0,2025-01-23,65000,69.52,45000,20000,21.39,P100,4500,10,2025-01-04,kg,0.0,Closed by cutoff,2025-01
B03301,P100,Dried Fruit,Sold Out,10,10.0,0.0,0.0,2025-02-24,65000,69.52,49500,15500,16.58,P100,4950,10,2025-02-05,kg,0.0,Closed by cutoff,2025-02
B03302,P100,Dried Fruit,Sold Out,10,10.0,0.0,0.0,2025-04-12,65000,69.52,49500,15500,16.58,P100,4950,10,2025-03-20,kg,0.0,Closed by cutoff,2025-03
B03303,P100,Dried Fruit,Sold Out,26,26.0,0.0,0.0,2025-05-30,169000,180.75,117000,52000,55.61,P100,4500,26,2025-04-22,kg,0.0,Closed by cutoff,2025-04
B03304,P100,Dried Fruit,Sold Out,28,28.0,0.0,0.0,2025-06-20,182000,194.65,126000,56000,59.89,P100,4500,28,2025-05-28,kg,0.0,Closed by cutoff,2025-05
B03305,P101,Dried Fruit,Sold Out,23,23.0,0.0,0.0,2023-07-25,126500,135.29,96600,29900,31.98,P101,4200,23,2023-07-03,kg,0.0,Closed by cutoff,2023-07
B03306,P101,Dried Fruit,Partial Loss,22,21.65,0.35,1.6,2024-06-07,119075,127.35,84700,34375,36.76,P101,3850,22,2023-08-12,kg,1347.5,Closed by cutoff,2023-08
B03307,P101,Dried Fruit,Sold Out,32,32.0,0.0,0.0,2023-10-05,176000,188.24,123200,52800,56.47,P101,3850,32,2023-09-18,kg,0.0,Closed by cutoff,2023-09
B03308,P101,Dried Fruit,Sold Out,10,10.0,0.0,0.0,2023-12-02,55000,58.82,38500,16500,17.65,P101,3850,10,2023-10-30,kg,0.0,Closed by cutoff,2023-10
B03309,P101,Dried Fruit,Partial Loss,8,7.66,0.34,4.3,2024-09-24,42130,45.06,30800,11330,12.12,P101,3850,8,2023-11-29,kg,1309.0,Closed by cutoff,2023-11
B03310,P101,Dried Fruit,Sold Out,9,9.0,0.0,0.0,2024-02-01,49500,52.94,34650,14850,15.88,P101,3850,9,2024-01-04,kg,0.0,Closed by cutoff,2024-01
B03311,P101,Dried Fruit,Partial Loss,10,9.49,0.51,5.1,2024-12-15,52195,55.82,38500,13695,14.65,P101,3850,10,2024-02-19,kg,1963.5,Closed by cutoff,2024-02
B03312,P101,Dried Fruit,Partial Loss,10,9.09,0.91,9.1,2025-01-09,49995,53.47,38500,11495,12.29,P101,3850,10,2024-03-15,kg,3503.5,Closed by cutoff,2024-03
B03313,P101,Dried Fruit,Sold Out,25,25.0,0.0,0.0,2024-05-20,137500,147.06,96250,41250,44.12,P101,3850,25,2024-04-23,kg,0.0,Closed by cutoff,2024-04
B03314,P101,Dried Fruit,Partial Loss,25,24.22,0.78,3.1,2025-03-21,133210,142.47,96250,36960,39.53,P101,3850,25,2024-05-25,kg,3003.0,Closed by cutoff,2024-05
B03315,P101,Dried Fruit,Sold Out,27,27.0,0.0,0.0,2024-07-22,148500,158.82,103950,44550,47.65,P101,3850,27,2024-06-17,kg,0.0,Closed by cutoff,2024-06
B03316,P101,Dried Fruit,Partial Loss,27,24.44,2.56,9.5,2025-05-23,134420,143.76,103950,30470,32.59,P101,3850,27,2024-07-27,kg,9856.0,Closed by cutoff,2024-07
B03317,P101,Dried Fruit,Sold Out,29,29.0,0.0,0.0,2024-10-14,159500,170.59,111650,47850,51.18,P101,3850,29,2024-09-08,kg,0.0,Closed by cutoff,2024-09
B03318,P101,Dried Fruit,Partial Loss,9,8.51,0.49,5.4,2025-08-08,46805,50.06,34650,12155,13.0,P101,3850,9,2024-10-12,kg,1886.5,After cutoff,2024-10
B03319,P101,Dried Fruit,Sold Out,9,9.0,0.0,0.0,2024-12-03,49500,52.94,34650,14850,15.88,P101,3850,9,2024-11-20,kg,0.0,Closed by cutoff,2024-11
B03320,P101,Dried Fruit,Sold Out,13,13.0,0.0,0.0,2025-01-27,71500,76.47,54600,16900,18.07,P101,4200,13,2024-12-30,kg,0.0,Closed by cutoff,2024-12
B03321,P101,Dried Fruit,Partial Loss,11,10.37,0.63,5.7,2025-11-28,57035,61.0,42350,14685,15.71,P101,3850,11,2025-02-01,kg,2425.5,After cutoff,2025-02
B03322,P101,Dried Fruit,Partial Loss,9,8.45,0.55,6.1,2025-12-28,46475,49.71,34650,11825,12.65,P101,3850,9,2025-03-03,kg,2117.5,After cutoff,2025-03
B03323,P101,Dried Fruit,Sold Out,27,27.0,0.0,0.0,2025-05-05,148500,158.82,103950,44550,47.65,P101,3850,27,2025-04-11,kg,0.0,Closed by cutoff,2025-04
B03324,P101,Dried Fruit,Partial Loss,28,25.87,2.13,7.6,2026-03-02,142285,152.18,117600,24685,26.4,P101,4200,28,2025-05-06,kg,8946.0,After cutoff,2025-05
B03325,P101,Dried Fruit,Sold Out,25,25.0,0.0,0.0,2025-06-26,137500,147.06,105000,32500,34.76,P101,4200,25,2025-06-07,kg,0.0,Closed by cutoff,2025-06
B03326,P102,Dried Fruit,Sold Out,26,26.0,0.0,0.0,2023-07-08,169000,180.75,118300,50700,54.22,P102,4550,26,2023-07-06,kg,0.0,Closed by cutoff,2023-07
B03327,P102,Dried Fruit,Sold Out,25,25.0,0.0,0.0,2023-09-06,162500,173.8,113750,48750,52.14,P102,4550,25,2023-08-03,kg,0.0,Closed by cutoff,2023-08
B03328,P102,Dried Fruit,Sold Out,31,31.0,0.0,0.0,2023-09-20,201500,215.51,141050,60450,64.65,P102,4550,31,2023-09-04,kg,0.0,Closed by cutoff,2023-09
B03329,P102,Dried Fruit,Partial Loss,9,8.47,0.53,5.9,2024-07-31,55055,58.88,40950,14105,15.09,P102,4550,9,2023-10-05,kg,2411.5,Closed by cutoff,2023-10
B03330,P102,Dried Fruit,Partial Loss,10,9.47,0.53,5.3,2024-09-04,61555,65.83,45500,16055,17.17,P102,4550,10,2023-11-09,kg,2411.5,Closed by cutoff,2023-11
B03331,P102,Dried Fruit,Partial Loss,10,9.08,0.92,9.2,2024-10-03,59020,63.12,49500,9520,10.18,P102,4950,10,2023-12-08,kg,4554.0,Closed by cutoff,2023-12
B03332,P102,Dried Fruit,Sold Out,8,8.0,0.0,0.0,2024-02-06,52000,55.61,36400,15600,16.68,P102,4550,8,2024-01-01,kg,0.0,Closed by cutoff,2024-01
B03333,P102,Dried Fruit,Sold Out,8,8.0,0.0,0.0,2024-03-05,52000,55.61,36400,15600,16.68,P102,4550,8,2024-02-08,kg,0.0,Closed by cutoff,2024-02
B03334,P102,Dried Fruit,Partial Loss,10,9.08,0.92,9.2,2025-01-03,59020,63.12,45500,13520,14.46,P102,4550,10,2024-03-09,kg,4186.0,Closed by cutoff,2024-03
B03335,P102,Dried Fruit,Sold Out,27,27.0,0.0,0.0,2024-05-20,175500,187.7,122850,52650,56.31,P102,4550,27,2024-04-15,kg,0.0,Closed by cutoff,2024-04
B03336,P102,Dried Fruit,Partial Loss,27,25.89,1.11,4.1,2025-03-21,168285,179.98,122850,45435,48.59,P102,4550,27,2024-05-25,kg,5050.5,Closed by cutoff,2024-05
B03337,P102,Dried Fruit,Sold Out,24,24.0,0.0,0.0,2024-07-31,156000,166.84,109200,46800,50.05,P102,4550,24,2024-07-03,kg,0.0,Closed by cutoff,2024-07
B03338,P102,Dried Fruit,Partial Loss,22,21.38,0.62,2.8,2025-06-05,138970,148.63,100100,38870,41.57,P102,4550,22,2024-08-09,kg,2821.0,Closed by cutoff,2024-08
B03339,P102,Dried Fruit,Sold Out,26,26.0,0.0,0.0,2024-10-06,169000,180.75,128700,40300,43.1,P102,4950,26,2024-09-07,kg,0.0,Closed by cutoff,2024-09
B03340,P102,Dried Fruit,Partial Loss,9,8.17,0.83,9.2,2025-08-06,53105,56.8,40950,12155,13.0,P102,4550,9,2024-10-10,kg,3776.5,After cutoff,2024-10
B03341,P102,Dried Fruit,Partial Loss,10,9.28,0.72,7.2,2025-09-17,60320,64.51,45500,14820,15.85,P102,4550,10,2024-11-21,kg,3276.0,After cutoff,2024-11
B03342,P102,Dried Fruit,Sold Out,12,12.0,0.0,0.0,2025-01-01,78000,83.42,54600,23400,25.03,P102,4550,12,2024-12-21,kg,0.0,Closed by cutoff,2024-12
B03343,P102,Dried Fruit,Partial Loss,10,9.45,0.55,5.5,2025-11-23,61425,65.7,45500,15925,17.03,P102,4550,10,2025-01-27,kg,2502.5,After cutoff,2025-01
B03344,P102,Dried Fruit,Partial Loss,9,8.4,0.6,6.7,2025-12-20,54600,58.4,40950,13650,14.6,P102,4550,9,2025-02-23,kg,2730.0,After cutoff,2025-02
B03345,P102,Dried Fruit,Partial Loss,10,9.47,0.53,5.3,2026-01-16,61555,65.83,49500,12055,12.89,P102,4950,10,2025-03-22,kg,2623.5,After cutoff,2025-03
B03346,P102,Dried Fruit,Sold Out,22,22.0,0.0,0.0,2025-05-29,143000,152.94,100100,42900,45.88,P102,4550,22,2025-04-20,kg,0.0,Closed by cutoff,2025-04
B03347,P102,Dried Fruit,Sold Out,27,27.0,0.0,0.0,2025-06-20,175500,187.7,122850,52650,56.31,P102,4550,27,2025-05-15,kg,0.0,Closed by cutoff,2025-05
B03348,P102,Dried Fruit,Sold Out,29,29.0,0.0,0.0,2025-07-02,188500,201.6,131950,56550,60.48,P102,4550,29,2025-06-11,kg,0.0,After cutoff,2025-06
B03349,P103,Dried Fruit,Sold Out,21,21.0,0.0,0.0,2023-08-08,178500,190.91,134400,44100,47.17,P103,6400,21,2023-07-07,kg,0.0,Closed by cutoff,2023-07
B03350,P103,Dried Fruit,Sold Out,27,27.0,0.0,0.0,2023-09-13,229500,245.45,172800,56700,60.64,P103,6400,27,2023-08-12,kg,0.0,Closed by cutoff,2023-08
B03351,P103,Dried Fruit,Sold Out,32,32.0,0.0,0.0,2023-10-15,272000,290.91,204800,67200,71.87,P103,6400,32,2023-09-13,kg,0.0,Closed by cutoff,2023-09
B03352,P103,Dried Fruit,Sold Out,10,10.0,0.0,0.0,2023-11-12,85000,90.91,66000,19000,20.32,P103,6600,10,2023-10-14,kg,0.0,Closed by cutoff,2023-10
B03353,P103,Dried Fruit,Sold Out,10,10.0,0.0,0.0,2023-12-13,85000,90.91,64000,21000,22.46,P103,6400,10,2023-11-15,kg,0.0,Closed by cutoff,2023-11
B03354,P103,Dried Fruit,Sold Out,11,11.0,0.0,0.0,2024-02-12,93500,100.0,70400,23100,24.71,P103,6400,11,2023-12-21,kg,0.0,Closed by cutoff,2023-12
B03355,P103,Dried Fruit,Sold Out,10,10.0,0.0,0.0,2024-03-01,85000,90.91,64000,21000,22.46,P103,6400,10,2024-01-15,kg,0.0,Closed by cutoff,2024-01
B03356,P103,Dried Fruit,Partial Loss,9,8.28,0.72,8.0,2024-12-12,70380,75.27,57600,12780,13.67,P103,6400,9,2024-02-16,kg,4608.0,Closed by cutoff,2024-02
B03357,P103,Dried Fruit,Partial Loss,9,8.63,0.37,4.1,2025-01-13,73355,78.45,59400,13955,14.93,P103,6600,9,2024-03-19,kg,2442.0,Closed by cutoff,2024-03
B03358,P103,Dried Fruit,Sold Out,22,22.0,0.0,0.0,2024-05-18,187000,200.0,140800,46200,49.41,P103,6400,22,2024-04-19,kg,0.0,Closed by cutoff,2024-04
B03359,P103,Dried Fruit,Sold Out,27,27.0,0.0,0.0,2024-06-12,229500,245.45,172800,56700,60.64,P103,6400,27,2024-05-22,kg,0.0,Closed by cutoff,2024-05
B03360,P103,Dried Fruit,Sold Out,22,22.0,0.0,0.0,2024-07-10,187000,200.0,140800,46200,49.41,P103,6400,22,2024-06-20,kg,0.0,Closed by cutoff,2024-06
B03361,P103,Dried Fruit,Sold Out,23,23.0,0.0,0.0,2024-08-20,195500,209.09,147200,48300,51.66,P103,6400,23,2024-07-22,kg,0.0,Closed by cutoff,2024-07
B03362,P103,Dried Fruit,Sold Out,27,27.0,0.0,0.0,2024-09-30,229500,245.45,172800,56700,60.64,P103,6400,27,2024-08-27,kg,0.0,Closed by cutoff,2024-08
B03363,P103,Dried Fruit,Partial Loss,34,32.3,1.7,5.0,2025-07-25,274550,293.64,217600,56950,60.91,P103,6400,34,2024-09-28,kg,10880.0,After cutoff,2024-09
B03364,P103,Dried Fruit,Partial Loss,8,7.58,0.42,5.2,2025-08-29,64430,68.91,51200,13230,14.15,P103,6400,8,2024-11-02,kg,2688.0,After cutoff,2024-11
B03365,P103,Dried Fruit,Partial Loss,12,11.45,0.55,4.6,2025-09-30,97325,104.09,76800,20525,21.95,P103,6400,12,2024-12-04,kg,3520.0000000000005,After cutoff,2024-12
B03366,P103,Dried Fruit,Partial Loss,8,7.21,0.79,9.9,2025-11-12,61285,65.55,51200,10085,10.79,P103,6400,8,2025-01-16,kg,5056.0,After cutoff,2025-01
B03367,P103,Dried Fruit,Sold Out,10,10.0,0.0,0.0,2025-03-26,85000,90.91,64000,21000,22.46,P103,6400,10,2025-02-19,kg,0.0,Closed by cutoff,2025-02
B03368,P103,Dried Fruit,Sold Out,23,23.0,0.0,0.0,2025-05-05,195500,209.09,147200,48300,51.66,P103,6400,23,2025-04-04,kg,0.0,Closed by cutoff,2025-04
B03369,P103,Dried Fruit,Sold Out,23,23.0,0.0,0.0,2025-06-04,195500,209.09,147200,48300,51.66,P103,6400,23,2025-05-10,kg,0.0,Closed by cutoff,2025-05
B03370,P103,Dried Fruit,Sold Out,28,28.0,0.0,0.0,2025-07-24,238000,254.55,179200,58800,62.89,P103,6400,28,2025-06-10,kg,0.0,After cutoff,2025-06
B03371,P104,Dried Fruit,Sold Out,27,27.0,0.0,0.0,2023-08-27,202500,216.58,145800,56700,60.64,P104,5400,27,2023-07-23,kg,0.0,Closed by cutoff,2023-07
B03372,P104,Dried Fruit,Sold Out,22,22.0,0.0,0.0,2023-09-29,165000,176.47,118800,46200,49.41,P104,5400,22,2023-08-26,kg,0.0,Closed by cutoff,2023-08
B03373,P104,Dried Fruit,Sold Out,31,31.0,0.0,0.0,2023-10-28,232500,248.66,167400,65100,69.63,P104,5400,31,2023-09-29,kg,0.0,Closed by cutoff,2023-09
B03374,P104,Dried Fruit,Partial Loss,10,9.37,0.63,6.3,2024-09-03,70275,75.16,54000,16275,17.41,P104,5400,10,2023-11-08,kg,3402.0,Closed by cutoff,2023-11
B03375,P104,Dried Fruit,Sold Out,11,11.0,0.0,0.0,2023-12-28,82500,88.24,59400,23100,24.71,P104,5400,11,2023-12-13,kg,0.0,Closed by cutoff,2023-12
B03376,P104,Dried Fruit,Partial Loss,9,8.23,0.77,8.5,2024-11-14,61725,66.02,48600,13125,14.04,P104,5400,9,2024-01-19,kg,4158.0,Closed by cutoff,2024-01
B03377,P104,Dried Fruit,Partial Loss,10,9.32,0.68,6.8,2024-12-23,69900,74.76,54000,15900,17.01,P104,5400,10,2024-02-27,kg,3672.0000000000005,Closed by cutoff,2024-02
B03378,P104,Dried Fruit,Partial Loss,9,8.5,0.49,5.5,2025-01-25,63750,68.18,48600,15150,16.2,P104,5400,9,2024-03-31,kg,2646.0,Closed by cutoff,2024-03
B03379,P104,Dried Fruit,Partial Loss,22,21.38,0.62,2.8,2025-03-06,160350,171.5,118800,41550,44.44,P104,5400,22,2024-05-10,kg,3348.0,Closed by cutoff,2024-05
B03380,P104,Dried Fruit,Partial Loss,25,24.6,0.4,1.6,2025-04-12,184500,197.33,135000,49500,52.94,P104,5400,25,2024-06-16,kg,2160.0,Closed by cutoff,2024-06
B03381,P104,Dried Fruit,Sold Out,22,22.0,0.0,0.0,2024-08-19,165000,176.47,118800,46200,49.41,P104,5400,22,2024-07-10,kg,0.0,Closed by cutoff,2024-07
B03382,P104,Dried Fruit,Sold Out,25,25.0,0.0,0.0,2024-08-28,187500,200.53,135000,52500,56.15,P104,5400,25,2024-08-07,kg,0.0,Closed by cutoff,2024-08
B03383,P104,Dried Fruit,Sold Out,25,25.0,0.0,0.0,2024-09-25,187500,200.53,135000,52500,56.15,P104,5400,25,2024-08-31,kg,0.0,Closed by cutoff,2024-08
B03384,P104,Dried Fruit,Sold Out,27,27.0,0.0,0.0,2024-10-05,202500,216.58,145800,56700,60.64,P104,5400,27,2024-09-21,kg,0.0,Closed by cutoff,2024-09
B03385,P104,Dried Fruit,Partial Loss,8,7.8,0.2,2.5,2025-08-15,58500,62.57,43200,15300,16.36,P104,5400,8,2024-10-19,kg,1080.0,After cutoff,2024-10
B03386,P104,Dried Fruit,Partial Loss,9,8.44,0.56,6.2,2025-09-15,63300,67.7,48600,14700,15.72,P104,5400,9,2024-11-19,kg,3024.0000000000005,After cutoff,2024-11
B03387,P104,Dried Fruit,Partial Loss,11,10.68,0.32,2.9,2025-10-24,80100,85.67,59400,20700,22.14,P104,5400,11,2024-12-28,kg,1728.0,After cutoff,2024-12
B03388,P104,Dried Fruit,Partial Loss,9,8.33,0.67,7.4,2025-11-28,62475,66.82,48600,13875,14.84,P104,5400,9,2025-02-01,kg,3618.0,After cutoff,2025-02
B03389,P104,Dried Fruit,Sold Out,10,10.0,0.0,0.0,2025-04-15,75000,80.21,54000,21000,22.46,P104,5400,10,2025-03-07,kg,0.0,Closed by cutoff,2025-03
B03390,P104,Dried Fruit,Sold Out,22,22.0,0.0,0.0,2025-05-08,165000,176.47,118800,46200,49.41,P104,5400,22,2025-04-12,kg,0.0,Closed by cutoff,2025-04
B03391,P104,Dried Fruit,Sold Out,29,29.0,0.0,0.0,2025-06-27,217500,232.62,156600,60900,65.13,P104,5400,29,2025-05-19,kg,0.0,Closed by cutoff,2025-05
B03392,P104,Dried Fruit,Sold Out,26,26.0,0.0,0.0,2025-07-12,195000,208.56,140400,54600,58.4,P104,5400,26,2025-06-21,kg,0.0,After cutoff,2025-06
B03393,P105,Dried Fruit,Partial Loss,17,16.59,0.41,2.4,2024-05-04,99540,106.46,73100,26440,28.28,P105,4300,17,2023-07-09,kg,1763.0,Closed by cutoff,2023-07
B03394,P105,Dried Fruit,Sold Out,13,13.0,0.0,0.0,2023-08-30,78000,83.42,55900,22100,23.64,P105,4300,13,2023-08-16,kg,0.0,Closed by cutoff,2023-08
B03395,P105,Dried Fruit,Partial Loss,20,18.8,1.2,6.0,2024-07-10,112800,120.64,86000,26800,28.66,P105,4300,20,2023-09-14,kg,5160.0,Closed by cutoff,2023-09
B03396,P105,Dried Fruit,Partial Loss,14,13.47,0.53,3.8,2024-08-09,80820,86.44,60200,20620,22.05,P105,4300,14,2023-10-14,kg,2279.0,Closed by cutoff,2023-10
B03397,P105,Dried Fruit,Partial Loss,13,12.99,0.01,0.1,2024-09-07,77940,83.36,55900,22040,23.57,P105,4300,13,2023-11-12,kg,43.0,Closed by cutoff,2023-11
B03398,P105,Dried Fruit,Sold Out,18,18.0,0.0,0.0,2024-01-20,108000,115.51,77400,30600,32.73,P105,4300,18,2023-12-20,kg,0.0,Closed by cutoff,2023-12
B03399,P105,Dried Fruit,Sold Out,14,14.0,0.0,0.0,2024-03-06,84000,89.84,67900,16100,17.22,P105,4850,14,2024-02-02,kg,0.0,Closed by cutoff,2024-02
B03400,P105,Dried Fruit,Sold Out,13,13.0,0.0,0.0,2024-04-02,78000,83.42,55900,22100,23.64,P105,4300,13,2024-03-02,kg,0.0,Closed by cutoff,2024-03
B03401,P105,Dried Fruit,Partial Loss,15,14.31,0.69,4.6,2025-01-27,85860,91.83,64500,21360,22.84,P105,4300,15,2024-04-02,kg,2966.9999999999995,Closed by cutoff,2024-04
B03402,P105,Dried Fruit,Sold Out,14,14.0,0.0,0.0,2024-06-10,84000,89.84,60200,23800,25.45,P105,4300,14,2024-05-06,kg,0.0,Closed by cutoff,2024-05
B03403,P105,Dried Fruit,Sold Out,16,16.0,0.0,0.0,2024-07-16,96000,102.67,68800,27200,29.09,P105,4300,16,2024-06-10,kg,0.0,Closed by cutoff,2024-06
B03404,P105,Dried Fruit,Sold Out,14,14.0,0.0,0.0,2024-08-08,84000,89.84,60200,23800,25.45,P105,4300,14,2024-07-09,kg,0.0,Closed by cutoff,2024-07
B03405,P105,Dried Fruit,Partial Loss,13,12.47,0.53,4.1,2025-06-07,74820,80.02,63050,11770,12.59,P105,4850,13,2024-08-11,kg,2570.5,Closed by cutoff,2024-08
B03406,P105,Dried Fruit,Sold Out,19,19.0,0.0,0.0,2024-10-01,114000,121.93,81700,32300,34.55,P105,4300,19,2024-09-15,kg,0.0,Closed by cutoff,2024-09
B03407,P105,Dried Fruit,Sold Out,14,14.0,0.0,0.0,2024-11-12,84000,89.84,60200,23800,25.45,P105,4300,14,2024-10-18,kg,0.0,Closed by cutoff,2024-10
B03408,P105,Dried Fruit,Sold Out,17,17.0,0.0,0.0,2024-12-06,102000,109.09,73100,28900,30.91,P105,4300,17,2024-11-21,kg,0.0,Closed by cutoff,2024-11
B03409,P105,Dried Fruit,Sold Out,22,22.0,0.0,0.0,2025-01-30,132000,141.18,94600,37400,40.0,P105,4300,22,2024-12-28,kg,0.0,Closed by cutoff,2024-12
B03410,P105,Dried Fruit,Partial Loss,16,15.97,0.03,0.2,2025-11-22,95820,102.48,68800,27020,28.9,P105,4300,16,2025-01-26,kg,129.0,After cutoff,2025-01
B03411,P105,Dried Fruit,Sold Out,19,19.0,0.0,0.0,2025-04-01,114000,121.93,81700,32300,34.55,P105,4300,19,2025-02-22,kg,0.0,Closed by cutoff,2025-02
B03412,P105,Dried Fruit,Sold Out,17,17.0,0.0,0.0,2025-04-30,102000,109.09,73100,28900,30.91,P105,4300,17,2025-04-03,kg,0.0,Closed by cutoff,2025-04
B03413,P105,Dried Fruit,Partial Loss,18,16.56,1.44,8.0,2026-03-03,99360,106.27,87300,12060,12.9,P105,4850,18,2025-05-07,kg,6984.0,After cutoff,2025-05
B03414,P105,Dried Fruit,Sold Out,15,15.0,0.0,0.0,2025-06-27,90000,96.26,64500,25500,27.27,P105,4300,15,2025-06-07,kg,0.0,Closed by cutoff,2025-06
B03415,P106,Dried Fruit,Sold Out,17,17.0,0.0,0.0,2024-05-26,153000,163.64,110500,42500,45.45,P106,6500,17,2023-07-31,kg,0.0,Closed by cutoff,2023-07
B03416,P106,Dried Fruit,Sold Out,20,20.0,0.0,0.0,2023-10-23,180000,192.51,136000,44000,47.06,P106,6800,20,2023-09-15,kg,0.0,Closed by cutoff,2023-09
B03417,P106,Dried Fruit,Sold Out,15,15.0,0.0,0.0,2023-11-26,135000,144.39,97500,37500,40.11,P106,6500,15,2023-10-31,kg,0.0,Closed by cutoff,2023-10
B03418,P106,Dried Fruit,Partial Loss,21,20.01,0.99,4.7,2024-10-02,180090,192.61,142800,37290,39.88,P106,6800,21,2023-12-07,kg,6732.0,Closed by cutoff,2023-12
B03419,P106,Dried Fruit,Sold Out,16,16.0,0.0,0.0,2024-02-04,144000,154.01,104000,40000,42.78,P106,6500,16,2024-01-05,kg,0.0,Closed by cutoff,2024-01
B03420,P106,Dried Fruit,Sold Out,16,16.0,0.0,0.0,2024-03-15,144000,154.01,104000,40000,42.78,P106,6500,16,2024-02-08,kg,0.0,Closed by cutoff,2024-02
B03421,P106,Dried Fruit,Sold Out,14,14.0,0.0,0.0,2024-04-23,126000,134.76,91000,35000,37.43,P106,6500,14,2024-03-17,kg,0.0,Closed by cutoff,2024-03
B03422,P106,Dried Fruit,Partial Loss,14,13.58,0.42,3.0,2025-02-09,122220,130.72,91000,31220,33.39,P106,6500,14,2024-04-15,kg,2730.0,Closed by cutoff,2024-04
B03423,P106,Dried Fruit,Sold Out,15,15.0,0.0,0.0,2024-06-01,135000,144.39,97500,37500,40.11,P106,6500,15,2024-05-11,kg,0.0,Closed by cutoff,2024-05
B03424,P106,Dried Fruit,Partial Loss,16,14.82,1.18,7.4,2025-04-06,133380,142.65,104000,29380,31.42,P106,6500,16,2024-06-10,kg,7670.0,Closed by cutoff,2024-06
B03425,P106,Dried Fruit,Partial Loss,17,16.08,0.92,5.4,2025-05-13,144720,154.78,115600,29120,31.14,P106,6800,17,2024-07-17,kg,6256.0,Closed by cutoff,2024-07
B03426,P106,Dried Fruit,Sold Out,13,13.0,0.0,0.0,2024-10-01,117000,125.13,84500,32500,34.76,P106,6500,13,2024-08-22,kg,0.0,Closed by cutoff,2024-08
B03427,P106,Dried Fruit,Sold Out,20,20.0,0.0,0.0,2024-10-14,180000,192.51,136000,44000,47.06,P106,6800,20,2024-09-17,kg,0.0,Closed by cutoff,2024-09
B03428,P106,Dried Fruit,Sold Out,17,17.0,0.0,0.0,2024-11-07,153000,163.64,110500,42500,45.45,P106,6500,17,2024-10-18,kg,0.0,Closed by cutoff,2024-10
B03429,P106,Dried Fruit,Sold Out,19,19.0,0.0,0.0,2025-01-02,171000,182.89,123500,47500,50.8,P106,6500,19,2024-12-01,kg,0.0,Closed by cutoff,2024-12
B03430,P106,Dried Fruit,Sold Out,16,16.0,0.0,0.0,2025-02-02,144000,154.01,104000,40000,42.78,P106,6500,16,2025-01-04,kg,0.0,Closed by cutoff,2025-01
B03431,P106,Dried Fruit,Sold Out,14,14.0,0.0,0.0,2025-03-07,126000,134.76,91000,35000,37.43,P106,6500,14,2025-02-02,kg,0.0,Closed by cutoff,2025-02
B03432,P106,Dried Fruit,Sold Out,16,16.0,0.0,0.0,2025-04-17,144000,154.01,104000,40000,42.78,P106,6500,16,2025-03-18,kg,0.0,Closed by cutoff,2025-03
B03433,P106,Dried Fruit,Sold Out,18,18.0,0.0,0.0,2025-05-30,162000,173.26,117000,45000,48.13,P106,6500,18,2025-04-24,kg,0.0,Closed by cutoff,2025-04
B03434,P106,Dried Fruit,Sold Out,14,14.0,0.0,0.0,2025-07-04,126000,134.76,91000,35000,37.43,P106,6500,14,2025-05-28,kg,0.0,After cutoff,2025-05
B03435,P107,Trail Mix,Sold Out,9,9.0,0.0,0.0,2023-08-05,72000,77.01,52650,19350,20.7,P107,5850,9,2023-07-12,kg,0.0,Closed by cutoff,2023-07
B03436,P107,Trail Mix,Partial Loss,9,8.63,0.37,4.1,2024-01-25,69040,73.84,52650,16390,17.53,P107,5850,9,2023-07-29,kg,2164.5,Closed by cutoff,2023-07
B03437,P107,Trail Mix,Sold Out,9,9.0,0.0,0.0,2023-09-10,72000,77.01,52650,19350,20.7,P107,5850,9,2023-08-22,kg,0.0,Closed by cutoff,2023-08
B03438,P107,Trail Mix,Sold Out,13,13.0,0.0,0.0,2023-09-25,104000,111.23,76050,27950,29.89,P107,5850,13,2023-09-09,kg,0.0,Closed by cutoff,2023-09
B03439,P107,Trail Mix,Sold Out,14,14.0,0.0,0.0,2023-10-17,112000,119.79,88200,23800,25.45,P107,6300,14,2023-09-29,kg,0.0,Closed by cutoff,2023-09
B03440,P107,Trail Mix,Sold Out,10,10.0,0.0,0.0,2023-11-04,80000,85.56,58500,21500,22.99,P107,5850,10,2023-10-21,kg,0.0,Closed by cutoff,2023-10
B03441,P107,Trail Mix,Sold Out,11,11.0,0.0,0.0,2023-11-19,88000,94.12,64350,23650,25.29,P107,5850,11,2023-11-09,kg,0.0,Closed by cutoff,2023-11
B03442,P107,Trail Mix,Sold Out,10,10.0,0.0,0.0,2023-12-14,80000,85.56,58500,21500,22.99,P107,5850,10,2023-11-27,kg,0.0,Closed by cutoff,2023-11
B03443,P107,Trail Mix,Sold Out,12,12.0,0.0,0.0,2024-01-06,96000,102.67,70200,25800,27.59,P107,5850,12,2023-12-19,kg,0.0,Closed by cutoff,2023-12
B03444,P107,Trail Mix,Sold Out,9,9.0,0.0,0.0,2024-01-20,72000,77.01,52650,19350,20.7,P107,5850,9,2024-01-09,kg,0.0,Closed by cutoff,2024-01
B03445,P107,Trail Mix,Partial Loss,11,9.94,1.06,9.6,2024-07-28,79520,85.05,64350,15170,16.22,P107,5850,11,2024-01-30,kg,6201.0,Closed by cutoff,2024-01
B03446,P107,Trail Mix,Partial Loss,10,8.95,1.05,10.5,2024-08-15,71600,76.58,58500,13100,14.01,P107,5850,10,2024-02-17,kg,6142.5,Closed by cutoff,2024-02
B03447,P107,Trail Mix,Sold Out,9,9.0,0.0,0.0,2024-03-23,72000,77.01,56700,15300,16.36,P107,6300,9,2024-03-07,kg,0.0,Closed by cutoff,2024-03
B03448,P107,Trail Mix,Partial Loss,11,10.21,0.79,7.2,2024-09-23,81680,87.36,64350,17330,18.53,P107,5850,11,2024-03-27,kg,4621.5,Closed by cutoff,2024-03
B03449,P107,Trail Mix,Partial Loss,11,10.5,0.49,4.5,2024-10-15,84000,89.84,64350,19650,21.02,P107,5850,11,2024-04-18,kg,2866.5,Closed by cutoff,2024-04
B03450,P107,Trail Mix,Partial Loss,10,9.53,0.47,4.7,2024-11-05,76240,81.54,58500,17740,18.97,P107,5850,10,2024-05-09,kg,2749.5,Closed by cutoff,2024-05
B03451,P107,Trail Mix,Partial Loss,11,10.32,0.68,6.2,2024-11-28,82560,88.3,64350,18210,19.48,P107,5850,11,2024-06-01,kg,3978.0000000000005,Closed by cutoff,2024-06
B03452,P107,Trail Mix,Partial Loss,11,10.14,0.86,7.8,2024-12-18,81120,86.76,64350,16770,17.94,P107,5850,11,2024-06-21,kg,5031.0,Closed by cutoff,2024-06
B03453,P107,Trail Mix,Partial Loss,10,9.38,0.62,6.2,2025-01-08,75040,80.26,58500,16540,17.69,P107,5850,10,2024-07-12,kg,3627.0,Closed by cutoff,2024-07
B03454,P107,Trail Mix,Partial Loss,10,9.46,0.54,5.4,2025-01-29,75680,80.94,58500,17180,18.37,P107,5850,10,2024-08-02,kg,3159.0,Closed by cutoff,2024-08
B03455,P107,Trail Mix,Sold Out,9,9.0,0.0,0.0,2024-09-11,72000,77.01,52650,19350,20.7,P107,5850,9,2024-08-24,kg,0.0,Closed by cutoff,2024-08
B03456,P107,Trail Mix,Sold Out,13,13.0,0.0,0.0,2024-09-23,104000,111.23,76050,27950,29.89,P107,5850,13,2024-09-08,kg,0.0,Closed by cutoff,2024-09
B03457,P107,Trail Mix,Partial Loss,13,12.13,0.87,6.7,2025-03-28,97040,103.79,76050,20990,22.45,P107,5850,13,2024-09-29,kg,5089.5,Closed by cutoff,2024-09
B03458,P107,Trail Mix,Partial Loss,11,10.29,0.72,6.5,2025-04-22,82320,88.04,64350,17970,19.22,P107,5850,11,2024-10-24,kg,4212.0,Closed by cutoff,2024-10
B03459,P107,Trail Mix,Sold Out,10,10.0,0.0,0.0,2024-11-30,80000,85.56,58500,21500,22.99,P107,5850,10,2024-11-15,kg,0.0,Closed by cutoff,2024-11
B03460,P107,Trail Mix,Sold Out,14,14.0,0.0,0.0,2024-12-27,112000,119.79,88200,23800,25.45,P107,6300,14,2024-12-08,kg,0.0,Closed by cutoff,2024-12
B03461,P107,Trail Mix,Sold Out,14,14.0,0.0,0.0,2025-01-16,112000,119.79,81900,30100,32.19,P107,5850,14,2024-12-29,kg,0.0,Closed by cutoff,2024-12
B03462,P107,Trail Mix,Sold Out,12,12.0,0.0,0.0,2025-02-07,96000,102.67,70200,25800,27.59,P107,5850,12,2025-01-24,kg,0.0,Closed by cutoff,2025-01
B03463,P107,Trail Mix,Sold Out,11,11.0,0.0,0.0,2025-02-19,88000,94.12,64350,23650,25.29,P107,5850,11,2025-02-10,kg,0.0,Closed by cutoff,2025-02
B03464,P107,Trail Mix,Sold Out,11,11.0,0.0,0.0,2025-03-16,88000,94.12,64350,23650,25.29,P107,5850,11,2025-03-07,kg,0.0,Closed by cutoff,2025-03
B03465,P107,Trail Mix,Partial Loss,11,10.19,0.81,7.4,2025-09-27,81520,87.19,64350,17170,18.36,P107,5850,11,2025-03-31,kg,4738.5,After cutoff,2025-03
B03466,P107,Trail Mix,Partial Loss,10,9.52,0.48,4.8,2025-10-16,76160,81.45,58500,17660,18.89,P107,5850,10,2025-04-19,kg,2808.0,After cutoff,2025-04
B03467,P107,Trail Mix,Sold Out,10,10.0,0.0,0.0,2025-05-22,80000,85.56,63000,17000,18.18,P107,6300,10,2025-05-07,kg,0.0,Closed by cutoff,2025-05
B03468,P107,Trail Mix,Partial Loss,10,9.51,0.49,4.9,2025-11-24,76080,81.37,58500,17580,18.8,P107,5850,10,2025-05-28,kg,2866.5,After cutoff,2025-05
B03469,P107,Trail Mix,Partial Loss,11,10.34,0.66,6.0,2025-12-11,82720,88.47,64350,18370,19.65,P107,5850,11,2025-06-14,kg,3861.0,After cutoff,2025-06
B03470,P108,Trail Mix,Sold Out,11,11.0,0.0,0.0,2023-07-27,93500,100.0,71500,22000,23.53,P108,6500,11,2023-07-12,kg,0.0,Closed by cutoff,2023-07
B03471,P108,Trail Mix,Sold Out,9,9.0,0.0,0.0,2023-08-16,76500,81.82,58500,18000,19.25,P108,6500,9,2023-08-01,kg,0.0,Closed by cutoff,2023-08
B03472,P108,Trail Mix,Partial Loss,11,10.12,0.88,8.0,2024-02-13,86020,92.0,71500,14520,15.53,P108,6500,11,2023-08-17,kg,5720.0,Closed by cutoff,2023-08
B03473,P108,Trail Mix,Sold Out,13,13.0,0.0,0.0,2023-09-28,110500,118.18,84500,26000,27.81,P108,6500,13,2023-09-05,kg,0.0,Closed by cutoff,2023-09
B03474,P108,Trail Mix,Sold Out,10,10.0,0.0,0.0,2023-10-14,85000,90.91,65000,20000,21.39,P108,6500,10,2023-10-01,kg,0.0,Closed by cutoff,2023-10
B03475,P108,Trail Mix,Partial Loss,10,9.58,0.42,4.2,2024-04-20,81430,87.09,65000,16430,17.57,P108,6500,10,2023-10-23,kg,2730.0,Closed by cutoff,2023-10
B03476,P108,Trail Mix,Partial Loss,9,8.26,0.74,8.2,2024-05-12,70210,75.09,58500,11710,12.52,P108,6500,9,2023-11-14,kg,4810.0,Closed by cutoff,2023-11
B03477,P108,Trail Mix,Sold Out,12,12.0,0.0,0.0,2023-12-15,102000,109.09,78000,24000,25.67,P108,6500,12,2023-12-02,kg,0.0,Closed by cutoff,2023-12
B03478,P108,Trail Mix,Partial Loss,14,12.38,1.62,11.6,2024-06-24,105230,112.55,91000,14230,15.22,P108,6500,14,2023-12-27,kg,10530.0,Closed by cutoff,2023-12
B03479,P108,Trail Mix,Sold Out,11,11.0,0.0,0.0,2024-01-25,93500,100.0,71500,22000,23.53,P108,6500,11,2024-01-19,kg,0.0,Closed by cutoff,2024-01
B03480,P108,Trail Mix,Sold Out,10,10.0,0.0,0.0,2024-02-28,85000,90.91,65000,20000,21.39,P108,6500,10,2024-02-09,kg,0.0,Closed by cutoff,2024-02
B03481,P108,Trail Mix,Sold Out,9,9.0,0.0,0.0,2024-03-17,76500,81.82,58500,18000,19.25,P108,6500,9,2024-03-03,kg,0.0,Closed by cutoff,2024-03
B03482,P108,Trail Mix,Partial Loss,11,10.46,0.54,4.9,2024-09-22,88910,95.09,71500,17410,18.62,P108,6500,11,2024-03-26,kg,3510.0000000000005,Closed by cutoff,2024-03
B03483,P108,Trail Mix,Partial Loss,11,10.65,0.35,3.2,2024-10-19,90525,96.82,71500,19025,20.35,P108,6500,11,2024-04-22,kg,2275.0,Closed by cutoff,2024-04
B03484,P108,Trail Mix,Sold Out,9,9.0,0.0,0.0,2024-06-07,76500,81.82,58500,18000,19.25,P108,6500,9,2024-05-15,kg,0.0,Closed by cutoff,2024-05
B03485,P108,Trail Mix,Sold Out,11,11.0,0.0,0.0,2024-06-30,93500,100.0,71500,22000,23.53,P108,6500,11,2024-06-05,kg,0.0,Closed by cutoff,2024-06
B03486,P108,Trail Mix,Sold Out,9,9.0,0.0,0.0,2024-07-01,76500,81.82,58500,18000,19.25,P108,6500,9,2024-06-27,kg,0.0,Closed by cutoff,2024-06
B03487,P108,Trail Mix,Sold Out,9,9.0,0.0,0.0,2024-08-11,76500,81.82,58500,18000,19.25,P108,6500,9,2024-07-20,kg,0.0,Closed by cutoff,2024-07
B03488,P108,Trail Mix,Partial Loss,11,10.81,0.19,1.7,2025-02-02,91885,98.27,71500,20385,21.8,P108,6500,11,2024-08-06,kg,1235.0,Closed by cutoff,2024-08
B03489,P108,Trail Mix,Partial Loss,11,10.24,0.76,6.9,2025-02-21,87040,93.09,71500,15540,16.62,P108,6500,11,2024-08-25,kg,4940.0,Closed by cutoff,2024-08
B03490,P108,Trail Mix,Sold Out,11,11.0,0.0,0.0,2024-09-26,93500,100.0,71500,22000,23.53,P108,6500,11,2024-09-13,kg,0.0,Closed by cutoff,2024-09
B03491,P108,Trail Mix,Sold Out,9,9.0,0.0,0.0,2024-10-23,76500,81.82,58500,18000,19.25,P108,6500,9,2024-10-06,kg,0.0,Closed by cutoff,2024-10
B03492,P108,Trail Mix,Sold Out,9,9.0,0.0,0.0,2024-11-10,76500,81.82,58500,18000,19.25,P108,6500,9,2024-10-29,kg,0.0,Closed by cutoff,2024-10
B03493,P108,Trail Mix,Sold Out,9,9.0,0.0,0.0,2024-11-25,76500,81.82,58500,18000,19.25,P108,6500,9,2024-11-16,kg,0.0,Closed by cutoff,2024-11
B03494,P108,Trail Mix,Sold Out,15,15.0,0.0,0.0,2024-12-18,127500,136.36,97500,30000,32.09,P108,6500,15,2024-12-05,kg,0.0,Closed by cutoff,2024-12
B03495,P108,Trail Mix,Sold Out,13,13.0,0.0,0.0,2025-01-06,110500,118.18,84500,26000,27.81,P108,6500,13,2024-12-28,kg,0.0,Closed by cutoff,2024-12
B03496,P108,Trail Mix,Sold Out,12,12.0,0.0,0.0,2025-02-02,102000,109.09,78000,24000,25.67,P108,6500,12,2025-01-25,kg,0.0,Closed by cutoff,2025-01
B03497,P108,Trail Mix,Sold Out,12,12.0,0.0,0.0,2025-03-11,102000,109.09,78000,24000,25.67,P108,6500,12,2025-02-13,kg,0.0,Closed by cutoff,2025-02
B03498,P108,Trail Mix,Partial Loss,11,9.65,1.35,12.3,2025-08-26,82025,87.73,71500,10525,11.26,P108,6500,11,2025-02-27,kg,8775.0,After cutoff,2025-02
B03499,P108,Trail Mix,Sold Out,12,12.0,0.0,0.0,2025-03-30,102000,109.09,78000,24000,25.67,P108,6500,12,2025-03-17,kg,0.0,Closed by cutoff,2025-03
B03500,P108,Trail Mix,Partial Loss,10,9.59,0.41,4.1,2025-09-28,81515,87.18,65000,16515,17.66,P108,6500,10,2025-04-01,kg,2665.0,After cutoff,2025-04
B03501,P108,Trail Mix,Sold Out,12,12.0,0.0,0.0,2025-05-09,102000,109.09,78000,24000,25.67,P108,6500,12,2025-04-25,kg,0.0,Closed by cutoff,2025-04
B03502,P108,Trail Mix,Partial Loss,9,8.38,0.62,6.9,2025-11-12,71230,76.18,58500,12730,13.61,P108,6500,9,2025-05-16,kg,4030.0,After cutoff,2025-05
B03503,P108,Trail Mix,Sold Out,11,11.0,0.0,0.0,2025-06-29,93500,100.0,71500,22000,23.53,P108,6500,11,2025-06-08,kg,0.0,Closed by cutoff,2025-06
B03504,P109,Trail Mix,Sold Out,11,11.0,0.0,0.0,2023-07-28,82500,88.24,59400,23100,24.71,P109,5400,11,2023-07-15,kg,0.0,Closed by cutoff,2023-07
B03505,P109,Trail Mix,Sold Out,10,10.0,0.0,0.0,2023-08-16,75000,80.21,54000,21000,22.46,P109,5400,10,2023-08-07,kg,0.0,Closed by cutoff,2023-08
B03506,P109,Trail Mix,Sold Out,11,11.0,0.0,0.0,2023-09-16,82500,88.24,59400,23100,24.71,P109,5400,11,2023-09-01,kg,0.0,Closed by cutoff,2023-09
B03507,P109,Trail Mix,Partial Loss,11,10.78,0.22,2.0,2024-03-21,80850,86.47,59400,21450,22.94,P109,5400,11,2023-09-23,kg,1188.0,Closed by cutoff,2023-09
B03508,P109,Trail Mix,Sold Out,10,10.0,0.0,0.0,2023-11-06,75000,80.21,54000,21000,22.46,P109,5400,10,2023-10-10,kg,0.0,Closed by cutoff,2023-10
B03509,P109,Trail Mix,Partial Loss,9,8.17,0.83,9.2,2024-04-30,61275,65.53,48600,12675,13.56,P109,5400,9,2023-11-02,kg,4482.0,Closed by cutoff,2023-11
B03510,P109,Trail Mix,Partial Loss,10,9.58,0.42,4.2,2024-05-24,71850,76.84,54000,17850,19.09,P109,5400,10,2023-11-26,kg,2268.0,Closed by cutoff,2023-11
B03511,P109,Trail Mix,Partial Loss,13,12.34,0.66,5.1,2024-06-15,92550,98.98,70850,21700,23.21,P109,5450,13,2023-12-18,kg,3597.0,Closed by cutoff,2023-12
B03512,P109,Trail Mix,Partial Loss,11,9.61,1.39,12.6,2024-07-04,72075,77.09,59400,12675,13.56,P109,5400,11,2024-01-06,kg,7505.999999999999,Closed by cutoff,2024-01
B03513,P109,Trail Mix,Sold Out,9,9.0,0.0,0.0,2024-02-16,67500,72.19,48600,18900,20.21,P109,5400,9,2024-01-30,kg,0.0,Closed by cutoff,2024-01
B03514,P109,Trail Mix,Sold Out,9,9.0,0.0,0.0,2024-03-01,67500,72.19,48600,18900,20.21,P109,5400,9,2024-02-16,kg,0.0,Closed by cutoff,2024-02
B03515,P109,Trail Mix,Sold Out,11,11.0,0.0,0.0,2024-03-16,82500,88.24,59400,23100,24.71,P109,5400,11,2024-03-08,kg,0.0,Closed by cutoff,2024-03
B03516,P109,Trail Mix,Sold Out,10,10.0,0.0,0.0,2024-04-09,75000,80.21,54000,21000,22.46,P109,5400,10,2024-03-24,kg,0.0,Closed by cutoff,2024-03
B03517,P109,Trail Mix,Partial Loss,9,8.55,0.45,5.0,2024-10-02,64125,68.58,48600,15525,16.6,P109,5400,9,2024-04-05,kg,2430.0,Closed by cutoff,2024-04
B03518,P109,Trail Mix,Partial Loss,10,9.84,0.16,1.6,2024-10-16,73800,78.93,54000,19800,21.18,P109,5400,10,2024-04-19,kg,864.0,Closed by cutoff,2024-04
B03519,P109,Trail Mix,Sold Out,11,11.0,0.0,0.0,2024-05-21,82500,88.24,59400,23100,24.71,P109,5400,11,2024-05-08,kg,0.0,Closed by cutoff,2024-05
B03520,P109,Trail Mix,Sold Out,9,9.0,0.0,0.0,2024-06-08,67500,72.19,48600,18900,20.21,P109,5400,9,2024-05-30,kg,0.0,Closed by cutoff,2024-05
B03521,P109,Trail Mix,Sold Out,9,9.0,0.0,0.0,2024-07-03,67500,72.19,48600,18900,20.21,P109,5400,9,2024-06-15,kg,0.0,Closed by cutoff,2024-06
B03522,P109,Trail Mix,Partial Loss,9,8.33,0.67,7.5,2025-01-01,62475,66.82,48600,13875,14.84,P109,5400,9,2024-07-05,kg,3618.0,Closed by cutoff,2024-07
B03523,P109,Trail Mix,Sold Out,10,10.0,0.0,0.0,2024-08-09,75000,80.21,54000,21000,22.46,P109,5400,10,2024-07-23,kg,0.0,Closed by cutoff,2024-07
B03524,P109,Trail Mix,Sold Out,10,10.0,0.0,0.0,2024-09-07,75000,80.21,54000,21000,22.46,P109,5400,10,2024-08-15,kg,0.0,Closed by cutoff,2024-08
B03525,P109,Trail Mix,Sold Out,13,13.0,0.0,0.0,2024-09-09,97500,104.28,70200,27300,29.2,P109,5400,13,2024-09-02,kg,0.0,Closed by cutoff,2024-09
B03526,P109,Trail Mix,Partial Loss,11,10.13,0.87,7.9,2025-03-24,75975,81.26,59400,16575,17.73,P109,5400,11,2024-09-25,kg,4698.0,Closed by cutoff,2024-09
B03527,P109,Trail Mix,Partial Loss,10,8.97,1.03,10.3,2025-04-14,67275,71.95,54000,13275,14.2,P109,5400,10,2024-10-16,kg,5562.0,Closed by cutoff,2024-10
B03528,P109,Trail Mix,Sold Out,11,11.0,0.0,0.0,2024-11-24,82500,88.24,59400,23100,24.71,P109,5400,11,2024-10-31,kg,0.0,Closed by cutoff,2024-10
B03529,P109,Trail Mix,Partial Loss,11,9.82,1.18,10.7,2025-05-16,73650,78.77,59400,14250,15.24,P109,5400,11,2024-11-17,kg,6372.0,Closed by cutoff,2024-11
B03530,P109,Trail Mix,Partial Loss,13,12.09,0.91,7.0,2025-06-02,90675,96.98,70200,20475,21.9,P109,5400,13,2024-12-04,kg,4914.0,Closed by cutoff,2024-12
B03531,P109,Trail Mix,Partial Loss,14,12.8,1.2,8.6,2025-06-21,96000,102.67,75600,20400,21.82,P109,5400,14,2024-12-23,kg,6480.0,Closed by cutoff,2024-12
B03532,P109,Trail Mix,Partial Loss,11,9.61,1.39,12.6,2025-07-07,72075,77.09,59400,12675,13.56,P109,5400,11,2025-01-08,kg,7505.999999999999,After cutoff,2025-01
B03533,P109,Trail Mix,Sold Out,12,12.0,0.0,0.0,2025-02-26,90000,96.26,64800,25200,26.95,P109,5400,12,2025-01-31,kg,0.0,Closed by cutoff,2025-01
B03534,P109,Trail Mix,Partial Loss,10,9.45,0.55,5.5,2025-08-13,70875,75.8,54000,16875,18.05,P109,5400,10,2025-02-14,kg,2970.0000000000005,After cutoff,2025-02
B03535,P109,Trail Mix,Sold Out,9,9.0,0.0,0.0,2025-04-01,67500,72.19,48600,18900,20.21,P109,5400,9,2025-03-10,kg,0.0,Closed by cutoff,2025-03
B03536,P109,Trail Mix,Partial Loss,11,10.01,0.99,9.0,2025-09-27,75075,80.29,59400,15675,16.76,P109,5400,11,2025-03-31,kg,5346.0,After cutoff,2025-03
B03537,P109,Trail Mix,Sold Out,10,10.0,0.0,0.0,2025-05-05,75000,80.21,54000,21000,22.46,P109,5400,10,2025-04-20,kg,0.0,Closed by cutoff,2025-04
B03538,P109,Trail Mix,Partial Loss,12,11.71,0.29,2.4,2025-11-07,87825,93.93,64800,23025,24.63,P109,5400,12,2025-05-11,kg,1566.0,After cutoff,2025-05
B03539,P109,Trail Mix,Partial Loss,12,11.33,0.67,5.6,2025-11-26,84975,90.88,64800,20175,21.58,P109,5400,12,2025-05-30,kg,3618.0,After cutoff,2025-05
B03540,P109,Trail Mix,Sold Out,10,10.0,0.0,0.0,2025-07-11,75000,80.21,54000,21000,22.46,P109,5400,10,2025-06-18,kg,0.0,After cutoff,2025-06
B03541,P110,Trail Mix,Sold Out,15,15.0,0.0,0.0,2023-08-13,210000,224.6,149250,60750,64.97,P110,9950,15,2023-07-19,kg,0.0,Closed by cutoff,2023-07
B03542,P110,Trail Mix,Partial Loss,14,13.51,0.49,3.5,2024-01-30,189140,202.29,139300,49840,53.3,P110,9950,14,2023-08-03,kg,4875.5,Closed by cutoff,2023-08
B03543,P110,Trail Mix,Sold Out,16,16.0,0.0,0.0,2023-09-05,224000,239.57,159200,64800,69.3,P110,9950,16,2023-08-28,kg,0.0,Closed by cutoff,2023-08
B03544,P110,Trail Mix,Partial Loss,20,19.02,0.98,4.9,2024-03-16,266280,284.79,199000,67280,71.96,P110,9950,20,2023-09-18,kg,9751.0,Closed by cutoff,2023-09
B03545,P110,Trail Mix,Sold Out,6,6.0,0.0,0.0,2023-10-22,84000,89.84,59700,24300,25.99,P110,9950,6,2023-10-09,kg,0.0,Closed by cutoff,2023-10
B03546,P110,Trail Mix,Sold Out,6,6.0,0.0,0.0,2023-11-11,84000,89.84,59700,24300,25.99,P110,9950,6,2023-10-28,kg,0.0,Closed by cutoff,2023-10
B03547,P110,Trail Mix,Partial Loss,7,6.13,0.87,12.4,2024-05-17,85820,91.79,69650,16170,17.29,P110,9950,7,2023-11-19,kg,8656.5,Closed by cutoff,2023-11
B03548,P110,Trail Mix,Partial Loss,9,7.93,1.07,11.9,2024-06-04,111020,118.74,89550,21470,22.96,P110,9950,9,2023-12-07,kg,10646.5,Closed by cutoff,2023-12
B03549,P110,Trail Mix,Partial Loss,7,6.06,0.94,13.4,2024-06-20,84840,90.74,69650,15190,16.25,P110,9950,7,2023-12-23,kg,9353.0,Closed by cutoff,2023-12
B03550,P110,Trail Mix,Partial Loss,6,4.88,1.12,18.7,2024-07-17,68320,73.07,59700,8620,9.22,P110,9950,6,2024-01-19,kg,11144.000000000002,Closed by cutoff,2024-01
B03551,P110,Trail Mix,Sold Out,6,6.0,0.0,0.0,2024-03-08,84000,89.84,59700,24300,25.99,P110,9950,6,2024-02-12,kg,0.0,Closed by cutoff,2024-02
B03552,P110,Trail Mix,Sold Out,6,6.0,0.0,0.0,2024-03-07,84000,89.84,59700,24300,25.99,P110,9950,6,2024-02-29,kg,0.0,Closed by cutoff,2024-02
B03553,P110,Trail Mix,Sold Out,5,5.0,0.0,0.0,2024-04-03,70000,74.87,49750,20250,21.66,P110,9950,5,2024-03-23,kg,0.0,Closed by cutoff,2024-03
B03554,P110,Trail Mix,Partial Loss,16,14.96,1.04,6.5,2024-10-11,209440,224.0,180800,28640,30.63,P110,11300,16,2024-04-14,kg,11752.0,Closed by cutoff,2024-04
B03555,P110,Trail Mix,Sold Out,16,16.0,0.0,0.0,2024-05-18,224000,239.57,180800,43200,46.2,P110,11300,16,2024-05-04,kg,0.0,Closed by cutoff,2024-05
B03556,P110,Trail Mix,Sold Out,15,15.0,0.0,0.0,2024-06-16,210000,224.6,149250,60750,64.97,P110,9950,15,2024-05-21,kg,0.0,Closed by cutoff,2024-05
B03557,P110,Trail Mix,Sold Out,18,18.0,0.0,0.0,2024-07-03,252000,269.52,179100,72900,77.97,P110,9950,18,2024-06-19,kg,0.0,Closed by cutoff,2024-06
B03558,P110,Trail Mix,Sold Out,18,18.0,0.0,0.0,2024-07-19,252000,269.52,179100,72900,77.97,P110,9950,18,2024-07-08,kg,0.0,Closed by cutoff,2024-07
B03559,P110,Trail Mix,Partial Loss,15,14.4,0.6,4.0,2025-01-25,201600,215.61,169500,32100,34.33,P110,11300,15,2024-07-29,kg,6780.0,Closed by cutoff,2024-07
B03560,P110,Trail Mix,Sold Out,14,14.0,0.0,0.0,2024-09-02,196000,209.63,139300,56700,60.64,P110,9950,14,2024-08-20,kg,0.0,Closed by cutoff,2024-08
B03561,P110,Trail Mix,Sold Out,17,17.0,0.0,0.0,2024-09-28,238000,254.55,169150,68850,73.64,P110,9950,17,2024-09-10,kg,0.0,Closed by cutoff,2024-09
B03562,P110,Trail Mix,Sold Out,6,6.0,0.0,0.0,2024-10-17,84000,89.84,59700,24300,25.99,P110,9950,6,2024-10-03,kg,0.0,Closed by cutoff,2024-10
B03563,P110,Trail Mix,Partial Loss,5,4.6,0.41,8.1,2025-04-18,64400,68.88,49750,14650,15.67,P110,9950,5,2024-10-20,kg,4079.4999999999995,Closed by cutoff,2024-10
B03564,P110,Trail Mix,Partial Loss,6,5.45,0.55,9.2,2025-05-10,76300,81.6,59700,16600,17.75,P110,9950,6,2024-11-11,kg,5472.5,Closed by cutoff,2024-11
B03565,P110,Trail Mix,Partial Loss,7,6.08,0.92,13.1,2025-06-02,85120,91.04,69650,15470,16.55,P110,9950,7,2024-12-04,kg,9154.0,Closed by cutoff,2024-12
B03566,P110,Trail Mix,Partial Loss,7,6.24,0.76,10.8,2025-06-20,87360,93.43,79100,8260,8.83,P110,11300,7,2024-12-22,kg,8588.0,Closed by cutoff,2024-12
B03567,P110,Trail Mix,Sold Out,7,7.0,0.0,0.0,2025-01-24,98000,104.81,69650,28350,30.32,P110,9950,7,2025-01-07,kg,0.0,Closed by cutoff,2025-01
B03568,P110,Trail Mix,Partial Loss,6,5.45,0.55,9.2,2025-07-27,76300,81.6,59700,16600,17.75,P110,9950,6,2025-01-28,kg,5472.5,After cutoff,2025-01
B03569,P110,Trail Mix,Partial Loss,7,6.09,0.91,13.0,2025-08-17,85260,91.19,69650,15610,16.7,P110,9950,7,2025-02-18,kg,9054.5,After cutoff,2025-02
B03570,P110,Trail Mix,Partial Loss,7,6.59,0.41,5.8,2025-09-04,92260,98.67,69650,22610,24.18,P110,9950,7,2025-03-08,kg,4079.4999999999995,After cutoff,2025-03
B03571,P110,Trail Mix,Sold Out,6,6.0,0.0,0.0,2025-04-11,84000,89.84,67800,16200,17.33,P110,11300,6,2025-03-31,kg,0.0,Closed by cutoff,2025-03
B03572,P110,Trail Mix,Sold Out,15,15.0,0.0,0.0,2025-05-04,210000,224.6,149250,60750,64.97,P110,9950,15,2025-04-17,kg,0.0,Closed by cutoff,2025-04
B03573,P110,Trail Mix,Sold Out,20,20.0,0.0,0.0,2025-05-16,280000,299.47,199000,81000,86.63,P110,9950,20,2025-05-07,kg,0.0,Closed by cutoff,2025-05
B03574,P110,Trail Mix,Sold Out,16,16.0,0.0,0.0,2025-06-06,224000,239.57,159200,64800,69.3,P110,9950,16,2025-05-30,kg,0.0,Closed by cutoff,2025-05
B03575,P110,Trail Mix,Sold Out,18,18.0,0.0,0.0,2025-07-01,252000,269.52,179100,72900,77.97,P110,9950,18,2025-06-21,kg,0.0,After cutoff,2025-06
B03576,P111,Trail Mix,Partial Loss,10,9.59,0.41,4.1,2024-01-16,62335,66.67,49500,12835,13.73,P111,4950,10,2023-07-20,kg,2029.4999999999998,Closed by cutoff,2023-07
B03577,P111,Trail Mix,Sold Out,10,10.0,0.0,0.0,2023-08-16,65000,69.52,49500,15500,16.58,P111,4950,10,2023-08-07,kg,0.0,Closed by cutoff,2023-08
B03578,P111,Trail Mix,Partial Loss,10,9.43,0.57,5.7,2024-02-22,61295,65.56,49500,11795,12.61,P111,4950,10,2023-08-26,kg,2821.4999999999995,Closed by cutoff,2023-08
B03579,P111,Trail Mix,Sold Out,14,14.0,0.0,0.0,2023-10-09,91000,97.33,69300,21700,23.21,P111,4950,14,2023-09-15,kg,0.0,Closed by cutoff,2023-09
B03580,P111,Trail Mix,Sold Out,11,11.0,0.0,0.0,2023-11-02,71500,76.47,54450,17050,18.24,P111,4950,11,2023-10-09,kg,0.0,Closed by cutoff,2023-10
B03581,P111,Trail Mix,Partial Loss,10,9.32,0.68,6.8,2024-04-27,60580,64.79,49500,11080,11.85,P111,4950,10,2023-10-30,kg,3366.0000000000005,Closed by cutoff,2023-10
B03582,P111,Trail Mix,Sold Out,9,9.0,0.0,0.0,2023-12-11,58500,62.57,45450,13050,13.96,P111,5050,9,2023-11-20,kg,0.0,Closed by cutoff,2023-11
B03583,P111,Trail Mix,Sold Out,12,12.0,0.0,0.0,2023-12-27,78000,83.42,59400,18600,19.89,P111,4950,12,2023-12-12,kg,0.0,Closed by cutoff,2023-12
B03584,P111,Trail Mix,Partial Loss,11,9.76,1.24,11.3,2024-06-30,63440,67.85,54450,8990,9.61,P111,4950,11,2024-01-02,kg,6138.0,Closed by cutoff,2024-01
B03585,P111,Trail Mix,Partial Loss,9,8.21,0.79,8.8,2024-07-23,53365,57.07,44550,8815,9.43,P111,4950,9,2024-01-25,kg,3910.5,Closed by cutoff,2024-01
B03586,P111,Trail Mix,Sold Out,9,9.0,0.0,0.0,2024-02-22,58500,62.57,44550,13950,14.92,P111,4950,9,2024-02-12,kg,0.0,Closed by cutoff,2024-02
B03587,P111,Trail Mix,Partial Loss,11,10.04,0.96,8.7,2024-08-27,65260,69.8,54450,10810,11.56,P111,4950,11,2024-02-29,kg,4752.0,Closed by cutoff,2024-02
B03588,P111,Trail Mix,Partial Loss,10,9.34,0.66,6.6,2024-09-16,60710,64.93,49500,11210,11.99,P111,4950,10,2024-03-20,kg,3267.0,Closed by cutoff,2024-03
B03589,P111,Trail Mix,Sold Out,9,9.0,0.0,0.0,2024-04-19,58500,62.57,44550,13950,14.92,P111,4950,9,2024-04-09,kg,0.0,Closed by cutoff,2024-04
B03590,P111,Trail Mix,Partial Loss,10,9.58,0.42,4.2,2024-10-25,62270,66.6,49500,12770,13.66,P111,4950,10,2024-04-28,kg,2079.0,Closed by cutoff,2024-04
B03591,P111,Trail Mix,Partial Loss,11,10.04,0.96,8.7,2024-11-15,65260,69.8,54450,10810,11.56,P111,4950,11,2024-05-19,kg,4752.0,Closed by cutoff,2024-05
B03592,P111,Trail Mix,Partial Loss,10,9.48,0.52,5.2,2024-12-04,61620,65.9,49500,12120,12.96,P111,4950,10,2024-06-07,kg,2574.0,Closed by cutoff,2024-06
B03593,P111,Trail Mix,Sold Out,11,11.0,0.0,0.0,2024-07-02,71500,76.47,54450,17050,18.24,P111,4950,11,2024-06-27,kg,0.0,Closed by cutoff,2024-06
B03594,P111,Trail Mix,Sold Out,9,9.0,0.0,0.0,2024-07-24,58500,62.57,44550,13950,14.92,P111,4950,9,2024-07-12,kg,0.0,Closed by cutoff,2024-07
B03595,P111,Trail Mix,Partial Loss,11,10.45,0.55,5.0,2025-01-28,67925,72.65,54450,13475,14.41,P111,4950,11,2024-08-01,kg,2722.5,Closed by cutoff,2024-08
B03596,P111,Trail Mix,Partial Loss,11,10.7,0.3,2.7,2025-02-17,69550,74.39,54450,15100,16.15,P111,4950,11,2024-08-21,kg,1485.0,Closed by cutoff,2024-08
B03597,P111,Trail Mix,Partial Loss,13,12.06,0.94,7.2,2025-03-13,78390,83.84,64350,14040,15.02,P111,4950,13,2024-09-14,kg,4653.0,Closed by cutoff,2024-09
B03598,P111,Trail Mix,Sold Out,11,11.0,0.0,0.0,2024-10-14,71500,76.47,54450,17050,18.24,P111,4950,11,2024-10-11,kg,0.0,Closed by cutoff,2024-10
B03599,P111,Trail Mix,Sold Out,11,11.0,0.0,0.0,2024-11-17,71500,76.47,54450,17050,18.24,P111,4950,11,2024-11-06,kg,0.0,Closed by cutoff,2024-11
B03600,P111,Trail Mix,Sold Out,11,11.0,0.0,0.0,2024-12-06,71500,76.47,54450,17050,18.24,P111,4950,11,2024-11-26,kg,0.0,Closed by cutoff,2024-11
B03601,P111,Trail Mix,Partial Loss,12,10.6,1.4,11.7,2025-06-15,68900,73.69,59400,9500,10.16,P111,4950,12,2024-12-17,kg,6930.0,Closed by cutoff,2024-12
B03602,P111,Trail Mix,Partial Loss,12,10.26,1.74,14.5,2025-07-04,66690,71.33,60600,6090,6.51,P111,5050,12,2025-01-05,kg,8787.0,After cutoff,2025-01
B03603,P111,Trail Mix,Partial Loss,12,11.09,0.91,7.6,2025-07-28,72085,77.1,59400,12685,13.57,P111,4950,12,2025-01-29,kg,4504.5,After cutoff,2025-01
B03604,P111,Trail Mix,Sold Out,12,12.0,0.0,0.0,2025-03-12,78000,83.42,59400,18600,19.89,P111,4950,12,2025-02-19,kg,0.0,Closed by cutoff,2025-02
B03605,P111,Trail Mix,Sold Out,11,11.0,0.0,0.0,2025-03-27,71500,76.47,54450,17050,18.24,P111,4950,11,2025-03-11,kg,0.0,Closed by cutoff,2025-03
B03606,P111,Trail Mix,Partial Loss,10,9.4,0.6,6.0,2025-09-23,61100,65.35,49500,11600,12.41,P111,4950,10,2025-03-27,kg,2970.0,After cutoff,2025-03
B03607,P111,Trail Mix,Sold Out,10,10.0,0.0,0.0,2025-10-16,65000,69.52,49500,15500,16.58,P111,4950,10,2025-04-19,kg,0.0,After cutoff,2025-04
B03608,P111,Trail Mix,Partial Loss,11,10.44,0.56,5.1,2025-11-10,67860,72.58,54450,13410,14.34,P111,4950,11,2025-05-14,kg,2772.0000000000005,After cutoff,2025-05
B03609,P111,Trail Mix,Partial Loss,9,8.75,0.25,2.8,2025-12-07,56875,60.83,44550,12325,13.18,P111,4950,9,2025-06-10,kg,1237.5,After cutoff,2025-06
B03610,P112,Packaging,Sold Out,23,23.0,0.0,0.0,2023-09-10,34500,36.9,23000,11500,12.3,P112,1000,23,2023-08-15,pack 10,0.0,Closed by cutoff,2023-08
B03611,P112,Packaging,Sold Out,19,19.0,0.0,0.0,2024-01-03,28500,30.48,19000,9500,10.16,P112,1000,19,2023-10-28,pack 10,0.0,Closed by cutoff,2023-10
B03612,P112,Packaging,Sold Out,20,20.0,0.0,0.0,2034-01-08,30000,32.09,20000,10000,10.7,P112,1000,20,2024-01-11,pack 10,0.0,After cutoff,2024-01
B03613,P112,Packaging,Sold Out,18,18.0,0.0,0.0,2024-05-14,27000,28.88,18000,9000,9.63,P112,1000,18,2024-03-12,pack 10,0.0,Closed by cutoff,2024-03
B03614,P112,Packaging,Sold Out,20,20.0,0.0,0.0,2024-07-08,30000,32.09,20000,10000,10.7,P112,1000,20,2024-04-22,pack 10,0.0,Closed by cutoff,2024-04
B03615,P112,Packaging,Sold Out,17,17.0,0.0,0.0,2024-08-04,25500,27.27,17850,7650,8.18,P112,1050,17,2024-06-15,pack 10,0.0,Closed by cutoff,2024-06
B03616,P112,Packaging,Sold Out,19,19.0,0.0,0.0,2034-08-15,28500,30.48,19000,9500,10.16,P112,1000,19,2024-08-17,pack 10,0.0,After cutoff,2024-08
B03617,P112,Packaging,Sold Out,23,23.0,0.0,0.0,2024-11-11,34500,36.9,23000,11500,12.3,P112,1000,23,2024-10-16,pack 10,0.0,Closed by cutoff,2024-10
B03618,P112,Packaging,Sold Out,28,28.0,0.0,0.0,2034-12-16,42000,44.92,28000,14000,14.97,P112,1000,28,2024-12-18,pack 10,0.0,After cutoff,2024-12
B03619,P112,Packaging,Sold Out,20,20.0,0.0,0.0,2035-02-26,30000,32.09,20000,10000,10.7,P112,1000,20,2025-02-28,pack 10,0.0,After cutoff,2025-02
B03620,P112,Packaging,Sold Out,19,19.0,0.0,0.0,2035-04-18,28500,30.48,19000,9500,10.16,P112,1000,19,2025-04-20,pack 10,0.0,After cutoff,2025-04
B03621,P112,Packaging,Sold Out,20,20.0,0.0,0.0,2025-07-09,30000,32.09,20000,10000,10.7,P112,1000,20,2025-06-16,pack 10,0.0,After cutoff,2025-06
B03622,P113,Packaging,Sold Out,18,18.0,0.0,0.0,2033-08-14,36000,38.5,25200,10800,11.55,P113,1400,18,2023-08-17,pack 10,0.0,After cutoff,2023-08
B03623,P113,Packaging,Sold Out,23,23.0,0.0,0.0,2033-10-13,46000,49.2,31050,14950,15.99,P113,1350,23,2023-10-16,pack 10,0.0,After cutoff,2023-10
B03624,P113,Packaging,Sold Out,23,23.0,0.0,0.0,2024-02-28,46000,49.2,31050,14950,15.99,P113,1350,23,2023-12-11,pack 10,0.0,Closed by cutoff,2023-12
B03625,P113,Packaging,Sold Out,19,19.0,0.0,0.0,2024-03-27,38000,40.64,25650,12350,13.21,P113,1350,19,2024-02-08,pack 10,0.0,Closed by cutoff,2024-02
B03626,P113,Packaging,Sold Out,21,21.0,0.0,0.0,2024-06-04,42000,44.92,28350,13650,14.6,P113,1350,21,2024-04-21,pack 10,0.0,Closed by cutoff,2024-04
B03627,P113,Packaging,Sold Out,19,19.0,0.0,0.0,2034-06-23,38000,40.64,25650,12350,13.21,P113,1350,19,2024-06-25,pack 10,0.0,After cutoff,2024-06
B03628,P113,Packaging,Sold Out,22,22.0,0.0,0.0,2024-10-31,44000,47.06,29700,14300,15.29,P113,1350,22,2024-08-23,pack 10,0.0,Closed by cutoff,2024-08
B03629,P113,Packaging,Sold Out,21,21.0,0.0,0.0,2034-10-06,42000,44.92,28350,13650,14.6,P113,1350,21,2024-10-08,pack 10,0.0,After cutoff,2024-10
B03630,P113,Packaging,Sold Out,23,23.0,0.0,0.0,2025-01-27,46000,49.2,31050,14950,15.99,P113,1350,23,2024-12-04,pack 10,0.0,Closed by cutoff,2024-12
B03631,P113,Packaging,Sold Out,21,21.0,0.0,0.0,2025-05-04,42000,44.92,28350,13650,14.6,P113,1350,21,2025-02-17,pack 10,0.0,Closed by cutoff,2025-02
B03632,P113,Packaging,Sold Out,20,20.0,0.0,0.0,2025-06-04,40000,42.78,28000,12000,12.83,P113,1400,20,2025-04-29,pack 10,0.0,Closed by cutoff,2025-04
B03633,P113,Packaging,Sold Out,20,20.0,0.0,0.0,2025-07-16,40000,42.78,28000,12000,12.83,P113,1400,20,2025-06-21,pack 10,0.0,After cutoff,2025-06
B03634,P114,Packaging,Sold Out,19,19.0,0.0,0.0,2023-09-03,47500,50.8,31350,16150,17.27,P114,1650,19,2023-07-14,pack 10,0.0,Closed by cutoff,2023-07
B03635,P114,Packaging,Sold Out,27,27.0,0.0,0.0,2023-10-07,67500,72.19,44550,22950,24.55,P114,1650,27,2023-09-06,pack 10,0.0,Closed by cutoff,2023-09
B03636,P114,Packaging,Sold Out,19,19.0,0.0,0.0,2033-11-14,47500,50.8,34200,13300,14.22,P114,1800,19,2023-11-17,pack 10,0.0,After cutoff,2023-11
B03637,P114,Packaging,Sold Out,24,24.0,0.0,0.0,2024-03-04,60000,64.17,39600,20400,21.82,P114,1650,24,2023-12-23,pack 10,0.0,Closed by cutoff,2023-12
B03638,P114,Packaging,Sold Out,22,22.0,0.0,0.0,2024-04-26,55000,58.82,36300,18700,20.0,P114,1650,22,2024-02-24,pack 10,0.0,Closed by cutoff,2024-02
B03639,P114,Packaging,Sold Out,23,23.0,0.0,0.0,2024-07-09,57500,61.5,37950,19550,20.91,P114,1650,23,2024-05-04,pack 10,0.0,Closed by cutoff,2024-05
B03640,P114,Packaging,Sold Out,21,21.0,0.0,0.0,2024-08-30,52500,56.15,34650,17850,19.09,P114,1650,21,2024-07-06,pack 10,0.0,Closed by cutoff,2024-07
B03641,P114,Packaging,Sold Out,23,23.0,0.0,0.0,2024-11-13,57500,61.5,41400,16100,17.22,P114,1800,23,2024-09-10,pack 10,0.0,Closed by cutoff,2024-09
B03642,P114,Packaging,Sold Out,20,20.0,0.0,0.0,2034-11-15,50000,53.48,33000,17000,18.18,P114,1650,20,2024-11-17,pack 10,0.0,After cutoff,2024-11
B03643,P114,Packaging,Sold Out,24,24.0,0.0,0.0,2035-01-17,60000,64.17,43200,16800,17.97,P114,1800,24,2025-01-19,pack 10,0.0,After cutoff,2025-01
B03644,P114,Packaging,Sold Out,20,20.0,0.0,0.0,2025-05-27,50000,53.48,33000,17000,18.18,P114,1650,20,2025-03-15,pack 10,0.0,Closed by cutoff,2025-03
B03645,P114,Packaging,Sold Out,24,24.0,0.0,0.0,2025-06-11,60000,64.17,39600,20400,21.82,P114,1650,24,2025-05-15,pack 10,0.0,Closed by cutoff,2025-05
B03646,P115,Packaging,Sold Out,20,20.0,0.0,0.0,2023-10-11,60000,64.17,41000,19000,20.32,P115,2050,20,2023-08-25,pack 10,0.0,Closed by cutoff,2023-08
B03647,P115,Packaging,Sold Out,22,22.0,0.0,0.0,2033-09-30,66000,70.59,45100,20900,22.35,P115,2050,22,2023-10-03,pack 10,0.0,After cutoff,2023-10
B03648,P115,Packaging,Sold Out,23,23.0,0.0,0.0,2024-01-02,69000,73.8,47150,21850,23.37,P115,2050,23,2023-12-07,pack 10,0.0,Closed by cutoff,2023-12
B03649,P115,Packaging,Sold Out,19,19.0,0.0,0.0,2034-01-25,57000,60.96,38950,18050,19.3,P115,2050,19,2024-01-28,pack 10,0.0,After cutoff,2024-01
B03650,P115,Packaging,Sold Out,23,23.0,0.0,0.0,2024-04-28,69000,73.8,47150,21850,23.37,P115,2050,23,2024-03-23,pack 10,0.0,Closed by cutoff,2024-03
B03651,P115,Packaging,Sold Out,20,20.0,0.0,0.0,2024-07-12,60000,64.17,41000,19000,20.32,P115,2050,20,2024-05-13,pack 10,0.0,Closed by cutoff,2024-05
B03652,P115,Packaging,Sold Out,18,18.0,0.0,0.0,2024-08-10,54000,57.75,36900,17100,18.29,P115,2050,18,2024-07-11,pack 10,0.0,Closed by cutoff,2024-07
B03653,P115,Packaging,Sold Out,28,28.0,0.0,0.0,2024-10-15,84000,89.84,57400,26600,28.45,P115,2050,28,2024-09-16,pack 10,0.0,Closed by cutoff,2024-09
B03654,P115,Packaging,Sold Out,18,18.0,0.0,0.0,2034-11-17,54000,57.75,36900,17100,18.29,P115,2050,18,2024-11-19,pack 10,0.0,After cutoff,2024-11
B03655,P115,Packaging,Sold Out,19,19.0,0.0,0.0,2025-02-27,57000,60.96,38950,18050,19.3,P115,2050,19,2025-01-21,pack 10,0.0,Closed by cutoff,2025-01
B03656,P115,Packaging,Sold Out,23,23.0,0.0,0.0,2025-05-08,69000,73.8,47150,21850,23.37,P115,2050,23,2025-03-19,pack 10,0.0,Closed by cutoff,2025-03
B03657,P115,Packaging,Sold Out,25,25.0,0.0,0.0,2035-05-18,75000,80.21,51250,23750,25.4,P115,2050,25,2025-05-20,pack 10,0.0,After cutoff,2025-05
B03658,P116,Packaging,Sold Out,21,21.0,0.0,0.0,2023-09-28,73500,78.61,49350,24150,25.83,P116,2350,21,2023-08-13,pack 10,0.0,Closed by cutoff,2023-08
B03659,P116,Packaging,Sold Out,19,19.0,0.0,0.0,2023-11-23,66500,71.12,44650,21850,23.37,P116,2350,19,2023-10-03,pack 10,0.0,Closed by cutoff,2023-10
B03660,P116,Packaging,Sold Out,18,18.0,0.0,0.0,2024-01-12,63000,67.38,42300,20700,22.14,P116,2350,18,2023-11-16,pack 10,0.0,Closed by cutoff,2023-11
B03661,P116,Packaging,Sold Out,19,19.0,0.0,0.0,2024-02-27,66500,71.12,44650,21850,23.37,P116,2350,19,2024-01-18,pack 10,0.0,Closed by cutoff,2024-01
B03662,P116,Packaging,Sold Out,21,21.0,0.0,0.0,2024-06-17,73500,78.61,50400,23100,24.71,P116,2400,21,2024-03-23,pack 10,0.0,Closed by cutoff,2024-03
B03663,P116,Packaging,Sold Out,21,21.0,0.0,0.0,2024-07-05,73500,78.61,49350,24150,25.83,P116,2350,21,2024-05-08,pack 10,0.0,Closed by cutoff,2024-05
B03664,P116,Packaging,Sold Out,19,19.0,0.0,0.0,2034-06-20,66500,71.12,44650,21850,23.37,P116,2350,19,2024-06-22,pack 10,0.0,After cutoff,2024-06
B03665,P116,Packaging,Sold Out,21,21.0,0.0,0.0,2024-10-08,73500,78.61,49350,24150,25.83,P116,2350,21,2024-08-17,pack 10,0.0,Closed by cutoff,2024-08
B03666,P116,Packaging,Sold Out,23,23.0,0.0,0.0,2025-01-01,80500,86.1,54050,26450,28.29,P116,2350,23,2024-10-18,pack 10,0.0,Closed by cutoff,2024-10
B03667,P116,Packaging,Sold Out,21,21.0,0.0,0.0,2024-12-15,73500,78.61,49350,24150,25.83,P116,2350,21,2024-11-23,pack 10,0.0,Closed by cutoff,2024-11
B03668,P116,Packaging,Sold Out,21,21.0,0.0,0.0,2025-02-02,73500,78.61,49350,24150,25.83,P116,2350,21,2025-01-06,pack 10,0.0,Closed by cutoff,2025-01
B03669,P116,Packaging,Sold Out,23,23.0,0.0,0.0,2035-03-03,80500,86.1,54050,26450,28.29,P116,2350,23,2025-03-05,pack 10,0.0,After cutoff,2025-03
B03670,P116,Packaging,Sold Out,24,24.0,0.0,0.0,2025-06-09,84000,89.84,56400,27600,29.52,P116,2350,24,2025-04-22,pack 10,0.0,Closed by cutoff,2025-04
B03671,P116,Packaging,Sold Out,20,20.0,0.0,0.0,2025-09-18,70000,74.87,47000,23000,24.6,P116,2350,20,2025-06-28,pack 10,0.0,After cutoff,2025-06
B03672,P117,Packaging,Sold Out,18,18.0,0.0,0.0,2023-08-28,81000,86.63,55800,25200,26.95,P117,3100,18,2023-07-05,pack 10,0.0,Closed by cutoff,2023-07
B03673,P117,Packaging,Sold Out,29,29.0,0.0,0.0,2033-09-02,130500,139.57,89900,40600,43.42,P117,3100,29,2023-09-05,pack 10,0.0,After cutoff,2023-09
B03674,P117,Packaging,Sold Out,20,20.0,0.0,0.0,2023-12-17,90000,96.26,62000,28000,29.95,P117,3100,20,2023-10-30,pack 10,0.0,Closed by cutoff,2023-10
B03675,P117,Packaging,Sold Out,28,28.0,0.0,0.0,2024-02-01,126000,134.76,86800,39200,41.93,P117,3100,28,2023-12-07,pack 10,0.0,Closed by cutoff,2023-12
B03676,P117,Packaging,Sold Out,23,23.0,0.0,0.0,2024-03-16,103500,110.7,71300,32200,34.44,P117,3100,23,2024-02-06,pack 10,0.0,Closed by cutoff,2024-02
B03677,P117,Packaging,Sold Out,19,19.0,0.0,0.0,2024-05-29,85500,91.44,58900,26600,28.45,P117,3100,19,2024-04-08,pack 10,0.0,Closed by cutoff,2024-04
B03678,P117,Packaging,Sold Out,18,18.0,0.0,0.0,2024-08-07,81000,86.63,55800,25200,26.95,P117,3100,18,2024-06-19,pack 10,0.0,Closed by cutoff,2024-06
B03679,P117,Packaging,Sold Out,22,22.0,0.0,0.0,2024-10-05,99000,105.88,68200,30800,32.94,P117,3100,22,2024-08-18,pack 10,0.0,Closed by cutoff,2024-08
B03680,P117,Packaging,Sold Out,22,22.0,0.0,0.0,2024-11-21,99000,105.88,68200,30800,32.94,P117,3100,22,2024-10-05,pack 10,0.0,Closed by cutoff,2024-10
B03681,P117,Packaging,Sold Out,17,17.0,0.0,0.0,2025-01-25,76500,81.82,52700,23800,25.45,P117,3100,17,2024-11-27,pack 10,0.0,Closed by cutoff,2024-11
B03682,P117,Packaging,Sold Out,19,19.0,0.0,0.0,2025-03-19,85500,91.44,58900,26600,28.45,P117,3100,19,2025-01-19,pack 10,0.0,Closed by cutoff,2025-01
B03683,P117,Packaging,Sold Out,20,20.0,0.0,0.0,2025-05-21,90000,96.26,62000,28000,29.95,P117,3100,20,2025-03-17,pack 10,0.0,Closed by cutoff,2025-03
B03684,P117,Packaging,Sold Out,25,25.0,0.0,0.0,2035-05-24,112500,120.32,77500,35000,37.43,P117,3100,25,2025-05-26,pack 10,0.0,After cutoff,2025-05
B03685,P118,Packaging,Sold Out,20,20.0,0.0,0.0,2033-07-30,110000,117.65,72000,38000,40.64,P118,3600,20,2023-08-02,pack 10,0.0,After cutoff,2023-08
B03686,P118,Packaging,Sold Out,27,27.0,0.0,0.0,2023-11-11,148500,158.82,97200,51300,54.87,P118,3600,27,2023-09-25,pack 10,0.0,Closed by cutoff,2023-09
B03687,P118,Packaging,Sold Out,21,21.0,0.0,0.0,2024-01-29,115500,123.53,77700,37800,40.43,P118,3700,21,2023-11-24,pack 10,0.0,Closed by cutoff,2023-11
B03688,P118,Packaging,Sold Out,21,21.0,0.0,0.0,2024-03-04,115500,123.53,75600,39900,42.67,P118,3600,21,2024-01-20,pack 10,0.0,Closed by cutoff,2024-01
B03689,P118,Packaging,Sold Out,18,18.0,0.0,0.0,2024-05-08,99000,105.88,64800,34200,36.58,P118,3600,18,2024-03-20,pack 10,0.0,Closed by cutoff,2024-03
B03690,P118,Packaging,Sold Out,22,22.0,0.0,0.0,2024-07-31,121000,129.41,79200,41800,44.71,P118,3600,22,2024-05-24,pack 10,0.0,Closed by cutoff,2024-05
B03691,P118,Packaging,Sold Out,17,17.0,0.0,0.0,2034-07-24,93500,100.0,61200,32300,34.55,P118,3600,17,2024-07-26,pack 10,0.0,After cutoff,2024-07
B03692,P118,Packaging,Sold Out,22,22.0,0.0,0.0,2024-11-06,121000,129.41,79200,41800,44.71,P118,3600,22,2024-09-21,pack 10,0.0,Closed by cutoff,2024-09
B03693,P118,Packaging,Sold Out,19,19.0,0.0,0.0,2025-02-02,104500,111.76,70300,34200,36.58,P118,3700,19,2024-11-24,pack 10,0.0,Closed by cutoff,2024-11
B03694,P118,Packaging,Sold Out,21,21.0,0.0,0.0,2025-02-09,115500,123.53,75600,39900,42.67,P118,3600,21,2025-01-21,pack 10,0.0,Closed by cutoff,2025-01
B03695,P118,Packaging,Sold Out,25,25.0,0.0,0.0,2025-06-04,137500,147.06,90000,47500,50.8,P118,3600,25,2025-04-04,pack 10,0.0,Closed by cutoff,2025-04
B03696,P118,Packaging,Sold Out,22,22.0,0.0,0.0,2035-06-10,121000,129.41,79200,41800,44.71,P118,3600,22,2025-06-12,pack 10,0.0,After cutoff,2025-06
B03697,P119,Packaging,Sold Out,21,21.0,0.0,0.0,2023-09-25,21000,22.46,13650,7350,7.86,P119,650,21,2023-07-14,pack 100,0.0,Closed by cutoff,2023-07
B03698,P119,Packaging,Sold Out,25,25.0,0.0,0.0,2033-09-10,25000,26.74,16250,8750,9.36,P119,650,25,2023-09-13,pack 100,0.0,After cutoff,2023-09
B03699,P119,Packaging,Sold Out,22,22.0,0.0,0.0,2024-01-09,22000,23.53,14300,7700,8.24,P119,650,22,2023-11-10,pack 100,0.0,Closed by cutoff,2023-11
B03700,P119,Packaging,Sold Out,17,17.0,0.0,0.0,2034-01-10,17000,18.18,11050,5950,6.36,P119,650,17,2024-01-13,pack 100,0.0,After cutoff,2024-01
B03701,P119,Packaging,Sold Out,22,22.0,0.0,0.0,2024-05-06,22000,23.53,14300,7700,8.24,P119,650,22,2024-02-28,pack 100,0.0,Closed by cutoff,2024-02
B03702,P119,Packaging,Sold Out,21,21.0,0.0,0.0,2024-07-14,21000,22.46,13650,7350,7.86,P119,650,21,2024-04-22,pack 100,0.0,Closed by cutoff,2024-04
B03703,P119,Packaging,Sold Out,18,18.0,0.0,0.0,2024-07-28,18000,19.25,12600,5400,5.78,P119,700,18,2024-06-24,pack 100,0.0,Closed by cutoff,2024-06
B03704,P119,Packaging,Sold Out,26,26.0,0.0,0.0,2034-08-31,26000,27.81,16900,9100,9.73,P119,650,26,2024-09-02,pack 100,0.0,After cutoff,2024-09
B03705,P119,Packaging,Sold Out,21,21.0,0.0,0.0,2024-11-21,21000,22.46,13650,7350,7.86,P119,650,21,2024-10-27,pack 100,0.0,Closed by cutoff,2024-10
B03706,P119,Packaging,Sold Out,28,28.0,0.0,0.0,2025-01-15,28000,29.95,18200,9800,10.48,P119,650,28,2024-12-23,pack 100,0.0,Closed by cutoff,2024-12
B03707,P119,Packaging,Sold Out,23,23.0,0.0,0.0,2035-02-24,23000,24.6,14950,8050,8.61,P119,650,23,2025-02-26,pack 100,0.0,After cutoff,2025-02
B03708,P119,Packaging,Sold Out,24,24.0,0.0,0.0,2035-04-15,24000,25.67,16800,7200,7.7,P119,700,24,2025-04-17,pack 100,0.0,After cutoff,2025-04
B03709,P119,Packaging,Sold Out,25,25.0,0.0,0.0,2035-06-06,25000,26.74,16250,8750,9.36,P119,650,25,2025-06-08,pack 100,0.0,After cutoff,2025-06
B03710,P120,Packaging,Sold Out,19,19.0,0.0,0.0,2023-08-17,28500,30.48,18050,10450,11.18,P120,950,19,2023-07-01,pack 100,0.0,Closed by cutoff,2023-07
B03711,P120,Packaging,Sold Out,17,17.0,0.0,0.0,2033-08-23,25500,27.27,18700,6800,7.27,P120,1100,17,2023-08-26,pack 100,0.0,After cutoff,2023-08
B03712,P120,Packaging,Sold Out,22,22.0,0.0,0.0,2023-12-04,33000,35.29,20900,12100,12.94,P120,950,22,2023-10-23,pack 100,0.0,Closed by cutoff,2023-10
B03713,P120,Packaging,Sold Out,29,29.0,0.0,0.0,2024-02-18,43500,46.52,27550,15950,17.06,P120,950,29,2023-12-28,pack 100,0.0,Closed by cutoff,2023-12
B03714,P120,Packaging,Sold Out,22,22.0,0.0,0.0,2034-02-16,33000,35.29,20900,12100,12.94,P120,950,22,2024-02-19,pack 100,0.0,After cutoff,2024-02
B03715,P120,Packaging,Sold Out,23,23.0,0.0,0.0,2024-06-20,34500,36.9,25300,9200,9.84,P120,1100,23,2024-04-13,pack 100,0.0,Closed by cutoff,2024-04
B03716,P120,Packaging,Sold Out,19,19.0,0.0,0.0,2024-07-14,28500,30.48,18050,10450,11.18,P120,950,19,2024-06-19,pack 100,0.0,Closed by cutoff,2024-06
B03717,P120,Packaging,Sold Out,18,18.0,0.0,0.0,2024-09-29,27000,28.88,17100,9900,10.59,P120,950,18,2024-08-19,pack 100,0.0,Closed by cutoff,2024-08
B03718,P120,Packaging,Sold Out,20,20.0,0.0,0.0,2024-12-12,30000,32.09,19000,11000,11.76,P120,950,20,2024-10-27,pack 100,0.0,Closed by cutoff,2024-10
B03719,P120,Packaging,Sold Out,28,28.0,0.0,0.0,2025-02-10,42000,44.92,26600,15400,16.47,P120,950,28,2024-12-20,pack 100,0.0,Closed by cutoff,2024-12
B03720,P120,Packaging,Sold Out,21,21.0,0.0,0.0,2025-04-10,31500,33.69,23100,8400,8.98,P120,1100,21,2025-02-25,pack 100,0.0,Closed by cutoff,2025-02
B03721,P120,Packaging,Sold Out,20,20.0,0.0,0.0,2025-05-09,30000,32.09,19000,11000,11.76,P120,950,20,2025-04-12,pack 100,0.0,Closed by cutoff,2025-04
B03722,P120,Packaging,Sold Out,19,19.0,0.0,0.0,2025-07-27,28500,30.48,18050,10450,11.18,P120,950,19,2025-06-09,pack 100,0.0,After cutoff,2025-06
B03723,P121,Packaging,Sold Out,19,19.0,0.0,0.0,2023-09-19,38000,40.64,24700,13300,14.22,P121,1300,19,2023-07-22,pack 100,0.0,Closed by cutoff,2023-07
B03724,P121,Packaging,Sold Out,24,24.0,0.0,0.0,2023-10-08,48000,51.34,31200,16800,17.97,P121,1300,24,2023-09-15,pack 100,0.0,Closed by cutoff,2023-09
B03725,P121,Packaging,Sold Out,21,21.0,0.0,0.0,2023-11-26,42000,44.92,27300,14700,15.72,P121,1300,21,2023-10-27,pack 100,0.0,Closed by cutoff,2023-10
B03726,P121,Packaging,Sold Out,22,22.0,0.0,0.0,2034-01-01,44000,47.06,28600,15400,16.47,P121,1300,22,2024-01-04,pack 100,0.0,After cutoff,2024-01
B03727,P121,Packaging,Sold Out,23,23.0,0.0,0.0,2024-03-28,46000,49.2,29900,16100,17.22,P121,1300,23,2024-03-08,pack 100,0.0,Closed by cutoff,2024-03
B03728,P121,Packaging,Sold Out,22,22.0,0.0,0.0,2024-06-30,44000,47.06,30800,13200,14.12,P121,1400,22,2024-05-21,pack 100,0.0,Closed by cutoff,2024-05
B03729,P121,Packaging,Sold Out,18,18.0,0.0,0.0,2024-09-01,36000,38.5,23400,12600,13.48,P121,1300,18,2024-07-16,pack 100,0.0,Closed by cutoff,2024-07
B03730,P121,Packaging,Sold Out,21,21.0,0.0,0.0,2024-11-11,42000,44.92,27300,14700,15.72,P121,1300,21,2024-08-28,pack 100,0.0,Closed by cutoff,2024-08
B03731,P121,Packaging,Sold Out,23,23.0,0.0,0.0,2024-12-22,46000,49.2,29900,16100,17.22,P121,1300,23,2024-10-15,pack 100,0.0,Closed by cutoff,2024-10
B03732,P121,Packaging,Sold Out,24,24.0,0.0,0.0,2025-01-19,48000,51.34,31200,16800,17.97,P121,1300,24,2024-12-17,pack 100,0.0,Closed by cutoff,2024-12
B03733,P121,Packaging,Sold Out,19,19.0,0.0,0.0,2025-03-18,38000,40.64,26600,11400,12.19,P121,1400,19,2025-02-04,pack 100,0.0,Closed by cutoff,2025-02
B03734,P121,Packaging,Sold Out,23,23.0,0.0,0.0,2035-04-02,46000,49.2,32200,13800,14.76,P121,1400,23,2025-04-04,pack 100,0.0,After cutoff,2025-04
B03735,P121,Packaging,Sold Out,22,22.0,0.0,0.0,2025-07-04,44000,47.06,28600,15400,16.47,P121,1300,22,2025-05-26,pack 100,0.0,After cutoff,2025-05
B03736,P122,Packaging,Sold Out,22,22.0,0.0,0.0,2023-08-18,55000,58.82,38500,16500,17.65,P122,1750,22,2023-07-03,pack 100,0.0,Closed by cutoff,2023-07
B03737,P122,Packaging,Sold Out,22,22.0,0.0,0.0,2023-10-18,55000,58.82,38500,16500,17.65,P122,1750,22,2023-08-24,pack 100,0.0,Closed by cutoff,2023-08
B03738,P122,Packaging,Sold Out,22,22.0,0.0,0.0,2023-12-23,55000,58.82,38500,16500,17.65,P122,1750,22,2023-11-05,pack 100,0.0,Closed by cutoff,2023-11
B03739,P122,Packaging,Sold Out,26,26.0,0.0,0.0,2024-03-31,65000,69.52,45500,19500,20.86,P122,1750,26,2023-12-26,pack 100,0.0,Closed by cutoff,2023-12
B03740,P122,Packaging,Sold Out,18,18.0,0.0,0.0,2024-04-24,45000,48.13,31500,13500,14.44,P122,1750,18,2024-02-06,pack 100,0.0,Closed by cutoff,2024-02
B03741,P122,Packaging,Sold Out,21,21.0,0.0,0.0,2024-06-10,52500,56.15,36750,15750,16.84,P122,1750,21,2024-04-04,pack 100,0.0,Closed by cutoff,2024-04
B03742,P122,Packaging,Sold Out,18,18.0,0.0,0.0,2024-08-15,45000,48.13,30600,14400,15.4,P122,1700,18,2024-06-07,pack 100,0.0,Closed by cutoff,2024-06
B03743,P122,Packaging,Sold Out,19,19.0,0.0,0.0,2024-08-05,47500,50.8,33250,14250,15.24,P122,1750,19,2024-07-13,pack 100,0.0,Closed by cutoff,2024-07
B03744,P122,Packaging,Sold Out,23,23.0,0.0,0.0,2024-11-24,57500,61.5,40250,17250,18.45,P122,1750,23,2024-09-23,pack 100,0.0,Closed by cutoff,2024-09
B03745,P122,Packaging,Sold Out,19,19.0,0.0,0.0,2025-01-20,47500,50.8,32300,15200,16.26,P122,1700,19,2024-11-29,pack 100,0.0,Closed by cutoff,2024-11
B03746,P122,Packaging,Sold Out,21,21.0,0.0,0.0,2025-02-17,52500,56.15,36750,15750,16.84,P122,1750,21,2025-01-12,pack 100,0.0,Closed by cutoff,2025-01
B03747,P122,Packaging,Sold Out,22,22.0,0.0,0.0,2025-03-06,55000,58.82,38500,16500,17.65,P122,1750,22,2025-03-02,pack 100,0.0,Closed by cutoff,2025-03
B03748,P122,Packaging,Sold Out,23,23.0,0.0,0.0,2025-07-15,57500,61.5,40250,17250,18.45,P122,1750,23,2025-05-11,pack 100,0.0,After cutoff,2025-05
B03749,P122,Packaging,Sold Out,21,21.0,0.0,0.0,2025-08-03,52500,56.15,36750,15750,16.84,P122,1750,21,2025-06-28,pack 100,0.0,After cutoff,2025-06
B03750,P123,Packaging,Sold Out,19,19.0,0.0,0.0,2033-07-30,57000,60.96,37050,19950,21.34,P123,1950,19,2023-08-02,pack 100,0.0,After cutoff,2023-08
B03751,P123,Packaging,Sold Out,28,28.0,0.0,0.0,2023-10-27,84000,89.84,54600,29400,31.44,P123,1950,28,2023-09-28,pack 100,0.0,Closed by cutoff,2023-09
B03752,P123,Packaging,Sold Out,23,23.0,0.0,0.0,2024-01-13,69000,73.8,44850,24150,25.83,P123,1950,23,2023-11-20,pack 100,0.0,Closed by cutoff,2023-11
B03753,P123,Packaging,Sold Out,18,18.0,0.0,0.0,2024-02-19,54000,57.75,35100,18900,20.21,P123,1950,18,2024-01-09,pack 100,0.0,Closed by cutoff,2024-01
B03754,P123,Packaging,Sold Out,18,18.0,0.0,0.0,2024-04-24,54000,57.75,35100,18900,20.21,P123,1950,18,2024-03-17,pack 100,0.0,Closed by cutoff,2024-03
B03755,P123,Packaging,Sold Out,18,18.0,0.0,0.0,2024-07-03,54000,57.75,39600,14400,15.4,P123,2200,18,2024-05-07,pack 100,0.0,Closed by cutoff,2024-05
B03756,P123,Packaging,Sold Out,23,23.0,0.0,0.0,2024-08-16,69000,73.8,44850,24150,25.83,P123,1950,23,2024-07-02,pack 100,0.0,Closed by cutoff,2024-07
B03757,P123,Packaging,Sold Out,23,23.0,0.0,0.0,2024-10-21,69000,73.8,44850,24150,25.83,P123,1950,23,2024-08-29,pack 100,0.0,Closed by cutoff,2024-08
B03758,P123,Packaging,Sold Out,21,21.0,0.0,0.0,2024-11-21,63000,67.38,46200,16800,17.97,P123,2200,21,2024-10-28,pack 100,0.0,Closed by cutoff,2024-10
B03759,P123,Packaging,Sold Out,22,22.0,0.0,0.0,2025-02-26,66000,70.59,42900,23100,24.71,P123,1950,22,2024-12-20,pack 100,0.0,Closed by cutoff,2024-12
B03760,P123,Packaging,Sold Out,24,24.0,0.0,0.0,2025-03-29,72000,77.01,46800,25200,26.95,P123,1950,24,2025-02-19,pack 100,0.0,Closed by cutoff,2025-02
B03761,P123,Packaging,Sold Out,24,24.0,0.0,0.0,2025-06-07,72000,77.01,46800,25200,26.95,P123,1950,24,2025-04-19,pack 100,0.0,Closed by cutoff,2025-04
B03762,P123,Packaging,Sold Out,20,20.0,0.0,0.0,2035-06-02,60000,64.17,39000,21000,22.46,P123,1950,20,2025-06-04,pack 100,0.0,After cutoff,2025-06
B03763,P124,Packaging,Sold Out,19,19.0,0.0,0.0,2023-08-11,76000,81.28,48450,27550,29.47,P124,2550,19,2023-07-08,pack 100,0.0,Closed by cutoff,2023-07
B03764,P124,Packaging,Sold Out,23,23.0,0.0,0.0,2033-09-08,92000,98.4,58650,33350,35.67,P124,2550,23,2023-09-11,pack 100,0.0,After cutoff,2023-09
B03765,P124,Packaging,Sold Out,19,19.0,0.0,0.0,2024-01-02,76000,81.28,48450,27550,29.47,P124,2550,19,2023-11-09,pack 100,0.0,Closed by cutoff,2023-11
B03766,P124,Packaging,Sold Out,20,20.0,0.0,0.0,2024-03-01,80000,85.56,51000,29000,31.02,P124,2550,20,2024-01-04,pack 100,0.0,Closed by cutoff,2024-01
B03767,P124,Packaging,Sold Out,23,23.0,0.0,0.0,2024-03-27,92000,98.4,58650,33350,35.67,P124,2550,23,2024-02-09,pack 100,0.0,Closed by cutoff,2024-02
B03768,P124,Packaging,Sold Out,23,23.0,0.0,0.0,2024-04-29,92000,98.4,58650,33350,35.67,P124,2550,23,2024-03-26,pack 100,0.0,Closed by cutoff,2024-03
B03769,P124,Packaging,Sold Out,23,23.0,0.0,0.0,2024-06-30,92000,98.4,58650,33350,35.67,P124,2550,23,2024-05-26,pack 100,0.0,Closed by cutoff,2024-05
B03770,P124,Packaging,Sold Out,20,20.0,0.0,0.0,2024-09-19,80000,85.56,51000,29000,31.02,P124,2550,20,2024-07-29,pack 100,0.0,Closed by cutoff,2024-07
B03771,P124,Packaging,Sold Out,21,21.0,0.0,0.0,2024-10-30,84000,89.84,53550,30450,32.57,P124,2550,21,2024-10-06,pack 100,0.0,Closed by cutoff,2024-10
B03772,P124,Packaging,Sold Out,19,19.0,0.0,0.0,2025-01-08,76000,81.28,48450,27550,29.47,P124,2550,19,2024-11-16,pack 100,0.0,Closed by cutoff,2024-11
B03773,P124,Packaging,Sold Out,19,19.0,0.0,0.0,2025-02-16,76000,81.28,48450,27550,29.47,P124,2550,19,2025-01-10,pack 100,0.0,Closed by cutoff,2025-01
B03774,P124,Packaging,Sold Out,22,22.0,0.0,0.0,2035-02-24,88000,94.12,56100,31900,34.12,P124,2550,22,2025-02-26,pack 100,0.0,After cutoff,2025-02
B03775,P124,Packaging,Sold Out,23,23.0,0.0,0.0,2025-06-20,92000,98.4,60950,31050,33.21,P124,2650,23,2025-04-27,pack 100,0.0,Closed by cutoff,2025-04
B03776,P124,Packaging,Sold Out,21,21.0,0.0,0.0,2025-07-30,84000,89.84,53550,30450,32.57,P124,2550,21,2025-06-22,pack 100,0.0,After cutoff,2025-06
B03777,P125,Packaging,Sold Out,21,21.0,0.0,0.0,2033-08-15,105000,112.3,69300,35700,38.18,P125,3300,21,2023-08-18,pack 100,0.0,After cutoff,2023-08
B03778,P125,Packaging,Sold Out,20,20.0,0.0,0.0,2023-12-07,100000,106.95,66000,34000,36.36,P125,3300,20,2023-10-20,pack 100,0.0,Closed by cutoff,2023-10
B03779,P125,Packaging,Sold Out,25,25.0,0.0,0.0,2033-12-26,125000,133.69,82500,42500,45.45,P125,3300,25,2023-12-29,pack 100,0.0,After cutoff,2023-12
B03780,P125,Packaging,Sold Out,19,19.0,0.0,0.0,2024-04-11,95000,101.6,62700,32300,34.55,P125,3300,19,2024-03-04,pack 100,0.0,Closed by cutoff,2024-03
B03781,P125,Packaging,Sold Out,18,18.0,0.0,0.0,2024-07-03,90000,96.26,59400,30600,32.73,P125,3300,18,2024-05-09,pack 100,0.0,Closed by cutoff,2024-05
B03782,P125,Packaging,Sold Out,18,18.0,0.0,0.0,2024-09-01,90000,96.26,59400,30600,32.73,P125,3300,18,2024-07-06,pack 100,0.0,Closed by cutoff,2024-07
B03783,P125,Packaging,Sold Out,19,19.0,0.0,0.0,2024-09-14,95000,101.6,62700,32300,34.55,P125,3300,19,2024-08-14,pack 100,0.0,Closed by cutoff,2024-08
B03784,P125,Packaging,Sold Out,23,23.0,0.0,0.0,2024-12-22,115000,122.99,75900,39100,41.82,P125,3300,23,2024-10-07,pack 100,0.0,Closed by cutoff,2024-10
B03785,P125,Packaging,Sold Out,22,22.0,0.0,0.0,2025-01-27,110000,117.65,72600,37400,40.0,P125,3300,22,2024-11-18,pack 100,0.0,Closed by cutoff,2024-11
B03786,P125,Packaging,Sold Out,21,21.0,0.0,0.0,2025-02-27,105000,112.3,69300,35700,38.18,P125,3300,21,2025-01-27,pack 100,0.0,Closed by cutoff,2025-01
B03787,P125,Packaging,Sold Out,22,22.0,0.0,0.0,2035-03-31,110000,117.65,72600,37400,40.0,P125,3300,22,2025-04-02,pack 100,0.0,After cutoff,2025-04
B03788,P125,Packaging,Sold Out,19,19.0,0.0,0.0,2025-07-09,95000,101.6,62700,32300,34.55,P125,3300,19,2025-06-02,pack 100,0.0,After cutoff,2025-06
B03789,P126,Packaging,Sold Out,18,18.0,0.0,0.0,2023-08-22,45000,48.13,30600,14400,15.4,P126,1700,18,2023-08-12,pack 50,0.0,Closed by cutoff,2023-08
B03790,P126,Packaging,Sold Out,23,23.0,0.0,0.0,2023-11-16,57500,61.5,39100,18400,19.68,P126,1700,23,2023-10-04,pack 50,0.0,Closed by cutoff,2023-10
B03791,P126,Packaging,Sold Out,22,22.0,0.0,0.0,2024-01-01,55000,58.82,37400,17600,18.82,P126,1700,22,2023-11-21,pack 50,0.0,Closed by cutoff,2023-11
B03792,P126,Packaging,Sold Out,22,22.0,0.0,0.0,2024-03-29,55000,58.82,37400,17600,18.82,P126,1700,22,2024-01-29,pack 50,0.0,Closed by cutoff,2024-01
B03793,P126,Packaging,Sold Out,22,22.0,0.0,0.0,2024-05-26,55000,58.82,37400,17600,18.82,P126,1700,22,2024-04-01,pack 50,0.0,Closed by cutoff,2024-04
B03794,P126,Packaging,Sold Out,22,22.0,0.0,0.0,2024-06-30,55000,58.82,37400,17600,18.82,P126,1700,22,2024-05-26,pack 50,0.0,Closed by cutoff,2024-05
B03795,P126,Packaging,Sold Out,21,21.0,0.0,0.0,2024-08-19,52500,56.15,35700,16800,17.97,P126,1700,21,2024-07-09,pack 50,0.0,Closed by cutoff,2024-07
B03796,P126,Packaging,Sold Out,22,22.0,0.0,0.0,2024-10-16,55000,58.82,37400,17600,18.82,P126,1700,22,2024-09-11,pack 50,0.0,Closed by cutoff,2024-09
B03797,P126,Packaging,Sold Out,18,18.0,0.0,0.0,2025-01-13,45000,48.13,30600,14400,15.4,P126,1700,18,2024-11-15,pack 50,0.0,Closed by cutoff,2024-11
B03798,P126,Packaging,Sold Out,25,25.0,0.0,0.0,2025-03-02,62500,66.84,42500,20000,21.39,P126,1700,25,2025-01-09,pack 50,0.0,Closed by cutoff,2025-01
B03799,P126,Packaging,Sold Out,21,21.0,0.0,0.0,2025-05-08,52500,56.15,35700,16800,17.97,P126,1700,21,2025-03-01,pack 50,0.0,Closed by cutoff,2025-03
B03800,P126,Packaging,Sold Out,24,24.0,0.0,0.0,2025-05-31,60000,64.17,43200,16800,17.97,P126,1800,24,2025-05-05,pack 50,0.0,Closed by cutoff,2025-05
B03801,P126,Packaging,Sold Out,24,24.0,0.0,0.0,2035-06-28,60000,64.17,40800,19200,20.53,P126,1700,24,2025-06-30,pack 50,0.0,After cutoff,2025-06
B03802,P127,Packaging,Sold Out,18,18.0,0.0,0.0,2023-09-12,63000,67.38,43200,19800,21.18,P127,2400,18,2023-07-25,pack 50,0.0,Closed by cutoff,2023-07
B03803,P127,Packaging,Sold Out,28,28.0,0.0,0.0,2033-09-23,98000,104.81,67200,30800,32.94,P127,2400,28,2023-09-26,pack 50,0.0,After cutoff,2023-09
B03804,P127,Packaging,Sold Out,17,17.0,0.0,0.0,2024-01-11,59500,63.64,40800,18700,20.0,P127,2400,17,2023-11-22,pack 50,0.0,Closed by cutoff,2023-11
B03805,P127,Packaging,Sold Out,21,21.0,0.0,0.0,2024-03-09,73500,78.61,50400,23100,24.71,P127,2400,21,2024-01-22,pack 50,0.0,Closed by cutoff,2024-01
B03806,P127,Packaging,Sold Out,21,21.0,0.0,0.0,2024-05-24,73500,78.61,50400,23100,24.71,P127,2400,21,2024-03-28,pack 50,0.0,Closed by cutoff,2024-03
B03807,P127,Packaging,Sold Out,20,20.0,0.0,0.0,2024-07-28,70000,74.87,48000,22000,23.53,P127,2400,20,2024-05-29,pack 50,0.0,Closed by cutoff,2024-05
B03808,P127,Packaging,Sold Out,23,23.0,0.0,0.0,2024-09-11,80500,86.1,55200,25300,27.06,P127,2400,23,2024-07-15,pack 50,0.0,Closed by cutoff,2024-07
B03809,P127,Packaging,Sold Out,27,27.0,0.0,0.0,2024-11-05,94500,101.07,64800,29700,31.76,P127,2400,27,2024-09-25,pack 50,0.0,Closed by cutoff,2024-09
B03810,P127,Packaging,Sold Out,21,21.0,0.0,0.0,2024-12-02,73500,78.61,50400,23100,24.71,P127,2400,21,2024-11-19,pack 50,0.0,Closed by cutoff,2024-11
B03811,P127,Packaging,Sold Out,21,21.0,0.0,0.0,2025-02-03,73500,78.61,50400,23100,24.71,P127,2400,21,2025-01-08,pack 50,0.0,Closed by cutoff,2025-01
B03812,P127,Packaging,Sold Out,21,21.0,0.0,0.0,2025-05-13,73500,78.61,50400,23100,24.71,P127,2400,21,2025-03-22,pack 50,0.0,Closed by cutoff,2025-03
B03813,P127,Packaging,Sold Out,23,23.0,0.0,0.0,2025-07-30,80500,86.1,55200,25300,27.06,P127,2400,23,2025-05-29,pack 50,0.0,After cutoff,2025-05
B03814,P128,Packaging,Sold Out,17,17.0,0.0,0.0,2023-09-05,76500,81.82,51850,24650,26.36,P128,3050,17,2023-07-30,pack 50,0.0,Closed by cutoff,2023-07
B03815,P128,Packaging,Sold Out,20,20.0,0.0,0.0,2023-10-17,90000,96.26,61000,29000,31.02,P128,3050,20,2023-10-03,pack 50,0.0,Closed by cutoff,2023-10
B03816,P128,Packaging,Sold Out,20,20.0,0.0,0.0,2024-01-19,90000,96.26,61000,29000,31.02,P128,3050,20,2023-11-22,pack 50,0.0,Closed by cutoff,2023-11
B03817,P128,Packaging,Sold Out,18,18.0,0.0,0.0,2024-02-15,81000,86.63,54900,26100,27.91,P128,3050,18,2024-01-10,pack 50,0.0,Closed by cutoff,2024-01
B03818,P128,Packaging,Sold Out,17,17.0,0.0,0.0,2024-05-06,76500,81.82,51850,24650,26.36,P128,3050,17,2024-03-19,pack 50,0.0,Closed by cutoff,2024-03
B03819,P128,Packaging,Sold Out,19,19.0,0.0,0.0,2024-06-23,85500,91.44,57950,27550,29.47,P128,3050,19,2024-05-17,pack 50,0.0,Closed by cutoff,2024-05
B03820,P128,Packaging,Sold Out,23,23.0,0.0,0.0,2024-08-30,103500,110.7,70150,33350,35.67,P128,3050,23,2024-07-17,pack 50,0.0,Closed by cutoff,2024-07
B03821,P128,Packaging,Sold Out,23,23.0,0.0,0.0,2024-10-26,103500,110.7,70150,33350,35.67,P128,3050,23,2024-09-15,pack 50,0.0,Closed by cutoff,2024-09
B03822,P128,Packaging,Sold Out,17,17.0,0.0,0.0,2024-12-29,76500,81.82,51850,24650,26.36,P128,3050,17,2024-11-12,pack 50,0.0,Closed by cutoff,2024-11
B03823,P128,Packaging,Sold Out,19,19.0,0.0,0.0,2025-02-09,85500,91.44,60800,24700,26.42,P128,3200,19,2025-01-11,pack 50,0.0,Closed by cutoff,2025-01
B03824,P128,Packaging,Sold Out,23,23.0,0.0,0.0,2035-02-27,103500,110.7,70150,33350,35.67,P128,3050,23,2025-03-01,pack 50,0.0,After cutoff,2025-03
B03825,P128,Packaging,Sold Out,21,21.0,0.0,0.0,2025-07-04,94500,101.07,64050,30450,32.57,P128,3050,21,2025-05-10,pack 50,0.0,After cutoff,2025-05
